cell_type,transcript_name,gene_name,AD,Control,chi_pval,chi_padj,chi_significant,delta_usage,usage_direction,permutation_pval,permutation_significant,n_valid_permutations,total_counts_AD,total_counts_CT,mean_CPM_AD,mean_CPM_CT,log2FC,isoform_role,tx_role_mane,candidate_group,ENST_ID,ENSG_ID,transcript_type,biotype_class,junior_pass,has_CDS,canonical_tx,cds_diff_bp,ct_count,multi_ct,ad_prior_category,ad_prior_flag,ad_ot_score,ad_ot_label,ad_ot_genetic,ad_ot_lit,ad_specificity,has_structural_feat,n_domains,domain_names,uniprot_acc,proxy_type,splice_in_cds
Astrocyte,ACAD9-201,ACAD9,0.55,0.9081803005008348,7.329248194165798e-49,5.512641677468984e-47,True,-0.3581803005008347,CT_enriched,0.0404040404040404,True,792.0,22,544,25.2895,908.2117,-5.1121,Dominant,Canonical,trial_failure_candidate,ENST00000308982,ENSG00000177646,protein_coding,PC_CDS,True,True,ACAD9-201,0,1,False,none,False,0.0179,novel,0.0,0.1473,0.961,False,0,,Q9H845,D,False
Astrocyte,ACSF3-218,ACSF3,0.032258064516129,0.6290322580645161,3.913650590533071e-12,2.2096911913304687e-11,True,-0.5967741935483871,CT_enriched,0.0357142857142857,True,84.0,2,39,2.3872,45.9502,-3.7929,Dominant,Canonical,trial_failure_candidate,ENST00000614302,ENSG00000176715,protein_coding,PC_CDS,True,True,ACSF3-218,0,1,False,none,False,0.0,novel,0.0,0.0,0.0,False,0,,Q4G176,D,False
Astrocyte,ADGRA3-202,ADGRA3,0.159533073929961,0.7731958762886598,2.1163409087653547e-27,4.285590340249844e-26,True,-0.6136628023586989,CT_enriched,0.0309690309690309,True,2002.0,41,75,61.1181,68.2576,-0.157,Dominant,Canonical,trial_failure_candidate,ENST00000334304,ENSG00000152990,protein_coding,PC_CDS,True,True,ADGRA3-202,0,1,False,none,False,0.3123,supported,0.5108,0.0,24.796,True,3,"LRRCT, Ig-like, GAIN-B",Q8IWK6,C,False
Astrocyte,ALDH3A2-201,ALDH3A2,0.3714285714285714,0.9659090909090908,1.469009148539404e-11,7.852114890416204e-11,True,-0.5944805194805194,CT_enriched,0.0178571428571428,True,56.0,13,85,14.8771,164.8372,-3.3848,Dominant,Canonical,trial_failure_candidate,ENST00000176643,ENSG00000072210,protein_coding,PC_CDS,True,True,ALDH3A2-201,0,1,False,none,False,0.0347,novel,0.0,0.2774,2.448,False,0,,P51648,D,False
Astrocyte,ALDH3A2-202,ALDH3A2,0.3714285714285714,0.0227272727272727,1.469009148539404e-11,7.852114890416204e-11,True,0.3487012987012987,AD_enriched,0.0178571428571428,True,56.0,13,2,35.609,5.3902,2.5183,Minor,Alternate,new_target_candidate,ENST00000339618,ENSG00000072210,protein_coding,PC_UTR,True,True,ALDH3A2-201,0,1,False,none,False,0.0347,novel,0.0,0.2774,2.448,False,0,,P51648,N,False
Astrocyte,ANAPC5-201,ANAPC5,0.3676470588235294,0.8483606557377049,3.3785744838829973e-16,2.834772056995057e-15,True,-0.4807135969141755,CT_enriched,0.0215617715617715,True,1716.0,25,207,31.4515,308.5809,-3.254,Dominant,Canonical,trial_failure_candidate,ENST00000261819,ENSG00000089053,protein_coding,PC_CDS,True,True,ANAPC5-201,0,2,True,none,False,0.0044,novel,0.0,0.0365,0.443,False,0,,Q9UJX4,D,False
Astrocyte,ANKRD44-204,ANKRD44,0.2631578947368421,0.0,7.276415563779133e-13,4.441777152846045e-12,True,0.2631578947368421,AD_enriched,0.0,True,6.0,10,0,9.9743,0.0,3.4561,Minor,Alternate,new_target_candidate,ENST00000409919,ENSG00000065413,protein_coding,PC_CDS,True,True,ANKRD44-201,1938,1,False,none,False,0.0052,novel,0.0,0.0,0.518,False,0,,Q8N8A2,D,True
Astrocyte,ANKRD44-201,ANKRD44,0.2105263157894736,0.967741935483871,7.276415563779133e-13,4.441777152846045e-12,True,-0.7572156196943974,CT_enriched,0.0,True,6.0,8,60,9.1027,20.9355,-1.1185,Dominant,Canonical,trial_failure_candidate,ENST00000282272,ENSG00000065413,protein_coding,PC_CDS,True,True,ANKRD44-201,0,1,False,none,False,0.0052,novel,0.0,0.0,0.518,False,0,,Q8N8A2,D,False
Astrocyte,ANXA11-203,ANXA11,0.0505050505050505,0.8064516129032258,2.3827484682571305e-17,2.181768814847616e-16,True,-0.7559465623981753,CT_enriched,0.0357142857142857,True,28.0,5,25,7.1818,20.1484,-1.3701,Dominant,Canonical,trial_failure_candidate,ENST00000422982,ENSG00000122359,protein_coding,PC_CDS,True,True,ANXA11-203,0,1,False,none,False,0.0759,emerging,0.0,0.2773,0.159,False,0,,P50995,D,False
Astrocyte,ANXA11-202,ANXA11,0.9494949494949496,0.1935483870967742,2.3827484682571305e-17,2.181768814847616e-16,True,0.7559465623981754,AD_enriched,0.0357142857142857,True,28.0,94,6,70.0368,20.5215,1.7228,Minor,Alternate,new_target_candidate,ENST00000372231,ENSG00000122359,protein_coding,PC_UTR,True,True,ANXA11-203,0,1,False,none,False,0.0759,emerging,0.0,0.2773,0.159,False,0,,P50995,N,False
Astrocyte,ARHGAP29-201,ARHGAP29,0.5363636363636364,0.9302325581395348,3.368561736500021e-05,8.878837317983784e-05,True,-0.3938689217758984,CT_enriched,0.0,True,495.0,118,40,52.1338,65.0027,-0.3129,Dominant,Canonical,trial_failure_candidate,ENST00000260526,ENSG00000137962,protein_coding,PC_CDS,True,True,ARHGAP29-201,0,3,True,none,False,0.0015,novel,0.0,0.0122,0.148,True,2,"F-BAR, Rho-GAP",Q52LW3,C,False
Astrocyte,ARHGAP29-202,ARHGAP29,0.3909090909090909,0.0697674418604651,3.368561736500021e-05,8.878837317983784e-05,True,0.3211416490486257,AD_enriched,0.0404040404040404,True,495.0,86,3,59.928,1.0468,4.8957,Minor,Alternate,new_target_candidate,ENST00000370217,ENSG00000137962,protein_coding,PC_CDS,True,True,ARHGAP29-201,1951,1,False,none,False,0.0015,novel,0.0,0.0122,0.148,True,2,"F-BAR, Rho-GAP",Q52LW3,C,True
Astrocyte,ARHGEF10L-203,ARHGEF10L,0.8188405797101449,0.0053475935828877,6.945295828570074e-66,1.4626793014968577e-63,True,0.8134929861272572,AD_enriched,0.0277777777777777,True,36.0,113,1,45.5957,1.9811,3.9663,Minor,Alternate,new_target_candidate,ENST00000375408,ENSG00000074964,protein_coding,PC_CDS,True,True,ARHGEF10L-202,813,1,False,none,False,0.2887,supported,0.4734,0.0304,28.872,True,1,DH,Q9HCE6,C,True
Astrocyte,ARID4A-202,ARID4A,0.2125,0.8461538461538461,1.9129766498050868e-09,8.340559636694771e-09,True,-0.6336538461538461,CT_enriched,0.0202020202020202,True,495.0,17,33,17.9832,38.8206,-1.0688,Dominant,Canonical,trial_failure_candidate,ENST00000355431,ENSG00000032219,protein_coding,PC_CDS,True,True,ARID4A-202,0,1,False,none,False,0.0018,novel,0.0,0.0152,0.176,True,2,"ARID, Tudor-knot",P29374,C,False
Astrocyte,ARID4B-202,ARID4B,0.335632183908046,0.0956521739130434,1.7437280914464222e-27,3.565331418044821e-26,True,0.2399800099950026,AD_enriched,0.0417582417582417,True,5005.0,146,11,137.9965,44.8173,1.6011,Minor,Alternate,new_target_candidate,ENST00000349213,ENSG00000054267,protein_coding,PC_CDS,True,True,ARID4B-201,258,1,False,none,False,0.0078,novel,0.0,0.0643,0.438,True,2,"ARID, Tudor-knot",Q4LE39,C,True
Astrocyte,ATF6-210,ATF6,0.3191489361702128,0.0,8.477204254225835e-11,4.1908432299060117e-10,True,0.3191489361702128,AD_enriched,0.002020202020202,True,495.0,15,0,21.351,0.0,4.4823,Minor,Alternate,new_target_candidate,ENST00000680688,ENSG00000118217,protein_coding,PC_CDS,True,True,ATF6-201,57,1,False,none,False,0.0407,novel,0.0,0.3272,1.116,True,1,bZIP,P18850,C,True
Astrocyte,ATF6-201,ATF6,0.4468085106382978,0.975609756097561,8.477204254225835e-11,4.1908432299060117e-10,True,-0.5288012454592632,CT_enriched,0.008080808080808,True,495.0,21,80,25.4937,77.7352,-1.5714,Dominant,Canonical,trial_failure_candidate,ENST00000367942,ENSG00000118217,protein_coding,PC_CDS,True,True,ATF6-201,0,1,False,none,False,0.0407,novel,0.0,0.3272,1.116,True,1,bZIP,P18850,C,False
Astrocyte,ATOSA-216,ATOSA,0.056,0.4166666666666667,1.2927140289428817e-07,4.499926851163155e-07,True,-0.3606666666666667,CT_enriched,0.029040404040404,True,792.0,7,20,6.6306,228.6493,-4.9115,Dominant,Canonical,trial_failure_candidate,ENST00000619572,ENSG00000047346,protein_coding,PC_CDS,True,True,ATOSA-216,0,1,False,none,False,0.0,novel,0.0,0.0,0.0,False,0,,Q32MH5,D,False
Astrocyte,BIRC6-201,BIRC6,0.4409448818897638,0.8872180451127819,4.156884777008909e-13,2.613253534442018e-12,True,-0.4462731632230181,CT_enriched,0.0489510489510489,True,5005.0,56,118,65.3577,768.6508,-3.5359,Dominant,Canonical,trial_failure_candidate,ENST00000421745,ENSG00000115760,protein_coding,PC_CDS,True,True,BIRC6-201,0,1,False,none,False,0.0153,novel,0.0,0.126,1.435,True,2,"Ubiquitin-like, UBC core",Q9NR09,C,False
Astrocyte,CCAR1-201,CCAR1,0.6842105263157895,0.95,8.831447213048051e-06,2.5270418248205428e-05,True,-0.2657894736842104,CT_enriched,0.0194805194805194,True,462.0,65,114,79.4604,192.5404,-1.2663,Dominant,Canonical,trial_failure_candidate,ENST00000265872,ENSG00000060339,protein_coding,PC_CDS,True,True,CCAR1-201,0,1,False,none,False,0.0024,novel,0.0,0.0,0.218,True,1,SAP,Q8IX12,C,False
Astrocyte,CELF2-209,CELF2,0.7127659574468085,0.282258064516129,8.150743309342481e-11,4.0389330375235927e-10,True,0.4305078929306795,AD_enriched,0.0313020313020313,True,3003.0,67,35,80.7476,147.687,-0.863,Minor,Alternate,new_target_candidate,ENST00000631460,ENSG00000048740,protein_coding,PC_CDS,True,True,CELF2-213,18,1,False,gwas,True,0.0308,novel,0.0,0.2536,2.366,True,3,"RRM 1, RRM 2, RRM 3",O95319,C,True
Astrocyte,CLINT1-201,CLINT1,0.5918367346938775,0.913793103448276,0.0013987126151529,0.0029694443220889,True,-0.3219563687543985,CT_enriched,0.0242424242424242,True,165.0,29,53,35.487,89.2975,-1.3073,Dominant,Canonical,trial_failure_candidate,ENST00000411809,ENSG00000113282,protein_coding,PC_CDS,True,True,CLINT1-201,0,1,False,none,False,0.3253,supported,0.461,0.0887,4.732,True,1,ENTH,Q14677,C,False
Astrocyte,COG4-201,COG4,0.1724137931034483,0.624113475177305,1.1294077917421604e-32,3.0108010245683416e-31,True,-0.4516996820738567,CT_enriched,0.0153846153846153,True,715.0,35,176,32.9688,103.546,-1.6219,Dominant,Canonical,trial_failure_candidate,ENST00000323786,ENSG00000103051,protein_coding,PC_CDS,True,True,COG4-201,0,1,False,none,False,0.0237,novel,0.0,0.195,2.371,False,0,,Q9H9E3,D,False
Astrocyte,CRAT-201,CRAT,0.1212121212121212,0.9655172413793104,2.2209293775342206e-32,5.703996669618377e-31,True,-0.8443051201671892,CT_enriched,0.0,True,8.0,24,56,47.7036,21.172,1.1353,Dominant,Canonical,trial_failure_candidate,ENST00000318080,ENSG00000095321,protein_coding,PC_CDS,True,True,CRAT-201,0,1,False,none,False,0.2539,supported,0.0,0.22,2.715,False,0,,P43155,D,False
Astrocyte,CREBZF-204,CREBZF,0.5608695652173913,0.84375,0.0005345945386339,0.001205413381545,True,-0.2828804347826087,CT_enriched,0.0411,True,10000.0,129,54,286.0353,162.278,0.8139,Dominant,Canonical,trial_failure_candidate,ENST00000527447,ENSG00000137504,protein_coding,PC_CDS,True,True,CREBZF-204,0,1,False,none,False,0.0037,novel,0.0,0.0304,0.37,True,1,bZIP,Q9NS37,C,False
Astrocyte,CYP4V2-201,CYP4V2,0.2554744525547445,0.7163120567375887,1.426305507060339e-13,9.445910056192056e-13,True,-0.4608376041828442,CT_enriched,0.0458430458430458,True,1287.0,35,101,38.5078,120.613,-1.6221,Dominant,Canonical,trial_failure_candidate,ENST00000378802,ENSG00000145476,protein_coding,PC_CDS,True,True,CYP4V2-201,0,1,False,none,False,0.0029,novel,0.0,0.0241,0.294,False,0,,Q6ZWL3,D,False
Astrocyte,DDX19A-201,DDX19A,0.2592592592592592,0.991304347826087,2.63323349095852e-24,4.33249197809269e-23,True,-0.7320450885668278,CT_enriched,0.0476190476190476,True,462.0,14,114,19.2244,179.0703,-3.1544,Dominant,Canonical,trial_failure_candidate,ENST00000302243,ENSG00000168872,protein_coding,PC_CDS,True,True,DDX19A-201,0,2,True,none,False,0.2404,supported,0.0313,0.0,2.715,True,2,"Helicase ATP-binding, Helicase C-terminal",Q9NUU7,C,False
Astrocyte,DICER1-201,DICER1,0.037037037037037,0.5882352941176471,1.1093890777156117e-13,7.464451749741462e-13,True,-0.5511982570806101,CT_enriched,0.0037878787878787,True,792.0,4,30,1.8925,83.2476,-4.8643,Dominant,Canonical,trial_failure_candidate,ENST00000343455,ENSG00000100697,protein_coding,PC_CDS,True,True,DICER1-201,0,1,False,none,False,0.0678,emerging,0.0,0.5497,1.372,True,7,"Helicase ATP-binding, Helicase C-terminal, Dicer dsRNA-binding fold",Q9UPY3,C,False
Astrocyte,DKC1-201,DKC1,0.0519480519480519,0.9154929577464788,2.454098907611681e-59,3.947548143369032e-57,True,-0.8635449057984269,CT_enriched,0.0277777777777777,True,36.0,16,65,16.1644,82.6492,-2.2849,Dominant,Canonical,trial_failure_candidate,ENST00000369550,ENSG00000130826,protein_coding,PC_CDS,True,True,DKC1-201,0,1,False,none,False,0.0099,novel,0.0,0.0817,0.993,True,1,PUA,O60832,C,False
Astrocyte,transcript90257.chr19.nnic,DPY19L3,0.5136363636363637,0.0,2.2323107503756607e-26,4.160395079903666e-25,True,0.5136363636363637,AD_enriched,0.0101010101010101,True,495.0,113,0,26.3225,0.0,4.772,Minor,Alternate,new_target_candidate,transcript90257.chr19.nnic,ENSG00000178904,,novel,True,False,DPY19L3-202,1886,1,False,none,False,0.0047,novel,0.0,0.0,0.47,False,0,,Q6ZPD9,D,True
Astrocyte,EHBP1-209,EHBP1,0.078125,0.5614035087719298,1.4380315775573658e-08,5.6187282047046615e-08,True,-0.4832785087719298,CT_enriched,0.0279720279720279,True,2002.0,5,32,4.7506,19.3265,-1.8216,Dominant,Canonical,trial_failure_candidate,ENST00000431489,ENSG00000115504,protein_coding,PC_CDS,True,True,EHBP1-209,0,1,False,none,False,0.0046,novel,0.0,0.0,0.321,True,3,"C2 NT-type, Calponin-homology (CH), bMERB",Q8NDI1,C,False
Astrocyte,EIF2B5-226,EIF2B5,0.2568807339449541,0.6063829787234043,2.3789780086351312e-18,2.42035153922009e-17,True,-0.3495022447784502,CT_enriched,0.0124320124320124,True,1287.0,28,57,32.177,59.0488,-0.856,Dominant,Canonical,trial_failure_candidate,ENST00000648915,ENSG00000145191,protein_coding,PC_CDS,True,True,EIF2B5-226,0,1,False,none,False,0.0703,emerging,0.0,0.1706,0.858,True,1,W2,Q13144,C,False
Astrocyte,EXOC4-201,EXOC4,0.2928571428571428,0.810126582278481,3.1533764946992397e-12,1.7948678102261075e-11,True,-0.5172694394213382,CT_enriched,0.0329670329670329,True,5005.0,41,64,52.8463,195.9313,-1.8708,Dominant,Canonical,trial_failure_candidate,ENST00000253861,ENSG00000131558,protein_coding,PC_CDS,True,True,EXOC4-201,0,2,True,none,False,0.2156,supported,0.0,0.08,2.66,False,0,,Q96A65,D,False
Astrocyte,EZR-201,EZR,0.7212643678160919,0.2938931297709923,2.109655460786431e-25,3.75746155757792e-24,True,0.4273712380450996,AD_enriched,0.0407092907092907,True,8008.0,251,77,277.6673,153.142,0.8543,Minor,Alternate,new_target_candidate,ENST00000337147,ENSG00000092820,protein_coding,PC_UTR,True,True,EZR-202,0,1,False,none,False,0.0496,novel,0.0,0.3791,3.171,True,1,FERM,P15311,N,False
Astrocyte,FAM234A-203,FAM234A,0.4078947368421052,0.9523809523809524,2.954742548502426e-17,2.6706814622944673e-16,True,-0.5444862155388472,CT_enriched,0.0489510489510489,True,1287.0,62,100,63.2203,171.8575,-1.4285,Dominant,Canonical,trial_failure_candidate,ENST00000399932,ENSG00000167930,protein_coding,PC_CDS,True,True,FAM234A-203,0,2,True,none,False,0.0,novel,0.0,0.0,0.0,False,0,,Q9H0X4,D,False
Astrocyte,FXR1-203,FXR1,0.7578125,0.2016460905349794,1.2783642611261852e-37,4.3423147321479774e-36,True,0.5561664094650206,AD_enriched,0.0093,True,10000.0,97,49,144.0514,21.9939,2.6572,Minor,Alternate,new_target_candidate,ENST00000445140,ENSG00000114416,protein_coding,PC_CDS,True,True,FXR1-202,92,1,False,none,False,0.0149,novel,0.0,0.0475,0.75,True,4,"Agenet-like 1, Agenet-like 2, KH 1",P51114,C,True
Astrocyte,GABRA2-202,GABRA2,0.6442048517520216,0.9302325581395348,4.5964542378283425e-34,1.2906843499821982e-32,True,-0.2860277063875132,CT_enriched,0.0022,True,10000.0,239,680,332.9161,1450.4742,-2.12,Dominant,Canonical,trial_failure_candidate,ENST00000381620,ENSG00000151834,protein_coding,PC_CDS,True,True,GABRA2-202,0,1,False,none,False,0.3015,supported,0.0,0.2697,2.465,False,0,,P47869,D,False
Astrocyte,GDAP1-201,GDAP1,0.25,0.7823834196891192,2.6353262881997404e-19,2.967912921362916e-18,True,-0.5323834196891192,CT_enriched,0.0223776223776223,True,5005.0,25,151,30.888,723.7697,-4.5064,Dominant,Canonical,trial_failure_candidate,ENST00000220822,ENSG00000104381,protein_coding,PC_CDS,True,True,GDAP1-201,0,1,False,none,False,0.0566,emerging,0.0,0.2099,1.219,True,2,"GST N-terminal, GST C-terminal",Q8TB36,C,False
Astrocyte,GORASP1-201,GORASP1,0.0507246376811594,0.6477272727272727,2.3891382858294323e-38,8.67504349992549e-37,True,-0.5970026350461133,CT_enriched,0.0,True,21.0,7,57,17.0721,36.0063,-1.034,Dominant,Canonical,trial_failure_candidate,ENST00000319283,ENSG00000114745,protein_coding,PC_CDS,True,True,GORASP1-201,0,1,False,none,False,0.0093,novel,0.0,0.0763,0.392,True,2,"PDZ GRASP-type 1, PDZ GRASP-type 2",Q9BQQ3,C,False
Astrocyte,HCFC2-201,HCFC2,0.7058823529411765,1.0,9.271227164320644e-05,0.0002305218938377,True,-0.2941176470588235,CT_enriched,0.0,True,126.0,24,65,41.7058,168.0607,-1.985,Dominant,Canonical,trial_failure_candidate,ENST00000229330,ENSG00000111727,protein_coding,PC_CDS,True,True,HCFC2-201,0,1,False,none,False,0.0102,novel,0.0,0.0836,1.016,True,3,"Fibronectin type-III 1, Fibronectin type-III 2, Fibronectin type-III 3",Q9Y5Z7,C,False
Astrocyte,HNRNPM-202,HNRNPM,0.3934426229508196,0.0514705882352941,2.086985654362307e-09,8.969779159361261e-09,True,0.3419720347155255,AD_enriched,0.0053946053946053,True,5005.0,24,7,44.2758,11.6846,1.8357,Minor,Alternate,new_target_candidate,ENST00000348943,ENSG00000099783,protein_coding,PC_CDS,True,True,HNRNPM-201,117,1,False,none,False,0.0209,novel,0.0,0.1718,1.135,True,3,"RRM 1, RRM 2, RRM 3",P52272,C,True
Astrocyte,HSP90B1-201,HSP90B1,0.2692307692307692,0.5512465373961218,3.5377218541876115e-14,2.483480741639703e-13,True,-0.2820157681653526,CT_enriched,0.0193,True,10000.0,70,199,100.454,380.3668,-1.9104,Dominant,Canonical,trial_failure_candidate,ENST00000299767,ENSG00000166598,protein_coding,PC_CDS,True,True,HSP90B1-201,0,1,False,none,False,0.0758,emerging,0.0,0.6102,3.511,False,0,,P14625,D,False
Astrocyte,HSPD1-221,HSPD1,0.2545454545454545,0.0313479623824451,2.9687986461829183e-16,2.5009159795444904e-15,True,0.2231974921630094,AD_enriched,0.0416,True,10000.0,42,10,48.8578,11.7162,1.9711,Minor,Alternate,new_target_candidate,ENST00000678621,ENSG00000144381,protein_coding,PC_UTR,True,True,HSPD1-202,0,1,False,none,False,0.0773,emerging,0.0,0.4155,0.859,False,0,,P10809,N,False
Astrocyte,IFNAR1-201,IFNAR1,0.0769230769230769,0.4931506849315068,3.83564028925295e-07,1.280167741547815e-06,True,-0.4162276080084299,CT_enriched,0.0012626262626262,True,792.0,4,36,7.6859,104.3498,-3.6004,Dominant,Canonical,trial_failure_candidate,ENST00000270139,ENSG00000142166,protein_coding,PC_CDS,True,True,IFNAR1-201,0,1,False,none,False,0.0812,emerging,0.0,0.2406,3.447,True,4,"Fibronectin type-III 1, Fibronectin type-III 2, Fibronectin type-III 3",P17181,C,False
Astrocyte,INTU-201,INTU,0.2054794520547945,0.717948717948718,1.7492274206761963e-08,6.747020051179617e-08,True,-0.5124692658939234,CT_enriched,0.0109890109890109,True,1001.0,30,28,50.3312,107.5699,-1.0807,Dominant,Canonical,trial_failure_candidate,ENST00000335251,ENSG00000164066,protein_coding,PC_CDS,True,True,INTU-201,0,2,True,none,False,0.0016,novel,0.0,0.0,0.157,True,1,PDZ,Q9ULD6,C,False
Astrocyte,JAKMIP3-205,JAKMIP3,0.2592592592592592,0.043010752688172,2.401905650603643e-13,1.5564348615911608e-12,True,0.2162485065710871,AD_enriched,0.0,True,10.0,14,4,16.7971,1.3957,2.8931,Minor,Alternate,new_target_candidate,ENST00000654224,ENSG00000188385,protein_coding_CDS_not_defined,PC_CDS_ND,True,False,JAKMIP3-226,2490,1,False,none,False,0.0111,novel,0.0,0.0912,0.987,False,0,,Q5VZ66,D,True
Astrocyte,KIAA1191-202,KIAA1191,0.4848484848484848,0.2121212121212121,4.191766763725339e-06,1.2665510479778428e-05,True,0.2727272727272727,AD_enriched,0.0151515151515151,True,462.0,16,21,37.2174,29.7591,0.3132,Minor,Alternate,new_target_candidate,ENST00000393725,ENSG00000122203,protein_coding,PC_CDS,True,True,KIAA1191-201,179,1,False,none,False,0.0,novel,0.0,0.0,0.0,False,0,,Q96A73,D,True
Astrocyte,transcript17860.chr22.nnic,KIAA1671,0.3428571428571428,0.1428571428571428,0.001334410892799,0.0028357914634053,True,0.2,AD_enriched,0.0142857142857142,True,210.0,12,8,15.592,13.7927,0.1656,Minor,Alternate,new_target_candidate,transcript17860.chr22.nnic,ENSG00000197077,,novel,True,False,KIAA1671-201,3801,1,False,none,False,0.0,novel,0.0,0.0,0.0,False,0,,Q9BY89,D,True
Astrocyte,LRSAM1-202,LRSAM1,0.5476190476190477,0.0,2.177036402924016e-11,1.132058929520488e-10,True,0.5476190476190477,AD_enriched,0.0363636363636363,True,55.0,69,0,96.3685,0.0,6.6054,Minor,Alternate,new_target_candidate,ENST00000323301,ENSG00000148356,protein_coding,PC_UTR,True,True,LRSAM1-201,0,1,False,none,False,0.0046,novel,0.0,0.0381,0.113,True,1,SAM,Q6UWE0,N,False
Astrocyte,MED16-203,MED16,0.9681274900398408,0.4437869822485207,2.7153056837308703e-34,7.727613202617855e-33,True,0.5243405077913201,AD_enriched,0.0359640359640359,True,1001.0,243,75,333.3118,91.8746,1.8478,Minor,Alternate,new_target_candidate,ENST00000395808,ENSG00000175221,protein_coding,PC_CDS,True,True,MED16-202,84,1,False,none,False,0.0136,novel,0.0,0.0608,1.359,False,0,,Q9Y2X0,D,True
Astrocyte,MED16-202,MED16,0.0278884462151394,0.5562130177514792,2.7153056837308703e-34,7.727613202617855e-33,True,-0.5283245715363398,CT_enriched,0.0359640359640359,True,1001.0,7,94,8.3554,35.8591,-1.9782,Dominant,Canonical,trial_failure_candidate,ENST00000325464,ENSG00000175221,protein_coding,PC_CDS,True,True,MED16-202,0,1,False,none,False,0.0136,novel,0.0,0.0608,1.359,False,0,,Q9Y2X0,D,False
Astrocyte,MROH1-207,MROH1,0.5694444444444444,0.0082644628099173,1.2551032162765504e-27,2.6699468418973894e-26,True,0.5611799816345271,AD_enriched,0.0303030303030303,True,330.0,41,1,17.2222,3.4091,2.0472,Minor,Alternate,new_target_candidate,ENST00000528919,ENSG00000179832,protein_coding,PC_UTR,True,True,MROH1-201,0,1,False,none,False,0.0244,novel,0.036,0.0,2.435,False,0,,Q8NDA8,N,False
Astrocyte,NAPB-201,NAPB,0.5054945054945055,0.9620253164556962,8.460272576428534e-17,7.372842868581244e-16,True,-0.4565308109611907,CT_enriched,0.006060606060606,True,495.0,46,152,51.6426,503.6891,-3.2611,Dominant,Canonical,trial_failure_candidate,ENST00000377026,ENSG00000125814,protein_coding,PC_CDS,True,True,NAPB-201,0,1,False,none,False,0.0575,emerging,0.0,0.0464,2.313,False,0,,Q9H115,D,False
Astrocyte,NAPB-202,NAPB,0.4725274725274725,0.0379746835443038,8.460272576428534e-17,7.372842868581244e-16,True,0.4345527889831687,AD_enriched,0.0101010101010101,True,495.0,43,6,42.6358,19.0264,1.1236,Minor,Alternate,new_target_candidate,ENST00000398425,ENSG00000125814,protein_coding,PC_CDS,True,True,NAPB-201,244,1,False,none,False,0.0575,emerging,0.0,0.0464,2.313,False,0,,Q9H115,D,True
Astrocyte,transcript106850.chr13.nnic,NAXD,0.6746031746031746,0.0920245398773006,1.0933811150900324e-35,3.3862656299700123e-34,True,0.582578634725874,AD_enriched,0.0202020202020202,True,1287.0,85,15,548.6056,19.3293,4.7568,Minor,Alternate,new_target_candidate,transcript106850.chr13.nnic,ENSG00000213995,,novel,True,False,NAXD-206,793,1,False,none,False,0.0037,novel,0.0,0.0,0.23,True,1,YjeF C-terminal,Q8IW45,C,True
Astrocyte,PADI2-202,PADI2,0.3529411764705882,0.9032258064516128,8.670381871724753e-06,2.484329826102357e-05,True,-0.5502846299810246,CT_enriched,0.0317460317460317,True,126.0,12,28,10.5877,73.1955,-2.6787,Dominant,Canonical,trial_failure_candidate,ENST00000375486,ENSG00000117115,protein_coding,PC_CDS,True,True,PADI2-202,0,1,False,none,False,0.0421,novel,0.0,0.3467,0.823,False,0,,Q9Y2J8,D,False
Astrocyte,PAN2-203,PAN2,0.2424242424242424,0.8809523809523809,4.71571186915311e-10,2.1971878753178004e-09,True,-0.6385281385281385,CT_enriched,0.0357142857142857,True,84.0,16,37,19.5513,85.0383,-2.0657,Dominant,Canonical,trial_failure_candidate,ENST00000440411,ENSG00000135473,protein_coding,PC_CDS,True,True,PAN2-203,0,1,False,none,False,0.0,novel,0.0,0.0,0.0,True,2,"USP, Exonuclease",Q504Q3,C,False
Astrocyte,PCDH9-201,PCDH9,0.8024691358024691,0.463768115942029,1.5140266130485196e-11,8.072253283747297e-11,True,0.3387010198604401,AD_enriched,0.0489510489510489,True,1716.0,195,32,288.5262,141.169,1.0261,Minor,Alternate,new_target_candidate,ENST00000377861,ENSG00000184226,protein_coding,PC_UTR,True,False,,0,1,False,none,False,0.0696,emerging,0.0,0.2804,1.076,True,7,"Cadherin 1, Cadherin 2, Cadherin 3",Q9HC56,N,False
Astrocyte,PLA2G4C-201,PLA2G4C,0.2916666666666667,0.0,1.7123813393520553e-05,4.714085098922129e-05,True,0.2916666666666667,AD_enriched,0.0476190476190476,True,21.0,14,0,22.5689,0.0,4.5588,Minor,Alternate,new_target_candidate,ENST00000354276,ENSG00000105499,protein_coding,PC_CDS,True,True,PLA2G4C-222,151,1,False,none,False,0.0,novel,0.0,0.0,0.0,True,1,PLA2c,Q9UP65,C,True
Astrocyte,PLA2G4C-222,PLA2G4C,0.6666666666666666,0.9838709677419356,1.7123813393520553e-05,4.714085098922129e-05,True,-0.317204301075269,CT_enriched,0.0,True,21.0,32,61,32.4976,66.6735,-1.0145,Dominant,Canonical,trial_failure_candidate,ENST00000599921,ENSG00000105499,protein_coding,PC_CDS,True,True,PLA2G4C-222,0,1,False,none,False,0.0,novel,0.0,0.0,0.0,True,1,PLA2c,Q9UP65,C,False
Astrocyte,PMPCB-201,PMPCB,0.2957746478873239,0.8,5.42799656523627e-06,1.6010309196621266e-05,True,-0.5042253521126762,CT_enriched,0.0346320346320346,True,3003.0,21,24,29.1559,71.9629,-1.2747,Dominant,Canonical,trial_failure_candidate,ENST00000249269,ENSG00000105819,protein_coding,PC_CDS,True,True,PMPCB-201,0,1,False,none,False,0.0037,novel,0.0,0.0122,0.369,False,0,,O75439,D,False
Astrocyte,PRPF38B-203,PRPF38B,0.7394366197183099,0.9598214285714286,1.4253131740669446e-11,7.637937772480879e-11,True,-0.2203848088531187,CT_enriched,0.0489510489510489,True,1287.0,105,215,66.589,199.2333,-1.5668,Dominant,Canonical,trial_failure_candidate,ENST00000370025,ENSG00000134186,protein_coding,PC_CDS,True,True,PRPF38B-203,0,1,False,none,False,0.0052,novel,0.0,0.0426,0.517,False,0,,Q5VTL8,D,False
Astrocyte,PUF60-202,PUF60,0.4223433242506812,0.1885714285714285,7.254130701230635e-45,4.020315593892557e-43,True,0.2337718956792527,AD_enriched,0.0181818181818181,True,495.0,155,33,152.5114,33.1443,2.1686,Minor,Alternate,new_target_candidate,ENST00000349157,ENSG00000179950,protein_coding,PC_CDS,True,True,PUF60-208,51,1,False,none,False,0.0,novel,0.0,0.0,0.0,True,3,"RRM 1, RRM 2, RRM 3",Q9UHX1,C,True
Astrocyte,RANBP2-201,RANBP2,0.6859504132231405,0.927461139896373,4.1884625311139855e-08,1.5529757201630377e-07,True,-0.2415107266732324,CT_enriched,0.0143190143190143,True,3003.0,83,179,124.3934,507.5654,-2.02,Dominant,Canonical,trial_failure_candidate,ENST00000283195,ENSG00000153201,protein_coding,PC_CDS,True,True,RANBP2-201,0,1,False,none,False,0.0061,novel,0.0,0.042,0.224,True,5,"RanBD1 1, RanBD1 2, RanBD1 3",P49792,C,False
Astrocyte,RBL2-201,RBL2,0.1111111111111111,0.5221238938053098,1.3198544542021916e-09,5.876561269661343e-09,True,-0.4110127826941986,CT_enriched,0.0134865134865134,True,2002.0,11,59,11.1966,75.0529,-2.6405,Dominant,Canonical,trial_failure_candidate,ENST00000262133,ENSG00000103479,protein_coding,PC_CDS,True,True,RBL2-201,0,2,True,none,False,0.029,novel,0.0,0.2385,2.9,False,0,,Q08999,D,False
Astrocyte,RBM25-201,RBM25,0.3490566037735849,0.7419354838709677,6.161870910207986e-32,1.5448690639164309e-30,True,-0.3928788800973828,CT_enriched,0.0282,True,10000.0,185,299,205.9772,2151.7843,-3.3787,Dominant,Canonical,trial_failure_candidate,ENST00000261973,ENSG00000119707,protein_coding,PC_CDS,True,True,RBM25-201,0,1,False,none,False,0.0156,novel,0.0,0.0988,1.393,True,2,"RRM, PWI",P49756,C,False
Astrocyte,RFX3-212,RFX3,0.3072289156626506,0.717948717948718,2.4260318209753105e-05,6.516866090528065e-05,True,-0.4107198022860673,CT_enriched,0.0214785214785214,True,2002.0,51,28,56.5346,107.7769,-0.9189,Dominant,Canonical,trial_failure_candidate,ENST00000617270,ENSG00000080298,protein_coding,PC_CDS,True,True,RFX3-212,0,1,False,none,False,0.0406,novel,0.0632,0.0717,4.062,False,0,,P48380,D,False
Astrocyte,transcript151198.chr12.nic,RFX4,0.8675496688741722,0.3061224489795918,2.643880758203937e-14,1.8874619921279642e-13,True,0.5614272198945804,AD_enriched,0.03,True,10000.0,131,15,95.7419,54.1996,0.8095,Minor,Alternate,new_target_candidate,transcript151198.chr12.nic,ENSG00000111783,,novel,True,False,RFX4-203,1892,1,False,none,False,0.014,novel,0.0,0.0,1.22,False,0,,Q33E94,D,True
Astrocyte,RGS3-231,RGS3,0.0161290322580645,0.627906976744186,1.0785933942986196e-10,5.28259927533231e-10,True,-0.6117779444861215,CT_enriched,0.0,True,6.0,1,27,0.2329,9.421,-3.0793,Dominant,Canonical,trial_failure_candidate,ENST00000695401,ENSG00000138835,protein_coding,PC_CDS,True,True,RGS3-231,0,1,False,none,False,0.0,novel,0.0,0.0,0.0,True,3,"C2, PDZ, RGS",P49796,C,False
Astrocyte,RSPRY1-202,RSPRY1,0.3611111111111111,0.0,3.1364194494422977e-07,1.0568478976840767e-06,True,0.3611111111111111,AD_enriched,0.0238095238095238,True,126.0,13,0,12.3212,0.0,3.7356,Minor,Alternate,new_target_candidate,ENST00000537866,ENSG00000159579,protein_coding,PC_UTR,True,True,RSPRY1-201,0,1,False,none,False,0.0,novel,0.0,0.0,0.0,True,1,B30.2/SPRY,Q96DX4,N,False
Astrocyte,RSPRY1-201,RSPRY1,0.5277777777777778,0.9701492537313432,3.1364194494422977e-07,1.0568478976840767e-06,True,-0.4423714759535654,CT_enriched,0.0317460317460317,True,126.0,19,65,26.2918,129.6345,-2.259,Dominant,Canonical,trial_failure_candidate,ENST00000394420,ENSG00000159579,protein_coding,PC_CDS,True,True,RSPRY1-201,0,1,False,none,False,0.0,novel,0.0,0.0,0.0,True,1,B30.2/SPRY,Q96DX4,C,False
Astrocyte,SCAPER-207,SCAPER,0.3800223214285714,0.6602809706257982,2.166849250611597e-38,8.00593775752285e-37,True,-0.2802586491972267,CT_enriched,0.0153,True,10000.0,681,517,666.7418,848.2609,-0.3469,Dominant,Canonical,trial_failure_candidate,ENST00000563290,ENSG00000140386,protein_coding,PC_CDS,True,True,SCAPER-207,0,1,False,none,False,0.1844,emerging,0.3033,0.0,16.062,False,0,,Q9BY12,D,False
Astrocyte,SEC14L2-214,SEC14L2,0.7037037037037037,0.9700598802395208,1.2624024064227964e-08,4.988774706880756e-08,True,-0.2663561765358171,CT_enriched,0.0176767676767676,True,792.0,38,162,74.061,292.5424,-1.9674,Dominant,Canonical,trial_failure_candidate,ENST00000615189,ENSG00000100003,protein_coding,PC_CDS,True,True,SEC14L2-214,0,1,False,none,False,0.003,novel,0.0,0.0243,0.296,True,2,"CRAL-TRIO, GOLD",O76054,C,False
Astrocyte,SHOC2-214,SHOC2,0.3220338983050847,0.0,6.486800637193901e-10,2.969826552593554e-09,True,0.3220338983050847,AD_enriched,0.0166666666666666,True,120.0,19,0,18.0711,0.0,4.2533,Minor,Alternate,new_target_candidate,ENST00000689997,ENSG00000108061,protein_coding,PC_CDS,True,True,SHOC2-202,458,1,False,none,False,0.0044,novel,0.0,0.0304,0.306,False,0,,Q9UQ13,D,True
Astrocyte,SPG7-268,SPG7,0.2275641025641025,0.936,9.279535227875966e-123,6.514233729968927e-120,True,-0.7084358974358975,CT_enriched,0.0111888111888111,True,715.0,71,702,80.8756,536.9827,-2.7161,Dominant,Canonical,trial_failure_candidate,ENST00000645818,ENSG00000197912,protein_coding,PC_CDS,True,True,SPG7-268,0,1,False,none,False,0.0642,emerging,0.0,0.2401,0.968,False,0,,Q9UQ90,D,False
Astrocyte,SPG7-223,SPG7,0.2339743589743589,0.0253333333333333,9.279535227875966e-123,6.514233729968927e-120,True,0.2086410256410256,AD_enriched,0.0265734265734265,True,715.0,73,19,59.5456,27.7187,1.076,Minor,Alternate,new_target_candidate,ENST00000611189,ENSG00000197912,protein_coding_CDS_not_defined,PC_CDS_ND,True,False,SPG7-268,1998,1,False,none,False,0.0642,emerging,0.0,0.2401,0.968,False,0,,Q9UQ90,D,True
Astrocyte,SRSF10-214,SRSF10,0.1272727272727272,0.6144578313253012,2.0547487626672563e-08,7.88215099121537e-08,True,-0.487185104052574,CT_enriched,0.031080031080031,True,1287.0,7,51,10.2241,152.8966,-3.7773,Dominant,Canonical,trial_failure_candidate,ENST00000492112,ENSG00000188529,protein_coding,PC_CDS,True,True,SRSF10-214,0,1,False,none,False,0.0118,novel,0.0,0.0973,0.716,True,1,RRM,O75494,C,False
Astrocyte,ST3GAL1-206,ST3GAL1,0.7796610169491526,0.0,1.7891800544832828e-19,2.0703369201877992e-18,True,0.7796610169491526,AD_enriched,0.0357142857142857,True,56.0,46,0,14.6376,0.0,3.9669,Minor,Alternate,new_target_candidate,ENST00000521180,ENSG00000008513,protein_coding,PC_UTR,True,True,ST3GAL1-210,0,1,False,none,False,0.0065,novel,0.0,0.0535,0.579,False,0,,Q11201,N,False
Astrocyte,ST3GAL1-210,ST3GAL1,0.2203389830508474,1.0,1.7891800544832828e-19,2.0703369201877992e-18,True,-0.7796610169491526,CT_enriched,0.0357142857142857,True,56.0,13,70,25.8631,87.6667,-1.7228,Dominant,Canonical,trial_failure_candidate,ENST00000522652,ENSG00000008513,protein_coding,PC_CDS,True,True,ST3GAL1-210,0,1,False,none,False,0.0065,novel,0.0,0.0535,0.579,False,0,,Q11201,D,False
Astrocyte,ST3GAL5-222,ST3GAL5,0.2439024390243902,0.75,3.290336759404389e-09,1.3858898430611289e-08,True,-0.5060975609756098,CT_enriched,0.0303030303030303,True,165.0,10,39,13.2351,33.7905,-1.2892,Dominant,Canonical,trial_failure_candidate,ENST00000638572,ENSG00000115525,protein_coding,PC_CDS,True,True,ST3GAL5-222,0,2,True,none,False,0.0038,novel,0.0,0.031,0.316,False,0,,Q9UNP4,D,False
Astrocyte,STAT3-201,STAT3,0.0116731517509727,0.3856209150326797,1.977914697805635e-65,3.786807594162425e-63,True,-0.373947763281707,CT_enriched,0.0366300366300366,True,1365.0,6,59,15.8784,22.2188,-0.4601,Dominant,Canonical,trial_failure_candidate,ENST00000264657,ENSG00000168610,protein_coding,PC_CDS,True,True,STAT3-201,0,1,False,none,False,0.3251,supported,0.0,0.9596,2.169,True,1,SH2,P40763,C,False
Astrocyte,SYT1-201,SYT1,0.647239263803681,0.8892508143322475,2.0715348684981844e-17,1.905088398714924e-16,True,-0.2420115505285665,CT_enriched,0.0223110223110223,True,3003.0,211,273,259.1329,707.3327,-1.4452,Dominant,Canonical,trial_failure_candidate,ENST00000261205,ENSG00000067715,protein_coding,PC_CDS,True,True,SYT1-201,0,1,False,none,False,0.1105,emerging,0.0,0.8937,2.984,True,2,"C2 1, C2 2",P21579,C,False
Astrocyte,SYT1-202,SYT1,0.205521472392638,0.0,2.0715348684981844e-17,1.905088398714924e-16,True,0.205521472392638,AD_enriched,0.0279720279720279,True,3003.0,67,0,67.3412,0.0,6.0947,Minor,Alternate,new_target_candidate,ENST00000393240,ENSG00000067715,protein_coding,PC_UTR,True,True,SYT1-201,0,1,False,none,False,0.1105,emerging,0.0,0.8937,2.984,True,2,"C2 1, C2 2",P21579,N,False
Astrocyte,TNKS1BP1-201,TNKS1BP1,0.25,0.9428571428571428,4.259988768971334e-12,2.3924096926543007e-11,True,-0.6928571428571428,CT_enriched,0.0357142857142857,True,28.0,25,33,44.0751,228.8138,-2.3501,Dominant,Canonical,trial_failure_candidate,ENST00000358252,ENSG00000149115,protein_coding,PC_CDS,True,True,TNKS1BP1-201,0,1,False,none,False,0.2827,supported,0.4651,0.0,28.275,False,0,,Q9C0C2,D,False
Astrocyte,TNPO2-203,TNPO2,0.3086419753086419,0.0,3.681354798307072e-07,1.2306243182912212e-06,True,0.3086419753086419,AD_enriched,0.0444444444444444,True,45.0,25,0,31.7818,0.0,5.0348,Minor,Alternate,new_target_candidate,ENST00000450764,ENSG00000105576,protein_coding,PC_CDS,True,True,TNPO2-202,30,1,False,none,False,0.0045,novel,0.0,0.0,0.37,True,1,Importin N-terminal,O14787,C,True
Astrocyte,TUT7-206,TUT7,0.3023255813953488,0.9111111111111112,9.75241527237301e-13,5.8018606111914015e-12,True,-0.6087855297157624,CT_enriched,0.0202020202020202,True,792.0,39,41,52.5925,394.4273,-2.8833,Dominant,Canonical,trial_failure_candidate,ENST00000375963,ENSG00000083223,protein_coding,PC_CDS,True,True,TUT7-206,0,1,False,none,False,0.0037,novel,0.0,0.0304,0.329,True,2,"PAP-associated 1, PAP-associated 2",Q5VYS8,C,False
Astrocyte,TUT7-201,TUT7,0.627906976744186,0.0,9.75241527237301e-13,5.8018606111914015e-12,True,0.627906976744186,AD_enriched,0.0126262626262626,True,792.0,81,0,50.8319,0.0,5.6958,Minor,Alternate,new_target_candidate,ENST00000277141,ENSG00000083223,protein_coding,PC_CDS,True,True,TUT7-206,2357,1,False,none,False,0.0037,novel,0.0,0.0304,0.329,True,2,"PAP-associated 1, PAP-associated 2",Q5VYS8,C,True
Astrocyte,VPS13C-201,VPS13C,0.6632653061224489,0.3333333333333333,1.4609859346112152e-06,4.592293101927193e-06,True,0.3299319727891156,AD_enriched,0.0325674325674325,True,5005.0,195,11,360.7392,11.0685,4.9056,Minor,Alternate,new_target_candidate,ENST00000249837,ENSG00000129003,protein_coding,PC_CDS,True,True,,10931,1,False,none,False,0.1203,emerging,0.1945,0.0667,0.456,True,2,"Chorein N-terminal, SHR-BD",Q709C8,C,True
Astrocyte,ZDHHC3-205,ZDHHC3,0.4857142857142857,1.0,4.7638368989948976e-08,1.750897122038962e-07,True,-0.5142857142857142,CT_enriched,0.0333333333333333,True,210.0,17,52,22.4628,101.179,-2.1227,Dominant,Canonical,trial_failure_candidate,ENST00000424952,ENSG00000163812,protein_coding,PC_CDS,True,True,ZDHHC3-205,0,1,False,none,False,0.0,novel,0.0,0.0,0.0,True,1,DHHC,Q9NYG2,C,False
Astrocyte,ZDHHC3-202,ZDHHC3,0.2571428571428571,0.0,4.7638368989948976e-08,1.750897122038962e-07,True,0.2571428571428571,AD_enriched,0.0476190476190476,True,210.0,9,0,22.1185,0.0,4.531,Minor,Alternate,new_target_candidate,ENST00000339420,ENSG00000163812,protein_coding,PC_UTR,True,True,ZDHHC3-205,0,1,False,none,False,0.0,novel,0.0,0.0,0.0,True,1,DHHC,Q9NYG2,N,False
Astrocyte,ZEB1-201,ZEB1,0.6216216216216216,0.0677966101694915,3.1415533479437263e-12,1.7929841058995903e-11,True,0.5538250114521301,AD_enriched,0.019047619047619,True,210.0,23,4,14.05,7.7202,0.7873,Minor,Alternate,new_target_candidate,ENST00000320985,ENSG00000148516,protein_coding,PC_CDS,True,True,ZEB1-202,3,1,False,none,False,0.083,emerging,0.0,0.6829,3.537,False,0,,P37275,D,True
Astrocyte,ZNF106-202,ZNF106,0.5143338954468802,0.8723404255319149,1.243420829616801e-17,1.1795694897175598e-16,True,-0.3580065300850347,CT_enriched,0.007,True,10000.0,305,164,384.1977,418.5774,-0.1233,Dominant,Canonical,trial_failure_candidate,ENST00000564754,ENSG00000103994,protein_coding,PC_CDS,True,True,ZNF106-202,0,1,False,none,False,0.0613,emerging,0.0,0.0,0.753,False,0,,Q9H2Y7,D,False
Astrocyte,ZNF106-201,ZNF106,0.4569983136593591,0.1063829787234042,1.243420829616801e-17,1.1795694897175598e-16,True,0.3506153349359549,AD_enriched,0.0077,True,10000.0,271,20,321.803,111.1663,1.525,Minor,Alternate,new_target_candidate,ENST00000263805,ENSG00000103994,protein_coding,PC_CDS,True,True,ZNF106-202,263,1,False,none,False,0.0613,emerging,0.0,0.0,0.753,False,0,,Q9H2Y7,D,True
Astrocyte,ZNF274-212,ZNF274,0.3333333333333333,0.7894736842105263,5.2119165746616016e-06,1.5481377018670427e-05,True,-0.456140350877193,CT_enriched,0.0277777777777777,True,36.0,11,75,13.9477,32.6981,-1.1727,Dominant,Canonical,trial_failure_candidate,ENST00000617501,ENSG00000171606,protein_coding,PC_CDS,True,True,ZNF274-212,0,1,False,none,False,0.0022,novel,0.0,0.0182,0.178,True,3,"KRAB 1, SCAN box, KRAB 2",Q96GC6,C,False
Astrocyte,ZNF397-209,ZNF397,0.2535211267605634,0.0303030303030303,0.0005876624251131,0.0013194211804779,True,0.223218096457533,AD_enriched,0.0189810189810189,True,3003.0,18,2,8.189,0.6979,2.4362,Minor,Alternate,new_target_candidate,ENST00000591206,ENSG00000186812,protein_coding,PC_CDS,True,False,ZNF397-202,142,1,False,none,False,0.0046,novel,0.0,0.0,0.463,True,1,SCAN box,Q8NF99,C,True
Astrocyte,ZNF397-202,ZNF397,0.7323943661971831,0.9696969696969696,0.0005876624251131,0.0013194211804779,True,-0.2373026034997865,CT_enriched,0.0056610056610056,True,3003.0,52,64,55.1585,149.2934,-1.4202,Dominant,Canonical,trial_failure_candidate,ENST00000330501,ENSG00000186812,protein_coding,PC_CDS,True,True,ZNF397-202,0,1,False,none,False,0.0046,novel,0.0,0.0,0.463,True,1,SCAN box,Q8NF99,C,False
Astrocyte,ZNF587-201,ZNF587,0.5769230769230769,1.0,2.3959628939715834e-05,6.452554801411962e-05,True,-0.4230769230769231,CT_enriched,0.0277777777777777,True,36.0,30,38,61.1484,156.4413,-1.341,Dominant,Canonical,trial_failure_candidate,ENST00000339656,ENSG00000198466,protein_coding,PC_CDS,True,True,ZNF587-201,0,1,False,none,False,0.0,novel,0.0,0.0,0.0,True,1,KRAB,Q96SQ5,C,False
Astrocyte,ZNF706-209,ZNF706,0.5263157894736842,0.0303030303030303,1.6564015418763288e-05,4.565944564386844e-05,True,0.4960127591706539,AD_enriched,0.0317460317460317,True,126.0,20,1,17.9203,4.5192,1.7774,Minor,Alternate,new_target_candidate,ENST00000520347,ENSG00000120963,protein_coding,PC_UTR,True,False,ZNF706-201,0,1,False,none,False,0.0,novel,0.0,0.0,0.0,False,0,,Q9Y5V0,N,False
Astrocyte,ZNF706-201,ZNF706,0.4736842105263157,0.9696969696969696,1.6564015418763288e-05,4.565944564386844e-05,True,-0.4960127591706539,CT_enriched,0.0317460317460317,True,126.0,18,32,17.4455,76.2413,-2.0661,Dominant,Canonical,trial_failure_candidate,ENST00000311212,ENSG00000120963,protein_coding,PC_CDS,True,True,ZNF706-201,0,1,False,none,False,0.0,novel,0.0,0.0,0.0,False,0,,Q9Y5V0,D,False
Astrocyte,ZRANB2-204,ZRANB2,0.3977272727272727,0.0555555555555555,1.780174675691723e-06,5.562385559357223e-06,True,0.3421717171717172,AD_enriched,0.0344322344322344,True,1365.0,35,4,49.2797,13.3184,1.8121,Minor,Alternate,new_target_candidate,ENST00000477096,ENSG00000132485,protein_coding_CDS_not_defined,PC_CDS_ND,True,False,ZRANB2-202,873,1,False,none,False,0.0192,novel,0.0,0.1581,1.922,False,0,,O95218,D,True
Excitatory_neuron,ABCA8-208,ABCA8,0.0309278350515463,0.28125,1.476687710520863e-06,5.589192065487983e-06,True,-0.2503221649484537,CT_enriched,0.0454545454545454,True,462.0,3,9,0.7878,3.8557,-1.4414,Dominant,Canonical,trial_failure_candidate,ENST00000586539,ENSG00000141338,protein_coding,PC_CDS,True,True,ABCA8-208,0,1,False,none,False,0.0023,novel,0.0,0.0122,0.157,True,2,"ABC transporter 1, ABC transporter 2",O94911,C,False
Excitatory_neuron,transcript59248.chr20.nnic,ACOT8,0.5851528384279476,0.0089285714285714,2.5759146896999e-29,7.774877827251654e-28,True,0.5762242669993762,AD_enriched,0.0236430236430236,True,3003.0,134,1,6.6285,0.243,2.6176,Minor,Alternate,new_target_candidate,transcript59248.chr20.nnic,ENSG00000101473,,novel,True,False,ACOT8-201,713,1,False,none,False,0.0075,novel,0.0,0.0122,0.745,False,0,,O14734,D,True
Excitatory_neuron,ACTR10-201,ACTR10,0.7935103244837758,0.9946524064171124,8.540593025599e-10,4.893249299723239e-09,True,-0.2011420819333366,CT_enriched,0.0014652014652014,True,1365.0,269,186,42.5069,42.1463,0.012,Dominant,Canonical,trial_failure_candidate,ENST00000254286,ENSG00000131966,protein_coding,PC_CDS,True,True,ACTR10-201,0,1,False,none,False,0.0078,novel,0.0,0.0522,0.707,False,0,,Q9NZ32,D,False
Excitatory_neuron,transcript17744.chr19.nnic,ADAMTS10,0.8846153846153846,0.0363636363636363,8.762363138283065e-27,2.3453374241449727e-25,True,0.8482517482517483,AD_enriched,0.0142857142857142,True,210.0,115,2,31.641,0.475,4.4679,Minor,Alternate,new_target_candidate,transcript17744.chr19.nnic,ENSG00000142303,,novel,True,False,ADAMTS10-211,3114,1,False,none,False,0.0049,novel,0.0,0.04,0.164,True,8,"Peptidase M12B, Disintegrin, TSP type-1 1",Q9H324,C,True
Excitatory_neuron,transcript130800.chrX.nnic,AMOT,0.238095238095238,0.0,4.188632141395378e-05,0.0001272375493743,True,0.238095238095238,AD_enriched,0.0179820179820179,True,5005.0,30,0,6.5754,0.0,2.9213,Minor,Alternate,new_target_candidate,transcript130800.chrX.nnic,ENSG00000126016,,novel,True,False,AMOT-203,2285,1,False,none,False,0.0095,novel,0.0,0.0781,0.95,False,0,,Q4VCS5,D,True
Excitatory_neuron,AMOT-203,AMOT,0.746031746031746,0.9565217391304348,4.188632141395378e-05,0.0001272375493743,True,-0.2104899930986887,CT_enriched,0.0431568431568431,True,5005.0,94,66,15.1417,21.8589,-0.502,Dominant,Canonical,trial_failure_candidate,ENST00000371959,ENSG00000126016,protein_coding,PC_CDS,True,True,AMOT-203,0,1,False,none,False,0.0095,novel,0.0,0.0781,0.95,False,0,,Q4VCS5,D,False
Excitatory_neuron,ANO5-208,ANO5,0.5135135135135135,0.0441640378548895,4.117576846533294e-40,2.413716741525674e-38,True,0.469349475658624,AD_enriched,0.0217782217782217,True,5005.0,76,14,16.4108,3.259,2.0314,Minor,Alternate,new_target_candidate,ENST00000682341,ENSG00000171714,protein_coding,PC_CDS,True,True,ANO5-201,42,1,False,none,False,0.3068,supported,0.5039,0.0122,4.394,False,0,,Q75V66,D,True
Excitatory_neuron,ARHGAP29-201,ARHGAP29,0.6580310880829016,0.8940092165898618,8.693180645400761e-10,4.964632070678553e-09,True,-0.2359781285069602,CT_enriched,0.0434,True,10000.0,254,194,45.7913,54.4572,-0.2451,Dominant,Canonical,trial_failure_candidate,ENST00000260526,ENSG00000137962,protein_coding,PC_CDS,True,True,ARHGAP29-201,0,3,True,none,False,0.0015,novel,0.0,0.0122,0.148,True,2,"F-BAR, Rho-GAP",Q52LW3,C,False
Excitatory_neuron,ARL17B-203,ARL17B,0.3928571428571428,0.0862068965517241,8.080033041886708e-05,0.0002338297607756,True,0.3066502463054187,AD_enriched,0.0314685314685314,True,1716.0,44,5,7.8063,2.6766,1.2602,Minor,Alternate,new_target_candidate,ENST00000570618,ENSG00000228696,protein_coding,PC_UTR,True,True,ARL17B-202,0,1,False,none,False,0.0238,novel,0.0342,0.1012,0.376,False,0,,I3L3L1,N,False
Excitatory_neuron,ARMC8-213,ARMC8,0.3174603174603174,0.0424929178470254,8.581055413976012e-32,3.01313990353128e-30,True,0.274967399613292,AD_enriched,0.0278,True,10000.0,100,15,11.3002,3.4222,1.4758,Minor,Alternate,new_target_candidate,ENST00000470821,ENSG00000114098,protein_coding,PC_CDS,True,True,ARMC8-210,950,1,False,none,False,0.0085,novel,0.0,0.0697,0.848,False,0,,Q8IUR7,D,True
Excitatory_neuron,ATF4-203,ATF4,0.3353658536585366,0.0982142857142857,1.1238465059546137e-05,3.738950875579772e-05,True,0.2371515679442509,AD_enriched,0.0317,True,10000.0,55,11,17.7143,2.8028,2.299,Minor,Alternate,new_target_candidate,ENST00000404241,ENSG00000128272,protein_coding,PC_UTR,True,False,,0,1,False,none,False,0.108,emerging,0.0,0.888,1.903,True,1,bZIP,P18848,N,False
Excitatory_neuron,ATP5F1C-202,ATP5F1C,0.5210526315789473,0.8490566037735849,7.639122830508534e-09,3.8838844682342185e-08,True,-0.3280039721946376,CT_enriched,0.0384615384615384,True,8008.0,198,90,25.7882,20.8909,0.2913,Dominant,Canonical,trial_failure_candidate,ENST00000356708,ENSG00000165629,protein_coding,PC_CDS,True,True,ATP5F1C-202,0,1,False,none,False,0.3456,supported,0.5597,0.1226,19.532,False,0,,P36542,D,False
Excitatory_neuron,BROX-201,BROX,0.6666666666666666,0.979591836734694,0.0009743295410471,0.0023269089005546,True,-0.3129251700680273,CT_enriched,0.0126262626262626,True,792.0,28,48,5.4164,13.677,-1.1937,Dominant,Canonical,trial_failure_candidate,ENST00000340934,ENSG00000162819,protein_coding,PC_CDS,True,True,BROX-201,0,1,False,none,False,0.0,novel,0.0,0.0,0.0,True,1,BRO1,Q5VW32,C,False
Excitatory_neuron,BRSK2-207,BRSK2,0.4722222222222222,0.0137931034482758,1.1902121072058584e-19,1.811625424122565e-18,True,0.4584291187739464,AD_enriched,0.0454545454545454,True,330.0,17,2,4.9947,0.5102,1.9889,Minor,Alternate,new_target_candidate,ENST00000528710,ENSG00000174672,protein_coding,PC_CDS,True,True,BRSK2-208,234,1,False,none,False,0.3775,supported,0.2928,0.1333,3.14,True,2,"Protein kinase, UBA",Q8IWQ3,C,True
Excitatory_neuron,transcript89853.chr2.nic,C2orf42,0.4285714285714285,0.0106382978723404,3.7532842603011524e-17,4.504576185840289e-16,True,0.4179331306990881,AD_enriched,0.0454545454545454,True,462.0,27,1,1.7279,0.243,1.134,Minor,Alternate,new_target_candidate,transcript89853.chr2.nic,ENSG00000115998,,novel,True,False,C2orf42-201,693,1,False,none,False,0.1748,emerging,0.2875,0.0,17.478,False,0,,Q9NWW7,D,True
Excitatory_neuron,CAV1-202,CAV1,0.7384615384615385,0.1818181818181818,1.4759323806506352e-08,7.234822650970944e-08,True,0.5566433566433567,AD_enriched,0.0285714285714285,True,70.0,48,6,5.2184,1.3867,1.3815,Minor,Alternate,new_target_candidate,ENST00000393467,ENSG00000105974,protein_coding,PC_CDS,True,False,CAV1-201,165,1,False,none,False,0.3335,supported,0.518,0.595,3.219,False,0,,Q03135,D,True
Excitatory_neuron,CCDC107-202,CCDC107,0.4423076923076923,0.1694915254237288,0.0216397489147796,0.0390759532885232,True,0.2728161668839635,AD_enriched,0.0285714285714285,True,210.0,23,10,5.4345,2.2459,0.9872,Minor,Alternate,new_target_candidate,ENST00000378406,ENSG00000159884,protein_coding,PC_CDS,True,True,CCDC107-206,91,1,False,none,False,0.0338,novel,0.0557,0.0,3.383,False,0,,Q8WV48,D,True
Excitatory_neuron,transcript213419.chr3.nic,CCDC14,0.2689655172413793,0.0375,7.186255624070095e-07,2.8652114188605497e-06,True,0.2314655172413793,AD_enriched,0.0221,True,10000.0,39,3,6.7089,0.8709,2.0428,Minor,Alternate,new_target_candidate,transcript213419.chr3.nic,ENSG00000175455,,novel,True,False,CCDC14-203,1748,1,False,none,False,0.0,novel,0.0,0.0,0.0,False,0,,Q49A88,D,True
Excitatory_neuron,CDC42BPA-204,CDC42BPA,0.3111111111111111,0.0367647058823529,9.672794310393737e-14,8.346609494358006e-13,True,0.2743464052287582,AD_enriched,0.0081918081918081,True,5005.0,28,5,12.4593,2.514,1.9374,Minor,Alternate,new_target_candidate,ENST00000366767,ENSG00000143776,protein_coding,PC_CDS,True,True,CDC42BPA-203,348,1,False,none,False,0.0081,novel,0.0,0.0608,0.653,True,5,"Protein kinase, AGC-kinase C-terminal, PH",Q5VT25,C,True
Excitatory_neuron,transcript152239.chr6.nic,CEP57L1,0.3369565217391304,0.0379746835443038,2.6283547541009567e-10,1.605764019882694e-09,True,0.2989818381948266,AD_enriched,0.0329670329670329,True,3003.0,31,3,3.4198,0.7422,1.3431,Minor,Alternate,new_target_candidate,transcript152239.chr6.nic,ENSG00000183137,,novel,True,False,CEP57L1-204,1001,1,False,none,False,0.0,novel,0.0,0.0,0.0,False,0,,Q8IYX8,D,True
Excitatory_neuron,CEP97-201,CEP97,0.1226053639846743,0.4734982332155477,5.123842250693791e-30,1.615262803740936e-28,True,-0.3508928692308733,CT_enriched,0.0221,True,10000.0,64,134,14.7172,33.6399,-1.1401,Dominant,Canonical,trial_failure_candidate,ENST00000341893,ENSG00000182504,protein_coding,PC_CDS,True,True,CEP97-201,0,1,False,none,False,0.0047,novel,0.0,0.0,0.469,True,2,"LRRCT, IQ",Q8IW35,C,False
Excitatory_neuron,CFAP54-209,CFAP54,0.4923076923076923,0.1549295774647887,4.912030837138065e-05,0.0001475689738577,True,0.3373781148429036,AD_enriched,0.0484848484848484,True,495.0,32,11,10.8041,4.3082,1.153,Minor,Alternate,new_target_candidate,ENST00000637336,ENSG00000188596,protein_coding,PC_CDS,True,True,CFAP54-202,3161,1,False,none,False,0.0037,novel,0.0,0.0304,0.095,False,0,,Q96N23,D,True
Excitatory_neuron,CHCHD7-202,CHCHD7,0.5686274509803921,0.88,0.0002565866924465,0.0006836849772816,True,-0.3113725490196078,CT_enriched,0.0476190476190476,True,252.0,58,44,8.0731,11.8488,-0.502,Dominant,Canonical,trial_failure_candidate,ENST00000355315,ENSG00000170791,protein_coding,PC_CDS,True,True,CHCHD7-202,0,1,False,none,False,0.0,novel,0.0,0.0,0.0,True,1,CHCH,Q9BUK0,C,False
Excitatory_neuron,CHD1-205,CHD1,0.6239316239316239,0.2470588235294117,1.2494828339782493e-17,1.5685985383022516e-16,True,0.3768728004022122,AD_enriched,0.0491,True,10000.0,292,42,108.6965,19.8428,2.3959,Minor,Alternate,new_target_candidate,ENST00000511067,ENSG00000153922,protein_coding,PC_CDS,True,True,CHD1-211,264,2,True,none,False,0.2511,supported,0.4095,0.0712,16.1,True,4,"Chromo 1, Chromo 2, Helicase ATP-binding",O14646,C,True
Excitatory_neuron,CHD1-211,CHD1,0.188034188034188,0.5117647058823529,1.2494828339782493e-17,1.5685985383022516e-16,True,-0.3237305178481648,CT_enriched,0.037,True,10000.0,88,87,22.2408,77.7421,-1.7605,Dominant,Canonical,trial_failure_candidate,ENST00000614616,ENSG00000153922,protein_coding,PC_CDS,True,True,CHD1-211,0,3,True,none,False,0.2511,supported,0.4095,0.0712,16.1,True,4,"Chromo 1, Chromo 2, Helicase ATP-binding",O14646,C,False
Excitatory_neuron,CHTOP-203,CHTOP,0.4104046242774566,0.16,1.1109464259246707e-09,6.258890388469968e-09,True,0.2504046242774566,AD_enriched,0.0429570429570429,True,3003.0,71,20,9.8775,5.0097,0.856,Minor,Alternate,new_target_candidate,ENST00000368690,ENSG00000160679,protein_coding,PC_CDS,True,True,,479,2,True,none,False,0.0,novel,0.0,0.0,0.0,False,0,,Q9Y3Y2,D,True
Excitatory_neuron,CLUH-215,CLUH,0.0,0.8816568047337278,2.2018602659404104e-30,7.197140491389553e-29,True,-0.8816568047337278,CT_enriched,0.0476190476190476,True,84.0,0,149,0.0,30.3558,-4.9707,Dominant,Canonical,trial_failure_candidate,ENST00000651024,ENSG00000132361,protein_coding,PC_CDS,True,True,CLUH-215,0,1,False,none,False,0.0,novel,0.0,0.0,0.0,True,1,Clu,O75153,C,False
Excitatory_neuron,transcript4788.chr17.nic,CLUH,1.0,0.1065088757396449,2.2018602659404104e-30,7.197140491389553e-29,True,0.8934911242603552,AD_enriched,0.0476190476190476,True,84.0,45,18,7.121,8.9835,-0.2979,Minor,Alternate,new_target_candidate,transcript4788.chr17.nic,ENSG00000132361,,novel,True,False,CLUH-215,3763,1,False,none,False,0.0,novel,0.0,0.0,0.0,True,1,Clu,O75153,C,True
Excitatory_neuron,CNTROB-202,CNTROB,0.2222222222222222,0.7804878048780488,1.644792940100847e-07,7.139850871563836e-07,True,-0.5582655826558266,CT_enriched,0.0416666666666666,True,120.0,14,32,2.645,9.2702,-1.4945,Dominant,Canonical,trial_failure_candidate,ENST00000563694,ENSG00000170037,protein_coding,PC_CDS,True,True,CNTROB-202,0,1,False,none,False,0.0,novel,0.0,0.0,0.0,False,0,,Q8N137,D,False
Excitatory_neuron,COG5-203,COG5,0.4178082191780822,0.0575539568345323,2.176704955468868e-13,1.820680218059042e-12,True,0.3602542623435499,AD_enriched,0.0013320013320013,True,3003.0,122,8,31.9309,4.2042,2.6617,Minor,Alternate,new_target_candidate,ENST00000393603,ENSG00000164597,protein_coding,PC_CDS,True,True,COG5-201,80,1,False,none,False,0.0251,novel,0.0397,0.0,2.508,False,0,,Q9UP83,D,True
Excitatory_neuron,COG5-201,COG5,0.5684931506849316,0.9280575539568344,2.176704955468868e-13,1.820680218059042e-12,True,-0.3595644032719028,CT_enriched,0.0006660006660006,True,3003.0,166,129,34.9524,36.3114,-0.0535,Dominant,Canonical,trial_failure_candidate,ENST00000297135,ENSG00000164597,protein_coding,PC_CDS,True,True,COG5-201,0,1,False,none,False,0.0251,novel,0.0397,0.0,2.508,False,0,,Q9UP83,D,False
Excitatory_neuron,transcript290195.chr1.nnic,CRB1,0.8455882352941176,0.3333333333333333,3.1777456368993253e-18,4.25597891391416e-17,True,0.5122549019607843,AD_enriched,0.0454545454545454,True,330.0,115,13,19.8929,4.3515,1.965,Minor,Alternate,new_target_candidate,transcript290195.chr1.nnic,ENSG00000134376,,novel,True,False,CRB1-203,4005,1,False,none,False,0.0717,emerging,0.0,0.5758,7.165,True,22,"EGF-like 1, EGF-like 2, EGF-like 3",P82279,C,True
Excitatory_neuron,CTBP1-209,CTBP1,0.3216783216783216,0.04,3.3488286255260317e-09,1.7779372335970165e-08,True,0.2816783216783216,AD_enriched,0.0399600399600399,True,2002.0,46,2,7.1632,0.5102,2.4344,Minor,Alternate,new_target_candidate,ENST00000510568,ENSG00000159692,protein_coding,PC_CDS,True,False,CTBP1-203,1099,1,False,none,False,0.0427,novel,0.0,0.3509,1.206,False,0,,Q13363,D,True
Excitatory_neuron,CTBP1-203,CTBP1,0.0769230769230769,0.44,3.3488286255260317e-09,1.7779372335970165e-08,True,-0.3630769230769231,CT_enriched,0.0054945054945054,True,2002.0,11,22,2.4966,6.3309,-1.068,Dominant,Canonical,trial_failure_candidate,ENST00000382952,ENSG00000159692,protein_coding,PC_CDS,True,True,CTBP1-203,0,1,False,none,False,0.0427,novel,0.0,0.3509,1.206,False,0,,Q13363,D,False
Excitatory_neuron,CTNNA1-243,CTNNA1,0.3581081081081081,0.065359477124183,4.52231318678232e-10,2.6663979579257683e-09,True,0.2927486309839251,AD_enriched,0.0389,True,10000.0,106,10,19.8806,4.2812,1.9832,Minor,Alternate,new_target_candidate,ENST00000540387,ENSG00000044115,protein_coding,PC_CDS,True,True,CTNNA1-201,1038,1,False,none,False,0.2253,supported,0.3682,0.0483,22.528,False,0,,P35221,D,True
Excitatory_neuron,CYP1B1-205,CYP1B1,0.75,0.9629629629629628,2.5474717850326e-08,1.210262382534242e-07,True,-0.2129629629629628,CT_enriched,0.0181818181818181,True,330.0,141,182,11.5016,48.8328,-1.995,Dominant,Canonical,trial_failure_candidate,ENST00000610745,ENSG00000138061,protein_coding,PC_CDS,True,True,CYP1B1-205,0,1,False,none,False,0.2451,supported,0.3682,0.6989,5.905,False,0,,Q16678,D,False
Excitatory_neuron,transcript45368.chr2.nic,CYP1B1,0.2393617021276596,0.037037037037037,2.5474717850326e-08,1.210262382534242e-07,True,0.2023246650906225,AD_enriched,0.0181818181818181,True,330.0,45,7,3.4719,1.7031,0.7263,Minor,Alternate,new_target_candidate,transcript45368.chr2.nic,ENSG00000138061,,novel,True,False,CYP1B1-205,0,1,False,none,False,0.2451,supported,0.3682,0.6989,5.905,False,0,,Q16678,D,False
Excitatory_neuron,DCAF11-217,DCAF11,0.3259668508287293,0.1140065146579804,6.47998599674221e-11,4.2054684423290565e-10,True,0.2119603361707489,AD_enriched,0.0239760239760239,True,5005.0,118,35,16.8999,8.5387,0.9081,Minor,Alternate,new_target_candidate,ENST00000559115,ENSG00000100897,protein_coding,PC_UTR,True,True,DCAF11-204,0,3,True,none,False,0.0144,novel,0.0,0.1185,1.441,False,0,,Q8TEB1,N,False
Excitatory_neuron,DCAF5-209,DCAF5,0.3208333333333333,0.0543933054393305,1.2253818361424716e-15,1.2633188028718824e-14,True,0.2664400278940028,AD_enriched,0.0,True,792.0,77,13,11.7735,3.1584,1.6191,Minor,Alternate,new_target_candidate,ENST00000557386,ENSG00000139990,protein_coding,PC_CDS,True,True,DCAF5-201,3,1,False,none,False,0.0,novel,0.0,0.0,0.0,False,0,,Q96JK2,D,True
Excitatory_neuron,DCAF5-201,DCAF5,0.6166666666666667,0.9330543933054394,1.2253818361424716e-15,1.2633188028718824e-14,True,-0.3163877266387727,CT_enriched,0.0037878787878787,True,792.0,148,223,21.1303,46.1255,-1.0905,Dominant,Canonical,trial_failure_candidate,ENST00000341516,ENSG00000139990,protein_coding,PC_CDS,True,True,DCAF5-201,0,1,False,none,False,0.0,novel,0.0,0.0,0.0,False,0,,Q96JK2,D,False
Excitatory_neuron,transcript164650.chr6.nnic,DCBLD1,0.3666666666666666,0.0434782608695652,1.4734269808592903e-06,5.579827856505578e-06,True,0.3231884057971014,AD_enriched,0.0047619047619047,True,210.0,11,5,2.6261,1.2634,0.68,Minor,Alternate,new_target_candidate,transcript164650.chr6.nnic,ENSG00000164465,,novel,True,False,DCBLD1-202,1503,1,False,none,False,0.0034,novel,0.0,0.0182,0.212,True,3,"CUB, LCCL, F5/8 type C",Q8N8Z6,C,True
Excitatory_neuron,DCBLD1-202,DCBLD1,0.6,0.9478260869565216,1.4734269808592903e-06,5.579827856505578e-06,True,-0.3478260869565216,CT_enriched,0.0095238095238095,True,210.0,18,109,3.0137,47.7928,-3.6037,Dominant,Canonical,trial_failure_candidate,ENST00000338728,ENSG00000164465,protein_coding,PC_CDS,True,True,DCBLD1-202,0,1,False,none,False,0.0034,novel,0.0,0.0182,0.212,True,3,"CUB, LCCL, F5/8 type C",Q8N8Z6,C,False
Excitatory_neuron,transcript214326.chr4.nic,DCTD,0.3934426229508196,0.0476190476190476,6.639457016531308e-05,0.0001950048389989,True,0.345823575331772,AD_enriched,0.0108780108780108,True,1287.0,24,2,5.819,1.3765,1.5207,Minor,Alternate,new_target_candidate,transcript214326.chr4.nic,ENSG00000129187,,novel,True,False,DCTD-202,350,1,False,none,False,0.0537,emerging,0.0878,0.0122,5.372,True,1,CMP/dCMP-type deaminase,P32321,C,True
Excitatory_neuron,DDHD2-201,DDHD2,0.5958549222797928,0.9393939393939394,3.401229454006055e-27,9.314641126357124e-26,True,-0.3435390171141467,CT_enriched,0.0093,True,10000.0,115,434,23.0454,224.2703,-3.2278,Dominant,Canonical,trial_failure_candidate,ENST00000397166,ENSG00000085788,protein_coding,PC_CDS,True,True,DDHD2-201,0,1,False,none,False,0.0557,emerging,0.0,0.0392,2.272,True,3,"WWE, SAM, DDHD",O94830,C,False
Excitatory_neuron,transcript290066.chr1.nic,DENND1B,0.7037037037037037,0.2372881355932203,4.7064756429920025e-12,3.438005328088803e-11,True,0.4664155681104834,AD_enriched,0.0353535353535353,True,792.0,38,28,7.1941,7.768,-0.0977,Minor,Alternate,new_target_candidate,transcript290066.chr1.nic,ENSG00000213047,,novel,True,False,DENND1B-211,1798,1,False,none,False,0.0078,novel,0.0,0.0638,0.776,True,3,"uDENN, cDENN, dDENN",Q6P3S1,C,True
Excitatory_neuron,DIS3L-202,DIS3L,0.5661375661375662,0.9437751004016064,6.9598490857628935e-22,1.2690542304708531e-20,True,-0.3776375342640402,CT_enriched,0.0131868131868131,True,5005.0,107,235,23.2228,54.8916,-1.2063,Dominant,Canonical,trial_failure_candidate,ENST00000319212,ENSG00000166938,protein_coding,PC_CDS,True,True,DIS3L-202,0,1,False,none,False,0.0074,novel,0.0,0.0608,0.739,True,3,"CSD1, CSD2, RNB",Q8TF46,C,False
Excitatory_neuron,DISP2-201,DISP2,0.1170212765957446,0.3513513513513513,8.692775917223856e-07,3.42924691773464e-06,True,-0.2343300747556067,CT_enriched,0.0357142857142857,True,84.0,11,13,1.4424,3.922,-1.0109,Dominant,Canonical,trial_failure_candidate,ENST00000267889,ENSG00000140323,protein_coding,PC_CDS,True,True,DISP2-201,0,1,False,none,False,0.0049,novel,0.0,0.0,0.494,True,1,SSD,A7MBM2,C,False
Excitatory_neuron,transcript69536.chr18.nnic,DOK6,0.4302325581395348,0.2208955223880597,7.643561430054689e-18,9.768609229437462e-17,True,0.2093370357514751,AD_enriched,0.0259740259740259,True,2002.0,37,74,4.8197,21.9872,-1.9818,Minor,Alternate,new_target_candidate,transcript69536.chr18.nnic,ENSG00000206052,,novel,True,False,DOK6-201,790,1,False,none,False,0.0046,novel,0.0,0.038,0.367,True,2,"PH, IRS-type PTB",Q6PKX4,C,True
Excitatory_neuron,transcript90266.chr19.nic,DPY19L3,0.5824175824175825,0.0909090909090909,9.386047163379761e-14,8.109041721053914e-13,True,0.4915084915084916,AD_enriched,0.0075757575757575,True,3432.0,53,5,10.4727,1.5876,2.1485,Minor,Alternate,new_target_candidate,transcript90266.chr19.nic,ENSG00000178904,,novel,True,False,DPY19L3-202,1886,1,False,none,False,0.0047,novel,0.0,0.0,0.47,False,0,,Q6ZPD9,D,True
Excitatory_neuron,transcript29256.chr22.nic,DUSP18,0.2539682539682539,0.0491803278688524,6.043964896922769e-19,8.625722940417135e-18,True,0.2047879260994015,AD_enriched,0.0253,True,10000.0,32,6,5.1778,2.882,0.6703,Minor,Alternate,new_target_candidate,transcript29256.chr22.nic,ENSG00000167065,,novel,True,False,DUSP18-201,0,1,False,none,False,0.0071,novel,0.0,0.0584,0.677,True,1,Tyrosine-protein phosphatase,Q8NEJ0,C,False
Excitatory_neuron,transcript29671.chr22.nnic,DUSP18,0.4841269841269841,0.0901639344262295,6.043964896922769e-19,8.625722940417135e-18,True,0.3939630497007546,AD_enriched,0.0414,True,10000.0,61,11,18.0528,2.6747,2.3743,Minor,Alternate,new_target_candidate,transcript29671.chr22.nnic,ENSG00000167065,,novel,True,False,DUSP18-201,0,1,False,none,False,0.0071,novel,0.0,0.0584,0.677,True,1,Tyrosine-protein phosphatase,Q8NEJ0,C,False
Excitatory_neuron,DYRK1A-210,DYRK1A,0.4166666666666667,0.0,2.032978420331327e-05,6.46053581335578e-05,True,0.4166666666666667,AD_enriched,0.0181818181818181,True,330.0,20,0,5.7894,0.0,2.7633,Minor,Alternate,new_target_candidate,ENST00000643624,ENSG00000157540,protein_coding,PC_UTR,True,True,DYRK1A-221,0,1,False,none,False,0.1291,emerging,0.0,0.96,1.041,True,1,Protein kinase,Q13627,N,False
Excitatory_neuron,ECPAS-205,ECPAS,0.6923076923076923,0.3028571428571429,2.979561377981222e-17,3.5881203487301877e-16,True,0.3894505494505494,AD_enriched,0.0045,True,10000.0,243,53,48.8508,21.9066,1.1219,Minor,Alternate,new_target_candidate,ENST00000602447,ENSG00000136813,protein_coding,PC_CDS,True,True,ECPAS-207,2728,1,False,none,False,0.0041,novel,0.0,0.0304,0.408,False,0,,Q5VYK3,D,True
Excitatory_neuron,transcript40222.chr1.nnic,EIF4G3,0.3314917127071823,0.0551724137931034,9.474191632379648e-21,1.5737808254910737e-19,True,0.2763192989140789,AD_enriched,0.05,True,10000.0,60,8,31.0557,5.4389,2.3157,Minor,Alternate,new_target_candidate,transcript40222.chr1.nnic,ENSG00000075151,,novel,True,False,EIF4G3-212,4714,1,False,none,False,0.0983,emerging,0.1581,0.0737,9.833,True,3,"MIF4G, MI, W2",O43432,C,True
Excitatory_neuron,ERCC2-204,ERCC2,0.1492537313432835,0.5666666666666667,0.0024755406701948,0.0054503509467989,True,-0.4174129353233831,CT_enriched,0.0,True,252.0,10,17,0.6686,5.3645,-1.9314,Dominant,Canonical,trial_failure_candidate,ENST00000391945,ENSG00000104884,protein_coding,PC_CDS,True,True,ERCC2-204,0,1,False,none,False,0.0542,emerging,0.0,0.4456,3.487,True,1,Helicase ATP-binding,P18074,C,False
Excitatory_neuron,EXD2-202,EXD2,0.2989690721649484,0.0075187969924812,2.4085694213242766e-14,2.201544188847049e-13,True,0.2914502751724672,AD_enriched,0.0238095238095238,True,924.0,29,1,7.9175,0.3145,2.7621,Minor,Alternate,new_target_candidate,ENST00000409014,ENSG00000081177,protein_coding,PC_CDS,True,True,EXD2-214,257,1,False,none,False,0.0015,novel,0.0,0.0122,0.148,True,1,3'-5' exonuclease,Q9NVH0,C,True
Excitatory_neuron,EXD2-214,EXD2,0.1649484536082474,0.6240601503759399,2.4085694213242766e-14,2.201544188847049e-13,True,-0.4591116967676925,CT_enriched,0.0054112554112554,True,924.0,16,83,2.4702,21.6133,-2.7041,Dominant,Canonical,trial_failure_candidate,ENST00000685843,ENSG00000081177,protein_coding,PC_CDS,True,True,EXD2-214,0,1,False,none,False,0.0015,novel,0.0,0.0122,0.148,True,1,3'-5' exonuclease,Q9NVH0,C,False
Excitatory_neuron,FAM135A-205,FAM135A,0.2143884892086331,0.5341365461847389,4.986790776841629e-36,2.358087132009178e-34,True,-0.3197480569761058,CT_enriched,0.0127,True,10000.0,149,266,32.0871,70.4065,-1.1098,Dominant,Canonical,trial_failure_candidate,ENST00000418814,ENSG00000082269,protein_coding,PC_CDS,True,True,FAM135A-205,0,1,False,none,False,0.0067,novel,0.0,0.0547,0.534,False,0,,Q9P2D6,D,False
Excitatory_neuron,FBXW11-203,FBXW11,0.55,0.073170731707317,2.259897330662626e-28,6.542633374036737e-27,True,0.476829268292683,AD_enriched,0.0023310023310023,True,1287.0,77,12,7.338,3.7776,0.8034,Minor,Alternate,new_target_candidate,ENST00000393802,ENSG00000072803,protein_coding,PC_CDS,True,True,FBXW11-204,165,1,False,none,False,0.0082,novel,0.0,0.0676,0.783,True,1,F-box,Q9UKB1,C,True
Excitatory_neuron,FECH-212,FECH,0.2394366197183098,0.0,9.982807598685082e-05,0.0002842555371235,True,0.2394366197183098,AD_enriched,0.0285714285714285,True,70.0,17,0,0.7982,0.0,0.8465,Minor,Alternate,new_target_candidate,ENST00000652755,ENSG00000066926,protein_coding,PC_CDS,True,True,FECH-201,18,1,False,none,False,0.3373,supported,0.0,0.0957,2.745,False,0,,P22830,D,True
Excitatory_neuron,FOXO3-203,FOXO3,0.6666666666666666,0.089430894308943,1.4260192311214269e-21,2.547797079683698e-20,True,0.5772357723577236,AD_enriched,0.0064935064935064,True,462.0,52,11,6.2585,3.4357,0.7105,Minor,Alternate,new_target_candidate,ENST00000540898,ENSG00000118689,protein_coding,PC_UTR,True,False,FOXO3-202,0,2,True,none,False,0.5746,supported,0.0,0.7718,15.16,False,0,,O43524,N,False
Excitatory_neuron,FOXP2-226,FOXP2,0.37,0.0085470085470085,2.1224432701446093e-15,2.1414637432625484e-14,True,0.3614529914529915,AD_enriched,0.0399378399378399,True,6435.0,74,1,7.3742,0.3145,2.6714,Minor,Alternate,new_target_candidate,ENST00000703612,ENSG00000128573,protein_coding,PC_CDS,True,True,FOXP2-201,111,1,False,none,False,0.0313,novel,0.0,0.2578,0.704,True,1,FoxP leucine zipper (ZIP),O15409,C,True
Excitatory_neuron,transcript160449.chr6.nic,FYN,0.58,0.021505376344086,4.376924560049193e-13,3.5602667321592788e-12,True,0.558494623655914,AD_enriched,0.0378787878787878,True,1716.0,29,2,4.9542,2.289,0.8563,Minor,Alternate,new_target_candidate,transcript160449.chr6.nic,ENSG00000010810,,novel,True,False,FYN-202,1158,1,False,none,False,0.1259,emerging,0.0,0.8928,0.677,True,3,"SH3, SH2, Protein kinase",P06241,C,True
Excitatory_neuron,GATAD1-201,GATAD1,0.4588235294117647,0.8309859154929577,2.8705663506516574e-06,1.0462963579225182e-05,True,-0.372162386081193,CT_enriched,0.0009,True,10000.0,39,59,10.0981,22.4727,-1.0807,Dominant,Canonical,trial_failure_candidate,ENST00000287957,ENSG00000157259,protein_coding,PC_CDS,True,True,GATAD1-201,0,1,False,none,False,0.0,novel,0.0,0.0,0.0,False,0,,Q8WUU5,D,False
Excitatory_neuron,GEMIN4-207,GEMIN4,0.4903846153846153,0.0958904109589041,6.7515977398148766e-12,4.8569049460960375e-11,True,0.3944942044257112,AD_enriched,0.0355477855477855,True,1716.0,51,14,7.0383,5.203,0.3739,Minor,Alternate,new_target_candidate,ENST00000576778,ENSG00000179409,protein_coding,PC_UTR,True,False,GEMIN4-201,0,1,False,none,False,0.005,novel,0.0,0.041,0.465,False,0,,P57678,N,False
Excitatory_neuron,GEMIN4-201,GEMIN4,0.5096153846153846,0.9041095890410958,6.7515977398148766e-12,4.8569049460960375e-11,True,-0.3944942044257112,CT_enriched,0.0355477855477855,True,1716.0,53,132,4.8954,26.8678,-2.2409,Dominant,Canonical,trial_failure_candidate,ENST00000319004,ENSG00000179409,protein_coding,PC_CDS,True,True,GEMIN4-201,0,1,False,none,False,0.005,novel,0.0,0.041,0.465,False,0,,P57678,D,False
Excitatory_neuron,GLYR1-201,GLYR1,0.2605042016806723,0.8117647058823529,9.937451375320366e-20,1.5356501656894849e-18,True,-0.5512605042016807,CT_enriched,0.0117,True,10000.0,31,138,3.9842,26.9931,-2.4896,Dominant,Canonical,trial_failure_candidate,ENST00000321919,ENSG00000140632,protein_coding,PC_CDS,True,True,GLYR1-201,0,1,False,none,False,0.0,novel,0.0,0.0,0.0,True,1,PWWP,Q49A26,C,False
Excitatory_neuron,GOSR2-239,GOSR2,0.4852320675105485,0.1413427561837456,2.987288718889152e-51,3.0269769832972497e-49,True,0.3438893113268029,AD_enriched,0.0073,True,10000.0,345,80,33.4929,24.3901,0.442,Minor,Alternate,new_target_candidate,ENST00000640608,ENSG00000108433,protein_coding,PC_CDS,True,True,GOSR2-232,141,1,False,none,False,0.0,novel,0.0,0.0,0.0,False,0,,O14653,D,True
Excitatory_neuron,GPNMB-201,GPNMB,0.6357142857142857,0.9402985074626866,3.882123274124593e-05,0.0001186380886831,True,-0.3045842217484009,CT_enriched,0.0248640248640248,True,1287.0,89,63,58.765,37.3163,0.6413,Dominant,Canonical,trial_failure_candidate,ENST00000258733,ENSG00000136235,protein_coding,PC_CDS,True,True,GPNMB-201,0,1,False,none,False,0.102,emerging,0.0,0.8313,0.43,True,1,PKD,Q14956,C,False
Excitatory_neuron,GPR108-202,GPR108,0.5,0.1587301587301587,5.586725539417446e-06,1.9595100817764725e-05,True,0.3412698412698413,AD_enriched,0.0418026418026418,True,6435.0,102,10,42.2296,2.5963,3.5874,Minor,Alternate,new_target_candidate,ENST00000430424,ENSG00000125734,protein_coding,PC_CDS,True,True,GPR108-201,737,1,False,none,False,0.0,novel,0.0,0.0,0.0,False,0,,Q9NPR9,D,True
Excitatory_neuron,GTF3C1-201,GTF3C1,0.46875,0.6711711711711712,2.1133296087147613e-08,1.0148846929325524e-07,True,-0.2024211711711712,CT_enriched,0.028,True,10000.0,225,149,40.5793,55.0768,-0.4315,Dominant,Canonical,trial_failure_candidate,ENST00000356183,ENSG00000077235,protein_coding,PC_CDS,True,True,GTF3C1-201,0,1,False,none,False,0.012,novel,0.0,0.0988,1.201,False,0,,Q12789,D,False
Excitatory_neuron,GTF3C1-202,GTF3C1,0.5083333333333333,0.2702702702702703,2.1133296087147613e-08,1.0148846929325524e-07,True,0.238063063063063,AD_enriched,0.0144,True,10000.0,244,60,90.0578,18.5377,2.2205,Minor,Alternate,new_target_candidate,ENST00000561623,ENSG00000077235,protein_coding,PC_CDS,True,True,GTF3C1-201,75,1,False,none,False,0.012,novel,0.0,0.0988,1.201,False,0,,Q12789,D,True
Excitatory_neuron,GTPBP3-222,GTPBP3,0.2307692307692307,0.0204081632653061,0.0003528971355694,0.0009192432547169,True,0.2103610675039246,AD_enriched,0.0126262626262626,True,792.0,33,1,5.8226,0.1718,2.5416,Minor,Alternate,new_target_candidate,ENST00000600625,ENSG00000130299,protein_coding,PC_CDS,True,True,GTPBP3-201,63,1,False,none,False,0.0,novel,0.0,0.0,0.0,True,1,TrmE-type G,Q969Y2,C,True
Excitatory_neuron,HERC4-205,HERC4,0.3869565217391304,0.0081632653061224,1.6525290434172095e-32,6.041952837607355e-31,True,0.378793256433008,AD_enriched,0.0496170496170496,True,3003.0,89,2,5.3075,0.5212,2.0519,Minor,Alternate,new_target_candidate,ENST00000412272,ENSG00000148634,protein_coding,PC_CDS,True,True,HERC4-202,258,1,False,none,False,0.0018,novel,0.0,0.0152,0.165,True,1,HECT,Q5GLZ8,C,True
Excitatory_neuron,IQSEC3-201,IQSEC3,0.3947368421052631,0.0256410256410256,0.0002071655561424,0.0005595678940284,True,0.3690958164642375,AD_enriched,0.0476190476190476,True,210.0,15,1,1.0481,0.243,0.7205,Minor,Alternate,new_target_candidate,ENST00000382841,ENSG00000120645,protein_coding,PC_CDS,True,True,IQSEC3-203,1437,1,False,none,False,0.0111,novel,0.0,0.0912,1.109,True,3,"IQ, SEC7, PH",Q9UPP2,C,True
Excitatory_neuron,IQSEC3-203,IQSEC3,0.6052631578947368,0.9743589743589745,0.0002071655561424,0.0005595678940284,True,-0.3690958164642376,CT_enriched,0.0476190476190476,True,210.0,23,38,10.1706,11.3817,-0.1485,Dominant,Canonical,trial_failure_candidate,ENST00000538872,ENSG00000120645,protein_coding,PC_CDS,True,True,IQSEC3-203,0,1,False,none,False,0.0111,novel,0.0,0.0912,1.109,True,3,"IQ, SEC7, PH",Q9UPP2,C,False
Excitatory_neuron,JARID2-202,JARID2,0.375,0.0,6.293959022207172e-19,8.946503275454002e-18,True,0.375,AD_enriched,0.0267,True,10000.0,45,0,6.2868,0.0,2.8653,Minor,Alternate,new_target_candidate,ENST00000397311,ENSG00000008083,protein_coding,PC_CDS,True,True,JARID2-201,625,1,False,none,False,0.2163,supported,0.3538,0.0401,21.631,True,3,"JmjN, ARID, JmjC",Q92833,C,True
Excitatory_neuron,KBTBD3-205,KBTBD3,0.6352941176470588,0.9195402298850576,4.332303598124362e-05,0.0001313137650517,True,-0.2842461122379988,CT_enriched,0.0104895104895104,True,1716.0,54,80,8.6559,21.7568,-1.2368,Dominant,Canonical,trial_failure_candidate,ENST00000531837,ENSG00000182359,protein_coding,PC_CDS,True,True,KBTBD3-205,0,1,False,none,False,0.0,novel,0.0,0.0,0.0,True,2,"BTB, BACK",Q8NAB2,C,False
Excitatory_neuron,LARP4-203,LARP4,0.4444444444444444,0.9010989010989012,2.4489442722767e-10,1.500031236896255e-09,True,-0.4566544566544568,CT_enriched,0.0151515151515151,True,1716.0,36,82,4.0955,25.1523,-2.3596,Dominant,Canonical,trial_failure_candidate,ENST00000398473,ENSG00000161813,protein_coding,PC_CDS,True,True,LARP4-203,0,1,False,none,False,0.2361,supported,0.3867,0.0334,23.61,True,2,"HTH La-type RNA-binding, RRM",Q71RC2,C,False
Excitatory_neuron,LARP4-202,LARP4,0.382716049382716,0.0219780219780219,2.4489442722767e-10,1.500031236896255e-09,True,0.3607380274046941,AD_enriched,0.0337995337995338,True,1716.0,31,2,4.9961,0.5927,1.9126,Minor,Alternate,new_target_candidate,ENST00000347328,ENSG00000161813,protein_coding,PC_CDS,True,True,LARP4-203,213,1,False,none,False,0.2361,supported,0.3867,0.0334,23.61,True,2,"HTH La-type RNA-binding, RRM",Q71RC2,C,True
Excitatory_neuron,LIG1-201,LIG1,0.1359832635983263,0.6666666666666666,6.300390246787643e-52,6.669950450815636e-50,True,-0.5306834030683403,CT_enriched,0.0069930069930069,True,8008.0,65,106,8.1981,22.1728,-1.333,Dominant,Canonical,trial_failure_candidate,ENST00000263274,ENSG00000105486,protein_coding,PC_CDS,True,True,LIG1-201,0,2,True,none,False,0.0159,novel,0.0,0.1307,1.431,False,0,,P18858,D,False
Excitatory_neuron,LIG4-201,LIG4,0.3465346534653465,0.1232227488151658,1.8150249481890168e-19,2.693299572699728e-18,True,0.2233119046501807,AD_enriched,0.0086580086580086,True,462.0,35,26,5.9639,6.3886,-0.0854,Minor,Alternate,new_target_candidate,ENST00000405925,ENSG00000174405,protein_coding,PC_UTR,True,False,LIG4-202,0,2,True,none,False,0.0701,emerging,0.0,0.1114,1.087,True,2,"BRCT 1, BRCT 2",P49917,N,False
Excitatory_neuron,LRPPRC-201,LRPPRC,0.1600719424460431,0.5210970464135021,8.881925958993227e-38,4.532338189002803e-36,True,-0.361025103967459,CT_enriched,0.0315,True,10000.0,89,247,19.3038,64.2884,-1.6851,Dominant,Canonical,trial_failure_candidate,ENST00000260665,ENSG00000138095,protein_coding,PC_CDS,True,True,LRPPRC-201,0,1,False,none,False,0.0478,novel,0.0,0.384,2.438,False,0,,P42704,D,False
Excitatory_neuron,LRRC27-201,LRRC27,0.3088235294117647,0.0,0.0026384919560625,0.0057690577818593,True,0.3088235294117647,AD_enriched,0.0357142857142857,True,252.0,21,0,1.3337,0.0,1.2226,Minor,Alternate,new_target_candidate,ENST00000344079,ENSG00000148814,protein_coding,PC_CDS,True,True,LRRC27-204,585,1,False,none,False,0.0,novel,0.0,0.0,0.0,False,0,,Q9C0I9,D,True
Excitatory_neuron,LRRC47-201,LRRC47,0.3333333333333333,0.9576923076923076,1.1045578404078971e-34,4.896642976258259e-33,True,-0.6243589743589744,CT_enriched,0.0119047619047619,True,924.0,27,249,4.7047,73.8112,-3.713,Dominant,Canonical,trial_failure_candidate,ENST00000378251,ENSG00000130764,protein_coding,PC_CDS,True,True,LRRC47-201,0,1,False,none,False,0.0,novel,0.0,0.0,0.0,False,0,,Q8N1G4,D,False
Excitatory_neuron,transcript9764.chr1.nnic,LRRC47,0.5925925925925926,0.0346153846153846,1.1045578404078971e-34,4.896642976258259e-33,True,0.557977207977208,AD_enriched,0.0129870129870129,True,924.0,48,9,7.724,2.3424,1.3841,Minor,Alternate,new_target_candidate,transcript9764.chr1.nnic,ENSG00000130764,,novel,True,False,LRRC47-201,888,1,False,none,False,0.0,novel,0.0,0.0,0.0,False,0,,Q8N1G4,D,True
Excitatory_neuron,LRRC8D-202,LRRC8D,0.3870967741935484,0.0,1.0646037513547214e-12,8.281773874152558e-12,True,0.3870967741935484,AD_enriched,0.0047619047619047,True,210.0,12,0,2.6707,0.0,1.8761,Minor,Alternate,new_target_candidate,ENST00000394593,ENSG00000171492,protein_coding,PC_UTR,True,False,LRRC8D-201,0,1,False,none,False,0.0,novel,0.0,0.0,0.0,False,0,,Q7L1W4,N,False
Excitatory_neuron,transcript4577.chr12.nnic,LRTM2,0.5473684210526316,0.2589928057553957,3.7875070568606994e-05,0.0001158964087761,True,0.2883756152972359,AD_enriched,0.0484848484848484,True,495.0,52,36,16.2382,7.4649,1.026,Minor,Alternate,new_target_candidate,transcript4577.chr12.nnic,ENSG00000166159,,novel,True,False,LRTM2-201,591,1,False,none,False,0.0,novel,0.0,0.0,0.0,True,2,"LRRNT, LRRCT",Q8N967,C,True
Excitatory_neuron,MAN2C1-242,MAN2C1,0.3076923076923077,0.0172413793103448,9.958874510944194e-11,6.35236482968769e-10,True,0.2904509283819629,AD_enriched,0.0337995337995338,True,1716.0,20,2,3.0328,0.464,1.4619,Minor,Alternate,new_target_candidate,ENST00000569482,ENSG00000140400,protein_coding,PC_CDS,True,True,MAN2C1-201,69,1,False,none,False,0.0,novel,0.0,0.0,0.0,False,0,,Q9NTJ4,D,True
Excitatory_neuron,MAN2C1-201,MAN2C1,0.4615384615384615,0.913793103448276,9.958874510944194e-11,6.35236482968769e-10,True,-0.4522546419098145,CT_enriched,0.0104895104895104,True,1716.0,30,106,5.4962,22.9595,-1.8829,Dominant,Canonical,trial_failure_candidate,ENST00000267978,ENSG00000140400,protein_coding,PC_CDS,True,True,MAN2C1-201,0,1,False,none,False,0.0,novel,0.0,0.0,0.0,False,0,,Q9NTJ4,D,False
Excitatory_neuron,MAP7-208,MAP7,0.3526011560693641,0.1397058823529411,3.3921205438822713e-09,1.7995744964664885e-08,True,0.212895273716423,AD_enriched,0.0336,True,10000.0,61,19,12.3689,5.6207,1.0138,Minor,Alternate,new_target_candidate,ENST00000617204,ENSG00000135525,protein_coding,PC_CDS,True,True,MAP7-201,24,1,False,none,False,0.2275,supported,0.0,0.0,2.55,False,0,,Q14244,D,True
Excitatory_neuron,MAST4-202,MAST4,0.2119205298013245,0.7,2.798253385476027e-25,6.300955956565543e-24,True,-0.4880794701986755,CT_enriched,0.016025641025641,True,3432.0,64,126,21.3838,56.4692,-1.3603,Dominant,Canonical,trial_failure_candidate,ENST00000403625,ENSG00000069020,protein_coding,PC_CDS,True,True,MAST4-202,0,1,False,none,False,0.022,novel,0.0,0.1813,1.674,True,3,"Protein kinase, AGC-kinase C-terminal, PDZ",O15021,C,False
Excitatory_neuron,MED23-201,MED23,0.328125,0.0612244897959183,4.2019172092751904e-06,1.5113691057499455e-05,True,0.2669005102040817,AD_enriched,0.0419580419580419,True,3432.0,21,6,5.9766,1.1733,1.6827,Minor,Alternate,new_target_candidate,ENST00000354577,ENSG00000112282,protein_coding,PC_CDS,True,True,MED23-205,156,1,False,none,False,0.062,emerging,0.0,0.5101,6.202,False,0,,Q9ULK4,D,True
Excitatory_neuron,MIEF1-203,MIEF1,0.3695652173913043,0.0070921985815602,2.750166370820721e-12,2.0598658994964493e-11,True,0.3624730188097441,AD_enriched,0.0333333333333333,True,210.0,17,1,3.2203,0.1718,1.8486,Minor,Alternate,new_target_candidate,ENST00000404569,ENSG00000100335,protein_coding,PC_UTR,True,True,MIEF1-201,0,1,False,none,False,0.0111,novel,0.0,0.0913,0.988,False,0,,Q9NQG6,N,False
Excitatory_neuron,MKRN1-201,MKRN1,0.5650406504065041,0.7994791666666666,1.0459407437892025e-12,8.152590874392099e-12,True,-0.2344385162601625,CT_enriched,0.021,True,10000.0,278,307,36.7842,73.098,-0.9717,Dominant,Canonical,trial_failure_candidate,ENST00000255977,ENSG00000133606,protein_coding,PC_CDS,True,True,MKRN1-201,0,1,False,none,False,0.2352,supported,0.3843,0.0,23.521,False,0,,Q9UHC7,D,False
Excitatory_neuron,MLIP-208,MLIP,0.0602716468590831,0.7325581395348837,1.5987411502032287e-85,4.7249462409964594e-83,True,-0.6722864926758005,CT_enriched,0.0407,True,10000.0,71,63,13.3137,37.1726,-1.4151,Dominant,Canonical,trial_failure_candidate,ENST00000502396,ENSG00000146147,protein_coding,PC_CDS,True,True,MLIP-208,0,1,False,none,False,0.0308,novel,0.0,0.2249,3.08,False,0,,Q5VWP3,D,False
Excitatory_neuron,MPI-213,MPI,0.21,0.0,6.175164193977842e-11,4.0183889566866806e-10,True,0.21,AD_enriched,0.0363636363636363,True,330.0,21,0,3.2095,0.0,2.0736,Minor,Alternate,new_target_candidate,ENST00000566377,ENSG00000178802,protein_coding,PC_CDS,True,True,MPI-202,209,1,False,none,False,0.1153,emerging,0.1891,0.0122,7.727,False,0,,P34949,D,True
Excitatory_neuron,MSH6-211,MSH6,0.5966268446943078,0.0123456790123456,1.3629503326360786e-67,2.357904075460416e-65,True,0.5842811656819622,AD_enriched,0.031,True,10000.0,849,3,51.6429,1.7434,4.2622,Minor,Alternate,new_target_candidate,ENST00000652107,ENSG00000116062,protein_coding,PC_CDS,True,True,MSH6-201,457,1,False,none,False,0.0207,novel,0.033,0.0213,1.844,True,1,PWWP,P52701,C,True
Excitatory_neuron,MTF2-201,MTF2,0.5,0.7868852459016393,0.0006383456719154,0.0015803790055485,True,-0.2868852459016393,CT_enriched,0.0485514485514485,True,5005.0,53,48,7.3965,11.6496,-0.5912,Dominant,Canonical,trial_failure_candidate,ENST00000370298,ENSG00000143033,protein_coding,PC_CDS,True,True,MTF2-201,0,1,False,none,False,0.005,novel,0.0,0.0414,0.187,True,1,Tudor,Q9Y483,C,False
Excitatory_neuron,MTIF3-205,MTIF3,0.2328767123287671,0.0,0.0077171409857215,0.0153628069075843,True,0.2328767123287671,AD_enriched,0.0,True,792.0,17,0,1.8186,0.0,1.495,Minor,Alternate,new_target_candidate,ENST00000461838,ENSG00000122033,protein_coding_CDS_not_defined,PC_CDS_ND,True,False,MTIF3-202,158,1,False,none,False,0.0044,novel,0.0,0.0365,0.223,False,0,,Q9H2K0,D,True
Excitatory_neuron,MTMR12-203,MTMR12,0.6690140845070423,0.896551724137931,3.933040190639626e-05,0.0001200389590026,True,-0.2275376396308888,CT_enriched,0.0425574425574425,True,5005.0,95,104,12.575,29.9343,-1.1883,Dominant,Canonical,trial_failure_candidate,ENST00000382142,ENSG00000150712,protein_coding,PC_CDS,True,True,MTMR12-203,0,1,False,none,False,0.4253,supported,0.0,0.0,2.802,True,1,Myotubularin phosphatase,Q9C0I1,C,False
Excitatory_neuron,MTRFR-201,MTRFR,0.3853211009174312,0.7551020408163265,1.636924872647647e-09,9.035570522715769e-09,True,-0.3697809398988952,CT_enriched,0.0327172827172827,True,8008.0,84,37,17.6513,10.8419,0.6554,Dominant,Canonical,trial_failure_candidate,ENST00000253233,ENSG00000130921,protein_coding,PC_CDS,True,True,MTRFR-201,0,1,False,none,False,0.1461,emerging,0.2403,0.0,13.601,False,0,,Q9H3J6,D,False
Excitatory_neuron,NCOA1-206,NCOA1,0.4266666666666667,0.1946902654867256,0.0057274374030011,0.01178210948361,True,0.2319764011799411,AD_enriched,0.0023976023976023,True,5005.0,32,22,6.1397,7.2118,-0.2018,Minor,Alternate,new_target_candidate,ENST00000407230,ENSG00000084676,protein_coding,PC_CDS,True,True,NCOA1-202,611,2,True,none,False,0.0849,emerging,0.0,0.5944,2.313,True,2,"bHLH, PAS",Q15788,C,True
Excitatory_neuron,NCOA6-201,NCOA6,0.0930232558139534,0.9375,3.051177319549701e-12,2.26855353538428e-11,True,-0.8444767441860466,CT_enriched,0.0357142857142857,True,56.0,4,30,3.3052,8.7051,-1.1727,Dominant,Canonical,trial_failure_candidate,ENST00000359003,ENSG00000198646,protein_coding,PC_CDS,True,True,NCOA6-201,0,2,True,none,False,0.0,novel,0.0,0.0,0.0,False,0,,Q14686,D,False
Excitatory_neuron,transcript41781.chr20.nnic,NCOA6,0.7441860465116279,0.03125,3.051177319549701e-12,2.26855353538428e-11,True,0.7129360465116279,AD_enriched,0.0357142857142857,True,56.0,32,1,5.4493,0.1718,2.4604,Minor,Alternate,new_target_candidate,transcript41781.chr20.nnic,ENSG00000198646,,novel,True,False,NCOA6-201,5913,1,False,none,False,0.0,novel,0.0,0.0,0.0,False,0,,Q14686,D,True
Excitatory_neuron,NDUFAF5-202,NDUFAF5,0.2941176470588235,0.7878787878787878,1.2989921824946546e-09,7.260639519649004e-09,True,-0.4937611408199643,CT_enriched,0.0043290043290043,True,462.0,20,78,2.902,18.6914,-2.3353,Dominant,Canonical,trial_failure_candidate,ENST00000378106,ENSG00000101247,protein_coding,PC_CDS,True,True,NDUFAF5-202,0,1,False,none,False,0.0364,novel,0.0587,0.0,3.635,False,0,,Q5TEU4,D,False
Excitatory_neuron,NDUFS4-201,NDUFS4,0.0714285714285714,0.4411764705882353,6.147553978338848e-05,0.0001815345560714,True,-0.3697478991596639,CT_enriched,0.0476190476190476,True,252.0,3,15,0.6096,4.4533,-1.7604,Dominant,Canonical,trial_failure_candidate,ENST00000296684,ENSG00000164258,protein_coding,PC_CDS,True,True,NDUFS4-201,0,1,False,none,False,0.357,supported,0.0,0.5138,1.697,False,0,,O43181,D,False
Excitatory_neuron,NEIL2-201,NEIL2,0.2112676056338028,0.5654450261780105,1.7657432226042513e-14,1.630783421605723e-13,True,-0.3541774205442077,CT_enriched,0.03,True,10000.0,60,108,12.4494,26.5645,-1.0353,Dominant,Canonical,trial_failure_candidate,ENST00000284503,ENSG00000154328,protein_coding,PC_CDS,True,True,NEIL2-201,0,1,False,none,False,0.0052,novel,0.0,0.0426,0.322,False,0,,Q969S2,D,False
Excitatory_neuron,NEU3-204,NEU3,0.3177570093457944,0.0342465753424657,2.220223663584237e-09,1.2049002636421576e-08,True,0.2835104340033286,AD_enriched,0.0155844155844155,True,5005.0,34,5,4.5512,1.5092,1.1456,Minor,Alternate,new_target_candidate,ENST00000531509,ENSG00000162139,protein_coding,PC_UTR,True,True,NEU3-201,0,1,False,none,False,0.0106,novel,0.0,0.0872,0.97,False,0,,Q9UQ49,N,False
Excitatory_neuron,NEU3-201,NEU3,0.6728971962616822,0.9657534246575342,2.220223663584237e-09,1.2049002636421576e-08,True,-0.292856228395852,CT_enriched,0.0167832167832167,True,5005.0,72,141,11.0674,31.9851,-1.4507,Dominant,Canonical,trial_failure_candidate,ENST00000294064,ENSG00000162139,protein_coding,PC_CDS,True,True,NEU3-201,0,1,False,none,False,0.0106,novel,0.0,0.0872,0.97,False,0,,Q9UQ49,D,False
Excitatory_neuron,NICN1-201,NICN1,0.5503875968992248,0.8014184397163121,3.383452093031074e-05,0.0001044789973699,True,-0.2510308428170873,CT_enriched,0.0063,True,10000.0,71,113,7.9115,28.1646,-1.7105,Dominant,Canonical,trial_failure_candidate,ENST00000273598,ENSG00000145029,protein_coding,PC_CDS,True,True,NICN1-201,0,1,False,none,False,0.3047,supported,0.0,0.0,2.731,False,0,,Q9BSH3,D,False
Excitatory_neuron,NR2F1-201,NR2F1,0.4595744680851064,0.7021276595744681,0.0008419015314133,0.0020360066697289,True,-0.2425531914893617,CT_enriched,0.0417,True,10000.0,108,66,26.7175,22.6907,0.2265,Dominant,Canonical,trial_failure_candidate,ENST00000327111,ENSG00000175745,protein_coding,PC_CDS,True,True,NR2F1-201,0,1,False,none,False,0.07,emerging,0.0,0.0122,0.874,True,1,NR LBD,P10589,C,False
Excitatory_neuron,OGFOD3-201,OGFOD3,0.4675324675324675,0.7111111111111111,0.0074567348395111,0.0149224897694381,True,-0.2435786435786436,CT_enriched,0.0454545454545454,True,1716.0,36,32,7.9568,7.8216,0.0219,Dominant,Canonical,trial_failure_candidate,ENST00000313056,ENSG00000181396,protein_coding,PC_CDS,True,True,OGFOD3-201,0,2,True,none,False,0.0074,novel,0.0,0.0608,0.739,True,1,Fe2OG dioxygenase,Q6PK18,C,False
Excitatory_neuron,OGG1-206,OGG1,0.2947368421052631,0.0,2.435309720956628e-06,8.992010333547819e-06,True,0.2947368421052631,AD_enriched,0.013,True,10000.0,28,0,1.8208,0.0,1.4961,Minor,Alternate,new_target_candidate,ENST00000352937,ENSG00000114026,protein_coding,PC_CDS,True,True,OGG1-205,201,1,False,none,False,0.4888,supported,0.0,0.8816,13.735,False,0,,O15527,D,True
Excitatory_neuron,PAK6-205,PAK6,0.28,0.0326086956521739,0.0001387958666616,0.0003862216878112,True,0.2473913043478261,AD_enriched,0.0043290043290043,True,3003.0,14,3,3.4647,0.5866,1.4926,Minor,Alternate,new_target_candidate,ENST00000542403,ENSG00000137843,protein_coding,PC_UTR,True,True,PAK6-216,0,1,False,none,False,0.0128,novel,0.0,0.1053,0.323,True,2,"CRIB, Protein kinase",Q9NQU5,N,False
Excitatory_neuron,PALS1-201,PALS1,0.0873015873015873,0.7647058823529411,8.741340962374532e-26,2.0530573326530647e-24,True,-0.6774042950513538,CT_enriched,0.0178710178710178,True,1287.0,11,91,2.1766,30.09,-3.2909,Dominant,Canonical,trial_failure_candidate,ENST00000261681,ENSG00000072415,protein_coding,PC_CDS,True,True,PALS1-201,0,1,False,none,False,0.0,novel,0.0,0.0,0.0,True,5,"L27 1, L27 2, PDZ",Q8N3R9,C,False
Excitatory_neuron,PCDHA6-201,PCDHA6,0.5889830508474576,0.2704918032786885,2.0798695424577725e-08,1.0008490274527124e-07,True,0.3184912475687691,AD_enriched,0.041025641025641,True,6435.0,139,33,28.7263,12.3388,1.1561,Minor,Alternate,new_target_candidate,ENST00000378126,ENSG00000081842,protein_coding,PC_CDS,True,False,PCDHA6-203,148,1,False,none,False,0.0,novel,0.0,0.0,0.0,True,6,"Cadherin 1, Cadherin 2, Cadherin 3",Q9UN73,C,True
Excitatory_neuron,PCDHA6-203,PCDHA6,0.4110169491525424,0.7295081967213115,2.0798695424577725e-08,1.0008490274527124e-07,True,-0.3184912475687691,CT_enriched,0.041025641025641,True,6435.0,97,89,18.4662,21.4901,-0.2083,Dominant,Canonical,trial_failure_candidate,ENST00000529310,ENSG00000081842,protein_coding,PC_CDS,True,True,PCDHA6-203,0,1,False,none,False,0.0,novel,0.0,0.0,0.0,True,6,"Cadherin 1, Cadherin 2, Cadherin 3",Q9UN73,C,False
Excitatory_neuron,PDCD2-204,PDCD2,0.7878787878787878,0.375,0.0025460107118079,0.0055860446452433,True,0.4128787878787878,AD_enriched,0.0476190476190476,True,126.0,26,18,19.1802,4.6135,1.846,Minor,Alternate,new_target_candidate,ENST00000453163,ENSG00000071994,protein_coding,PC_CDS,True,True,PDCD2-208,350,1,False,none,False,0.0,novel,0.0,0.0,0.0,False,0,,Q16342,D,True
Excitatory_neuron,PKP4-202,PKP4,0.33125,0.6517857142857143,1.2329805041129076e-07,5.418544433502387e-07,True,-0.3205357142857143,CT_enriched,0.0113442113442113,True,6435.0,53,73,13.1661,25.2963,-0.8924,Dominant,Canonical,trial_failure_candidate,ENST00000389759,ENSG00000144283,protein_coding,PC_CDS,True,True,PKP4-202,0,1,False,none,False,0.0107,novel,0.0,0.0829,0.758,False,0,,Q99569,D,False
Excitatory_neuron,PPM1L-205,PPM1L,0.2424242424242424,0.9240506329113924,1.6964819233208633e-18,2.327494445283343e-17,True,-0.68162639048715,CT_enriched,0.0315656565656565,True,792.0,24,73,4.629,23.7688,-2.1376,Dominant,Canonical,trial_failure_candidate,ENST00000498165,ENSG00000163590,protein_coding,PC_CDS,True,True,PPM1L-205,0,1,False,none,False,0.0668,emerging,0.0,0.0,0.865,True,1,PPM-type phosphatase,Q5SGD2,C,False
Excitatory_neuron,transcript269008.chr3.nnic,PPM1L,0.3737373737373737,0.0,1.6964819233208633e-18,2.327494445283343e-17,True,0.3737373737373737,AD_enriched,0.0441919191919191,True,792.0,37,0,1.7372,0.0,1.4527,Minor,Alternate,new_target_candidate,transcript269008.chr3.nnic,ENSG00000163590,,novel,True,False,PPM1L-205,337,1,False,none,False,0.0668,emerging,0.0,0.0,0.865,True,1,PPM-type phosphatase,Q5SGD2,C,True
Excitatory_neuron,PPP2R5C-201,PPP2R5C,0.7631578947368421,0.1818181818181818,2.346886285806883e-12,1.769018536156028e-11,True,0.5813397129186604,AD_enriched,0.0277777777777777,True,792.0,58,12,8.9853,3.7376,1.0757,Minor,Alternate,new_target_candidate,ENST00000328724,ENSG00000078304,protein_coding,PC_CDS,True,True,PPP2R5C-233,117,1,False,none,False,0.241,supported,0.0,0.2289,2.732,False,0,,Q13362,D,True
Excitatory_neuron,PPP6R2-203,PPP6R2,0.217391304347826,0.0097087378640776,2.8859553698112404e-08,1.3619481994724638e-07,True,0.2076825664837484,AD_enriched,0.0076590076590076,True,3003.0,20,1,46.564,0.2782,5.2177,Minor,Alternate,new_target_candidate,ENST00000395741,ENSG00000100239,protein_coding,PC_CDS,True,True,PPP6R2-209,84,1,False,none,False,0.0,novel,0.0,0.0,0.0,False,0,,O75170,D,True
Excitatory_neuron,PRKACB-205,PRKACB,0.4546424759871931,0.2320185614849187,1.0210336345823531e-14,9.721062510191452e-14,True,0.2226239145022744,AD_enriched,0.0391,True,10000.0,426,100,58.5486,27.4133,1.0675,Minor,Alternate,new_target_candidate,ENST00000370689,ENSG00000142875,protein_coding,PC_UTR,True,True,PRKACB-203,0,1,False,none,False,0.018,novel,0.0,0.1484,0.962,True,2,"Protein kinase, AGC-kinase C-terminal",P22694,N,False
Excitatory_neuron,PRKG2-201,PRKG2,0.1851851851851851,0.872,8.722946837418985e-21,1.4558085157132438e-19,True,-0.6868148148148149,CT_enriched,0.019047619047619,True,210.0,10,109,1.2598,30.023,-3.779,Dominant,Canonical,trial_failure_candidate,ENST00000264399,ENSG00000138669,protein_coding,PC_CDS,True,True,PRKG2-201,0,1,False,none,False,0.0029,novel,0.0,0.0241,0.248,True,2,"Protein kinase, AGC-kinase C-terminal",Q13237,C,False
Excitatory_neuron,PRRC2B-203,PRRC2B,0.3636363636363636,0.0490196078431372,1.3393529678153124e-08,6.588093343074905e-08,True,0.3146167557932264,AD_enriched,0.0125,True,10000.0,36,5,4.9288,2.2573,0.8641,Minor,Alternate,new_target_candidate,ENST00000682662,ENSG00000288701,protein_coding,PC_CDS,True,True,PRRC2B-206,3948,1,False,none,False,0.0,novel,0.0,0.0,0.0,False,0,,Q5JSZ5,D,True
Excitatory_neuron,PSRC1-205,PSRC1,0.7386363636363636,0.4516129032258064,3.185600725456866e-08,1.4963884732228842e-07,True,0.2870234604105572,AD_enriched,0.0107892107892107,True,5005.0,130,42,21.2547,15.0032,0.4757,Minor,Alternate,new_target_candidate,ENST00000409138,ENSG00000134222,protein_coding,PC_CDS,True,True,PSRC1-204,90,1,False,none,False,0.0,novel,0.0,0.0,0.0,False,0,,Q6PGN9,D,True
Excitatory_neuron,PTP4A2-219,PTP4A2,0.1186440677966101,0.8292682926829268,5.216926335605559e-12,3.7913584527100646e-11,True,-0.7106242248863167,CT_enriched,0.0194805194805194,True,462.0,7,34,1.1903,28.9302,-3.7724,Dominant,Canonical,trial_failure_candidate,ENST00000647444,ENSG00000184007,protein_coding,PC_CDS,True,True,PTP4A2-219,0,1,False,none,False,0.0045,novel,0.0,0.0,0.289,True,1,Tyrosine-protein phosphatase,Q12974,C,False
Excitatory_neuron,PTP4A2-220,PTP4A2,0.8813559322033898,0.1707317073170731,5.216926335605559e-12,3.7913584527100646e-11,True,0.7106242248863167,AD_enriched,0.0194805194805194,True,462.0,52,7,46.9384,3.6239,3.374,Minor,Alternate,new_target_candidate,ENST00000649841,ENSG00000184007,protein_coding,PC_UTR,True,True,PTP4A2-219,0,1,False,none,False,0.0045,novel,0.0,0.0,0.289,True,1,Tyrosine-protein phosphatase,Q12974,N,False
Excitatory_neuron,transcript177357.chr10.nnic,R3HCC1L,0.5121951219512195,0.0566037735849056,9.403516678695304e-07,3.6870726258698617e-06,True,0.4555913483663139,AD_enriched,0.006060606060606,True,330.0,21,3,3.9909,1.7372,0.8666,Minor,Alternate,new_target_candidate,transcript177357.chr10.nnic,ENSG00000166024,,novel,True,False,R3HCC1L-201,484,1,False,none,False,0.0,novel,0.0,0.0,0.0,False,0,,Q7Z5L2,D,True
Excitatory_neuron,RAB3GAP2-202,RAB3GAP2,0.2584269662921348,0.7627118644067796,4.14293853594941e-18,5.472227753349938e-17,True,-0.5042848981146448,CT_enriched,0.0178710178710178,True,1287.0,46,90,13.2848,24.7045,-0.8475,Dominant,Canonical,trial_failure_candidate,ENST00000358951,ENSG00000118873,protein_coding,PC_CDS,True,True,RAB3GAP2-202,0,1,False,none,False,0.0037,novel,0.0,0.0304,0.37,False,0,,Q9H2M9,D,False
Excitatory_neuron,RARB-201,RARB,0.5168539325842697,0.8037383177570093,5.437390113497345e-05,0.0001621160490753,True,-0.2868843851727396,CT_enriched,0.0441919191919191,True,792.0,46,86,5.9482,21.7388,-1.7104,Dominant,Canonical,trial_failure_candidate,ENST00000330688,ENSG00000077092,protein_coding,PC_CDS,True,True,RARB-201,0,1,False,none,False,0.2225,supported,0.0,0.2494,5.013,True,1,NR LBD,P10826,C,False
Excitatory_neuron,RASSF5-201,RASSF5,0.6341463414634146,0.1217948717948717,5.711409273211641e-15,5.5494556129986536e-14,True,0.512351469668543,AD_enriched,0.0268842268842268,True,6435.0,52,19,14.7639,5.4062,1.2991,Minor,Alternate,new_target_candidate,ENST00000577571,ENSG00000266094,protein_coding,PC_CDS,True,True,RASSF5-202,122,1,False,none,False,0.0049,novel,0.0,0.0401,0.463,True,2,"Ras-associating, SARAH",Q8WWW0,C,True
Excitatory_neuron,transcript134128.chr17.nnic,RBFOX3,0.3066666666666666,0.0928571428571428,1.2057851660079584e-12,9.336936880452457e-12,True,0.2138095238095237,AD_enriched,0.0249750249750249,True,2002.0,23,13,5.0348,6.8232,-0.3745,Minor,Alternate,new_target_candidate,transcript134128.chr17.nnic,ENSG00000167281,,novel,True,False,RBFOX3-214,855,1,False,none,False,0.1094,emerging,0.0,0.8912,2.108,True,1,RRM,A6NFN3,C,True
Excitatory_neuron,RC3H1-202,RC3H1,0.4932432432432432,0.136518771331058,1.378108010950081e-15,1.4105223840792098e-14,True,0.3567244719121852,AD_enriched,0.019,True,10000.0,73,40,15.4549,23.6535,-0.5833,Minor,Alternate,new_target_candidate,ENST00000367694,ENSG00000135870,protein_coding,PC_CDS,True,True,RC3H1-203,27,1,False,none,False,0.0181,novel,0.0,0.1488,1.809,False,0,,Q5TC82,D,True
Excitatory_neuron,RC3H1-203,RC3H1,0.5067567567567568,0.863481228668942,1.378108010950081e-15,1.4105223840792098e-14,True,-0.3567244719121851,CT_enriched,0.019,True,10000.0,75,253,14.6681,90.4189,-2.5447,Dominant,Canonical,trial_failure_candidate,ENST00000367696,ENSG00000135870,protein_coding,PC_CDS,True,True,RC3H1-203,0,1,False,none,False,0.0181,novel,0.0,0.1488,1.809,False,0,,Q5TC82,D,False
Excitatory_neuron,RDH13-203,RDH13,0.0695652173913043,0.5121951219512195,4.397270293757538e-09,2.2933704554133984e-08,True,-0.4426299045599152,CT_enriched,0.0242424242424242,True,165.0,8,21,0.8059,5.101,-1.7563,Dominant,Canonical,trial_failure_candidate,ENST00000415061,ENSG00000160439,protein_coding,PC_CDS,True,True,RDH13-203,0,1,False,none,False,0.0,novel,0.0,0.0,0.0,False,0,,Q8NBN7,D,False
Excitatory_neuron,RHOBTB1-202,RHOBTB1,0.2692307692307692,0.0,1.3478529398469688e-14,1.2629221799649337e-13,True,0.2692307692307692,AD_enriched,0.0163170163170163,True,1716.0,21,0,2.6021,0.0,1.8488,Minor,Alternate,new_target_candidate,ENST00000357917,ENSG00000072422,protein_coding,PC_UTR,True,True,RHOBTB1-201,0,1,False,none,False,0.0,novel,0.0,0.0,0.0,True,2,"BTB 1, BTB 2",O94844,N,False
Excitatory_neuron,RIF1-203,RIF1,0.6035714285714285,0.1769662921348314,6.433196067422322e-30,2.010161220538613e-28,True,0.4266051364365971,AD_enriched,0.0311,True,10000.0,169,63,35.7394,16.9714,1.0316,Minor,Alternate,new_target_candidate,ENST00000428287,ENSG00000080345,protein_coding,PC_CDS,True,True,,7022,1,False,none,False,0.2581,supported,0.4245,0.0,25.809,False,0,,Q5UIP0,D,True
Excitatory_neuron,RNF121-211,RNF121,0.2150537634408602,0.0,2.502023659200179e-07,1.0658771059884003e-06,True,0.2150537634408602,AD_enriched,0.0324675324675324,True,462.0,20,0,1.6964,0.0,1.431,Minor,Alternate,new_target_candidate,ENST00000530137,ENSG00000137522,protein_coding,PC_CDS,True,True,RNF121-201,38,1,False,none,False,0.0229,novel,0.0377,0.0,2.294,False,0,,Q9H920,D,True
Excitatory_neuron,RNF121-201,RNF121,0.6989247311827957,0.9893617021276596,2.502023659200179e-07,1.0658771059884003e-06,True,-0.2904369709448638,CT_enriched,0.0367965367965368,True,462.0,65,93,8.7413,19.9993,-1.1082,Dominant,Canonical,trial_failure_candidate,ENST00000361756,ENSG00000137522,protein_coding,PC_CDS,True,True,RNF121-201,0,1,False,none,False,0.0229,novel,0.0377,0.0,2.294,False,0,,Q9H920,D,False
Excitatory_neuron,RPS3-217,RPS3,0.7005347593582888,0.903846153846154,1.3731349065870668e-05,4.492456592445602e-05,True,-0.2033113944878651,CT_enriched,0.0053,True,10000.0,131,141,48.0149,50.4271,-0.0693,Dominant,Canonical,trial_failure_candidate,ENST00000531188,ENSG00000149273,protein_coding,PC_CDS,True,True,RPS3-217,0,2,True,none,False,0.0111,novel,0.0,0.0916,0.776,True,1,KH type-2,P23396,C,False
Excitatory_neuron,RUFY1-202,RUFY1,0.4489795918367347,0.1276595744680851,5.859723019820816e-06,2.0488672181159425e-05,True,0.3213200173686495,AD_enriched,0.0317460317460317,True,252.0,44,12,3.4128,2.5494,0.3141,Minor,Alternate,new_target_candidate,ENST00000393438,ENSG00000176783,protein_coding,PC_CDS,True,True,RUFY1-201,174,1,False,none,False,0.0093,novel,0.0,0.0765,0.93,True,1,RUN,Q96T51,C,True
Excitatory_neuron,transcript194267.chr4.nic,RXFP1,0.3245033112582781,0.0136986301369863,1.9797112363743096e-11,1.3593506098357192e-10,True,0.3108046811212918,AD_enriched,0.0145687645687645,True,1716.0,49,2,3.84,0.5465,1.646,Minor,Alternate,new_target_candidate,transcript194267.chr4.nic,ENSG00000171509,,novel,True,False,RXFP1-201,1975,1,False,none,False,0.0242,novel,0.0,0.1942,2.024,True,2,"LDL-receptor class A, LRRNT",Q9HBX9,C,True
Excitatory_neuron,SCAF4-202,SCAF4,0.3922651933701657,0.1300813008130081,1.677298678791926e-06,6.321508782503259e-06,True,0.2621838925571575,AD_enriched,0.0395604395604395,True,5005.0,71,16,11.3673,4.6128,1.1397,Minor,Alternate,new_target_candidate,ENST00000399804,ENSG00000156304,protein_coding,PC_CDS,True,True,SCAF4-201,66,1,False,none,False,0.0097,novel,0.0,0.0795,0.31,True,2,"CID, RRM",O95104,C,True
Excitatory_neuron,SCAF4-201,SCAF4,0.5027624309392266,0.7804878048780488,1.677298678791926e-06,6.321508782503259e-06,True,-0.2777253739388222,CT_enriched,0.0163836163836163,True,5005.0,91,96,16.1781,30.7892,-0.888,Dominant,Canonical,trial_failure_candidate,ENST00000286835,ENSG00000156304,protein_coding,PC_CDS,True,True,SCAF4-201,0,3,True,none,False,0.0097,novel,0.0,0.0795,0.31,True,2,"CID, RRM",O95104,C,False
Excitatory_neuron,SEC23IP-201,SEC23IP,0.170886075949367,0.6402877697841727,3.5107750401661475e-16,3.807634152889677e-15,True,-0.4694016938348057,CT_enriched,0.0279720279720279,True,5005.0,27,89,5.2639,23.8569,-1.9885,Dominant,Canonical,trial_failure_candidate,ENST00000369075,ENSG00000107651,protein_coding,PC_CDS,True,True,SEC23IP-201,0,1,False,none,False,0.0037,novel,0.0,0.0304,0.027,True,2,"SAM, DDHD",Q9Y6Y8,C,False
Excitatory_neuron,SEC23IP-208,SEC23IP,0.8291139240506329,0.3597122302158273,3.5107750401661475e-16,3.807634152889677e-15,True,0.4694016938348055,AD_enriched,0.0279720279720279,True,5005.0,131,50,32.5241,15.4915,1.0235,Minor,Alternate,new_target_candidate,ENST00000705471,ENSG00000107651,protein_coding,PC_CDS,True,True,SEC23IP-201,3,1,False,none,False,0.0037,novel,0.0,0.0304,0.027,True,2,"SAM, DDHD",Q9Y6Y8,C,True
Excitatory_neuron,SEMA7A-201,SEMA7A,0.3058823529411765,0.9701492537313432,4.3453502245380605e-16,4.669934718583101e-15,True,-0.6642669007901667,CT_enriched,0.0285714285714285,True,210.0,26,65,2.8816,15.2866,-2.0689,Dominant,Canonical,trial_failure_candidate,ENST00000261918,ENSG00000138623,protein_coding,PC_CDS,True,True,SEMA7A-201,0,1,False,none,False,0.0081,novel,0.0,0.0665,0.533,True,2,"Sema, Ig-like C2-type",O75326,C,False
Excitatory_neuron,transcript110172.chr15.nic,SEMA7A,0.6941176470588235,0.0298507462686567,4.3453502245380605e-16,4.669934718583101e-15,True,0.6642669007901668,AD_enriched,0.0285714285714285,True,210.0,59,2,16.1202,0.3437,3.6715,Minor,Alternate,new_target_candidate,transcript110172.chr15.nic,ENSG00000138623,,novel,True,False,SEMA7A-201,1461,1,False,none,False,0.0081,novel,0.0,0.0665,0.533,True,2,"Sema, Ig-like C2-type",O75326,C,True
Excitatory_neuron,SLC11A2-201,SLC11A2,0.5991379310344828,0.849112426035503,2.185935169976645e-12,1.651207471847108e-11,True,-0.2499744950010202,CT_enriched,0.0373376623376623,True,8008.0,278,287,49.7519,68.9931,-0.4638,Dominant,Canonical,trial_failure_candidate,ENST00000262052,ENSG00000110911,protein_coding,PC_CDS,True,True,SLC11A2-201,0,2,True,none,False,0.0629,emerging,0.0,0.5172,1.858,False,0,,P49281,D,False
Excitatory_neuron,transcript64585.chr15.nnic,SLC27A2,0.2826086956521739,0.0,1.0306204596899292e-19,1.5891719392566664e-18,True,0.2826086956521739,AD_enriched,0.0079365079365079,True,126.0,13,0,0.7613,0.0,0.8166,Minor,Alternate,new_target_candidate,transcript64585.chr15.nnic,ENSG00000140284,,novel,True,False,SLC27A2-201,1208,1,False,none,False,0.0575,emerging,0.0912,0.0675,5.118,False,0,,O14975,D,True
Excitatory_neuron,SLC27A2-201,SLC27A2,0.717391304347826,1.0,1.0306204596899292e-19,1.5891719392566664e-18,True,-0.2826086956521739,CT_enriched,0.0079365079365079,True,126.0,33,308,4.7689,57.0993,-3.3321,Dominant,Canonical,trial_failure_candidate,ENST00000267842,ENSG00000140284,protein_coding,PC_CDS,True,True,SLC27A2-201,0,1,False,none,False,0.0575,emerging,0.0912,0.0675,5.118,False,0,,O14975,D,False
Excitatory_neuron,SLC35F5-201,SLC35F5,0.6446280991735537,0.9142857142857144,7.698110626547453e-08,3.458055647504819e-07,True,-0.2696576151121607,CT_enriched,0.0066,True,10000.0,78,128,21.3236,35.9936,-0.7287,Dominant,Canonical,trial_failure_candidate,ENST00000245680,ENSG00000115084,protein_coding,PC_CDS,True,True,SLC35F5-201,0,1,False,none,False,0.0048,novel,0.0,0.0,0.48,True,1,EamA,Q8WV83,C,False
Excitatory_neuron,SLC39A9-202,SLC39A9,0.3333333333333333,1.0,2.087967911645931e-14,1.9159063903369457e-13,True,-0.6666666666666667,CT_enriched,0.0357142857142857,True,84.0,21,63,5.8318,53.4552,-2.9947,Dominant,Canonical,trial_failure_candidate,ENST00000336643,ENSG00000029364,protein_coding,PC_CDS,True,True,SLC39A9-202,0,1,False,none,False,0.0066,novel,0.0,0.0457,0.663,False,0,,Q9NUM3,D,False
Excitatory_neuron,SLC39A9-201,SLC39A9,0.6349206349206349,0.0,2.087967911645931e-14,1.9159063903369457e-13,True,0.6349206349206349,AD_enriched,0.0357142857142857,True,84.0,40,0,11.0365,0.0,3.5893,Minor,Alternate,new_target_candidate,ENST00000031146,ENSG00000029364,protein_coding,PC_CDS,True,True,SLC39A9-202,198,1,False,none,False,0.0066,novel,0.0,0.0457,0.663,False,0,,Q9NUM3,D,True
Excitatory_neuron,SLC6A1-207,SLC6A1,0.4328358208955223,0.0309278350515463,4.220218406326628e-25,9.442905096553556e-24,True,0.401907985843976,AD_enriched,0.0343822843822843,True,1716.0,29,3,9.1274,2.6681,1.4652,Minor,Alternate,new_target_candidate,ENST00000642515,ENSG00000157103,protein_coding,PC_UTR,True,True,SLC6A1-201,0,1,False,none,False,0.2778,supported,0.4245,0.3037,3.565,False,0,,P30531,N,False
Excitatory_neuron,SLC6A1-201,SLC6A1,0.0149253731343283,0.8247422680412371,4.220218406326628e-25,9.442905096553556e-24,True,-0.8098168949069088,CT_enriched,0.0064102564102564,True,1716.0,1,80,0.3,19.1679,-3.9554,Dominant,Canonical,trial_failure_candidate,ENST00000287766,ENSG00000157103,protein_coding,PC_CDS,True,True,SLC6A1-201,0,2,True,none,False,0.2778,supported,0.4245,0.3037,3.565,False,0,,P30531,D,False
Excitatory_neuron,SMAD2-203,SMAD2,0.3866666666666666,0.1481481481481481,1.0662236710048971e-09,6.026075297559948e-09,True,0.2385185185185185,AD_enriched,0.05,True,10000.0,87,20,13.9604,6.8162,0.9366,Minor,Alternate,new_target_candidate,ENST00000402690,ENSG00000175387,protein_coding,PC_UTR,True,True,SMAD2-201,0,1,False,none,False,0.0275,novel,0.0,0.2261,1.432,True,2,"MH1, MH2",Q15796,N,False
Excitatory_neuron,SNX14-235,SNX14,0.2415730337078651,0.0,1.856102950664693e-75,3.9894964330499e-73,True,0.2415730337078651,AD_enriched,0.0441558441558441,True,5005.0,43,0,12.2769,0.0,3.7308,Minor,Alternate,new_target_candidate,ENST00000682497,ENSG00000135317,protein_coding,PC_CDS,True,True,SNX14-201,3,1,False,none,False,0.0022,novel,0.0,0.0182,0.222,True,3,"PXA, RGS, PX",Q9Y5W7,C,True
Excitatory_neuron,transcript150486.chr6.nnic,SOBP,0.2966101694915254,0.0098039215686274,7.561695915210719e-08,3.4032429648851284e-07,True,0.286806247922898,AD_enriched,0.006,True,10000.0,35,1,8.7939,0.2782,2.9378,Minor,Alternate,new_target_candidate,transcript150486.chr6.nnic,ENSG00000112320,,novel,True,False,SOBP-201,573,1,False,none,False,0.0046,novel,0.0,0.038,0.462,False,0,,A7XYQ1,D,True
Excitatory_neuron,SORT1-201,SORT1,0.2816901408450704,0.7715736040609137,1.715459122924203e-18,2.3444608013297438e-17,True,-0.4898834632158433,CT_enriched,0.0075757575757575,True,3432.0,40,152,12.4273,55.1365,-2.0638,Dominant,Canonical,trial_failure_candidate,ENST00000256637,ENSG00000134243,protein_coding,PC_CDS,True,True,SORT1-201,0,1,False,none,False,0.0739,emerging,0.0,0.6079,1.305,True,1,Vps10p,Q99523,C,False
Excitatory_neuron,SORT1-209,SORT1,0.5774647887323944,0.2182741116751269,1.715459122924203e-18,2.3444608013297438e-17,True,0.3591906770572675,AD_enriched,0.0075757575757575,True,3432.0,82,43,13.2541,13.352,-0.0099,Minor,Alternate,new_target_candidate,ENST00000538502,ENSG00000134243,protein_coding,PC_CDS,True,True,SORT1-201,137,1,False,none,False,0.0739,emerging,0.0,0.6079,1.305,True,1,Vps10p,Q99523,C,True
Excitatory_neuron,transcript48560.chr21.nic,SPATC1L,0.6119402985074627,0.0862068965517241,1.8714270985303e-21,3.285651586602826e-20,True,0.5257334019557386,AD_enriched,0.0439560439560439,True,3003.0,123,10,19.476,4.5835,1.8747,Minor,Alternate,new_target_candidate,transcript48560.chr21.nic,ENSG00000160284,,novel,True,False,,0,1,False,none,False,0.0046,novel,0.0,0.038,0.462,False,0,,Q9H0A9,D,False
Excitatory_neuron,SPATS2L-204,SPATS2L,0.063231850117096,0.2826855123674912,5.465327662483688e-19,7.863198602433428e-18,True,-0.2194536622503951,CT_enriched,0.0344214608920491,True,6188.0,27,80,5.7729,19.7087,-1.6124,Dominant,Canonical,trial_failure_candidate,ENST00000409140,ENSG00000196141,protein_coding,PC_CDS,True,True,SPATS2L-204,0,1,False,none,False,0.0055,novel,0.0,0.0,0.546,False,0,,Q9NUQ6,D,False
Excitatory_neuron,SPEN-201,SPEN,0.616361071932299,0.8679950186799502,2.536402766990618e-29,7.688335395839508e-28,True,-0.2516339467476511,CT_enriched,0.0259,True,10000.0,437,697,106.661,299.2716,-1.4798,Dominant,Canonical,trial_failure_candidate,ENST00000375759,ENSG00000065526,protein_coding,PC_CDS,True,True,SPEN-201,0,3,True,none,False,0.3322,supported,0.2672,0.0304,2.918,True,6,"RRM 1, RRM 2, RRM 3",Q96T58,C,False
Excitatory_neuron,SPIN3-201,SPIN3,0.1469465648854961,0.3501628664495114,1.4106913552933762e-27,3.9417772087271726e-26,True,-0.2032163015640153,CT_enriched,0.045,True,10000.0,77,215,16.8416,48.2013,-1.4635,Dominant,Canonical,trial_failure_candidate,ENST00000374919,ENSG00000204271,protein_coding,PC_CDS,True,True,SPIN3-201,0,1,False,none,False,0.0028,novel,0.0,0.0,0.264,False,0,,Q5JUX0,D,False
Excitatory_neuron,SPP1-203,SPP1,0.4009216589861751,0.9119718309859156,9.581217976233716e-33,3.614871229012008e-31,True,-0.5110501719997405,CT_enriched,0.0433,True,10000.0,87,259,34.9836,277.5791,-2.9527,Dominant,Canonical,trial_failure_candidate,ENST00000395080,ENSG00000118785,protein_coding,PC_CDS,True,True,SPP1-203,0,1,False,none,False,0.119,emerging,0.0,0.9621,1.376,False,0,,Q9BX95,D,False
Excitatory_neuron,ST8SIA5-203,ST8SIA5,0.4931506849315068,0.1651376146788991,2.191936090384804e-05,6.93770758103499e-05,True,0.3280130702526077,AD_enriched,0.0406260406260406,True,3003.0,36,18,4.0613,5.7493,-0.4152,Minor,Alternate,new_target_candidate,ENST00000538168,ENSG00000101638,protein_coding,PC_CDS,True,True,ST8SIA5-201,108,1,False,none,False,0.0037,novel,0.0,0.0304,0.37,False,0,,O15466,D,True
Excitatory_neuron,STAMBP-202,STAMBP,0.0875912408759124,0.46875,5.679952172370568e-17,6.71465012643741e-16,True,-0.3811587591240876,CT_enriched,0.0139860139860139,True,3003.0,12,30,2.3681,7.445,-1.3262,Dominant,Canonical,trial_failure_candidate,ENST00000394070,ENSG00000124356,protein_coding,PC_CDS,True,True,STAMBP-202,0,2,True,none,False,0.0389,novel,0.0,0.3201,3.563,True,1,MPN,O95630,C,False
Excitatory_neuron,STRC-202,STRC,0.8409090909090909,0.225,1.399688940629457e-09,7.792773670239198e-09,True,0.615909090909091,AD_enriched,0.0285714285714285,True,35.0,37,9,12.0274,2.4834,1.903,Minor,Alternate,new_target_candidate,ENST00000432436,ENSG00000242866,protein_coding,PC_CDS,True,True,,695,1,False,none,False,0.0052,novel,0.0,0.0426,0.482,False,0,,Q7RTU9,D,True
Excitatory_neuron,SUPT5H-201,SUPT5H,0.3090909090909091,0.0545454545454545,0.0032850752916042,0.0070609209222269,True,0.2545454545454546,AD_enriched,0.006,True,10000.0,34,3,11.1221,1.5483,2.25,Minor,Alternate,new_target_candidate,ENST00000359191,ENSG00000196235,protein_coding,PC_CDS,True,True,,3033,1,False,none,False,0.0,novel,0.0,0.0,0.0,True,5,"KOW 1, KOW 2, KOW 3",O00267,C,True
Excitatory_neuron,SYNCRIP-222,SYNCRIP,0.2569444444444444,0.0123456790123456,2.2215562918050277e-10,1.3642856084652e-09,True,0.2445987654320988,AD_enriched,0.0336330336330336,True,3003.0,37,1,5.255,0.2782,2.2909,Minor,Alternate,new_target_candidate,ENST00000710383,ENSG00000135316,protein_coding,PC_CDS,True,True,,1292,1,False,none,False,0.0083,novel,0.0,0.0681,0.317,True,3,"RRM 1, RRM 2, RRM 3",O60506,C,True
Excitatory_neuron,TAB3-201,TAB3,0.4722222222222222,0.8961038961038961,1.0745472446884336e-06,4.171737058880711e-06,True,-0.4238816738816738,CT_enriched,0.0,True,462.0,17,69,3.0955,20.8896,-2.4181,Dominant,Canonical,trial_failure_candidate,ENST00000288422,ENSG00000157625,protein_coding,PC_CDS,True,True,TAB3-201,0,1,False,none,False,0.0035,novel,0.0,0.0243,0.322,True,1,CUE,Q8N5C8,C,False
Excitatory_neuron,TAB3-204,TAB3,0.25,0.0,1.0745472446884336e-06,4.171737058880711e-06,True,0.25,AD_enriched,0.0064935064935064,True,462.0,9,0,2.6663,0.0,1.8743,Minor,Alternate,new_target_candidate,ENST00000378932,ENSG00000157625,protein_coding,PC_CDS,True,True,TAB3-201,84,1,False,none,False,0.0035,novel,0.0,0.0243,0.322,True,1,CUE,Q8N5C8,C,True
Excitatory_neuron,TADA2B-201,TADA2B,0.0689655172413793,0.5480769230769231,1.4257618575959536e-16,1.610338989797468e-15,True,-0.4791114058355438,CT_enriched,0.009,True,10000.0,10,57,2.2137,44.8503,-3.8346,Dominant,Canonical,trial_failure_candidate,ENST00000310074,ENSG00000173011,protein_coding,PC_CDS,True,True,TADA2B-201,0,1,False,none,False,0.0,novel,0.0,0.0,0.0,True,1,SANT,Q86TJ2,C,False
Excitatory_neuron,TADA2B-205,TADA2B,0.9310344827586208,0.4519230769230769,1.4257618575959536e-16,1.610338989797468e-15,True,0.4791114058355438,AD_enriched,0.009,True,10000.0,135,47,32.6008,17.723,0.8437,Minor,Alternate,new_target_candidate,ENST00000515646,ENSG00000173011,protein_coding,PC_UTR,True,False,TADA2B-201,0,1,False,none,False,0.0,novel,0.0,0.0,0.0,True,1,SANT,Q86TJ2,N,False
Excitatory_neuron,TAF2-201,TAF2,0.1497005988023952,0.4930232558139535,5.33058392286415e-23,1.0473637607998732e-21,True,-0.3433226570115583,CT_enriched,0.0115,True,10000.0,25,106,5.3969,31.6286,-2.3507,Dominant,Canonical,trial_failure_candidate,ENST00000378164,ENSG00000064313,protein_coding,PC_CDS,True,True,TAF2-201,0,1,False,none,False,0.0,novel,0.0,0.0,0.0,False,0,,Q6P1X5,D,False
Excitatory_neuron,transcript28780.chr4.nnic,TAPT1,0.3956043956043956,0.0,4.0406669867465726e-24,8.429544393233365e-23,True,0.3956043956043956,AD_enriched,0.0217282717282717,True,8008.0,72,0,175.0794,0.0,7.4601,Minor,Alternate,new_target_candidate,transcript28780.chr4.nnic,ENSG00000169762,,novel,True,False,TAPT1-201,1275,1,False,none,False,0.0,novel,0.0,0.0,0.0,False,0,,Q6NXT6,D,True
Excitatory_neuron,TBCK-204,TBCK,0.3643410852713178,0.918918918918919,1.959269593538779e-13,1.6446271274521373e-12,True,-0.5545778336476012,CT_enriched,0.0359640359640359,True,8008.0,47,68,9.2168,18.9934,-0.9686,Dominant,Canonical,trial_failure_candidate,ENST00000394708,ENSG00000145348,protein_coding,PC_CDS,True,True,TBCK-204,0,1,False,none,False,0.0046,novel,0.0,0.038,0.462,True,3,"Protein kinase, Rab-GAP TBC, Rhodanese",Q8TEA7,C,False
Excitatory_neuron,transcript100510.chr2.nnic,TET3,0.2790697674418604,0.0,0.0005594047245472,0.0014025654687924,True,0.2790697674418604,AD_enriched,0.0265151515151515,True,792.0,12,0,2.6883,0.0,1.8829,Minor,Alternate,new_target_candidate,transcript100510.chr2.nnic,ENSG00000187605,,novel,True,False,TET3-202,3301,1,False,none,False,0.016,novel,0.0,0.1313,1.391,False,0,,O43151,D,True
Excitatory_neuron,transcript317268.chr3.nnic,TFRC,0.4230769230769231,0.1444444444444444,4.1076189902040807e-10,2.436065342601802e-09,True,0.2786324786324786,AD_enriched,0.0333333333333333,True,120.0,22,13,5.5181,2.2338,1.0112,Minor,Alternate,new_target_candidate,transcript317268.chr3.nnic,ENSG00000072274,,novel,True,False,TFRC-201,2004,1,False,none,False,0.1054,emerging,0.0,0.8555,2.138,True,1,PA,P02786,C,True
Excitatory_neuron,TLK2-219,TLK2,0.2631578947368421,0.0,9.913855813647694e-10,5.6210215256757075e-09,True,0.2631578947368421,AD_enriched,0.0296,True,10000.0,10,0,2.0295,0.0,1.5991,Minor,Alternate,new_target_candidate,ENST00000682085,ENSG00000146872,protein_coding,PC_UTR,True,True,TLK2-203,0,1,False,none,False,0.0065,novel,0.0,0.0532,0.389,True,1,Protein kinase,Q86UE8,N,False
Excitatory_neuron,TLK2-203,TLK2,0.1052631578947368,0.7183098591549296,9.913855813647694e-10,5.6210215256757075e-09,True,-0.6130467012601928,CT_enriched,0.0476,True,10000.0,4,51,0.4035,10.8037,-3.0722,Dominant,Canonical,trial_failure_candidate,ENST00000346027,ENSG00000146872,protein_coding,PC_CDS,True,True,TLK2-203,0,1,False,none,False,0.0065,novel,0.0,0.0532,0.389,True,1,Protein kinase,Q86UE8,C,False
Excitatory_neuron,TNPO1-201,TNPO1,0.2404580152671755,0.5651260504201681,5.690952545955581e-18,7.379511226410043e-17,True,-0.3246680351529926,CT_enriched,0.0029,True,10000.0,63,269,15.435,71.6772,-2.1447,Dominant,Canonical,trial_failure_candidate,ENST00000337273,ENSG00000083312,protein_coding,PC_CDS,True,True,TNPO1-201,0,1,False,none,False,0.017,novel,0.0,0.1156,0.937,True,1,Importin N-terminal,Q92973,C,False
Excitatory_neuron,TRIM33-201,TRIM33,0.4524590163934426,0.834920634920635,1.0171956977069248e-23,2.0792418109035205e-22,True,-0.3824616185271923,CT_enriched,0.0094,True,10000.0,138,263,32.8478,76.4847,-1.1949,Dominant,Canonical,trial_failure_candidate,ENST00000358465,ENSG00000197323,protein_coding,PC_CDS,True,True,TRIM33-201,0,1,False,none,False,0.2691,supported,0.0,0.1092,2.724,True,1,Bromo,Q9UPN9,C,False
Excitatory_neuron,TRIM33-202,TRIM33,0.4131147540983607,0.1492063492063492,1.0171956977069248e-23,2.0792418109035205e-22,True,0.2639084048920115,AD_enriched,0.0263,True,10000.0,126,47,25.2039,13.0622,0.898,Minor,Alternate,new_target_candidate,ENST00000369543,ENSG00000197323,protein_coding,PC_CDS,True,True,TRIM33-201,51,1,False,none,False,0.2691,supported,0.0,0.1092,2.724,True,1,Bromo,Q9UPN9,C,True
Excitatory_neuron,TSNARE1-209,TSNARE1,0.2195121951219512,0.0,3.742551076365416e-05,0.0001146196666004,True,0.2195121951219512,AD_enriched,0.0272727272727272,True,330.0,9,0,1.4726,0.0,1.3061,Minor,Alternate,new_target_candidate,ENST00000662555,ENSG00000171045,protein_coding,PC_CDS,True,True,TSNARE1-208,468,1,False,none,False,0.0,novel,0.0,0.0,0.0,True,1,t-SNARE coiled-coil homology,Q96NA8,C,True
Excitatory_neuron,transcript100446.chr2.nic,TTC31,0.3584905660377358,0.0,2.223172395309361e-11,1.5206327675920254e-10,True,0.3584905660377358,AD_enriched,0.0212121212121212,True,330.0,19,0,9.7357,0.0,3.4243,Minor,Alternate,new_target_candidate,transcript100446.chr2.nic,ENSG00000115282,,novel,True,False,TTC31-201,1223,1,False,none,False,0.0,novel,0.0,0.0,0.0,False,0,,Q49AM3,D,True
Excitatory_neuron,TTLL11-202,TTLL11,0.5,0.203125,0.001126166778521,0.0026537876943686,True,0.296875,AD_enriched,0.0465367965367965,True,924.0,24,13,2.8942,3.9971,-0.3598,Minor,Alternate,new_target_candidate,ENST00000373776,ENSG00000175764,protein_coding,PC_CDS,True,True,TTLL11-201,1147,1,False,none,False,0.0015,novel,0.0,0.0122,0.148,True,1,TTL,Q8NHH1,C,True
Excitatory_neuron,transcript48201.chr15.nnic,TYRO3,0.4407364787111623,0.0226628895184136,1.3742865434971143e-54,1.5339414054009845e-52,True,0.4180735891927487,AD_enriched,0.0377,True,10000.0,383,8,85.4275,6.771,3.4753,Minor,Alternate,new_target_candidate,transcript48201.chr15.nnic,ENSG00000092445,,novel,True,False,TYRO3-201,2158,1,False,none,False,0.023,novel,0.0,0.1893,1.796,True,5,"Ig-like C2-type 1, Ig-like C2-type 2, Fibronectin type-III 1",Q06418,C,True
Excitatory_neuron,UBAP2-204,UBAP2,0.375,0.6363636363636364,2.830632695036942e-05,8.844791940923802e-05,True,-0.2613636363636363,CT_enriched,0.0451548451548451,True,5005.0,42,49,9.7432,14.1323,-0.4942,Dominant,Canonical,trial_failure_candidate,ENST00000379238,ENSG00000137073,protein_coding,PC_CDS,True,True,UBAP2-204,0,1,False,none,False,0.0066,novel,0.0,0.0,0.079,True,1,UBA,Q5T6F2,C,False
Excitatory_neuron,transcript6174.chr4.nic,UVSSA,0.7160493827160493,0.0943396226415094,7.438512199020109e-12,5.329431012893903e-11,True,0.6217097600745399,AD_enriched,0.0334110334110334,True,1287.0,58,5,19.1058,1.5773,2.9637,Minor,Alternate,new_target_candidate,transcript6174.chr4.nic,ENSG00000163945,,novel,True,False,,0,1,False,none,False,0.0,novel,0.0,0.0,0.0,False,0,,Q2YD98,D,False
Excitatory_neuron,VSTM4-202,VSTM4,0.3409090909090909,0.8,3.43502491364979e-10,2.070062167588612e-09,True,-0.4590909090909091,CT_enriched,0.0476190476190476,True,252.0,15,52,3.0892,56.002,-3.8011,Dominant,Canonical,trial_failure_candidate,ENST00000332853,ENSG00000165633,protein_coding,PC_CDS,True,True,VSTM4-202,0,1,False,none,False,0.0,novel,0.0,0.0,0.0,True,1,Ig-like,Q8IW00,C,False
Excitatory_neuron,transcript175975.chr8.nic,WASHC5,0.7916666666666666,0.0449438202247191,1.2698991078609796e-26,3.3484737442594527e-25,True,0.7467228464419475,AD_enriched,0.0151515151515151,True,330.0,76,4,21.3198,0.9961,3.483,Minor,Alternate,new_target_candidate,transcript175975.chr8.nic,ENSG00000164961,,novel,True,False,WASHC5-201,3237,1,False,none,False,0.018,novel,0.0,0.1479,1.307,False,0,,Q12768,D,True
Excitatory_neuron,WASHC5-201,WASHC5,0.09375,0.898876404494382,1.2698991078609796e-26,3.3484737442594527e-25,True,-0.805126404494382,CT_enriched,0.0212121212121212,True,330.0,9,80,6.5263,20.1135,-1.4882,Dominant,Canonical,trial_failure_candidate,ENST00000318410,ENSG00000164961,protein_coding,PC_CDS,True,True,WASHC5-201,0,1,False,none,False,0.018,novel,0.0,0.1479,1.307,False,0,,Q12768,D,False
Excitatory_neuron,WWOX-222,WWOX,0.217391304347826,0.0,5.229273746404246e-06,1.845335257872901e-05,True,0.217391304347826,AD_enriched,0.0416666666666666,True,120.0,10,0,11.9336,0.0,3.693,Minor,Alternate,new_target_candidate,ENST00000684381,ENSG00000186153,protein_coding_CDS_not_defined,PC_CDS_ND,True,False,,0,1,False,none,False,0.3082,supported,0.4717,0.4103,3.55,True,2,"WW 1, WW 2",Q9NZC7,C,False
Excitatory_neuron,XXYLT1-205,XXYLT1,0.2682926829268293,0.0449438202247191,0.0006534333627946,0.0016115447991315,True,0.2233488627021101,AD_enriched,0.0357142857142857,True,924.0,11,4,3.0301,1.8867,0.4814,Minor,Alternate,new_target_candidate,ENST00000437101,ENSG00000173950,protein_coding,PC_CDS,True,True,XXYLT1-201,148,1,False,none,False,0.0,novel,0.0,0.0,0.0,False,0,,Q8NBI6,D,True
Excitatory_neuron,XXYLT1-201,XXYLT1,0.7317073170731707,0.9550561797752808,0.0006534333627946,0.0016115447991315,True,-0.22334886270211,CT_enriched,0.0357142857142857,True,924.0,30,85,3.08,26.193,-2.7366,Dominant,Canonical,trial_failure_candidate,ENST00000310380,ENSG00000173950,protein_coding,PC_CDS,True,True,XXYLT1-201,0,1,False,none,False,0.0,novel,0.0,0.0,0.0,False,0,,Q8NBI6,D,False
Excitatory_neuron,ZNF337-201,ZNF337,0.1597444089456869,0.5702479338842975,2.329726425181132e-17,2.8344338823001317e-16,True,-0.4105035249386106,CT_enriched,0.0366300366300366,True,3003.0,50,69,11.0881,16.1232,-0.5024,Dominant,Canonical,trial_failure_candidate,ENST00000252979,ENSG00000130684,protein_coding,PC_CDS,True,True,ZNF337-201,0,1,False,none,False,0.0,novel,0.0,0.0,0.0,True,1,KRAB,Q9Y3M9,C,False
Excitatory_neuron,ZNF337-202,ZNF337,0.8402555910543131,0.4297520661157025,2.329726425181132e-17,2.8344338823001317e-16,True,0.4105035249386106,AD_enriched,0.0366300366300366,True,3003.0,263,52,60.6285,15.8533,1.8706,Minor,Alternate,new_target_candidate,ENST00000376436,ENSG00000130684,protein_coding,PC_UTR,True,True,ZNF337-201,0,1,False,none,False,0.0,novel,0.0,0.0,0.0,True,1,KRAB,Q9Y3M9,N,False
Excitatory_neuron,transcript92645.chr10.nnic,ZNF33B,0.2692307692307692,0.0451612903225806,2.1542095017052733e-05,6.830490833972062e-05,True,0.2240694789081886,AD_enriched,0.0251,True,10000.0,14,7,6.3608,6.3798,-0.0037,Minor,Alternate,new_target_candidate,transcript92645.chr10.nnic,ENSG00000196693,,novel,True,False,ZNF33B-201,241,1,False,none,False,0.1898,emerging,0.3122,0.0,18.977,True,1,KRAB,Q06732,C,True
Excitatory_neuron,ZNF44-202,ZNF44,0.6233766233766234,0.8571428571428571,2.153163524378391e-08,1.0326158808935721e-07,True,-0.2337662337662337,CT_enriched,0.0425574425574425,True,5005.0,96,114,16.1498,26.5362,-0.6831,Dominant,Canonical,trial_failure_candidate,ENST00000355684,ENSG00000197857,protein_coding,PC_CDS,True,True,ZNF44-202,0,1,False,none,False,0.0,novel,0.0,0.0,0.0,True,1,KRAB,P15621,C,False
Excitatory_neuron,ZNF550-208,ZNF550,0.3296703296703296,0.9556962025316456,1.88063334256788e-26,4.904166286336019e-25,True,-0.626025872861316,CT_enriched,0.0163170163170163,True,1716.0,30,151,5.8199,29.9884,-2.1839,Dominant,Canonical,trial_failure_candidate,ENST00000699333,ENSG00000251369,protein_coding,PC_CDS,True,True,ZNF550-208,0,2,True,none,False,0.0,novel,0.0,0.0,0.0,True,1,KRAB,Q7Z398,C,False
Excitatory_neuron,ZNF554-201,ZNF554,0.4057971014492754,0.8095238095238095,0.0001724504173676,0.0004720921691967,True,-0.4037267080745341,CT_enriched,0.0489510489510489,True,3003.0,28,34,4.1106,8.8075,-0.9404,Dominant,Canonical,trial_failure_candidate,ENST00000317243,ENSG00000172006,protein_coding,PC_CDS,True,True,ZNF554-201,0,1,False,none,False,0.0,novel,0.0,0.0,0.0,True,1,KRAB,Q86TJ5,C,False
Excitatory_neuron,ZNF711-204,ZNF711,0.1384180790960452,0.4803921568627451,3.3484696408415625e-12,2.47145631243384e-11,True,-0.3419740777666999,CT_enriched,0.006,True,10000.0,49,49,7.3077,22.499,-1.5001,Dominant,Canonical,trial_failure_candidate,ENST00000674551,ENSG00000147180,protein_coding,PC_CDS,True,True,ZNF711-204,0,1,False,none,False,0.0,novel,0.0,0.0,0.0,False,0,,Q9Y462,D,False
Excitatory_neuron,ZNF736-202,ZNF736,0.1285714285714285,0.7222222222222222,1.3415999903464218e-39,7.736559944331035e-38,True,-0.5936507936507938,CT_enriched,0.0291375291375291,True,1716.0,18,104,2.9162,24.7799,-2.7187,Dominant,Canonical,trial_failure_candidate,ENST00000423484,ENSG00000234444,protein_coding,PC_CDS,True,True,ZNF736-202,0,1,False,none,False,0.0,novel,0.0,0.0,0.0,True,1,KRAB,B4DX44,C,False
Excitatory_neuron,transcript76787.chr7.nnic,ZNF736,0.8,0.0138888888888888,1.3415999903464218e-39,7.736559944331035e-38,True,0.7861111111111112,AD_enriched,0.0017482517482517,True,1716.0,112,2,17.826,0.5102,3.6399,Minor,Alternate,new_target_candidate,transcript76787.chr7.nnic,ENSG00000234444,,novel,True,False,ZNF736-202,223,1,False,none,False,0.0,novel,0.0,0.0,0.0,True,1,KRAB,B4DX44,C,True
Excitatory_neuron,ZNF790-201,ZNF790,0.6928104575163399,0.9375,0.0002002976234788,0.0005420492343896,True,-0.2446895424836601,CT_enriched,0.0299700299700299,True,5005.0,106,75,26.55,19.8584,0.4014,Dominant,Canonical,trial_failure_candidate,ENST00000356725,ENSG00000197863,protein_coding,PC_CDS,True,True,ZNF790-201,0,1,False,none,False,0.0,novel,0.0,0.0,0.0,True,1,KRAB,Q6PG37,C,False
Inhibitory_neuron,AARS1-201,AARS1,0.1978947368421052,0.7348242811501597,1.0009399695110124e-82,4.340999652386991e-80,True,-0.5369295443080545,CT_enriched,0.0179820179820179,True,5005.0,94,460,37.5016,218.7646,-2.513,Dominant,Canonical,trial_failure_candidate,ENST00000261772,ENSG00000090861,protein_coding,PC_CDS,True,True,AARS1-201,0,2,True,none,False,0.0686,emerging,0.0,0.0819,0.876,False,0,,P49588,D,False
Inhibitory_neuron,ABCB9-202,ABCB9,0.4166666666666667,0.0,4.569026655686395e-09,2.4440391162011285e-08,True,0.4166666666666667,AD_enriched,0.0285714285714285,True,210.0,15,0,1.5125,0.0,1.3291,Minor,Alternate,new_target_candidate,ENST00000344275,ENSG00000150967,protein_coding,PC_UTR,True,True,ABCB9-201,0,1,False,none,False,0.0151,novel,0.0,0.124,1.037,True,2,"ABC transmembrane type-1, ABC transporter",Q9NP78,N,False
Inhibitory_neuron,ACACA-237,ACACA,0.0909090909090909,0.8333333333333334,3.4294469366399765e-18,4.8217510794953077e-17,True,-0.7424242424242424,CT_enriched,0.0202020202020202,True,1287.0,10,35,6.8094,22.6922,-1.6011,Dominant,Canonical,trial_failure_candidate,ENST00000616317,ENSG00000278540,protein_coding,PC_CDS,True,True,ACACA-237,0,1,False,none,False,0.464,supported,0.0,0.1339,2.797,True,5,"Biotin carboxylation, ATP-grasp, Biotinyl-binding",Q13085,C,False
Inhibitory_neuron,ACSL3-201,ACSL3,0.0951276102088167,0.5054945054945055,7.906148023279687e-82,3.183918753946491e-79,True,-0.4103668952856887,CT_enriched,0.0291,True,10000.0,41,368,16.165,95.4428,-2.4902,Dominant,Canonical,trial_failure_candidate,ENST00000357430,ENSG00000123983,protein_coding,PC_CDS,True,True,ACSL3-201,0,1,False,none,False,0.0161,novel,0.0,0.1247,1.4,False,0,,O95573,D,False
Inhibitory_neuron,ADD1-206,ADD1,0.2395437262357414,0.0074074074074074,4.237725434301201e-21,7.306512537795158e-20,True,0.232136318828334,AD_enriched,0.0216033966033966,True,8008.0,63,1,52.4829,1.0726,4.6895,Minor,Alternate,new_target_candidate,ENST00000398129,ENSG00000087274,protein_coding,PC_CDS,True,True,ADD1-229,186,1,False,none,False,0.0447,novel,0.0,0.3674,3.424,False,0,,P35611,D,True
Inhibitory_neuron,ADGRL3-215,ADGRL3,0.7509293680297398,0.2868217054263566,1.1492044714051806e-24,2.666343543120333e-23,True,0.4641076626033831,AD_enriched,0.046,True,10000.0,202,74,129.7709,30.7301,2.0431,Minor,Alternate,new_target_candidate,ENST00000512091,ENSG00000150471,protein_coding,PC_CDS,True,True,ADGRL3-219,238,1,False,none,False,0.2593,supported,0.4096,0.3363,24.708,True,3,"SUEL-type lectin, Olfactomedin-like, GAIN-B",Q9HAR2,C,True
Inhibitory_neuron,transcript172842.chr1.nnic,AMIGO1,0.5476190476190477,0.0,3.636130347728896e-20,5.925000838293499e-19,True,0.5476190476190477,AD_enriched,0.0142857142857142,True,70.0,46,0,8.4631,0.0,3.2423,Minor,Alternate,new_target_candidate,transcript172842.chr1.nnic,ENSG00000181754,,novel,True,False,AMIGO1-202,0,1,False,none,False,0.0052,novel,0.0,0.0426,0.419,True,3,"LRRNT, LRRCT, Ig-like C2-type",Q86WK6,C,False
Inhibitory_neuron,AMIGO1-202,AMIGO1,0.4523809523809524,1.0,3.636130347728896e-20,5.925000838293499e-19,True,-0.5476190476190477,CT_enriched,0.0142857142857142,True,70.0,38,125,8.3226,56.2396,-2.6182,Dominant,Canonical,trial_failure_candidate,ENST00000369864,ENSG00000181754,protein_coding,PC_CDS,True,True,AMIGO1-202,0,1,False,none,False,0.0052,novel,0.0,0.0426,0.419,True,3,"LRRNT, LRRCT, Ig-like C2-type",Q86WK6,C,False
Inhibitory_neuron,ARFGAP1-212,ARFGAP1,0.36,0.0434782608695652,3.005854885978632e-05,9.510106535997487e-05,True,0.3165217391304348,AD_enriched,0.0484848484848484,True,330.0,18,2,2.9197,0.4226,1.4622,Minor,Alternate,new_target_candidate,ENST00000519604,ENSG00000101199,protein_coding,PC_CDS,True,True,ARFGAP1-203,146,1,False,none,False,0.0015,novel,0.0,0.0122,0.056,True,1,Arf-GAP,Q8N6T3,C,True
Inhibitory_neuron,ARFRP1-214,ARFRP1,0.4741379310344827,0.7941176470588235,0.0005219720968463,0.0013487070036754,True,-0.3199797160243408,CT_enriched,0.0142857142857142,True,210.0,55,54,14.984,20.6526,-0.4379,Dominant,Canonical,trial_failure_candidate,ENST00000622789,ENSG00000101246,protein_coding,PC_CDS,True,True,ARFRP1-214,0,1,False,none,False,0.012,novel,0.0,0.0988,1.201,False,0,,Q13795,D,False
Inhibitory_neuron,ARHGAP29-201,ARHGAP29,0.6173469387755102,0.8532608695652174,4.939116741700544e-06,1.763568093078383e-05,True,-0.2359139307897072,CT_enriched,0.0112,True,10000.0,121,157,41.0101,103.1103,-1.3093,Dominant,Canonical,trial_failure_candidate,ENST00000260526,ENSG00000137962,protein_coding,PC_CDS,True,True,ARHGAP29-201,0,3,True,none,False,0.0015,novel,0.0,0.0122,0.148,True,2,"F-BAR, Rho-GAP",Q52LW3,C,False
Inhibitory_neuron,transcript230311.chr1.nnic,ARNT,0.25,0.0,0.0002893797181164,0.0007798866399333,True,0.25,AD_enriched,0.0367965367965368,True,462.0,9,0,4.0614,0.0,2.3395,Minor,Alternate,new_target_candidate,transcript230311.chr1.nnic,ENSG00000143437,,novel,True,False,ARNT-202,2255,1,False,none,False,0.3547,supported,0.0,0.0762,2.73,True,4,"bHLH, PAS 1, PAS 2",P27540,C,True
Inhibitory_neuron,ARSG-201,ARSG,0.7525252525252525,0.1666666666666666,6.512845691828461e-10,3.828928468251188e-09,True,0.5858585858585859,AD_enriched,0.0285714285714285,True,70.0,149,5,17.8285,1.413,2.964,Minor,Alternate,new_target_candidate,ENST00000448504,ENSG00000141337,protein_coding,PC_UTR,True,True,ARSG-208,0,1,False,none,False,0.0,novel,0.0,0.0,0.0,False,0,,Q96EG1,N,False
Inhibitory_neuron,ARSG-208,ARSG,0.2474747474747475,0.8333333333333334,6.512845691828461e-10,3.828928468251188e-09,True,-0.5858585858585859,CT_enriched,0.0285714285714285,True,70.0,49,25,9.7576,10.01,-0.0335,Dominant,Canonical,trial_failure_candidate,ENST00000621439,ENSG00000141337,protein_coding,PC_CDS,True,True,ARSG-208,0,1,False,none,False,0.0,novel,0.0,0.0,0.0,False,0,,Q96EG1,D,False
Inhibitory_neuron,ATP1A3-214,ATP1A3,0.6894904458598726,0.9726402188782488,1.1206731337669009e-45,1.0190895368028688e-43,True,-0.2831497730183762,CT_enriched,0.0023310023310023,True,1287.0,433,711,86.6302,212.1872,-1.2826,Dominant,Canonical,trial_failure_candidate,ENST00000648268,ENSG00000105409,protein_coding,PC_CDS,True,True,ATP1A3-214,0,1,False,none,False,0.0968,emerging,0.0,0.6505,1.035,False,0,,P13637,D,False
Inhibitory_neuron,ATP1A3-207,ATP1A3,0.3105095541401274,0.027359781121751,1.1206731337669009e-45,1.0190895368028688e-43,True,0.2831497730183763,AD_enriched,0.0023310023310023,True,1287.0,195,20,20.9849,4.8228,1.9167,Minor,Alternate,new_target_candidate,ENST00000545399,ENSG00000105409,protein_coding,PC_CDS,True,True,ATP1A3-214,39,1,False,none,False,0.0968,emerging,0.0,0.6505,1.035,False,0,,P13637,D,True
Inhibitory_neuron,ATP5MG-201,ATP5MG,0.2941176470588235,0.5473684210526316,0.0002273659579831,0.0006241204825791,True,-0.2532507739938081,CT_enriched,0.0264735264735264,True,2002.0,40,52,15.5826,14.2191,0.1238,Dominant,Canonical,trial_failure_candidate,ENST00000300688,ENSG00000167283,protein_coding,PC_CDS,True,True,ATP5MG-201,0,1,False,none,False,0.0144,novel,0.0,0.1107,1.444,False,0,,O75964,D,False
Inhibitory_neuron,ATP5MG-212,ATP5MG,0.6911764705882353,0.4210526315789473,0.0002273659579831,0.0006241204825791,True,0.270123839009288,AD_enriched,0.0279720279720279,True,2002.0,94,40,42.2684,15.62,1.3804,Minor,Alternate,new_target_candidate,ENST00000689460,ENSG00000167283,protein_coding,PC_CDS,True,False,ATP5MG-201,161,1,False,none,False,0.0144,novel,0.0,0.1107,1.444,False,0,,O75964,D,True
Inhibitory_neuron,BACH1-201,BACH1,0.425531914893617,0.7098214285714286,8.324174203490715e-09,4.285999466600973e-08,True,-0.2842895136778116,CT_enriched,0.0459540459540459,True,2002.0,60,159,19.6727,47.2002,-1.2213,Dominant,Canonical,trial_failure_candidate,ENST00000286800,ENSG00000156273,protein_coding,PC_CDS,True,True,BACH1-201,0,1,False,none,False,0.032,novel,0.0,0.2633,0.757,True,2,"BTB, bZIP",O14867,C,False
Inhibitory_neuron,BBS7-201,BBS7,0.4208494208494208,0.7867647058823529,8.200272659480172e-12,6.059388893073291e-11,True,-0.3659152850329321,CT_enriched,0.0497,True,10000.0,109,107,49.6411,97.9358,-0.9662,Dominant,Canonical,trial_failure_candidate,ENST00000264499,ENSG00000138686,protein_coding,PC_CDS,True,True,BBS7-201,0,1,False,none,False,0.0,novel,0.0,0.0,0.0,False,0,,Q8IWZ6,D,False
Inhibitory_neuron,BBS7-204,BBS7,0.5791505791505791,0.213235294117647,8.200272659480172e-12,6.059388893073291e-11,True,0.3659152850329321,AD_enriched,0.0497,True,10000.0,150,29,32.5408,8.7007,1.7898,Minor,Alternate,new_target_candidate,ENST00000506636,ENSG00000138686,protein_coding,PC_CDS,True,True,BBS7-201,124,1,False,none,False,0.0,novel,0.0,0.0,0.0,False,0,,Q8IWZ6,D,True
Inhibitory_neuron,transcript157937.chr11.nnic,BIRC2,0.2764227642276423,0.0157480314960629,1.8364562354934505e-23,3.849048422197797e-22,True,0.2606747327315794,AD_enriched,0.0,True,56.0,102,6,25.8028,1.2679,3.5629,Minor,Alternate,new_target_candidate,transcript157937.chr11.nnic,ENSG00000110330,,novel,True,False,BIRC2-201,768,1,False,none,False,0.0185,novel,0.0,0.1523,1.43,True,1,CARD,Q13490,C,True
Inhibitory_neuron,BIRC2-201,BIRC2,0.7208672086720868,0.984251968503937,1.8364562354934505e-23,3.849048422197797e-22,True,-0.2633847598318503,CT_enriched,0.0178571428571428,True,56.0,266,375,55.5314,81.1537,-0.5393,Dominant,Canonical,trial_failure_candidate,ENST00000227758,ENSG00000110330,protein_coding,PC_CDS,True,True,BIRC2-201,0,1,False,none,False,0.0185,novel,0.0,0.1523,1.43,True,1,CARD,Q13490,C,False
Inhibitory_neuron,BIVM-201,BIVM,0.7705882352941177,0.9718875502008032,1.1702222084353489e-12,9.659901626879203e-12,True,-0.2012993149066855,CT_enriched,0.0489510489510489,True,1287.0,131,242,55.2116,83.3045,-0.5847,Dominant,Canonical,trial_failure_candidate,ENST00000257336,ENSG00000134897,protein_coding,PC_CDS,True,True,BIVM-201,0,1,False,none,False,0.0036,novel,0.0,0.0,0.359,False,0,,Q86UB2,D,False
Inhibitory_neuron,CABIN1-201,CABIN1,0.2488262910798122,0.6818181818181818,8.168111520213803e-16,9.247351958025183e-15,True,-0.4329918907383696,CT_enriched,0.0188561438561438,True,8008.0,53,90,33.2514,36.7005,-0.1384,Dominant,Canonical,trial_failure_candidate,ENST00000263119,ENSG00000099991,protein_coding,PC_CDS,True,True,CABIN1-201,0,1,False,none,False,0.0074,novel,0.0,0.0608,0.483,False,0,,Q9Y6J0,D,False
Inhibitory_neuron,CACNA1D-214,CACNA1D,0.2810810810810811,0.0180505415162454,7.737123029702396e-38,4.1152735510813306e-36,True,0.2630305395648357,AD_enriched,0.0259,True,10000.0,104,5,91.6051,1.1468,5.4308,Minor,Alternate,new_target_candidate,ENST00000636627,ENSG00000157388,protein_coding,PC_CDS,True,True,CACNA1D-202,1938,1,False,none,False,0.2812,supported,0.0,0.1183,4.277,False,0,,Q01668,D,True
Inhibitory_neuron,CALCOCO1-218,CALCOCO1,0.2540415704387991,0.5025641025641026,4.894267983923209e-14,4.708853736068097e-13,True,-0.2485225321253034,CT_enriched,0.048,True,10000.0,110,98,41.6174,48.6498,-0.2203,Dominant,Canonical,trial_failure_candidate,ENST00000550804,ENSG00000012822,protein_coding,PC_CDS,True,True,CALCOCO1-218,0,1,False,none,False,0.0161,novel,0.0,0.1322,1.608,False,0,,Q9P1Z2,D,False
Inhibitory_neuron,CC2D1A-201,CC2D1A,0.3132530120481928,0.6349206349206349,8.220382708383446e-05,0.0002427790346247,True,-0.3216676228724421,CT_enriched,0.0409590409590409,True,2002.0,26,40,14.4358,19.6823,-0.4221,Dominant,Canonical,trial_failure_candidate,ENST00000318003,ENSG00000132024,protein_coding,PC_CDS,True,True,CC2D1A-201,0,1,False,none,False,0.1855,emerging,0.0,0.0406,2.618,True,1,C2,Q6P1N0,C,False
Inhibitory_neuron,CCDC181-202,CCDC181,0.1639344262295081,0.4193548387096774,0.0193573934767138,0.0359831798291172,True,-0.2554204124801693,CT_enriched,0.0369630369630369,True,2002.0,10,13,3.9271,5.2007,-0.3317,Dominant,Canonical,trial_failure_candidate,ENST00000367806,ENSG00000117477,protein_coding,PC_CDS,True,True,CCDC181-202,0,1,False,none,False,0.0,novel,0.0,0.0,0.0,False,0,,Q5TID7,D,False
Inhibitory_neuron,CCNL1-202,CCNL1,0.1596244131455399,0.4819277108433735,6.652687330633086e-10,3.903002202925009e-09,True,-0.3223032976978336,CT_enriched,0.0309,True,10000.0,34,40,15.2656,18.5526,-0.2655,Dominant,Canonical,trial_failure_candidate,ENST00000295926,ENSG00000163660,protein_coding,PC_CDS,True,True,CCNL1-202,0,1,False,none,False,0.0043,novel,0.0,0.035,0.425,True,1,MCM C-terminal AAA(+) ATPase,P49736,C,False
Inhibitory_neuron,CDC42-201,CDC42,0.6272040302267002,0.1599326599326599,1.2134354869245696e-54,1.954671221508778e-52,True,0.4672713702940403,AD_enriched,0.0081,True,10000.0,249,95,109.9793,28.8539,1.8943,Minor,Alternate,new_target_candidate,ENST00000315554,ENSG00000070831,protein_coding,PC_UTR,True,True,CDC42-208,0,1,False,none,False,0.0962,emerging,0.0,0.7832,2.867,False,0,,P60953,N,False
Inhibitory_neuron,CDKL5-203,CDKL5,0.2876712328767123,0.0273972602739726,1.9076531582861675e-05,6.238601221819844e-05,True,0.2602739726027397,AD_enriched,0.0334110334110334,True,1287.0,21,2,5.1778,0.4587,2.0824,Minor,Alternate,new_target_candidate,ENST00000463994,ENSG00000008086,protein_coding,PC_CDS,True,True,CDKL5-205,142,1,False,none,False,0.0635,emerging,0.0,0.1528,1.381,True,1,Protein kinase,O76039,C,True
Inhibitory_neuron,CHD1-211,CHD1,0.2441860465116279,0.55,0.0001265930761679,0.0003621165720114,True,-0.3058139534883721,CT_enriched,0.0273060273060273,True,3003.0,21,33,12.3633,77.5755,-2.5558,Dominant,Canonical,trial_failure_candidate,ENST00000614616,ENSG00000153922,protein_coding,PC_CDS,True,True,CHD1-211,0,3,True,none,False,0.2511,supported,0.4095,0.0712,16.1,True,4,"Chromo 1, Chromo 2, Helicase ATP-binding",O14646,C,False
Inhibitory_neuron,CHD1L-202,CHD1L,0.1272727272727272,0.8823529411764706,4.91959983069162e-13,4.2606303910045066e-12,True,-0.7550802139037434,CT_enriched,0.0272727272727272,True,330.0,7,45,2.698,12.0447,-1.8187,Dominant,Canonical,trial_failure_candidate,ENST00000369258,ENSG00000131778,protein_coding,PC_CDS,True,True,CHD1L-202,0,1,False,none,False,0.0126,novel,0.0,0.1033,1.257,True,3,"Helicase ATP-binding, Helicase C-terminal, Macro",Q86WJ1,C,False
Inhibitory_neuron,CHRNA7-201,CHRNA7,0.550561797752809,0.8121827411167513,2.4234408709516334e-07,1.05102766387887e-06,True,-0.2616209433639422,CT_enriched,0.0452,True,10000.0,98,160,31.4096,66.022,-1.0482,Dominant,Canonical,trial_failure_candidate,ENST00000306901,ENSG00000175344,protein_coding,PC_CDS,True,True,CHRNA7-201,0,1,False,none,False,0.4419,supported,0.0,0.9226,3.111,False,0,,P36544,D,False
Inhibitory_neuron,CKAP2-201,CKAP2,0.1103448275862069,0.5467625899280576,4.582943487452065e-16,5.29480233242925e-15,True,-0.4364177623418507,CT_enriched,0.0277222777222777,True,8008.0,16,76,9.6364,26.9877,-1.3958,Dominant,Canonical,trial_failure_candidate,ENST00000258607,ENSG00000136108,protein_coding,PC_CDS,True,True,CKAP2-201,0,1,False,none,False,0.0625,emerging,0.0882,0.2918,6.25,False,0,,Q8WWK9,D,False
Inhibitory_neuron,CLDN12-203,CLDN12,0.3833333333333333,0.0486486486486486,5.783934071391573e-20,9.264153492757296e-19,True,0.3346846846846847,AD_enriched,0.0047619047619047,True,210.0,46,18,9.1708,4.1877,0.9713,Minor,Alternate,new_target_candidate,ENST00000394605,ENSG00000157224,protein_coding,PC_UTR,True,False,CLDN12-213,0,1,False,none,False,0.0342,novel,0.0,0.0122,0.552,False,0,,P56749,N,False
Inhibitory_neuron,transcript98598.chr4.nic,CLOCK,0.7768924302788844,0.256,2.101716404041397e-21,3.66856875727102e-20,True,0.5208924302788844,AD_enriched,0.0481740481740481,True,6435.0,195,32,47.0263,19.2575,1.2454,Minor,Alternate,new_target_candidate,transcript98598.chr4.nic,ENSG00000134852,,novel,True,False,CLOCK-211,2314,1,False,none,False,0.1099,emerging,0.0,0.9017,1.158,True,4,"bHLH, PAS 1, PAS 2",O15516,C,True
Inhibitory_neuron,CNKSR2-207,CNKSR2,0.4304347826086956,0.1777003484320557,5.847870595053001e-23,1.1691593764152065e-21,True,0.2527344341766399,AD_enriched,0.0476,True,10000.0,99,51,49.7729,37.2441,0.4088,Minor,Alternate,new_target_candidate,ENST00000543067,ENSG00000149970,protein_coding,PC_CDS,True,True,CNKSR2-202,344,1,False,none,False,0.0049,novel,0.0,0.0401,0.465,True,5,"SAM, CRIC, PDZ",Q8WXI2,C,True
Inhibitory_neuron,transcript48713.chr3.nnic,CNOT10,0.2333333333333333,0.0,1.4453053808778086e-06,5.600434183772567e-06,True,0.2333333333333333,AD_enriched,0.0119047619047619,True,252.0,7,0,6.9217,0.0,2.9858,Minor,Alternate,new_target_candidate,transcript48713.chr3.nnic,ENSG00000182973,,novel,True,False,CNOT10-201,2058,1,False,none,False,0.0,novel,0.0,0.0,0.0,False,0,,Q9H9A5,D,True
Inhibitory_neuron,CNOT8-204,CNOT8,0.46,0.0526315789473684,0.0001132370130232,0.0003268972244879,True,0.4073684210526316,AD_enriched,0.0,True,20.0,23,2,4.5981,0.4226,1.9764,Minor,Alternate,new_target_candidate,ENST00000517876,ENSG00000155508,protein_coding,PC_UTR,True,True,CNOT8-201,0,1,False,none,False,0.0,novel,0.0,0.0,0.0,False,0,,Q9UFF9,N,False
Inhibitory_neuron,COPG2-201,COPG2,0.5135135135135135,0.1173184357541899,3.307223697195098e-17,4.3770251654427123e-16,True,0.3961950777593236,AD_enriched,0.0454545454545454,True,220.0,133,21,42.0734,4.6363,2.934,Minor,Alternate,new_target_candidate,ENST00000330992,ENSG00000158623,protein_coding,PC_CDS,True,True,COPG2-202,508,1,False,none,False,0.2527,supported,0.0,0.0165,2.686,False,0,,Q9UBF2,D,True
Inhibitory_neuron,COPG2-202,COPG2,0.4864864864864865,0.88268156424581,3.307223697195098e-17,4.3770251654427123e-16,True,-0.3961950777593235,CT_enriched,0.0454545454545454,True,220.0,126,158,33.1682,38.9924,-0.2271,Dominant,Canonical,trial_failure_candidate,ENST00000425248,ENSG00000158623,protein_coding,PC_CDS,True,True,COPG2-202,0,1,False,none,False,0.2527,supported,0.0,0.0165,2.686,False,0,,Q9UBF2,D,False
Inhibitory_neuron,CYTH2-203,CYTH2,0.495049504950495,0.1531531531531531,1.8787454548628253e-08,9.28340655084716e-08,True,0.3418963517973419,AD_enriched,0.005050505050505,True,792.0,50,17,17.1486,4.5091,1.72,Minor,Alternate,new_target_candidate,ENST00000427476,ENSG00000105443,protein_coding,PC_CDS,True,True,,1096,1,False,none,False,0.0022,novel,0.0,0.0152,0.22,True,2,"SEC7, PH",Q99418,C,True
Inhibitory_neuron,DCAF11-204,DCAF11,0.4545454545454545,0.8534798534798534,2.827871999134996e-22,5.2793186526897705e-21,True,-0.3989343989343989,CT_enriched,0.0147630147630147,True,1287.0,105,233,33.3574,84.7543,-1.3196,Dominant,Canonical,trial_failure_candidate,ENST00000446197,ENSG00000100897,protein_coding,PC_CDS,True,True,DCAF11-204,0,1,False,none,False,0.0144,novel,0.0,0.1185,1.441,False,0,,Q8TEB1,D,False
Inhibitory_neuron,DCAF11-217,DCAF11,0.4675324675324675,0.0879120879120879,2.827871999134996e-22,5.2793186526897705e-21,True,0.3796203796203796,AD_enriched,0.0256410256410256,True,1287.0,108,24,12.0354,5.8432,0.9297,Minor,Alternate,new_target_candidate,ENST00000559115,ENSG00000100897,protein_coding,PC_UTR,True,True,DCAF11-204,0,3,True,none,False,0.0144,novel,0.0,0.1185,1.441,False,0,,Q8TEB1,N,False
Inhibitory_neuron,DCLK1-202,DCLK1,0.0864864864864864,0.419753086419753,2.219172927789448e-17,2.993228939444236e-16,True,-0.3332665999332666,CT_enriched,0.0221445221445221,True,1716.0,16,34,3.3843,17.5926,-2.0843,Dominant,Canonical,trial_failure_candidate,ENST00000360631,ENSG00000133083,protein_coding,PC_CDS,True,True,DCLK1-202,0,1,False,none,False,0.1513,emerging,0.0,0.125,2.128,True,3,"Doublecortin 1, Doublecortin 2, Protein kinase",O15075,C,False
Inhibitory_neuron,DCLK1-201,DCLK1,0.5135135135135135,0.0,2.219172927789448e-17,2.993228939444236e-16,True,0.5135135135135135,AD_enriched,0.0104895104895104,True,1716.0,95,0,19.4306,0.0,4.3527,Minor,Alternate,new_target_candidate,ENST00000255448,ENSG00000133083,protein_coding,PC_CDS,True,True,DCLK1-202,74,1,False,none,False,0.1513,emerging,0.0,0.125,2.128,True,3,"Doublecortin 1, Doublecortin 2, Protein kinase",O15075,C,True
Inhibitory_neuron,DDRGK1-202,DDRGK1,0.648936170212766,0.3666666666666666,0.0011066828294357,0.0026721532301321,True,0.2822695035460993,AD_enriched,0.0181818181818181,True,330.0,61,22,47.3971,8.7296,2.3145,Minor,Alternate,new_target_candidate,ENST00000380201,ENSG00000198171,protein_coding,PC_CDS,True,True,DDRGK1-201,106,1,False,none,False,0.0139,novel,0.0,0.114,0.381,True,1,PCI,Q96HY6,C,True
Inhibitory_neuron,DDRGK1-201,DDRGK1,0.351063829787234,0.6,0.0011066828294357,0.0026721532301321,True,-0.2489361702127659,CT_enriched,0.0363636363636363,True,330.0,33,36,10.2629,19.4945,-0.8637,Dominant,Canonical,trial_failure_candidate,ENST00000354488,ENSG00000198171,protein_coding,PC_CDS,True,True,DDRGK1-201,0,1,False,none,False,0.0139,novel,0.0,0.114,0.381,True,1,PCI,Q96HY6,C,False
Inhibitory_neuron,DDX18-201,DDX18,0.7110266159695817,0.9578059071729956,1.6371836772559396e-20,2.730899873481949e-19,True,-0.2467792912034139,CT_enriched,0.0329,True,10000.0,187,454,126.3407,149.6659,-0.2427,Dominant,Canonical,trial_failure_candidate,ENST00000263239,ENSG00000088205,protein_coding,PC_CDS,True,True,DDX18-201,0,1,False,none,False,0.2103,supported,0.346,0.0,18.727,True,2,"Helicase ATP-binding, Helicase C-terminal",Q9NVP1,C,False
Inhibitory_neuron,DDX19A-201,DDX19A,0.724233983286908,0.9386792452830188,9.277088689119512e-10,5.3426175719362425e-09,True,-0.2144452619961108,CT_enriched,0.0015,True,10000.0,260,199,96.1472,96.2693,-0.0018,Dominant,Canonical,trial_failure_candidate,ENST00000302243,ENSG00000168872,protein_coding,PC_CDS,True,True,DDX19A-201,0,2,True,none,False,0.2404,supported,0.0313,0.0,2.715,True,2,"Helicase ATP-binding, Helicase C-terminal",Q9NUU7,C,False
Inhibitory_neuron,DDX21-201,DDX21,0.4444444444444444,0.8907849829351536,3.0539192846806616e-14,3.026010004750364e-13,True,-0.4463405384907092,CT_enriched,0.0238095238095238,True,126.0,20,261,9.7445,66.0776,-2.6422,Dominant,Canonical,trial_failure_candidate,ENST00000354185,ENSG00000165732,protein_coding,PC_CDS,True,True,DDX21-201,0,1,False,none,False,0.0052,novel,0.0,0.0426,0.405,True,2,"Helicase ATP-binding, Helicase C-terminal",Q9NR30,C,False
Inhibitory_neuron,transcript136383.chr8.nic,DECR1,0.5377358490566038,0.0136986301369863,6.083937702209141e-32,2.271605348679148e-30,True,0.5240372189196174,AD_enriched,0.0481740481740481,True,1287.0,57,3,8.1808,1.2886,2.0042,Minor,Alternate,new_target_candidate,transcript136383.chr8.nic,ENSG00000104325,,novel,True,False,DECR1-201,879,1,False,none,False,0.0321,novel,0.0,0.2562,0.592,False,0,,Q16698,D,True
Inhibitory_neuron,DGKD-201,DGKD,0.7037037037037037,0.96875,2.610080520676003e-16,3.130985952249214e-15,True,-0.2650462962962963,CT_enriched,0.0183982683982684,True,924.0,114,279,22.9423,95.3666,-2.009,Dominant,Canonical,trial_failure_candidate,ENST00000264057,ENSG00000077044,protein_coding,PC_CDS,True,True,DGKD-201,0,1,False,none,False,0.0,novel,0.0,0.0,0.0,True,3,"PH, DAGKc, SAM",Q16760,C,False
Inhibitory_neuron,DMTF1-201,DMTF1,0.0329218106995884,0.2771084337349397,2.302941854904001e-16,2.7922550920319915e-15,True,-0.2441866230353513,CT_enriched,0.038,True,10000.0,8,23,3.1631,7.7692,-1.0748,Dominant,Canonical,trial_failure_candidate,ENST00000331242,ENSG00000135164,protein_coding,PC_CDS,True,True,DMTF1-201,0,1,False,none,False,0.0083,novel,0.0,0.0684,0.832,True,3,"Myb-like 1, HTH myb-type, Myb-like 2",Q9Y222,C,False
Inhibitory_neuron,DNPEP-201,DNPEP,0.3809523809523809,0.9183673469387756,3.4999349702614654e-08,1.6765194020674713e-07,True,-0.5374149659863947,CT_enriched,0.0378787878787878,True,1716.0,24,45,15.3513,50.7778,-1.6629,Dominant,Canonical,trial_failure_candidate,ENST00000273075,ENSG00000123992,protein_coding,PC_CDS,True,True,DNPEP-201,0,1,False,none,False,0.3602,supported,0.0,0.0,2.769,False,0,,Q9ULA0,D,False
Inhibitory_neuron,DOCK11-204,DOCK11,0.7142857142857143,0.0486486486486486,4.449673071731269e-23,9.056771400151948e-22,True,0.6656370656370657,AD_enriched,0.005050505050505,True,792.0,35,9,28.3643,6.3721,1.9939,Minor,Alternate,new_target_candidate,ENST00000633080,ENSG00000147251,protein_coding,PC_CDS,True,True,DOCK11-201,489,1,False,none,False,0.0,novel,0.0,0.0,0.0,True,3,"PH, C2 DOCK-type, DOCKER",Q5JSL3,C,True
Inhibitory_neuron,DPF3-209,DPF3,0.2121212121212121,0.7090909090909091,6.449151980834582e-07,2.619619514981655e-06,True,-0.496969696969697,CT_enriched,0.0481740481740481,True,1287.0,14,39,5.5943,29.3493,-2.2024,Dominant,Canonical,trial_failure_candidate,ENST00000556509,ENSG00000205683,protein_coding,PC_CDS,True,True,DPF3-209,0,1,False,none,False,0.006,novel,0.0,0.0494,0.523,False,0,,Q92784,D,False
Inhibitory_neuron,DTNA-225,DTNA,0.2043795620437956,0.0,1.50487948704817e-08,7.515066915834885e-08,True,0.2043795620437956,AD_enriched,0.0341880341880341,True,1287.0,28,0,5.8649,0.0,2.7792,Minor,Alternate,new_target_candidate,ENST00000595022,ENSG00000134769,protein_coding,PC_CDS,True,True,DTNA-207,261,1,False,none,False,0.0649,emerging,0.0,0.1728,1.136,False,0,,Q9Y4J8,D,True
Inhibitory_neuron,DYM-201,DYM,0.7538860103626943,0.4315245478036176,1.669003904226891e-20,2.775765195289443e-19,True,0.3223614625590767,AD_enriched,0.0137,True,10000.0,291,167,149.6001,67.7499,1.1313,Minor,Alternate,new_target_candidate,ENST00000269445,ENSG00000141627,protein_coding,PC_CDS,True,True,DYM-220,165,1,False,none,False,0.2419,supported,0.3945,0.0685,21.078,False,0,,Q7RTS9,D,True
Inhibitory_neuron,DYM-220,DYM,0.2357512953367875,0.5684754521963824,1.669003904226891e-20,2.775765195289443e-19,True,-0.3327241568595949,CT_enriched,0.0101,True,10000.0,91,220,39.902,143.4855,-1.8207,Dominant,Canonical,trial_failure_candidate,ENST00000675505,ENSG00000141627,protein_coding,PC_CDS,True,True,DYM-220,0,1,False,none,False,0.2419,supported,0.3945,0.0685,21.078,False,0,,Q7RTS9,D,False
Inhibitory_neuron,EIF4A2-201,EIF4A2,0.4343434343434343,0.7239709443099274,1.061609157752235e-84,5.441229483097366e-82,True,-0.289627509966493,CT_enriched,0.0341,True,10000.0,387,598,81.9167,222.8241,-1.4326,Dominant,Canonical,trial_failure_candidate,ENST00000323963,ENSG00000156976,protein_coding,PC_CDS,True,True,EIF4A2-201,0,1,False,none,False,0.0234,novel,0.0,0.1921,1.225,True,2,"Helicase ATP-binding, Helicase C-terminal",Q14240,C,False
Inhibitory_neuron,EP400-204,EP400,0.4861111111111111,0.795,9.295437945610872e-09,4.7556877620103554e-08,True,-0.3088888888888889,CT_enriched,0.0438,True,10000.0,70,159,40.3607,170.5673,-2.0524,Dominant,Canonical,trial_failure_candidate,ENST00000389561,ENSG00000183495,protein_coding,PC_CDS,True,True,EP400-204,0,1,False,none,False,0.0209,novel,0.0,0.0243,1.808,True,4,"HSA, Helicase ATP-binding, Helicase C-terminal",Q96L91,C,False
Inhibitory_neuron,EPHA5-204,EPHA5,0.5901639344262295,0.056910569105691,7.163644427666636e-15,7.451776251510054e-14,True,0.5332533653205385,AD_enriched,0.0497835497835497,True,462.0,36,7,7.6841,2.5805,1.2782,Minor,Alternate,new_target_candidate,ENST00000511294,ENSG00000145242,protein_coding,PC_CDS,True,True,EPHA5-205,222,1,False,none,False,0.0256,novel,0.0,0.204,2.194,True,5,"Eph LBD, Fibronectin type-III 1, Fibronectin type-III 2",P54756,C,True
Inhibitory_neuron,ERBB4-204,ERBB4,0.40754039497307,0.1933638443935926,1.7613377894819606e-22,3.3662449007116247e-21,True,0.2141765505794773,AD_enriched,0.03,True,10000.0,227,169,97.6975,126.9345,-0.3743,Minor,Alternate,new_target_candidate,ENST00000436443,ENSG00000178568,protein_coding,PC_CDS,True,True,ERBB4-202,48,2,True,none,False,0.1013,emerging,0.0,0.8328,0.291,True,1,Protein kinase,Q15303,C,True
Inhibitory_neuron,ERCC6-221,ERCC6,0.2227272727272727,0.0193704600484261,5.322452132400122e-52,6.819996618743609e-50,True,0.2033568126788466,AD_enriched,0.0299,True,10000.0,49,8,48.51,3.6334,3.4176,Minor,Alternate,new_target_candidate,ENST00000681659,ENSG00000225830,protein_coding,PC_CDS,True,True,ERCC6-201,159,1,False,none,False,0.0411,novel,0.0,0.0334,1.036,False,0,,P0DP91,D,True
Inhibitory_neuron,ERMP1-209,ERMP1,0.6,0.0,2.3612657660602508e-11,1.6395094075181891e-10,True,0.6,AD_enriched,0.019047619047619,True,210.0,33,0,19.2122,0.0,4.3372,Minor,Alternate,new_target_candidate,ENST00000686418,ENSG00000099219,protein_coding,PC_CDS,True,True,ERMP1-202,93,1,False,none,False,0.0126,novel,0.0,0.0942,1.264,False,0,,Q7Z2K6,D,True
Inhibitory_neuron,ETV1-205,ETV1,0.5185185185185185,0.1379310344827586,0.0001055782741065,0.000306671978059,True,0.3805874840357599,AD_enriched,0.0428571428571428,True,70.0,28,8,7.7649,4.3862,0.7025,Minor,Alternate,new_target_candidate,ENST00000405218,ENSG00000006468,protein_coding,PC_UTR,True,True,ETV1-208,0,1,False,none,False,0.2757,supported,0.4244,0.035,2.19,False,0,,P50549,N,False
Inhibitory_neuron,FAM120B-201,FAM120B,0.09375,0.7906976744186046,3.4159603269478742e-09,1.851844646474242e-08,True,-0.6969476744186046,CT_enriched,0.0158730158730158,True,126.0,3,34,2.0336,13.1444,-2.2211,Dominant,Canonical,trial_failure_candidate,ENST00000476287,ENSG00000112584,protein_coding,PC_CDS,True,True,FAM120B-201,0,1,False,none,False,0.0404,novel,0.0664,0.0,4.039,False,0,,Q96EK7,D,False
Inhibitory_neuron,FAM234A-203,FAM234A,0.336734693877551,0.7173252279635258,1.1261837858699827e-24,2.623729001956596e-23,True,-0.3805905340859748,CT_enriched,0.0459540459540459,True,2002.0,99,236,17.8893,71.5329,-1.9411,Dominant,Canonical,trial_failure_candidate,ENST00000399932,ENSG00000167930,protein_coding,PC_CDS,True,True,FAM234A-203,0,2,True,none,False,0.0,novel,0.0,0.0,0.0,False,0,,Q9H0X4,D,False
Inhibitory_neuron,FASTKD5-201,FASTKD5,0.6538461538461539,0.935251798561151,7.330229510260514e-12,5.4582188778489185e-11,True,-0.2814056447149972,CT_enriched,0.043045843045843,True,6435.0,51,260,19.2342,99.5107,-2.3125,Dominant,Canonical,trial_failure_candidate,ENST00000380266,ENSG00000215251,protein_coding,PC_CDS,True,True,FASTKD5-201,0,2,True,none,False,0.0,novel,0.0,0.0,0.0,True,1,RAP,Q7L8L6,C,False
Inhibitory_neuron,FHIP2B-201,FHIP2B,0.2441860465116279,0.8064516129032258,1.6339031344553668e-12,1.3142079334981535e-11,True,-0.5622655663915979,CT_enriched,0.0064102564102564,True,1716.0,21,50,5.9675,67.3271,-3.2938,Dominant,Canonical,trial_failure_candidate,ENST00000289921,ENSG00000158863,protein_coding,PC_CDS,True,True,FHIP2B-201,0,1,False,none,False,0.0,novel,0.0,0.0,0.0,False,0,,Q86V87,D,False
Inhibitory_neuron,transcript190556.chr9.nic,FKBP15,0.2347826086956521,0.0,2.679678721200682e-46,2.5180047716882414e-44,True,0.2347826086956521,AD_enriched,0.0231768231768231,True,5005.0,54,0,5.445,0.0,2.6882,Minor,Alternate,new_target_candidate,transcript190556.chr9.nic,ENSG00000119321,,novel,True,False,,0,1,False,none,False,0.0,novel,0.0,0.0,0.0,True,1,PPIase FKBP-type,Q5T1M5,C,False
Inhibitory_neuron,FOXO3-203,FOXO3,0.4375,0.0795454545454545,4.5475247989134535e-06,1.63722508405326e-05,True,0.3579545454545455,AD_enriched,0.0357142857142857,True,252.0,14,7,6.9694,2.6539,1.125,Minor,Alternate,new_target_candidate,ENST00000540898,ENSG00000118689,protein_coding,PC_UTR,True,False,FOXO3-202,0,2,True,none,False,0.5746,supported,0.0,0.7718,15.16,False,0,,O43524,N,False
Inhibitory_neuron,transcript142153.chr1.nic,FUBP1,0.4,0.1363636363636363,0.0198848072668091,0.0368784682139046,True,0.2636363636363637,AD_enriched,0.0454545454545454,True,462.0,16,6,6.5705,2.799,0.9948,Minor,Alternate,new_target_candidate,transcript142153.chr1.nic,ENSG00000162613,,novel,True,False,FUBP1-203,1806,1,False,none,False,0.0,novel,0.0,0.0,0.0,True,4,"KH 1, KH 2, KH 3",Q96AE4,C,True
Inhibitory_neuron,GGCX-201,GGCX,0.5454545454545454,0.9,5.361380578586429e-07,2.2079958876603573e-06,True,-0.3545454545454546,CT_enriched,0.0178571428571428,True,56.0,42,45,6.5233,17.3524,-1.2865,Dominant,Canonical,trial_failure_candidate,ENST00000233838,ENSG00000115486,protein_coding,PC_CDS,True,True,GGCX-201,0,1,False,none,False,0.0,novel,0.0,0.0,0.0,False,0,,P38435,D,False
Inhibitory_neuron,transcript14161.chr7.nnic,GLCCI1,0.4354838709677419,0.0460526315789473,8.23116338364202e-12,6.074253816357815e-11,True,0.3894312393887946,AD_enriched,0.0114885114885114,True,2002.0,27,7,12.6612,2.9008,1.8082,Minor,Alternate,new_target_candidate,transcript14161.chr7.nnic,ENSG00000106415,,novel,True,False,GLCCI1-201,841,1,False,none,False,0.0383,novel,0.0588,0.0851,3.832,False,0,,Q86VQ1,D,True
Inhibitory_neuron,GMEB1-203,GMEB1,0.5736434108527132,0.9214285714285714,9.195577585068174e-11,5.91159252276104e-10,True,-0.3477851605758582,CT_enriched,0.0128205128205128,True,1716.0,74,129,12.7628,106.6792,-2.9679,Dominant,Canonical,trial_failure_candidate,ENST00000373816,ENSG00000162419,protein_coding,PC_CDS,True,True,GMEB1-203,0,1,False,none,False,0.0852,emerging,0.1402,0.0,8.522,True,1,SAND,Q9Y692,C,False
Inhibitory_neuron,GMEB1-201,GMEB1,0.2945736434108527,0.0285714285714285,9.195577585068174e-11,5.91159252276104e-10,True,0.2660022148394241,AD_enriched,0.0174825174825174,True,1716.0,38,4,6.4753,1.0713,1.8516,Minor,Alternate,new_target_candidate,ENST00000294409,ENSG00000162419,protein_coding,PC_CDS,True,True,GMEB1-203,30,1,False,none,False,0.0852,emerging,0.1402,0.0,8.522,True,1,SAND,Q9Y692,C,True
Inhibitory_neuron,GPR176-201,GPR176,0.9019607843137256,0.461038961038961,3.2496805295528623e-16,3.841027007467304e-15,True,0.4409218232747646,AD_enriched,0.0113636363636363,True,792.0,138,71,27.3909,17.1751,0.6435,Minor,Alternate,new_target_candidate,ENST00000299092,ENSG00000166073,protein_coding,PC_CDS,True,True,GPR176-205,119,1,False,none,False,0.0044,novel,0.0,0.0365,0.375,False,0,,Q14439,D,True
Inhibitory_neuron,GPR176-205,GPR176,0.0980392156862745,0.538961038961039,3.2496805295528623e-16,3.841027007467304e-15,True,-0.4409218232747645,CT_enriched,0.0138888888888888,True,792.0,15,83,2.394,22.2535,-2.7764,Dominant,Canonical,trial_failure_candidate,ENST00000561100,ENSG00000166073,protein_coding,PC_CDS,True,True,GPR176-205,0,1,False,none,False,0.0044,novel,0.0,0.0365,0.375,False,0,,Q14439,D,False
Inhibitory_neuron,GTF3C3-201,GTF3C3,0.6666666666666666,0.9806201550387597,4.883001759576509e-14,4.706045114614079e-13,True,-0.313953488372093,CT_enriched,0.0151515151515151,True,792.0,28,253,8.2378,67.4888,-2.8902,Dominant,Canonical,trial_failure_candidate,ENST00000263956,ENSG00000119041,protein_coding,PC_CDS,True,True,GTF3C3-201,0,1,False,none,False,0.0,novel,0.0,0.0,0.0,False,0,,Q9Y5Q9,D,False
Inhibitory_neuron,HACE1-201,HACE1,0.247191011235955,0.6363636363636364,2.433482544979036e-05,7.839985479195317e-05,True,-0.3891726251276813,CT_enriched,0.0424575424575424,True,2002.0,22,35,5.6713,12.4366,-1.0101,Dominant,Canonical,trial_failure_candidate,ENST00000262903,ENSG00000085382,protein_coding,PC_CDS,True,True,HACE1-201,0,1,False,none,False,0.0131,novel,0.0,0.1021,0.223,True,1,HECT,Q8IYU2,C,False
Inhibitory_neuron,HDAC6-236,HDAC6,0.2058823529411764,0.0,5.548746270691219e-07,2.2785019281978945e-06,True,0.2058823529411764,AD_enriched,0.0335664335664335,True,715.0,14,0,1.9115,0.0,1.5417,Minor,Alternate,new_target_candidate,ENST00000644068,ENSG00000094631,protein_coding,PC_UTR,True,True,HDAC6-201,0,1,False,none,False,0.1231,emerging,0.0,0.9364,1.476,False,0,,Q9UBN7,N,False
Inhibitory_neuron,HGF-211,HGF,0.7551020408163265,0.2947368421052631,6.77597494821421e-07,2.7424943832039995e-06,True,0.4603651987110634,AD_enriched,0.0151515151515151,True,462.0,37,28,14.8498,8.2815,0.772,Minor,Alternate,new_target_candidate,ENST00000643024,ENSG00000019991,protein_coding,PC_CDS,True,True,HGF-201,1643,1,False,none,False,0.1086,emerging,0.0623,0.812,1.969,True,6,"PAN, Kringle 1, Kringle 2",P14210,C,True
Inhibitory_neuron,HGF-201,HGF,0.1632653061224489,0.5052631578947369,6.77597494821421e-07,2.7424943832039995e-06,True,-0.3419978517722879,CT_enriched,0.0151515151515151,True,462.0,8,48,3.8511,20.3238,-2.1361,Dominant,Canonical,trial_failure_candidate,ENST00000222390,ENSG00000019991,protein_coding,PC_CDS,True,True,HGF-201,0,1,False,none,False,0.1086,emerging,0.0623,0.812,1.969,True,6,"PAN, Kringle 1, Kringle 2",P14210,C,False
Inhibitory_neuron,HLA-A-209,HLA-A,0.2153846153846154,0.0,8.566348228040464e-07,3.4253242063611448e-06,True,0.2153846153846154,AD_enriched,0.0047619047619047,True,210.0,14,0,2.2446,0.0,1.6981,Minor,Alternate,new_target_candidate,ENST00000638375,ENSG00000206503,protein_coding,PC_CDS,True,True,HLA-A-203,117,1,False,none,False,0.0497,novel,0.0,0.409,2.742,True,1,Ig-like C1-type,P04439,C,True
Inhibitory_neuron,HOOK2-201,HOOK2,0.7235772357723578,0.2137404580152671,3.57049236772476e-17,4.681496737030744e-16,True,0.5098367777570907,AD_enriched,0.0216450216450216,True,3003.0,89,28,21.172,20.1162,0.0704,Minor,Alternate,new_target_candidate,ENST00000264827,ENSG00000095066,protein_coding,PC_CDS,True,True,HOOK2-202,6,1,False,none,False,0.0102,novel,0.0,0.084,0.788,True,1,Calponin-homology (CH),Q96ED9,C,True
Inhibitory_neuron,HPS1-245,HPS1,0.21875,0.0068965517241379,9.516760830776866e-16,1.0688346128270912e-14,True,0.2118534482758621,AD_enriched,0.0194805194805194,True,462.0,14,1,1.4117,0.1933,1.0151,Minor,Alternate,new_target_candidate,ENST00000699146,ENSG00000107521,protein_coding,PC_CDS,True,True,HPS1-203,48,1,False,none,False,0.0262,novel,0.0,0.2155,2.62,False,0,,Q92902,D,True
Inhibitory_neuron,ICA1L-201,ICA1L,0.0450819672131147,0.951219512195122,2.6178967299125457e-43,1.9168443848372638e-41,True,-0.9061375449820072,CT_enriched,0.0,True,10.0,11,39,1.4424,8.1246,-1.9015,Dominant,Canonical,trial_failure_candidate,ENST00000358299,ENSG00000163596,protein_coding,PC_CDS,True,True,ICA1L-201,0,1,False,none,False,0.1789,emerging,0.2786,0.3136,15.928,True,1,AH,Q8NDH6,C,False
Inhibitory_neuron,IFNAR2-202,IFNAR2,0.0,0.5576923076923077,5.4895567063183227e-08,2.570608032410524e-07,True,-0.5576923076923077,CT_enriched,0.0317460317460317,True,252.0,0,29,0.0,17.9618,-4.245,Dominant,Canonical,trial_failure_candidate,ENST00000342136,ENSG00000159110,protein_coding,PC_CDS,True,True,IFNAR2-202,0,1,False,none,False,0.0817,emerging,0.0,0.2451,6.494,False,0,,P48551,D,False
Inhibitory_neuron,INTU-201,INTU,0.5922330097087378,0.9153846153846154,8.253208651005417e-08,3.795398888610811e-07,True,-0.3231516056758775,CT_enriched,0.0377622377622377,True,5005.0,61,119,18.0079,50.519,-1.4385,Dominant,Canonical,trial_failure_candidate,ENST00000335251,ENSG00000164066,protein_coding,PC_CDS,True,True,INTU-201,0,2,True,none,False,0.0016,novel,0.0,0.0,0.157,True,1,PDZ,Q9ULD6,C,False
Inhibitory_neuron,ITCH-202,ITCH,0.0222222222222222,0.7127659574468085,2.1726616332166685e-15,2.3693358390861853e-14,True,-0.6905437352245862,CT_enriched,0.0396825396825396,True,126.0,1,67,2.1664,22.8255,-2.9116,Dominant,Canonical,trial_failure_candidate,ENST00000374864,ENSG00000078747,protein_coding,PC_CDS,True,True,ITCH-202,0,1,False,none,False,0.028,novel,0.0,0.23,0.553,True,6,"C2, WW 1, WW 2",Q96J02,C,False
Inhibitory_neuron,KARS1-201,KARS1,0.4576271186440678,0.859375,6.373660842923169e-06,2.243114845967592e-05,True,-0.4017478813559322,CT_enriched,0.0274725274725274,True,2002.0,27,55,7.2125,23.4968,-1.5767,Dominant,Canonical,trial_failure_candidate,ENST00000302445,ENSG00000065427,protein_coding,PC_CDS,True,True,KARS1-201,0,1,False,none,False,0.0269,novel,0.0,0.221,1.878,False,0,,Q15046,D,False
Inhibitory_neuron,KIAA0513-206,KIAA0513,0.4457831325301205,0.7666666666666667,0.0096575007615447,0.0193630829635807,True,-0.3208835341365462,CT_enriched,0.0396825396825396,True,126.0,37,23,6.8883,7.8159,-0.1604,Dominant,Canonical,trial_failure_candidate,ENST00000683363,ENSG00000135709,protein_coding,PC_CDS,True,True,KIAA0513-206,0,1,False,none,False,0.0682,emerging,0.0,0.5483,6.816,False,0,,O60268,D,False
Inhibitory_neuron,KIAA1191-212,KIAA1191,0.7328385899814471,0.3071428571428571,1.9237441431357682e-30,6.695104616666333e-29,True,0.42569573283859,AD_enriched,0.037,True,10000.0,395,86,71.3939,40.862,0.7902,Minor,Alternate,new_target_candidate,ENST00000614420,ENSG00000122203,protein_coding,PC_CDS,True,True,KIAA1191-201,179,1,False,none,False,0.0,novel,0.0,0.0,0.0,False,0,,Q96A73,D,True
Inhibitory_neuron,KIF1B-214,KIF1B,0.6037735849056604,1.0,4.799447000428581e-07,1.988191196797673e-06,True,-0.3962264150943396,CT_enriched,0.0317460317460317,True,126.0,32,67,17.9473,59.008,-1.6632,Dominant,Canonical,trial_failure_candidate,ENST00000676179,ENSG00000054523,protein_coding,PC_CDS,True,True,KIF1B-214,0,1,False,none,False,0.073,emerging,0.0434,0.2192,0.824,True,3,"Kinesin motor, FHA, PH",O60333,C,False
Inhibitory_neuron,KIT-223,KIT,0.3772241992882562,0.0349462365591397,3.226672880768388e-51,3.8706344046323766e-49,True,0.3422779627291165,AD_enriched,0.0,True,126.0,106,26,19.1488,9.988,0.8748,Minor,Alternate,new_target_candidate,ENST00000692783,ENSG00000157404,protein_coding,PC_CDS,True,True,KIT-201,3,1,False,none,False,0.3706,supported,0.0,0.3326,2.28,True,6,"Ig-like C2-type 1, Ig-like C2-type 2, Ig-like C2-type 3",P10721,C,True
Inhibitory_neuron,LARP1B-201,LARP1B,0.0170454545454545,0.2291666666666666,6.746730608059745e-12,5.0381545918199785e-11,True,-0.2121212121212121,CT_enriched,0.011,True,10000.0,3,11,1.2595,11.089,-2.4196,Dominant,Canonical,trial_failure_candidate,ENST00000326639,ENSG00000138709,protein_coding,PC_CDS,True,True,LARP1B-201,0,1,False,none,False,0.0037,novel,0.0,0.0304,0.37,True,1,HTH La-type RNA-binding,Q659C4,C,False
Inhibitory_neuron,LGI1-202,LGI1,0.4140435835351089,0.8433048433048433,7.82083118822039e-41,5.1271914231612296e-39,True,-0.4292612597697344,CT_enriched,0.0314,True,10000.0,171,296,43.0183,110.5346,-1.3413,Dominant,Canonical,trial_failure_candidate,ENST00000371418,ENSG00000108231,protein_coding,PC_CDS,True,True,LGI1-202,0,1,False,none,False,0.0835,emerging,0.0,0.6811,1.361,True,2,"LRRNT, LRRCT",O95970,C,False
Inhibitory_neuron,LRP8-201,LRP8,0.0930232558139534,0.5280898876404494,6.9495207902033376e-15,7.242402627572351e-14,True,-0.4350666318264959,CT_enriched,0.0217560217560217,True,1287.0,8,47,3.6522,31.5482,-2.8066,Dominant,Canonical,trial_failure_candidate,ENST00000306052,ENSG00000157193,protein_coding,PC_CDS,True,True,LRP8-201,0,1,False,none,False,0.1131,emerging,0.0,0.9302,3.504,True,9,"LDL-receptor class A 1, LDL-receptor class A 2, LDL-receptor class A 3",Q14114,C,False
Inhibitory_neuron,LRRN2-201,LRRN2,0.6815286624203821,0.1333333333333333,2.0175480757237359e-10,1.2513681024125879e-09,True,0.5481953290870488,AD_enriched,0.0484848484848484,True,330.0,107,6,81.4579,2.6714,4.4892,Minor,Alternate,new_target_candidate,ENST00000367175,ENSG00000170382,protein_coding,PC_UTR,True,False,LRRN2-203,0,1,False,none,False,0.2333,supported,0.3815,0.0453,23.329,True,2,"LRRNT, LRRCT",O43300,N,False
Inhibitory_neuron,LRRN2-203,LRRN2,0.3184713375796178,0.8666666666666667,2.0175480757237359e-10,1.2513681024125879e-09,True,-0.5481953290870489,CT_enriched,0.0484848484848484,True,330.0,50,39,9.021,15.3937,-0.7101,Dominant,Canonical,trial_failure_candidate,ENST00000367177,ENSG00000170382,protein_coding,PC_CDS,True,True,LRRN2-203,0,1,False,none,False,0.2333,supported,0.3815,0.0453,23.329,True,2,"LRRNT, LRRCT",O43300,C,False
Inhibitory_neuron,transcript43561.chr7.nnic,LSM5,0.5,0.1304347826086956,4.397915745342442e-05,0.0001350514649904,True,0.3695652173913044,AD_enriched,0.0202020202020202,True,792.0,27,9,7.7246,3.7894,0.8652,Minor,Alternate,new_target_candidate,transcript43561.chr7.nnic,ENSG00000106355,,novel,True,False,LSM5-208,197,1,False,none,False,0.0344,novel,0.0566,0.0,3.442,True,1,Sm,Q9Y4Y9,C,True
Inhibitory_neuron,LYPD6-203,LYPD6,0.5470085470085471,0.0367647058823529,2.341722633790025e-22,4.43041349305643e-21,True,0.5102438411261941,AD_enriched,0.0173160173160173,True,462.0,64,5,38.1179,2.1981,3.6126,Minor,Alternate,new_target_candidate,ENST00000409381,ENSG00000187123,protein_coding,PC_UTR,True,True,LYPD6-201,0,1,False,none,False,0.0226,novel,0.0,0.1859,1.928,True,1,UPAR/Ly6,Q86Y78,N,False
Inhibitory_neuron,MAP3K4-202,MAP3K4,0.3689320388349514,0.0,7.705552059004378e-11,4.991581072440915e-10,True,0.3689320388349514,AD_enriched,0.0303030303030303,True,1287.0,38,0,24.2437,0.0,4.6579,Minor,Alternate,new_target_candidate,ENST00000366919,ENSG00000085511,protein_coding,PC_CDS,True,True,MAP3K4-204,150,1,False,none,False,0.009,novel,0.0,0.0737,0.691,True,1,Protein kinase,Q9Y6R4,C,True
Inhibitory_neuron,MED23-205,MED23,0.2222222222222222,0.7560975609756098,2.181645734727254e-07,9.490832293512544e-07,True,-0.5338753387533876,CT_enriched,0.0212121212121212,True,330.0,12,31,3.4147,27.8569,-2.7085,Dominant,Canonical,trial_failure_candidate,ENST00000368068,ENSG00000112282,protein_coding,PC_CDS,True,True,MED23-205,0,1,False,none,False,0.062,emerging,0.0,0.5101,6.202,False,0,,Q9ULK4,D,False
Inhibitory_neuron,METTL9-201,METTL9,0.2209302325581395,0.6638655462184874,2.4947637327992955e-09,1.3776178183665454e-08,True,-0.4429353136603479,CT_enriched,0.0296370296370296,True,3003.0,19,79,5.7133,118.0407,-4.1483,Dominant,Canonical,trial_failure_candidate,ENST00000358154,ENSG00000197006,protein_coding,PC_CDS,True,True,METTL9-201,0,1,False,none,False,0.0,novel,0.0,0.0,0.0,False,0,,Q9H1A3,D,False
Inhibitory_neuron,MFN2-201,MFN2,0.0,0.3829787234042553,1.6338585507549316e-12,1.3142079334981535e-11,True,-0.3829787234042553,CT_enriched,0.0238095238095238,True,84.0,0,18,0.0,10.4585,-3.5183,Dominant,Canonical,trial_failure_candidate,ENST00000235329,ENSG00000116688,protein_coding,PC_CDS,True,True,MFN2-201,0,1,False,none,False,0.0824,emerging,0.0,0.6777,1.007,True,1,Dynamin-type G,O95140,C,False
Inhibitory_neuron,MIGA2-214,MIGA2,0.1555555555555555,0.8398058252427184,3.1406478740204294e-39,1.8254611045079568e-37,True,-0.6842502696871628,CT_enriched,0.032012432012432,True,6435.0,28,173,13.2112,41.5748,-1.583,Dominant,Canonical,trial_failure_candidate,ENST00000684074,ENSG00000148343,protein_coding,PC_CDS,True,True,MIGA2-214,0,1,False,none,False,0.0,novel,0.0,0.0,0.0,False,0,,Q7L4E1,D,False
Inhibitory_neuron,MIPOL1-216,MIPOL1,0.0833333333333333,0.59375,4.9689536880054766e-08,2.3384775369762e-07,True,-0.5104166666666667,CT_enriched,0.0202,True,10000.0,8,19,1.0461,46.5895,-4.5397,Dominant,Canonical,trial_failure_candidate,ENST00000684589,ENSG00000151338,protein_coding,PC_CDS,True,True,MIPOL1-216,0,1,False,none,False,0.0,novel,0.0,0.0,0.0,False,0,,Q8TD10,D,False
Inhibitory_neuron,MLST8-232,MLST8,0.2450980392156862,0.6875,5.744923099232602e-07,2.35049901549154e-06,True,-0.4424019607843138,CT_enriched,0.0416666666666666,True,120.0,25,33,4.4504,16.6131,-1.6922,Dominant,Canonical,trial_failure_candidate,ENST00000569417,ENSG00000167965,protein_coding,PC_CDS,True,True,MLST8-232,0,1,False,none,False,0.0046,novel,0.0,0.038,0.44,False,0,,Q9BVC4,D,False
Inhibitory_neuron,MRPS5-201,MRPS5,0.2119205298013245,0.5753424657534246,6.893465702557865e-08,3.190916225863813e-07,True,-0.3634219359521001,CT_enriched,0.0202020202020202,True,1287.0,32,42,5.6456,13.9736,-1.1719,Dominant,Canonical,trial_failure_candidate,ENST00000272418,ENSG00000144029,protein_coding,PC_CDS,True,True,MRPS5-201,0,1,False,none,False,0.0,novel,0.0,0.0,0.0,True,1,S5 DRBM,P82675,C,False
Inhibitory_neuron,MTMR14-203,MTMR14,0.5684210526315789,0.125,2.5044092464889522e-08,1.2203854219278057e-07,True,0.4434210526315789,AD_enriched,0.0043290043290043,True,462.0,54,5,13.4798,1.1468,2.7538,Minor,Alternate,new_target_candidate,ENST00000353332,ENSG00000163719,protein_coding,PC_CDS,True,True,MTMR14-201,156,1,False,none,False,0.4713,supported,0.0,0.0608,2.308,False,0,,Q8NCE2,D,True
Inhibitory_neuron,MTR-205,MTR,0.3579545454545454,0.0032362459546925,7.2470119616254885e-34,3.0265669214551473e-32,True,0.3547182994998529,AD_enriched,0.0319680319680319,True,5005.0,63,1,35.7197,0.2294,4.9006,Minor,Alternate,new_target_candidate,ENST00000535889,ENSG00000116984,protein_coding,PC_CDS,True,True,MTR-202,153,1,False,none,False,0.0233,novel,0.0,0.1918,1.168,True,5,"Hcy-binding, Pterin-binding, B12-binding N-terminal",Q99707,C,True
Inhibitory_neuron,NCLN-208,NCLN,0.5217391304347826,0.025,1.421549004524743e-06,5.523565325644729e-06,True,0.4967391304347825,AD_enriched,0.0181818181818181,True,165.0,24,1,21.8428,0.1933,4.2587,Minor,Alternate,new_target_candidate,ENST00000592737,ENSG00000125912,protein_coding,PC_CDS,True,True,NCLN-201,660,1,False,none,False,0.0028,novel,0.0,0.0228,0.277,False,0,,Q969V3,D,True
Inhibitory_neuron,NCLN-201,NCLN,0.4782608695652174,0.975,1.421549004524743e-06,5.523565325644729e-06,True,-0.4967391304347825,CT_enriched,0.0181818181818181,True,165.0,22,39,17.7722,14.869,0.2424,Dominant,Canonical,trial_failure_candidate,ENST00000246117,ENSG00000125912,protein_coding,PC_CDS,True,True,NCLN-201,0,1,False,none,False,0.0028,novel,0.0,0.0228,0.277,False,0,,Q969V3,D,False
Inhibitory_neuron,transcript184301.chr8.nic,NDRG1,0.717391304347826,0.1176470588235294,6.937721405120366e-10,4.061772926486876e-09,True,0.5997442455242966,AD_enriched,0.0261072261072261,True,6435.0,66,4,169.6144,1.78,5.9395,Minor,Alternate,new_target_candidate,transcript184301.chr8.nic,ENSG00000104419,,novel,True,False,NDRG1-201,880,1,False,none,False,0.0785,emerging,0.0,0.1294,0.881,False,0,,Q92597,D,True
Inhibitory_neuron,NDRG1-201,NDRG1,0.1739130434782608,0.7352941176470589,6.937721405120366e-10,4.061772926486876e-09,True,-0.5613810741687981,CT_enriched,0.0156954156954156,True,6435.0,16,25,10.8112,17.2947,-0.6313,Dominant,Canonical,trial_failure_candidate,ENST00000323851,ENSG00000104419,protein_coding,PC_CDS,True,True,NDRG1-201,0,1,False,none,False,0.0785,emerging,0.0,0.1294,0.881,False,0,,Q92597,D,False
Inhibitory_neuron,NEPRO-201,NEPRO,0.2142857142857142,0.6842105263157895,4.4704353621684955e-09,2.3935721340841383e-08,True,-0.4699248120300753,CT_enriched,0.0404040404040404,True,495.0,18,65,10.8246,26.5314,-1.2193,Dominant,Canonical,trial_failure_candidate,ENST00000314400,ENSG00000163608,protein_coding,PC_CDS,True,True,NEPRO-201,0,1,False,none,False,0.0028,novel,0.0,0.0226,0.275,False,0,,Q6NW34,D,False
Inhibitory_neuron,transcript71270.chr18.nnic,NETO1,0.8035714285714286,0.2222222222222222,2.106424060935996e-07,9.184856036780464e-07,True,0.5813492063492064,AD_enriched,0.0019980019980019,True,2002.0,45,8,29.9019,4.1982,2.5716,Minor,Alternate,new_target_candidate,transcript71270.chr18.nnic,ENSG00000166342,,novel,True,False,NETO1-201,1513,1,False,none,False,0.009,novel,0.0,0.0742,0.902,True,3,"CUB 1, CUB 2, LDL-receptor class A",Q8TDF5,C,True
Inhibitory_neuron,NETO1-201,NETO1,0.1785714285714285,0.75,2.106424060935996e-07,9.184856036780464e-07,True,-0.5714285714285715,CT_enriched,0.0054945054945054,True,2002.0,10,27,6.2921,12.8874,-0.9294,Dominant,Canonical,trial_failure_candidate,ENST00000327305,ENSG00000166342,protein_coding,PC_CDS,True,True,NETO1-201,0,1,False,none,False,0.009,novel,0.0,0.0742,0.902,True,3,"CUB 1, CUB 2, LDL-receptor class A",Q8TDF5,C,False
Inhibitory_neuron,NISCH-202,NISCH,0.813953488372093,0.2814070351758794,4.6456524259761464e-30,1.5874053562214247e-28,True,0.5325464531962136,AD_enriched,0.004,True,10000.0,210,56,73.4479,39.0888,0.893,Minor,Alternate,new_target_candidate,ENST00000420808,ENSG00000010322,protein_coding,PC_CDS,True,True,NISCH-201,2376,1,False,none,False,0.4271,supported,0.0,0.028,2.778,True,1,PX,Q9Y2I1,C,True
Inhibitory_neuron,NOVA1-206,NOVA1,0.6893203883495146,0.9344262295081968,1.7566258047539036e-05,5.788353776445631e-05,True,-0.2451058411586821,CT_enriched,0.0184815184815184,True,2002.0,71,114,19.9596,35.9816,-0.8192,Dominant,Canonical,trial_failure_candidate,ENST00000539517,ENSG00000139910,protein_coding,PC_CDS,True,True,NOVA1-206,0,1,False,none,False,0.0734,emerging,0.0,0.0408,0.882,True,3,"KH 1, KH 2, KH 3",P51513,C,False
Inhibitory_neuron,transcript151351.chr4.nic,NPNT,0.2407407407407407,0.0279720279720279,1.3412574020024584e-07,6.044771568736897e-07,True,0.2127687127687128,AD_enriched,0.0031080031080031,True,1287.0,13,4,9.262,1.6303,1.964,Minor,Alternate,new_target_candidate,transcript151351.chr4.nic,ENSG00000168743,,novel,True,False,NPNT-202,1602,1,False,none,False,0.0109,novel,0.0,0.0893,0.72,True,6,"EGF-like 1, EGF-like 2, EGF-like 3",Q6UXI9,C,True
Inhibitory_neuron,NPNT-202,NPNT,0.7037037037037037,0.972027972027972,1.3412574020024584e-07,6.044771568736897e-07,True,-0.2683242683242682,CT_enriched,0.0031080031080031,True,1287.0,38,139,15.7934,57.9144,-1.8107,Dominant,Canonical,trial_failure_candidate,ENST00000379987,ENSG00000168743,protein_coding,PC_CDS,True,True,NPNT-202,0,1,False,none,False,0.0109,novel,0.0,0.0893,0.72,True,6,"EGF-like 1, EGF-like 2, EGF-like 3",Q6UXI9,C,False
Inhibitory_neuron,NUP98-231,NUP98,0.4022988505747126,0.1129032258064516,2.190087790536558e-09,1.2129386014779092e-08,True,0.289395624768261,AD_enriched,0.0086580086580086,True,462.0,35,7,19.0649,3.7122,2.0902,Minor,Alternate,new_target_candidate,ENST00000700604,ENSG00000110713,protein_coding_CDS_not_defined,PC_CDS_ND,True,False,,0,1,False,none,False,0.0215,novel,0.0,0.1767,1.245,True,1,Peptidase S59,P52948,C,False
Inhibitory_neuron,OFD1-201,OFD1,0.0869565217391304,0.417910447761194,4.1769394929625924e-14,4.0672858137000164e-13,True,-0.3309539260220636,CT_enriched,0.0369630369630369,True,2002.0,12,28,8.6848,9.756,-0.1513,Dominant,Canonical,trial_failure_candidate,ENST00000340096,ENSG00000046651,protein_coding,PC_CDS,True,True,OFD1-201,0,1,False,none,False,0.0,novel,0.0,0.0,0.0,True,1,LisH,O75665,C,False
Inhibitory_neuron,OGFOD3-201,OGFOD3,0.3582089552238806,0.6744186046511628,0.0040104813993101,0.0086295341066046,True,-0.3162096494272822,CT_enriched,0.0389610389610389,True,924.0,24,29,3.7641,34.3492,-2.8914,Dominant,Canonical,trial_failure_candidate,ENST00000313056,ENSG00000181396,protein_coding,PC_CDS,True,True,OGFOD3-201,0,2,True,none,False,0.0074,novel,0.0,0.0608,0.739,True,1,Fe2OG dioxygenase,Q6PK18,C,False
Inhibitory_neuron,ORC3-202,ORC3,0.3937007874015748,0.7083333333333334,3.38082329833448e-07,1.433164041805248e-06,True,-0.3146325459317585,CT_enriched,0.0380952380952381,True,210.0,50,102,14.2772,32.5644,-1.1356,Dominant,Canonical,trial_failure_candidate,ENST00000392844,ENSG00000135336,protein_coding,PC_CDS,True,True,ORC3-202,0,1,False,none,False,0.0053,novel,0.0,0.0122,0.535,False,0,,Q9UBD5,D,False
Inhibitory_neuron,ORC3-201,ORC3,0.5748031496062992,0.25,3.38082329833448e-07,1.433164041805248e-06,True,0.3248031496062992,AD_enriched,0.0285714285714285,True,210.0,73,36,13.3783,10.6214,0.3071,Minor,Alternate,new_target_candidate,ENST00000257789,ENSG00000135336,protein_coding,PC_CDS,True,True,ORC3-202,3,1,False,none,False,0.0053,novel,0.0,0.0122,0.535,False,0,,Q9UBD5,D,True
Inhibitory_neuron,PAFAH1B1-202,PAFAH1B1,0.3284671532846715,0.8177083333333334,2.861398262233513e-23,5.931089486203142e-22,True,-0.4892411800486618,CT_enriched,0.0223776223776223,True,715.0,45,157,12.8832,36.4167,-1.4303,Dominant,Canonical,trial_failure_candidate,ENST00000397195,ENSG00000007168,protein_coding,PC_CDS,True,True,PAFAH1B1-202,0,1,False,none,False,0.0823,emerging,0.0,0.2287,1.224,True,1,LisH,P43034,C,False
Inhibitory_neuron,PAQR8-202,PAQR8,0.3636363636363636,0.9746835443037974,2.51173574901402e-55,4.291262470588196e-53,True,-0.6110471806674338,CT_enriched,0.0389610389610389,True,462.0,92,308,21.2948,430.7065,-4.2753,Dominant,Canonical,trial_failure_candidate,ENST00000442253,ENSG00000170915,protein_coding,PC_CDS,True,True,PAQR8-202,0,1,False,none,False,0.0093,novel,0.0,0.073,0.93,False,0,,Q8TEZ7,D,False
Inhibitory_neuron,PDCD6-201,PDCD6,0.3424657534246575,0.672566371681416,8.192241030014733e-10,4.746953229930431e-09,True,-0.3301006182567584,CT_enriched,0.0233100233100233,True,1716.0,75,76,19.7541,42.6159,-1.0715,Dominant,Canonical,trial_failure_candidate,ENST00000264933,ENSG00000249915,protein_coding,PC_CDS,True,True,PDCD6-201,0,1,False,none,False,0.0074,novel,0.0,0.0608,0.624,True,5,"EF-hand 1, EF-hand 2, EF-hand 3",O75340,C,False
Inhibitory_neuron,PEX10-202,PEX10,0.7183098591549296,0.972972972972973,3.3925246412342155e-05,0.0001062024093685,True,-0.2546631138180434,CT_enriched,0.0038850038850038,True,1287.0,102,72,24.2644,32.9799,-0.4276,Dominant,Canonical,trial_failure_candidate,ENST00000447513,ENSG00000157911,protein_coding,PC_CDS,True,True,PEX10-202,0,1,False,none,False,0.0059,novel,0.0,0.0486,0.11,False,0,,O60683,D,False
Inhibitory_neuron,PEX10-201,PEX10,0.2464788732394366,0.0135135135135135,3.3925246412342155e-05,0.0001062024093685,True,0.232965359725923,AD_enriched,0.0015540015540015,True,1287.0,35,1,25.0673,0.1933,4.4492,Minor,Alternate,new_target_candidate,ENST00000288774,ENSG00000157911,protein_coding,PC_CDS,True,True,PEX10-202,60,1,False,none,False,0.0059,novel,0.0,0.0486,0.11,False,0,,O60683,D,True
Inhibitory_neuron,PHF8-202,PHF8,0.7368421052631579,0.9574468085106383,0.023759169933883,0.0433930029437099,True,-0.2206047032474805,CT_enriched,0.0484848484848484,True,495.0,42,45,27.9552,29.2472,-0.063,Dominant,Canonical,trial_failure_candidate,ENST00000338154,ENSG00000172943,protein_coding,PC_CDS,True,True,PHF8-202,0,1,False,none,False,0.0069,novel,0.0,0.0568,0.306,True,1,JmjC,Q9UPP1,C,False
Inhibitory_neuron,PIK3CA-201,PIK3CA,0.1785714285714285,0.5035460992907801,6.530641118441953e-07,2.6489032104874625e-06,True,-0.3249746707193516,CT_enriched,0.0083250083250083,True,3003.0,10,71,5.3089,26.9095,-2.1453,Dominant,Canonical,trial_failure_candidate,ENST00000263967,ENSG00000121879,protein_coding,PC_CDS,True,True,PIK3CA-201,0,1,False,none,False,0.0677,emerging,0.0,0.5566,0.78,True,5,"PI3K-ABD, PI3K-RBD, C2 PI3K-type",P42336,C,False
Inhibitory_neuron,PLCB4-214,PLCB4,0.9703703703703704,0.1875,2.387155766657592e-45,1.979232972414044e-43,True,0.7828703703703704,AD_enriched,0.0357142857142857,True,56.0,262,6,55.1972,3.8338,3.5393,Minor,Alternate,new_target_candidate,ENST00000684997,ENSG00000101333,protein_coding,PC_CDS,True,True,,3372,1,False,none,False,0.0686,emerging,0.0,0.1372,1.574,True,3,"PI-PLC X-box, PI-PLC Y-box, C2",Q15147,C,True
Inhibitory_neuron,PLEC-210,PLEC,0.4222222222222222,0.0210526315789473,6.086096243597681e-12,4.5934953977782756e-11,True,0.4011695906432749,AD_enriched,0.0333333333333333,True,210.0,19,2,11.3749,0.3865,3.1578,Minor,Alternate,new_target_candidate,ENST00000527303,ENSG00000178209,protein_coding,PC_CDS,True,True,PLEC-202,3574,1,False,none,False,0.066,emerging,0.0976,0.2191,0.947,True,3,"Calponin-homology (CH) 1, Calponin-homology (CH) 2, SH3",Q15149,C,True
Inhibitory_neuron,PPARGC1A-201,PPARGC1A,0.3877551020408163,0.9276018099547512,7.38844073844874e-33,2.933523160800985e-31,True,-0.5398467079139349,CT_enriched,0.0023976023976023,True,5005.0,95,205,26.0506,106.4646,-1.9901,Dominant,Canonical,trial_failure_candidate,ENST00000264867,ENSG00000109819,protein_coding,PC_CDS,True,True,PPARGC1A-201,0,1,False,none,False,0.1274,emerging,0.0,0.9255,0.511,True,1,RRM,Q9UBK2,C,False
Inhibitory_neuron,PRKD1-202,PRKD1,0.9166666666666666,0.3,5.331522879197939e-11,3.5405330969279127e-10,True,0.6166666666666667,AD_enriched,0.0383838383838383,True,495.0,55,9,24.2798,6.4304,1.7665,Minor,Alternate,new_target_candidate,ENST00000415220,ENSG00000184304,protein_coding,PC_CDS,True,True,PRKD1-201,24,1,False,none,False,0.057,emerging,0.0895,0.0847,3.15,True,2,"PH, Protein kinase",Q15139,C,True
Inhibitory_neuron,PRKD1-201,PRKD1,0.0166666666666666,0.6666666666666666,5.331522879197939e-11,3.5405330969279127e-10,True,-0.65,CT_enriched,0.0242424242424242,True,495.0,1,20,0.1008,4.8134,-2.4008,Dominant,Canonical,trial_failure_candidate,ENST00000331968,ENSG00000184304,protein_coding,PC_CDS,True,True,PRKD1-201,0,1,False,none,False,0.057,emerging,0.0895,0.0847,3.15,True,2,"PH, Protein kinase",Q15139,C,False
Inhibitory_neuron,PRKRIP1-208,PRKRIP1,0.5476190476190477,0.1896551724137931,0.0008830155060217,0.0021768436479889,True,0.3579638752052546,AD_enriched,0.0285714285714285,True,210.0,23,11,8.5252,4.0594,0.9128,Minor,Alternate,new_target_candidate,ENST00000496391,ENSG00000128563,protein_coding,PC_UTR,True,True,PRKRIP1-201,0,1,False,none,False,0.0,novel,0.0,0.0,0.0,False,0,,Q9H875,N,False
Inhibitory_neuron,PRKRIP1-201,PRKRIP1,0.238095238095238,0.6551724137931034,0.0008830155060217,0.0021768436479889,True,-0.4170771756978654,CT_enriched,0.019047619047619,True,210.0,10,38,3.0195,14.3739,-1.9354,Dominant,Canonical,trial_failure_candidate,ENST00000397912,ENSG00000128563,protein_coding,PC_CDS,True,True,PRKRIP1-201,0,1,False,none,False,0.0,novel,0.0,0.0,0.0,False,0,,Q9H875,D,False
Inhibitory_neuron,PSKH1-201,PSKH1,0.0625,0.8245614035087719,1.1387361615537118e-16,1.4203970085928825e-15,True,-0.7620614035087719,CT_enriched,0.0476190476190476,True,84.0,4,47,9.0535,46.6574,-2.245,Dominant,Canonical,trial_failure_candidate,ENST00000291041,ENSG00000159792,protein_coding,PC_CDS,True,True,PSKH1-201,0,1,False,none,False,0.3696,supported,0.0,0.0,2.775,True,1,Protein kinase,P11801,C,False
Inhibitory_neuron,PSKH1-202,PSKH1,0.9375,0.175438596491228,1.1387361615537118e-16,1.4203970085928825e-15,True,0.762061403508772,AD_enriched,0.0476190476190476,True,84.0,60,10,10.4257,4.056,1.1762,Minor,Alternate,new_target_candidate,ENST00000570631,ENSG00000159792,protein_coding,PC_UTR,True,False,PSKH1-201,0,1,False,none,False,0.3696,supported,0.0,0.0,2.775,True,1,Protein kinase,P11801,N,False
Inhibitory_neuron,PWWP2A-201,PWWP2A,0.2207792207792207,0.5934959349593496,2.210553584662388e-12,1.7653117720009262e-11,True,-0.3727167141801289,CT_enriched,0.049,True,10000.0,34,146,19.3603,46.2464,-1.2144,Dominant,Canonical,trial_failure_candidate,ENST00000307063,ENSG00000170234,protein_coding,PC_CDS,True,True,PWWP2A-201,0,1,False,none,False,0.0,novel,0.0,0.0,0.0,True,1,PWWP,Q96N64,C,False
Inhibitory_neuron,RBL2-201,RBL2,0.3763837638376384,0.6947791164658634,2.826646167917967e-12,2.2509365952996467e-11,True,-0.318395352628225,CT_enriched,0.0403,True,10000.0,102,173,37.9802,66.5676,-0.7936,Dominant,Canonical,trial_failure_candidate,ENST00000262133,ENSG00000103479,protein_coding,PC_CDS,True,True,RBL2-201,0,2,True,none,False,0.029,novel,0.0,0.2385,2.9,False,0,,Q08999,D,False
Inhibitory_neuron,RBM41-209,RBM41,0.0652173913043478,0.4054054054054054,0.0001629728241163,0.0004573849384182,True,-0.3401880141010576,CT_enriched,0.0428571428571428,True,70.0,3,15,1.0832,5.3625,-1.6108,Dominant,Canonical,trial_failure_candidate,ENST00000685964,ENSG00000089682,protein_coding,PC_CDS,True,True,RBM41-209,0,1,False,none,False,0.0,novel,0.0,0.0,0.0,True,1,RRM,Q96IZ5,C,False
Inhibitory_neuron,REL-204,REL,0.5818181818181818,0.1875,2.730570876920309e-05,8.702633467539119e-05,True,0.3943181818181818,AD_enriched,0.0238095238095238,True,84.0,32,9,20.2833,3.4539,2.2566,Minor,Alternate,new_target_candidate,ENST00000699191,ENSG00000162924,protein_coding,PC_CDS,True,True,REL-202,69,1,False,none,False,0.0156,novel,0.0,0.1282,0.202,True,1,RHD,Q04864,C,True
Inhibitory_neuron,REL-202,REL,0.3454545454545454,0.6875,2.730570876920309e-05,8.702633467539119e-05,True,-0.3420454545454546,CT_enriched,0.0238095238095238,True,84.0,19,33,6.1259,12.6984,-0.9429,Dominant,Canonical,trial_failure_candidate,ENST00000394479,ENSG00000162924,protein_coding,PC_CDS,True,True,REL-202,0,1,False,none,False,0.0156,novel,0.0,0.1282,0.202,True,1,RHD,Q04864,C,False
Inhibitory_neuron,RETREG2-203,RETREG2,0.7142857142857143,0.9787234042553192,0.0003211282196723,0.0008588808835449,True,-0.2644376899696049,CT_enriched,0.0436507936507936,True,252.0,105,46,16.829,22.8525,-0.4199,Dominant,Canonical,trial_failure_candidate,ENST00000430297,ENSG00000144567,protein_coding,PC_CDS,True,True,RETREG2-203,0,1,False,none,False,0.0047,novel,0.0,0.0,0.412,False,0,,Q8NC44,D,False
Inhibitory_neuron,RIMBP2-216,RIMBP2,0.3515981735159817,0.0055555555555555,1.5238176820377904e-31,5.652160586400698e-30,True,0.3460426179604262,AD_enriched,0.0075,True,10000.0,77,1,11.7542,0.1933,3.418,Minor,Alternate,new_target_candidate,ENST00000707118,ENSG00000060709,protein_coding,PC_CDS,True,True,RIMBP2-213,717,1,False,none,False,0.0059,novel,0.0,0.0,0.412,True,6,"SH3 1, Fibronectin type-III 1, Fibronectin type-III 2",O15034,C,True
Inhibitory_neuron,RIOK3-201,RIOK3,0.4323308270676692,0.931304347826087,9.8698720005302e-88,5.564633833898927e-85,True,-0.4989735207584178,CT_enriched,0.0013986013986013,True,715.0,115,1071,33.8954,467.5755,-3.7472,Dominant,Canonical,trial_failure_candidate,ENST00000339486,ENSG00000101782,protein_coding,PC_CDS,True,True,RIOK3-201,0,1,False,none,False,0.0094,novel,0.0,0.0773,0.837,True,1,Protein kinase,O14730,C,False
Inhibitory_neuron,transcript125102.chrX.nic,RNF128,0.5,0.0,1.199176470399579e-26,3.234907626848242e-25,True,0.5,AD_enriched,0.0238095238095238,True,252.0,23,0,5.7786,0.0,2.761,Minor,Alternate,new_target_candidate,transcript125102.chrX.nic,ENSG00000133135,,novel,True,False,RNF128-201,669,1,False,none,False,0.0,novel,0.0,0.0,0.0,True,1,PA,Q8TEB7,C,True
Inhibitory_neuron,RNF128-201,RNF128,0.5,1.0,1.199176470399579e-26,3.234907626848242e-25,True,-0.5,CT_enriched,0.0238095238095238,True,252.0,23,220,6.7512,108.9492,-3.8263,Dominant,Canonical,trial_failure_candidate,ENST00000255499,ENSG00000133135,protein_coding,PC_CDS,True,True,RNF128-201,0,1,False,none,False,0.0,novel,0.0,0.0,0.0,True,1,PA,Q8TEB7,C,False
Inhibitory_neuron,RNF144A-201,RNF144A,0.3333333333333333,0.9,2.936568688026213e-06,1.0878038280612216e-05,True,-0.5666666666666667,CT_enriched,0.0189393939393939,True,792.0,12,36,5.1616,84.631,-3.7968,Dominant,Canonical,trial_failure_candidate,ENST00000320892,ENSG00000151692,protein_coding,PC_CDS,True,True,RNF144A-201,0,1,False,none,False,0.0219,novel,0.0331,0.0566,2.092,False,0,,P50876,D,False
Inhibitory_neuron,transcript9298.chr2.nic,RNF144A,0.3333333333333333,0.0,2.936568688026213e-06,1.0878038280612216e-05,True,0.3333333333333333,AD_enriched,0.0227272727272727,True,792.0,12,0,3.6414,0.0,2.2146,Minor,Alternate,new_target_candidate,transcript9298.chr2.nic,ENSG00000151692,,novel,True,False,RNF144A-201,612,1,False,none,False,0.0219,novel,0.0331,0.0566,2.092,False,0,,P50876,D,True
Inhibitory_neuron,RNGTT-202,RNGTT,0.7205882352941176,0.957345971563981,1.0539096637922387e-10,6.736896467642452e-10,True,-0.2367577362698634,CT_enriched,0.0295704295704295,True,5005.0,147,202,29.284,79.1848,-1.4048,Dominant,Canonical,trial_failure_candidate,ENST00000369485,ENSG00000111880,protein_coding,PC_CDS,True,True,RNGTT-202,0,1,False,none,False,0.0,novel,0.0,0.0,0.0,True,1,Tyrosine-protein phosphatase,O60942,C,False
Inhibitory_neuron,ROBO2-202,ROBO2,0.3373493975903614,0.0659340659340659,1.058553360057167e-12,8.789578562595442e-12,True,0.2714153316562955,AD_enriched,0.0011238761238761,True,8008.0,28,12,20.625,6.1522,1.5962,Minor,Alternate,new_target_candidate,ENST00000461745,ENSG00000185008,protein_coding,PC_CDS,True,True,ROBO2-213,285,1,False,none,False,0.2678,supported,0.4365,0.0784,2.375,True,8,"Ig-like C2-type 1, Ig-like C2-type 2, Ig-like C2-type 3",Q9HCK4,C,True
Inhibitory_neuron,transcript68086.chr17.nnic,RPL19,0.2358490566037736,0.0,1.227728184353715e-06,4.810237319934847e-06,True,0.2358490566037736,AD_enriched,0.0083333333333333,True,120.0,25,0,4.5232,0.0,2.4655,Minor,Alternate,new_target_candidate,transcript68086.chr17.nnic,ENSG00000108298,,novel,True,False,RPL19-201,462,1,False,none,False,0.0084,novel,0.0,0.0694,0.616,False,0,,P84098,D,True
Inhibitory_neuron,transcript38859.chr14.nnic,RPS29,0.2972972972972973,0.0,3.240880169642827e-05,0.000101932007903,True,0.2972972972972973,AD_enriched,0.0454545454545454,True,462.0,11,0,5.5658,0.0,2.715,Minor,Alternate,new_target_candidate,transcript38859.chr14.nnic,ENSG00000213741,,novel,True,False,RPS29-201,100,1,False,none,False,0.1405,emerging,0.2275,0.0725,3.773,False,0,,P62273,D,True
Inhibitory_neuron,RPS3-217,RPS3,0.5481481481481482,0.8305084745762712,5.70956390268881e-06,2.020748354259856e-05,True,-0.282360326428123,CT_enriched,0.0426240426240426,True,3003.0,74,98,62.2007,34.1147,0.8479,Dominant,Canonical,trial_failure_candidate,ENST00000531188,ENSG00000149273,protein_coding,PC_CDS,True,True,RPS3-217,0,2,True,none,False,0.0111,novel,0.0,0.0916,0.776,True,1,KH type-2,P23396,C,False
Inhibitory_neuron,RPS3-209,RPS3,0.437037037037037,0.1525423728813559,5.70956390268881e-06,2.020748354259856e-05,True,0.2844946641556811,AD_enriched,0.0489510489510489,True,3003.0,59,18,52.701,10.9965,2.1623,Minor,Alternate,new_target_candidate,ENST00000527446,ENSG00000149273,protein_coding,PC_UTR,True,True,RPS3-217,0,1,False,none,False,0.0111,novel,0.0,0.0916,0.776,True,1,KH type-2,P23396,N,False
Inhibitory_neuron,transcript48755.chr9.nnic,RUSC2,0.8493150684931506,0.1506849315068493,2.3290069354045263e-22,4.421192290171959e-21,True,0.6986301369863013,AD_enriched,0.0363636363636363,True,330.0,124,11,23.5806,12.396,0.8757,Minor,Alternate,new_target_candidate,transcript48755.chr9.nnic,ENSG00000198853,,novel,True,False,RUSC2-201,2335,1,False,none,False,0.0,novel,0.0,0.0,0.0,True,2,"RUN, SH3",Q8N2Y8,C,True
Inhibitory_neuron,SAMHD1-221,SAMHD1,0.0754716981132075,0.556390977443609,7.179664878412102e-22,1.3099984007924736e-20,True,-0.4809192793304014,CT_enriched,0.0209790209790209,True,2002.0,12,74,5.236,28.9221,-2.2625,Dominant,Canonical,trial_failure_candidate,ENST00000646673,ENSG00000101347,protein_coding,PC_CDS,True,True,SAMHD1-221,0,1,False,none,False,0.2517,supported,0.4107,0.0597,19.824,True,2,"SAM, HD",Q9Y3Z3,C,False
Inhibitory_neuron,SAP130-201,SAP130,0.5507246376811594,0.231578947368421,2.809116724592009e-05,8.940021001823425e-05,True,0.3191456903127384,AD_enriched,0.0465367965367965,True,924.0,38,22,22.5574,11.1507,0.9551,Minor,Alternate,new_target_candidate,ENST00000259234,ENSG00000136715,protein_coding,PC_CDS,True,True,SAP130-206,3,1,False,none,False,0.0022,novel,0.0,0.0182,0.222,False,0,,Q9H0E3,D,True
Inhibitory_neuron,SATB1-204,SATB1,0.4151436031331593,0.1293375394321766,3.468017995017426e-19,5.2279907636118324e-18,True,0.2858060637009827,AD_enriched,0.0094,True,10000.0,159,41,71.5586,42.3501,0.7431,Minor,Alternate,new_target_candidate,ENST00000417717,ENSG00000182568,protein_coding,PC_CDS,True,True,SATB1-201,96,1,False,none,False,0.0099,novel,0.0,0.0816,0.142,True,2,"CMP, CUTL",Q01826,C,True
Inhibitory_neuron,SCAF4-203,SCAF4,0.58,0.0094339622641509,7.918239986989181e-25,1.8679094998596242e-23,True,0.570566037735849,AD_enriched,0.0023976023976023,True,5005.0,58,1,13.988,0.4914,3.329,Minor,Alternate,new_target_candidate,ENST00000434667,ENSG00000156304,protein_coding,PC_CDS,True,True,SCAF4-201,45,1,False,none,False,0.0097,novel,0.0,0.0795,0.31,True,2,"CID, RRM",O95104,C,True
Inhibitory_neuron,SCAF4-201,SCAF4,0.15,0.8679245283018868,7.918239986989181e-25,1.8679094998596242e-23,True,-0.7179245283018868,CT_enriched,0.0003996003996003,True,5005.0,15,92,8.0092,47.5651,-2.4304,Dominant,Canonical,trial_failure_candidate,ENST00000286835,ENSG00000156304,protein_coding,PC_CDS,True,True,SCAF4-201,0,3,True,none,False,0.0097,novel,0.0,0.0795,0.31,True,2,"CID, RRM",O95104,C,False
Inhibitory_neuron,SCAP-201,SCAP,0.6090909090909091,0.9454545454545454,2.8985825691323343e-16,3.440464952582757e-15,True,-0.3363636363636363,CT_enriched,0.0271950271950271,True,1287.0,67,260,29.7837,66.6398,-1.1357,Dominant,Canonical,trial_failure_candidate,ENST00000265565,ENSG00000114650,protein_coding,PC_CDS,True,True,SCAP-201,0,1,False,none,False,0.0125,novel,0.0,0.1027,1.112,True,1,SSD,Q12770,C,False
Inhibitory_neuron,SCRN1-201,SCRN1,0.5930232558139535,0.9886363636363636,1.0508623941185667e-20,1.773880891628886e-19,True,-0.3956131078224101,CT_enriched,0.0293456543456543,True,8008.0,204,174,61.3673,83.4689,-0.4376,Dominant,Canonical,trial_failure_candidate,ENST00000242059,ENSG00000136193,protein_coding,PC_CDS,True,True,SCRN1-201,0,1,False,none,False,0.0869,emerging,0.0351,0.6669,6.52,False,0,,Q12765,D,False
Inhibitory_neuron,SEC24B-203,SEC24B,0.3496503496503496,0.0465116279069767,2.0048307986950755e-15,2.1905496207447363e-14,True,0.3031387217433728,AD_enriched,0.0433566433566433,True,5005.0,50,10,12.9545,2.9396,1.8246,Minor,Alternate,new_target_candidate,ENST00000504968,ENSG00000138802,protein_coding,PC_CDS,True,True,SEC24B-201,96,1,False,none,False,0.0054,novel,0.0,0.0422,0.436,False,0,,O95487,D,True
Inhibitory_neuron,SFPQ-205,SFPQ,0.4705882352941176,0.1596638655462184,2.6850478434041395e-14,2.6888631866984974e-13,True,0.3109243697478991,AD_enriched,0.0244,True,10000.0,160,38,96.7222,36.9171,1.3658,Minor,Alternate,new_target_candidate,ENST00000468598,ENSG00000116560,protein_coding_CDS_not_defined,PC_CDS_ND,True,False,,0,1,False,none,False,0.0907,emerging,0.0,0.746,1.864,True,2,"RRM 1, RRM 2",P23246,C,False
Inhibitory_neuron,SHOC2-217,SHOC2,0.358974358974359,0.0,5.596032159048295e-20,9.014408375061225e-19,True,0.358974358974359,AD_enriched,0.0369630369630369,True,3003.0,140,0,27.5809,0.0,4.837,Minor,Alternate,new_target_candidate,ENST00000691441,ENSG00000108061,protein_coding,PC_UTR,True,True,SHOC2-202,0,1,False,none,False,0.0044,novel,0.0,0.0304,0.306,False,0,,Q9UQ13,N,False
Inhibitory_neuron,SHOC2-202,SHOC2,0.5820512820512821,0.9037433155080212,5.596032159048295e-20,9.014408375061225e-19,True,-0.3216920334567391,CT_enriched,0.0499500499500499,True,3003.0,227,169,58.1767,68.2361,-0.2265,Dominant,Canonical,trial_failure_candidate,ENST00000369452,ENSG00000108061,protein_coding,PC_CDS,True,True,SHOC2-202,0,1,False,none,False,0.0044,novel,0.0,0.0304,0.306,False,0,,Q9UQ13,D,False
Inhibitory_neuron,SIRT7-201,SIRT7,0.0307692307692307,0.8840579710144928,1.6263176930355268e-32,6.280259694064589e-31,True,-0.8532887402452621,CT_enriched,0.0357142857142857,True,28.0,4,61,0.8371,30.8055,-4.1138,Dominant,Canonical,trial_failure_candidate,ENST00000328666,ENSG00000187531,protein_coding,PC_CDS,True,True,SIRT7-201,0,1,False,none,False,0.0653,emerging,0.0,0.5375,3.902,True,1,Deacetylase sirtuin-type,Q9NRC8,C,False
Inhibitory_neuron,SLC11A2-201,SLC11A2,0.6125,0.9331103678929766,2.54904480317329e-16,3.064288827354161e-15,True,-0.3206103678929766,CT_enriched,0.0431235431235431,True,1716.0,98,279,18.5982,78.6639,-2.0232,Dominant,Canonical,trial_failure_candidate,ENST00000262052,ENSG00000110911,protein_coding,PC_CDS,True,True,SLC11A2-201,0,2,True,none,False,0.0629,emerging,0.0,0.5172,1.858,False,0,,P49281,D,False
Inhibitory_neuron,transcript168145.chr10.nnic,SORBS1,0.8123324396782842,0.314516129032258,2.227673664685658e-35,1.0211076521542878e-33,True,0.4978163106460261,AD_enriched,0.0491,True,10000.0,303,39,84.1945,48.3664,0.7872,Minor,Alternate,new_target_candidate,transcript168145.chr10.nnic,ENSG00000095637,,novel,True,False,SORBS1-211,3811,1,False,none,False,0.0186,novel,0.0,0.1372,1.754,True,4,"SoHo, SH3 1, SH3 2",Q9BX66,C,True
Inhibitory_neuron,SPEN-201,SPEN,0.7079207920792079,0.9325842696629212,1.4432099243132218e-29,4.786363266634086e-28,True,-0.2246634775837133,CT_enriched,0.0136,True,10000.0,429,498,224.4916,298.6679,-0.4103,Dominant,Canonical,trial_failure_candidate,ENST00000375759,ENSG00000065526,protein_coding,PC_CDS,True,True,SPEN-201,0,3,True,none,False,0.3322,supported,0.2672,0.0304,2.918,True,6,"RRM 1, RRM 2, RRM 3",Q96T58,C,False
Inhibitory_neuron,transcript21611.chr11.nnic,SPON1,0.7884615384615384,0.0140845070422535,2.0166824313789388e-18,2.900524374518994e-17,True,0.7743770314192849,AD_enriched,0.0238095238095238,True,126.0,41,1,25.1102,1.3188,3.4932,Minor,Alternate,new_target_candidate,transcript21611.chr11.nnic,ENSG00000262655,,novel,True,False,SPON1-201,2022,1,False,none,False,0.2018,supported,0.3075,0.4591,15.799,True,8,"Reelin, Spondin, TSP type-1 1",Q9HCB6,C,True
Inhibitory_neuron,SSR1-204,SSR1,0.3829787234042553,0.0469483568075117,2.650942676555589e-16,3.1732515521062438e-15,True,0.3360303665967436,AD_enriched,0.0002497502497502,True,8008.0,72,10,32.0354,6.0826,2.2217,Minor,Alternate,new_target_candidate,ENST00000474597,ENSG00000124783,protein_coding,PC_CDS,True,True,SSR1-201,79,1,False,none,False,0.0,novel,0.0,0.0,0.0,False,0,,P43307,D,True
Inhibitory_neuron,SSR1-201,SSR1,0.5797872340425532,0.9295774647887324,2.650942676555589e-16,3.1732515521062438e-15,True,-0.3497902307461792,CT_enriched,0.0004995004995004,True,8008.0,109,198,36.0988,121.7212,-1.7259,Dominant,Canonical,trial_failure_candidate,ENST00000244763,ENSG00000124783,protein_coding,PC_CDS,True,True,SSR1-201,0,1,False,none,False,0.0,novel,0.0,0.0,0.0,False,0,,P43307,D,False
Inhibitory_neuron,ST3GAL5-222,ST3GAL5,0.3692946058091286,0.675,2.9486137883176367e-10,1.799164993347926e-09,True,-0.3057053941908714,CT_enriched,0.0378,True,10000.0,89,108,17.2505,44.6865,-1.3238,Dominant,Canonical,trial_failure_candidate,ENST00000638572,ENSG00000115525,protein_coding,PC_CDS,True,True,ST3GAL5-222,0,2,True,none,False,0.0038,novel,0.0,0.031,0.316,False,0,,Q9UNP4,D,False
Inhibitory_neuron,STAMBP-202,STAMBP,0.1764705882352941,0.4067796610169492,0.000665439295589,0.0016786338919602,True,-0.230309072781655,CT_enriched,0.0497835497835497,True,924.0,9,24,2.8718,11.4667,-1.687,Dominant,Canonical,trial_failure_candidate,ENST00000394070,ENSG00000124356,protein_coding,PC_CDS,True,True,STAMBP-202,0,2,True,none,False,0.0389,novel,0.0,0.3201,3.563,True,1,MPN,O95630,C,False
Inhibitory_neuron,TACC2-209,TACC2,0.4271844660194174,0.0382165605095541,2.4803283715101745e-15,2.6892483381873785e-14,True,0.3889679055098633,AD_enriched,0.0051198801198801,True,8008.0,88,6,27.0528,3.6813,2.5832,Minor,Alternate,new_target_candidate,ENST00000369004,ENSG00000138162,protein_coding,PC_CDS,True,True,,2893,1,False,none,False,0.289,supported,0.4746,0.0152,28.897,True,1,SPAZ,O95359,C,True
Inhibitory_neuron,TBC1D23-202,TBC1D23,0.5887096774193549,0.9803921568627452,1.688772228217929e-21,2.98473285977827e-20,True,-0.3916824794433903,CT_enriched,0.0346320346320346,True,462.0,146,200,36.8129,81.4978,-1.1255,Dominant,Canonical,trial_failure_candidate,ENST00000394144,ENSG00000036054,protein_coding,PC_CDS,True,True,TBC1D23-202,0,1,False,none,False,0.0,novel,0.0,0.0,0.0,True,2,"Rab-GAP TBC, Rhodanese",Q9NUY8,C,False
Inhibitory_neuron,TBC1D23-201,TBC1D23,0.407258064516129,0.0196078431372549,1.688772228217929e-21,2.98473285977827e-20,True,0.3876502213788741,AD_enriched,0.0389610389610389,True,462.0,101,4,18.2456,1.3694,3.0219,Minor,Alternate,new_target_candidate,ENST00000344949,ENSG00000036054,protein_coding,PC_CDS,True,True,TBC1D23-202,45,1,False,none,False,0.0,novel,0.0,0.0,0.0,True,2,"Rab-GAP TBC, Rhodanese",Q9NUY8,C,True
Inhibitory_neuron,TBC1D4-202,TBC1D4,0.15625,0.6451612903225806,4.847001164524135e-06,1.7339716094915652e-05,True,-0.4889112903225806,CT_enriched,0.0158730158730158,True,126.0,10,20,2.1015,16.3684,-2.4854,Dominant,Canonical,trial_failure_candidate,ENST00000377636,ENSG00000136111,protein_coding,PC_CDS,True,True,TBC1D4-202,0,1,False,none,False,0.0091,novel,0.0,0.0745,0.789,True,3,"PID 1, PID 2, Rab-GAP TBC",O60343,C,False
Inhibitory_neuron,TBC1D4-201,TBC1D4,0.84375,0.3548387096774194,4.847001164524135e-06,1.7339716094915652e-05,True,0.4889112903225806,AD_enriched,0.0158730158730158,True,126.0,54,11,14.82,6.5339,1.0703,Minor,Alternate,new_target_candidate,ENST00000377625,ENSG00000136111,protein_coding,PC_CDS,True,True,TBC1D4-202,189,1,False,none,False,0.0091,novel,0.0,0.0745,0.789,True,3,"PID 1, PID 2, Rab-GAP TBC",O60343,C,True
Inhibitory_neuron,TBL2-201,TBL2,0.5769230769230769,0.912621359223301,5.55652359696166e-15,5.844716425311537e-14,True,-0.3356982823002241,CT_enriched,0.0277777777777777,True,252.0,75,282,10.405,69.6734,-2.6315,Dominant,Canonical,trial_failure_candidate,ENST00000305632,ENSG00000106638,protein_coding,PC_CDS,True,True,TBL2-201,0,1,False,none,False,0.0,novel,0.0,0.0,0.0,False,0,,Q9Y4P3,D,False
Inhibitory_neuron,transcript225805.chr2.nic,TGFBRAP1,0.3478260869565217,0.0101010101010101,1.749014505666224e-11,1.2450686594629003e-10,True,0.3377250768555115,AD_enriched,0.0285714285714285,True,70.0,16,1,49.1568,0.1933,5.3934,Minor,Alternate,new_target_candidate,transcript225805.chr2.nic,ENSG00000135966,,novel,True,False,TGFBRAP1-201,1718,1,False,none,False,0.0074,novel,0.0,0.0608,0.739,True,1,CNH,Q8WUH2,C,True
Inhibitory_neuron,TGFBRAP1-201,TGFBRAP1,0.2391304347826087,0.7575757575757576,1.749014505666224e-11,1.2450686594629003e-10,True,-0.5184453227931489,CT_enriched,0.0285714285714285,True,70.0,11,75,1.9697,27.6974,-3.2725,Dominant,Canonical,trial_failure_candidate,ENST00000393359,ENSG00000135966,protein_coding,PC_CDS,True,True,TGFBRAP1-201,0,1,False,none,False,0.0074,novel,0.0,0.0608,0.739,True,1,CNH,Q8WUH2,C,False
Inhibitory_neuron,THOC5-216,THOC5,0.6836283185840708,0.9036144578313252,2.675953204655306e-13,2.390970549579495e-12,True,-0.2199861392472544,CT_enriched,0.0382950382950382,True,3003.0,309,225,104.6575,125.1445,-0.2557,Dominant,Canonical,trial_failure_candidate,ENST00000490103,ENSG00000100296,protein_coding,PC_CDS,True,True,THOC5-216,0,1,False,none,False,0.0015,novel,0.0,0.0122,0.148,False,0,,Q13769,D,False
Inhibitory_neuron,THOC5-204,THOC5,0.2632743362831858,0.0321285140562249,2.675953204655306e-13,2.390970549579495e-12,True,0.2311458222269609,AD_enriched,0.0119880119880119,True,3003.0,119,8,19.9876,4.3647,1.968,Minor,Alternate,new_target_candidate,ENST00000397873,ENSG00000100296,protein_coding,PC_UTR,True,True,THOC5-216,0,1,False,none,False,0.0015,novel,0.0,0.0122,0.148,False,0,,Q13769,N,False
Inhibitory_neuron,TRANK1-205,TRANK1,0.5995893223819302,0.8416666666666667,1.7875357502804706e-15,1.9607250116889683e-14,True,-0.2420773442847364,CT_enriched,0.0196,True,10000.0,292,303,157.622,165.6542,-0.0713,Dominant,Canonical,trial_failure_candidate,ENST00000645898,ENSG00000168016,protein_coding,PC_CDS,True,True,TRANK1-205,0,1,False,none,False,0.2182,supported,0.3528,0.1231,21.823,False,0,,O15050,D,False
Inhibitory_neuron,transcript192671.chr8.nnic,TSNARE1,0.2162162162162162,0.0,0.0011682536128082,0.0028111881643247,True,0.2162162162162162,AD_enriched,0.0142857142857142,True,70.0,8,0,0.8067,0.0,0.8533,Minor,Alternate,new_target_candidate,transcript192671.chr8.nnic,ENSG00000171045,,novel,True,False,TSNARE1-208,1446,1,False,none,False,0.0,novel,0.0,0.0,0.0,True,1,t-SNARE coiled-coil homology,Q96NA8,C,True
Inhibitory_neuron,transcript100378.chr1.nnic,TXNDC12,0.3421052631578947,0.0392156862745098,2.0047536275474613e-11,1.4128501190140734e-10,True,0.3028895768833849,AD_enriched,0.0476190476190476,True,126.0,13,10,2.3658,2.2215,0.0632,Minor,Alternate,new_target_candidate,transcript100378.chr1.nnic,ENSG00000117862,,novel,True,False,TXNDC12-201,342,1,False,none,False,0.2906,supported,0.0,0.0608,2.735,True,1,Thioredoxin,O95881,C,True
Inhibitory_neuron,TXNDC12-201,TXNDC12,0.631578947368421,0.9607843137254902,2.0047536275474613e-11,1.4128501190140734e-10,True,-0.3292053663570692,CT_enriched,0.0396825396825396,True,126.0,24,245,5.6395,76.6212,-3.5473,Dominant,Canonical,trial_failure_candidate,ENST00000371626,ENSG00000117862,protein_coding,PC_CDS,True,True,TXNDC12-201,0,1,False,none,False,0.2906,supported,0.0,0.0608,2.735,True,1,Thioredoxin,O95881,C,False
Inhibitory_neuron,TYW3-201,TYW3,0.3829787234042553,0.7883211678832117,3.99898872489385e-14,3.900743673175005e-13,True,-0.4053424444789564,CT_enriched,0.0454545454545454,True,792.0,54,108,15.0228,44.5275,-1.5066,Dominant,Canonical,trial_failure_candidate,ENST00000370867,ENSG00000162623,protein_coding,PC_CDS,True,True,TYW3-201,0,1,False,none,False,0.0,novel,0.0,0.0,0.0,False,0,,Q6IPR3,D,False
Inhibitory_neuron,transcript133689.chr1.nic,TYW3,0.5319148936170213,0.0948905109489051,3.99898872489385e-14,3.900743673175005e-13,True,0.4370243826681161,AD_enriched,0.0315656565656565,True,792.0,75,13,9.1054,4.3988,0.9044,Minor,Alternate,new_target_candidate,transcript133689.chr1.nic,ENSG00000162623,,novel,True,False,TYW3-201,386,1,False,none,False,0.0,novel,0.0,0.0,0.0,False,0,,Q6IPR3,D,True
Inhibitory_neuron,UBE2W-203,UBE2W,0.6923076923076923,0.0784313725490196,4.9362861714595215e-09,2.62127490148782e-08,True,0.6138763197586727,AD_enriched,0.0357142857142857,True,252.0,27,4,10.5815,2.83,1.5964,Minor,Alternate,new_target_candidate,ENST00000517608,ENSG00000104343,protein_coding,PC_CDS,True,True,,529,1,False,none,False,0.0095,novel,0.0,0.0,0.95,True,1,UBC core,Q96B02,C,True
Inhibitory_neuron,UTP25-202,UTP25,0.6666666666666666,0.9894179894179894,2.7860603466798955e-14,2.780143050368363e-13,True,-0.3227513227513228,CT_enriched,0.0441919191919191,True,792.0,52,187,19.9135,51.7516,-1.3348,Dominant,Canonical,trial_failure_candidate,ENST00000491415,ENSG00000117597,protein_coding,PC_CDS,True,True,UTP25-202,0,1,False,none,False,0.0074,novel,0.0,0.0608,0.739,False,0,,Q68CQ4,D,False
Inhibitory_neuron,transcript306238.chr1.nic,UTP25,0.3333333333333333,0.0105820105820105,2.7860603466798955e-14,2.780143050368363e-13,True,0.3227513227513228,AD_enriched,0.0441919191919191,True,792.0,26,2,11.733,0.9829,2.6829,Minor,Alternate,new_target_candidate,transcript306238.chr1.nic,ENSG00000117597,,novel,True,False,UTP25-202,1920,1,False,none,False,0.0074,novel,0.0,0.0608,0.739,False,0,,Q68CQ4,D,True
Inhibitory_neuron,UTP6-201,UTP6,0.4545454545454545,0.8222222222222222,0.0035313327934013,0.0077019939223198,True,-0.3676767676767677,CT_enriched,0.0428571428571428,True,210.0,15,37,3.8651,9.8857,-1.1619,Dominant,Canonical,trial_failure_candidate,ENST00000261708,ENSG00000108651,protein_coding,PC_CDS,True,True,UTP6-201,0,1,False,none,False,0.0,novel,0.0,0.0,0.0,False,0,,Q9NYH9,D,False
Inhibitory_neuron,UXS1-201,UXS1,0.391304347826087,0.9,3.86873073909818e-20,6.28585127003906e-19,True,-0.508695652173913,CT_enriched,0.0249750249750249,True,2002.0,54,117,16.9233,59.4242,-1.7533,Dominant,Canonical,trial_failure_candidate,ENST00000283148,ENSG00000115652,protein_coding,PC_CDS,True,True,UXS1-201,0,1,False,none,False,0.0042,novel,0.0,0.0304,0.421,False,0,,Q8NBZ7,D,False
Inhibitory_neuron,VCAN-209,VCAN,0.2238805970149253,0.0173160173160173,2.704582368548989e-13,2.4127271192846835e-12,True,0.206564579698908,AD_enriched,0.0318570318570318,True,1287.0,15,4,32.5377,5.2752,2.4181,Minor,Alternate,new_target_candidate,ENST00000513016,ENSG00000038427,protein_coding_CDS_not_defined,PC_CDS_ND,True,False,VCAN-201,9993,1,False,none,False,0.0249,novel,0.0,0.1758,1.63,True,7,"Ig-like V-type, Link 1, Link 2",P13611,C,True
Inhibitory_neuron,YTHDC1-202,YTHDC1,0.3733333333333333,0.1433962264150943,2.448591428783303e-09,1.35344690936081e-08,True,0.229937106918239,AD_enriched,0.0245,True,10000.0,112,38,36.255,13.7961,1.3322,Minor,Alternate,new_target_candidate,ENST00000355665,ENSG00000083896,protein_coding,PC_CDS,True,True,YTHDC1-201,54,1,False,none,False,0.0529,emerging,0.0,0.4351,3.134,True,1,YTH,Q96MU7,C,True
Inhibitory_neuron,ZBTB11-202,ZBTB11,0.56,0.1757425742574257,3.1586979229133268e-27,8.772777778022334e-26,True,0.3842574257425744,AD_enriched,0.0039,True,10000.0,98,71,23.3191,29.3046,-0.3174,Minor,Alternate,new_target_candidate,ENST00000461821,ENSG00000066422,protein_coding,PC_CDS,True,False,ZBTB11-201,2334,1,False,none,False,0.0074,novel,0.0,0.0608,0.704,True,1,BTB,O95625,C,True
Inhibitory_neuron,ZBTB25-204,ZBTB25,0.3529411764705882,0.7162162162162162,3.8523072662571005e-05,0.0001193368591602,True,-0.363275039745628,CT_enriched,0.0212121212121212,True,330.0,24,53,7.7728,15.2617,-0.8904,Dominant,Canonical,trial_failure_candidate,ENST00000608382,ENSG00000089775,protein_coding,PC_CDS,True,True,ZBTB25-204,0,1,False,none,False,0.0,novel,0.0,0.0,0.0,True,1,BTB,P24278,C,False
Inhibitory_neuron,transcript59950.chr14.nnic,ZBTB25,0.6323529411764706,0.2567567567567567,3.8523072662571005e-05,0.0001193368591602,True,0.3755961844197139,AD_enriched,0.0242424242424242,True,330.0,43,19,13.1917,6.8443,0.8553,Minor,Alternate,new_target_candidate,transcript59950.chr14.nnic,ENSG00000089775,,novel,True,False,ZBTB25-204,173,1,False,none,False,0.0,novel,0.0,0.0,0.0,True,1,BTB,P24278,C,True
Inhibitory_neuron,ZDHHC16-202,ZDHHC16,0.4576271186440678,0.0375,7.449424008200298e-12,5.5335774121519465e-11,True,0.4201271186440678,AD_enriched,0.05,True,20.0,27,3,4.6384,1.2123,1.3498,Minor,Alternate,new_target_candidate,ENST00000352634,ENSG00000171307,protein_coding,PC_CDS,True,True,ZDHHC16-207,48,1,False,none,False,0.0069,novel,0.0,0.0,0.322,True,1,DHHC,Q969W1,C,True
Inhibitory_neuron,ZNF148-201,ZNF148,0.7505285412262156,0.975867269984917,7.868956624795081e-31,2.8079226234553586e-29,True,-0.2253387287587014,CT_enriched,0.0272,True,10000.0,355,647,98.4648,213.8161,-1.1108,Dominant,Canonical,trial_failure_candidate,ENST00000360647,ENSG00000163848,protein_coding,PC_CDS,True,True,ZNF148-201,0,1,False,none,False,0.0015,novel,0.0,0.0,0.12,False,0,,Q9UQR1,D,False
Inhibitory_neuron,ZNF148-206,ZNF148,0.2156448202959831,0.0135746606334841,7.868956624795081e-31,2.8079226234553586e-29,True,0.2020701596624989,AD_enriched,0.039,True,10000.0,102,9,32.6215,4.1689,2.7015,Minor,Alternate,new_target_candidate,ENST00000485866,ENSG00000163848,protein_coding,PC_UTR,True,True,ZNF148-201,0,1,False,none,False,0.0015,novel,0.0,0.0,0.12,False,0,,Q9UQR1,N,False
Inhibitory_neuron,ZNF197-204,ZNF197,0.3958333333333333,0.0659340659340659,2.427823020792906e-06,9.076966970311938e-06,True,0.3298992673992674,AD_enriched,0.0429292929292929,True,792.0,19,6,16.8416,3.623,1.9483,Minor,Alternate,new_target_candidate,ENST00000383745,ENSG00000186448,protein_coding,PC_UTR,True,True,ZNF197-202,0,2,True,none,False,0.0,novel,0.0,0.0,0.0,True,2,"SCAN box, KRAB",O14709,N,False
Inhibitory_neuron,ZNF248-208,ZNF248,0.2403100775193798,0.0094339622641509,2.2646072206012545e-11,1.5860690074223444e-10,True,0.2308761152552289,AD_enriched,0.0251748251748251,True,715.0,31,2,6.3355,0.6847,2.1224,Minor,Alternate,new_target_candidate,ENST00000611278,ENSG00000198105,protein_coding,PC_CDS,True,True,ZNF248-203,92,1,False,none,False,0.0067,novel,0.0,0.0365,0.608,True,1,KRAB,Q8NDW4,C,True
Inhibitory_neuron,ZNF253-201,ZNF253,0.3492063492063492,0.0762331838565022,2.928385936378166e-10,1.788758386706403e-09,True,0.272973165349847,AD_enriched,0.05,True,10000.0,44,17,22.0307,7.9197,1.3685,Minor,Alternate,new_target_candidate,ENST00000355650,ENSG00000256771,protein_coding,PC_CDS,True,False,ZNF253-203,223,1,False,none,False,0.0,novel,0.0,0.0,0.0,True,1,KRAB,O75346,C,True
Inhibitory_neuron,ZNF253-203,ZNF253,0.6507936507936508,0.9237668161434978,2.928385936378166e-10,1.788758386706403e-09,True,-0.2729731653498469,CT_enriched,0.05,True,10000.0,82,206,26.9931,158.8505,-2.5136,Dominant,Canonical,trial_failure_candidate,ENST00000589717,ENSG00000256771,protein_coding,PC_CDS,True,True,ZNF253-203,0,1,False,none,False,0.0,novel,0.0,0.0,0.0,True,1,KRAB,O75346,C,False
Inhibitory_neuron,ZNF334-207,ZNF334,0.1746031746031746,0.927710843373494,2.435940697053924e-43,1.8070833749986868e-41,True,-0.7531076687703193,CT_enriched,0.0043290043290043,True,3003.0,33,154,28.0941,59.3903,-1.0536,Dominant,Canonical,trial_failure_candidate,ENST00000692313,ENSG00000198185,protein_coding,PC_CDS,True,True,ZNF334-207,0,1,False,none,False,0.0,novel,0.0,0.0,0.0,True,1,KRAB,Q9HCZ1,C,False
Inhibitory_neuron,ZNF334-202,ZNF334,0.6137566137566137,0.0542168674698795,2.435940697053924e-43,1.8070833749986868e-41,True,0.5595397462867342,AD_enriched,0.0323010323010323,True,3003.0,116,9,67.8043,21.9231,1.5857,Minor,Alternate,new_target_candidate,ENST00000457685,ENSG00000198185,protein_coding,PC_CDS,True,True,ZNF334-207,127,1,False,none,False,0.0,novel,0.0,0.0,0.0,True,1,KRAB,Q9HCZ1,C,True
Inhibitory_neuron,ZNF382-201,ZNF382,0.038647342995169,0.6666666666666666,9.008864301730819e-36,4.2682333557275955e-34,True,-0.6280193236714976,CT_enriched,0.0153180153180153,True,3003.0,8,80,3.372,20.9263,-2.3263,Dominant,Canonical,trial_failure_candidate,ENST00000292928,ENSG00000161298,protein_coding,PC_CDS,True,True,ZNF382-201,0,1,False,none,False,0.0018,novel,0.0,0.0152,0.185,True,1,KRAB,Q96SR6,C,False
Inhibitory_neuron,ZNF382-203,ZNF382,0.961352657004831,0.3083333333333333,9.008864301730819e-36,4.2682333557275955e-34,True,0.6530193236714976,AD_enriched,0.0106560106560106,True,3003.0,199,37,103.7281,30.9013,1.715,Minor,Alternate,new_target_candidate,ENST00000435416,ENSG00000161298,protein_coding,PC_UTR,True,True,ZNF382-201,0,1,False,none,False,0.0018,novel,0.0,0.0152,0.185,True,1,KRAB,Q96SR6,N,False
Inhibitory_neuron,ZNF549-202,ZNF549,0.363013698630137,1.0,4.572941466487602e-13,3.966499075085707e-12,True,-0.636986301369863,CT_enriched,0.0428571428571428,True,70.0,53,46,9.8884,16.3057,-0.6685,Dominant,Canonical,trial_failure_candidate,ENST00000376233,ENSG00000121406,protein_coding,PC_CDS,True,True,ZNF549-202,0,1,False,none,False,0.0,novel,0.0,0.0,0.0,True,1,KRAB,Q6P9A3,C,False
Inhibitory_neuron,ZNF549-201,ZNF549,0.6301369863013698,0.0,4.572941466487602e-13,3.966499075085707e-12,True,0.6301369863013698,AD_enriched,0.0428571428571428,True,70.0,92,0,9.2767,0.0,3.3613,Minor,Alternate,new_target_candidate,ENST00000240719,ENSG00000121406,protein_coding,PC_CDS,True,True,ZNF549-202,39,1,False,none,False,0.0,novel,0.0,0.0,0.0,True,1,KRAB,Q6P9A3,C,True
Inhibitory_neuron,ZNF550-208,ZNF550,0.3412698412698413,0.7758620689655172,3.205649174900741e-09,1.7479158653859167e-08,True,-0.4345922276956759,CT_enriched,0.0238095238095238,True,126.0,43,45,8.1003,27.1343,-1.6283,Dominant,Canonical,trial_failure_candidate,ENST00000699333,ENSG00000251369,protein_coding,PC_CDS,True,True,ZNF550-208,0,2,True,none,False,0.0,novel,0.0,0.0,0.0,True,1,KRAB,Q7Z398,C,False
Inhibitory_neuron,ZNF571-202,ZNF571,0.0833333333333333,0.4468085106382978,3.818765253100279e-12,2.953387996842163e-11,True,-0.3634751773049645,CT_enriched,0.0328282828282828,True,792.0,14,21,3.2396,10.4226,-1.4299,Dominant,Canonical,trial_failure_candidate,ENST00000451802,ENSG00000180479,protein_coding,PC_CDS,True,True,ZNF571-202,0,1,False,none,False,0.005,novel,0.0,0.0409,0.497,True,1,KRAB,Q7Z3V5,C,False
Inhibitory_neuron,transcript99320.chr19.nic,ZNF571,0.7261904761904762,0.2553191489361702,3.818765253100279e-12,2.953387996842163e-11,True,0.4708713272543059,AD_enriched,0.0303030303030303,True,792.0,122,12,35.6393,8.5831,1.9348,Minor,Alternate,new_target_candidate,transcript99320.chr19.nic,ENSG00000180479,,novel,True,False,ZNF571-202,127,1,False,none,False,0.005,novel,0.0,0.0409,0.497,True,1,KRAB,Q7Z3V5,C,True
Inhibitory_neuron,ZNF7-202,ZNF7,0.3428571428571428,0.036036036036036,5.53202149516573e-12,4.192142095395751e-11,True,0.3068211068211068,AD_enriched,0.0485514485514485,True,5005.0,48,4,33.7258,0.8453,4.2341,Minor,Alternate,new_target_candidate,ENST00000446747,ENSG00000147789,protein_coding,PC_CDS,True,True,ZNF7-216,33,1,False,none,False,0.0,novel,0.0,0.0,0.0,True,1,KRAB,P17097,C,True
Inhibitory_neuron,ZNF7-216,ZNF7,0.3928571428571428,0.8018018018018018,5.53202149516573e-12,4.192142095395751e-11,True,-0.408944658944659,CT_enriched,0.0261738261738261,True,5005.0,55,89,12.9919,76.8464,-2.476,Dominant,Canonical,trial_failure_candidate,ENST00000532777,ENSG00000147789,protein_coding,PC_CDS,True,True,ZNF7-216,0,1,False,none,False,0.0,novel,0.0,0.0,0.0,True,1,KRAB,P17097,C,False
Inhibitory_neuron,transcript98913.chr19.nic,ZNF875,0.6753246753246753,0.2,2.159303460371367e-11,1.5160837994487878e-10,True,0.4753246753246753,AD_enriched,0.0428571428571428,True,70.0,52,24,7.4178,5.5049,0.3719,Minor,Alternate,new_target_candidate,transcript98913.chr19.nic,ENSG00000181666,,novel,True,False,ZNF875-202,223,1,False,none,False,0.0265,novel,0.0,0.2182,2.654,True,1,KRAB,P10072,C,True
Inhibitory_neuron,ZNG1B-201,ZNG1B,0.3714285714285714,0.6756756756756757,0.0042944628654673,0.0091810117713953,True,-0.3042471042471042,CT_enriched,0.0396825396825396,True,126.0,13,25,2.404,6.9445,-1.2227,Dominant,Canonical,trial_failure_candidate,ENST00000259199,ENSG00000136682,protein_coding,PC_CDS,True,True,ZNG1B-201,0,1,False,none,False,0.0,novel,0.0,0.0,0.0,True,1,CobW C-terminal,Q8IUF1,C,False
Inhibitory_neuron,ZSCAN32-202,ZSCAN32,0.0677966101694915,0.7777777777777778,8.783265431147426e-17,1.1113049598315684e-15,True,-0.7099811676082863,CT_enriched,0.0428571428571428,True,70.0,4,91,3.8656,25.9279,-2.4684,Dominant,Canonical,trial_failure_candidate,ENST00000396852,ENSG00000140987,protein_coding,PC_CDS,True,True,ZSCAN32-202,0,1,False,none,False,0.0,novel,0.0,0.0,0.0,True,2,"SCAN box, KRAB",Q9NX65,C,False
Inhibitory_neuron,ZSCAN32-213,ZSCAN32,0.8135593220338984,0.1965811965811965,8.783265431147426e-17,1.1113049598315684e-15,True,0.6169781254527018,AD_enriched,0.0142857142857142,True,70.0,48,23,4.84,5.0228,-0.0445,Minor,Alternate,new_target_candidate,ENST00000618425,ENSG00000140987,protein_coding,PC_CDS,True,False,ZSCAN32-202,868,1,False,none,False,0.0,novel,0.0,0.0,0.0,True,2,"SCAN box, KRAB",Q9NX65,C,True
Inhibitory_neuron,ZSWIM8-221,ZSWIM8,0.1269841269841269,0.8648648648648649,7.109974204037189e-11,4.6342236488279376e-10,True,-0.737880737880738,CT_enriched,0.0277777777777777,True,36.0,8,32,1.9934,14.735,-2.3941,Dominant,Canonical,trial_failure_candidate,ENST00000604729,ENSG00000214655,protein_coding,PC_CDS,True,True,ZSWIM8-221,0,1,False,none,False,0.0347,novel,0.0544,0.0532,2.677,False,0,,A7E2V4,D,False
Inhibitory_neuron,ZZEF1-201,ZZEF1,0.7375,0.968503937007874,3.065519859823755e-06,1.132844509375736e-05,True,-0.2310039370078739,CT_enriched,0.0169830169830169,True,3003.0,118,123,62.15,130.7235,-1.0607,Dominant,Canonical,trial_failure_candidate,ENST00000381638,ENSG00000074755,protein_coding,PC_CDS,True,True,ZZEF1-201,0,1,False,none,False,0.0037,novel,0.0,0.0304,0.37,True,2,"EF-hand, DOC",O43149,C,False
Microglia,ATP6V1B2-201,ATP6V1B2,0.5625,0.945945945945946,8.610761639353995e-13,6.7096843943018135e-12,True,-0.383445945945946,CT_enriched,0.0064935064935064,True,462.0,36,175,163.7904,1164.0813,-2.8217,Dominant,Canonical,trial_failure_candidate,ENST00000276390,ENSG00000147416,protein_coding,PC_CDS,True,True,ATP6V1B2-201,0,2,True,none,False,0.5217,supported,0.0,0.0986,2.851,False,0,,P21281,D,False
Microglia,DOCK10-201,DOCK10,0.1391941391941392,0.6178861788617886,4.6986448780007895e-22,9.397289756001576e-21,True,-0.4786920396676494,CT_enriched,0.002020202020202,True,495.0,38,76,90.4083,351.0027,-1.9452,Dominant,Canonical,trial_failure_candidate,ENST00000258390,ENSG00000135905,protein_coding,PC_CDS,True,True,DOCK10-201,0,1,False,none,False,0.0055,novel,0.0,0.038,0.427,True,3,"PH, C2 DOCK-type, DOCKER",Q96BY6,C,False
Microglia,DOCK10-202,DOCK10,0.8241758241758241,0.3333333333333333,4.6986448780007895e-22,9.397289756001576e-21,True,0.4908424908424908,AD_enriched,0.002020202020202,True,495.0,225,41,674.8257,243.4749,1.467,Minor,Alternate,new_target_candidate,ENST00000409592,ENSG00000135905,protein_coding,PC_UTR,True,True,DOCK10-201,0,1,False,none,False,0.0055,novel,0.0,0.038,0.427,True,3,"PH, C2 DOCK-type, DOCKER",Q96BY6,N,False
Microglia,FGD4-216,FGD4,0.3818181818181818,0.0344827586206896,1.0500183837000896e-07,4.144809409342458e-07,True,0.3473354231974921,AD_enriched,0.025,True,120.0,21,2,67.6898,5.1275,3.4867,Minor,Alternate,new_target_candidate,ENST00000583694,ENSG00000139132,protein_coding,PC_CDS,True,True,FGD4-212,337,1,False,none,False,0.027,novel,0.0,0.2048,0.7,True,3,"DH, PH 1, PH 2",Q96M96,C,True
Microglia,IL6ST-204,IL6ST,0.5175438596491229,0.9306569343065694,6.0504669040833236e-21,1.1000848916515135e-19,True,-0.4131130746574465,CT_enriched,0.0181818181818181,True,715.0,59,255,145.7927,1174.2956,-3.0012,Dominant,Canonical,trial_failure_candidate,ENST00000381298,ENSG00000134352,protein_coding,PC_CDS,True,True,IL6ST-204,0,1,False,none,False,0.0841,emerging,0.0,0.6878,3.3,True,6,"Ig-like C2-type, Fibronectin type-III 1, Fibronectin type-III 2",P40189,C,False
Microglia,transcript131979.chr16.nic,IRF8,0.825,0.3546099290780142,1.237181233662942e-22,2.5596853110267768e-21,True,0.4703900709219857,AD_enriched,0.0372960372960372,True,1716.0,231,50,491.2831,212.1667,1.2075,Minor,Alternate,new_target_candidate,transcript131979.chr16.nic,ENSG00000140968,,novel,True,False,IRF8-201,930,1,False,none,False,0.0902,emerging,0.0,0.7422,3.984,False,0,,Q02556,D,True
Microglia,MYCBP2-207,MYCBP2,0.4898989898989899,0.9245283018867924,1.680022322348762e-20,2.8000372039146043e-19,True,-0.4346293119878024,CT_enriched,0.0454545454545454,True,462.0,97,196,244.5122,1220.234,-2.3145,Dominant,Canonical,trial_failure_candidate,ENST00000544440,ENSG00000005810,protein_coding,PC_CDS,True,True,MYCBP2-207,0,1,False,none,False,0.0087,novel,0.0,0.0718,0.161,True,1,DOC,O75592,C,False
Microglia,transcript176161.chr8.nnic,NSMCE2,0.375,0.027027027027027,0.0002011052316544,0.000511284487257,True,0.347972972972973,AD_enriched,0.0,True,3.0,15,1,13.9096,2.7698,1.9837,Minor,Alternate,new_target_candidate,transcript176161.chr8.nnic,ENSG00000156831,,novel,True,False,NSMCE2-201,469,1,False,none,False,0.0,novel,0.0,0.0,0.0,False,0,,Q96MF7,D,True
Microglia,NUP62-202,NUP62,0.7484276729559748,0.131578947368421,4.4914145020914593e-17,5.614268127614329e-16,True,0.6168487255875538,AD_enriched,0.0222222222222222,True,495.0,119,5,584.3358,13.2309,5.3622,Minor,Alternate,new_target_candidate,ENST00000422090,ENSG00000213024,protein_coding,PC_UTR,True,False,NUP62-201,0,1,False,none,False,0.004,novel,0.0,0.0333,0.074,False,0,,P37198,N,False
Microglia,PHF3-204,PHF3,0.5068618481244281,0.2711323763955343,1.4159707537559885e-44,1.6991649045071862e-42,True,0.2357294717288938,AD_enriched,0.0104,True,10000.0,554,170,2402.6244,2503.5955,-0.0594,Minor,Alternate,new_target_candidate,ENST00000481385,ENSG00000118482,protein_coding,PC_CDS,True,True,PHF3-201,1456,1,False,none,False,0.1041,emerging,0.1707,0.0122,10.414,True,1,TFIIS central,Q92576,C,True
Microglia,SPEN-201,SPEN,0.1686746987951807,0.9428571428571428,1.0874250997739413e-13,9.59492735094654e-13,True,-0.7741824440619621,CT_enriched,0.0,True,10.0,14,33,42.8285,473.4791,-3.4364,Dominant,Canonical,trial_failure_candidate,ENST00000375759,ENSG00000065526,protein_coding,PC_CDS,True,True,SPEN-201,0,3,True,none,False,0.3322,supported,0.2672,0.0304,2.918,True,6,"RRM 1, RRM 2, RRM 3",Q96T58,C,False
Microglia,TPP2-202,TPP2,0.3406593406593406,0.0125,2.611446448179108e-24,7.834339344537321e-23,True,0.3281593406593406,AD_enriched,0.0238095238095238,True,84.0,31,1,84.3645,5.2519,3.7713,Minor,Alternate,new_target_candidate,ENST00000376065,ENSG00000134900,protein_coding,PC_CDS,True,True,TPP2-201,39,1,False,none,False,0.0429,novel,0.0,0.3531,3.445,True,1,Peptidase S8,P29144,C,True
Microglia,TRIM38-201,TRIM38,0.437037037037037,0.9012345679012346,4.229104319965992e-10,2.416631039980567e-09,True,-0.4641975308641975,CT_enriched,0.0303030303030303,True,1287.0,59,73,184.2215,350.3734,-0.9238,Dominant,Canonical,trial_failure_candidate,ENST00000357085,ENSG00000112343,protein_coding,PC_CDS,True,True,TRIM38-201,0,1,False,none,False,0.0074,novel,0.0,0.0608,0.739,True,1,B30.2/SPRY,O00635,C,False
Microglia,TUT4-220,TUT4,0.5555555555555556,0.0344827586206896,1.0271051127586508e-09,5.4058163829402675e-09,True,0.521072796934866,AD_enriched,0.0151515151515151,True,330.0,40,2,108.9388,14.8122,2.7976,Minor,Alternate,new_target_candidate,ENST00000528642,ENSG00000134744,protein_coding,PC_CDS,True,True,TUT4-201,1261,1,False,none,False,0.0037,novel,0.0,0.0304,0.37,True,2,"PAP-associated 1, PAP-associated 2",Q5TAX3,C,True
Microglia,VCP-201,VCP,0.6593406593406593,0.9422222222222222,1.2083635830586976e-11,8.238842611763847e-11,True,-0.2828815628815628,CT_enriched,0.0,True,210.0,60,212,214.2767,1504.3733,-2.8059,Dominant,Canonical,trial_failure_candidate,ENST00000358901,ENSG00000165280,protein_coding,PC_CDS,True,True,VCP-201,0,1,False,none,False,0.2897,supported,0.4377,0.5269,0.493,False,0,,P55072,D,False
Microglia,YWHAB-201,YWHAB,0.7777777777777778,0.9936305732484076,3.3057749924803793e-08,1.426953234164193e-07,True,-0.2158527954706298,CT_enriched,0.0144855144855144,True,2002.0,70,156,369.3061,982.0779,-1.4086,Dominant,Canonical,trial_failure_candidate,ENST00000353703,ENSG00000166913,protein_coding,PC_CDS,True,True,YWHAB-201,0,1,False,none,False,0.256,supported,0.0,0.1236,2.618,False,0,,P31946,D,False
Microglia,ZNF268-209,ZNF268,0.6617647058823529,0.0,2.6016565843069962e-24,7.834339344537321e-23,True,0.6617647058823529,AD_enriched,0.0476190476190476,True,21.0,45,0,137.6631,0.0,7.1154,Minor,Alternate,new_target_candidate,ENST00000541009,ENSG00000090612,protein_coding,PC_CDS,True,True,ZNF268-205,106,1,False,none,False,0.0015,novel,0.0,0.0122,0.148,True,1,KRAB,Q14587,C,True
Microglia,ZNF268-205,ZNF268,0.2794117647058823,1.0,2.6016565843069962e-24,7.834339344537321e-23,True,-0.7205882352941178,CT_enriched,0.0476190476190476,True,21.0,19,109,56.3503,298.2024,-2.3832,Dominant,Canonical,trial_failure_candidate,ENST00000536435,ENSG00000090612,protein_coding,PC_CDS,True,True,ZNF268-205,0,1,False,none,False,0.0015,novel,0.0,0.0122,0.148,True,1,KRAB,Q14587,C,False
Oligodendrocyte,ABCB7-215,ABCB7,0.2261904761904762,0.0,1.3961697853794488e-06,4.484929912232047e-06,True,0.2261904761904762,AD_enriched,0.0,True,70.0,19,0,4.0662,0.0,2.3409,Minor,Alternate,new_target_candidate,ENST00000666534,ENSG00000131269,protein_coding_CDS_not_defined,PC_CDS_ND,True,False,ABCB7-203,2043,1,False,none,False,0.0109,novel,0.0,0.0896,0.626,True,2,"ABC transmembrane type-1, ABC transporter",O75027,C,True
Oligodendrocyte,ABCD4-201,ABCD4,0.072072072072072,0.6060606060606061,5.5480775128850505e-25,8.855951906306205e-24,True,-0.5339885339885341,CT_enriched,0.0,True,2002.0,16,40,4.6406,19.5906,-1.8681,Dominant,Canonical,trial_failure_candidate,ENST00000356924,ENSG00000119688,protein_coding,PC_CDS,True,True,ABCD4-201,0,1,False,none,False,0.0081,novel,0.0,0.0669,0.813,True,2,"ABC transmembrane type-1, ABC transporter",O14678,C,False
Oligodendrocyte,ABI1-210,ABI1,0.2888888888888888,0.0,0.0001055374407441,0.0002634182763334,True,0.2888888888888888,AD_enriched,0.0158730158730158,True,126.0,13,0,1.1569,0.0,1.109,Minor,Alternate,new_target_candidate,ENST00000376170,ENSG00000136754,protein_coding,PC_CDS,True,True,ABI1-206,90,1,False,none,False,0.0048,novel,0.0,0.0393,0.456,True,2,"t-SNARE coiled-coil homology, SH3",Q8IZP0,C,True
Oligodendrocyte,transcript25226.chr7.nic,AGMO,0.4186046511627907,0.1739130434782608,3.759841961414021e-05,0.000100312842681,True,0.2446916076845299,AD_enriched,0.0142857142857142,True,70.0,36,12,3.9638,7.0185,-0.6919,Minor,Alternate,new_target_candidate,transcript25226.chr7.nic,ENSG00000187546,,novel,True,False,AGMO-201,1137,1,False,none,False,0.0,novel,0.0,0.0,0.0,True,1,Fatty acid hydroxylase,Q6ZNB7,C,True
Oligodendrocyte,ARHGAP22-210,ARHGAP22,0.4426229508196721,0.017094017094017,1.4306167705998319e-12,8.31691476775497e-12,True,0.4255289337256551,AD_enriched,0.0432900432900432,True,462.0,27,2,16.9334,0.599,3.4874,Minor,Alternate,new_target_candidate,ENST00000477708,ENSG00000128805,protein_coding,PC_CDS,True,True,ARHGAP22-201,1441,1,False,none,False,0.0044,novel,0.0,0.0363,0.441,True,2,"PH, Rho-GAP",Q7Z5H3,C,True
Oligodendrocyte,ARHGAP22-201,ARHGAP22,0.5081967213114754,0.9487179487179488,1.4306167705998319e-12,8.31691476775497e-12,True,-0.4405212274064733,CT_enriched,0.0497835497835497,True,462.0,31,111,11.2364,43.8578,-1.8742,Dominant,Canonical,trial_failure_candidate,ENST00000249601,ENSG00000128805,protein_coding,PC_CDS,True,True,ARHGAP22-201,0,1,False,none,False,0.0044,novel,0.0,0.0363,0.441,True,2,"PH, Rho-GAP",Q7Z5H3,C,False
Oligodendrocyte,ARID4B-201,ARID4B,0.5308516063233044,0.7975113122171946,9.809296074947892e-43,4.899374222379888e-41,True,-0.2666597058938902,CT_enriched,0.0086,True,10000.0,1041,705,460.3979,553.6229,-0.2655,Dominant,Canonical,trial_failure_candidate,ENST00000264183,ENSG00000054267,protein_coding,PC_CDS,True,True,ARID4B-201,0,1,False,none,False,0.0078,novel,0.0,0.0643,0.438,True,2,"ARID, Tudor-knot",Q4LE39,C,False
Oligodendrocyte,ATG14-201,ATG14,0.5478260869565217,0.9772727272727272,7.377915890993906e-07,2.4513890782308075e-06,True,-0.4294466403162055,CT_enriched,0.0377622377622377,True,715.0,63,43,26.4467,33.378,-0.3248,Dominant,Canonical,trial_failure_candidate,ENST00000247178,ENSG00000126775,protein_coding,PC_CDS,True,True,ATG14-201,0,1,False,none,False,0.0207,novel,0.0,0.1701,1.728,False,0,,Q6ZNE5,D,False
Oligodendrocyte,transcript158596.chr12.nic,ATP2A2,0.3666666666666666,0.0921052631578947,1.3366547144251446e-06,4.302675778589602e-06,True,0.2745614035087719,AD_enriched,0.0357142857142857,True,28.0,11,7,1.4157,2.1141,-0.3664,Minor,Alternate,new_target_candidate,transcript158596.chr12.nic,ENSG00000174437,,novel,True,False,ATP2A2-204,2741,1,False,none,False,0.0461,novel,0.0,0.3603,2.092,False,0,,P16615,D,True
Oligodendrocyte,transcript41287.chr6.nnic,ATP6V1G2,0.5581395348837209,0.0129589632829373,1.8070599791840168e-53,1.7130191027162776e-51,True,0.5451805716007836,AD_enriched,0.0476190476190476,True,126.0,48,6,16.9358,7.3994,1.0945,Minor,Alternate,new_target_candidate,transcript41287.chr6.nnic,ENSG00000213760,,novel,True,False,ATP6V1G2-205,101,1,False,none,False,0.0265,novel,0.0,0.1908,1.521,False,0,,O95670,D,True
Oligodendrocyte,ATP6V1G2-205,ATP6V1G2,0.4418604651162791,0.9870410367170628,1.8070599791840168e-53,1.7130191027162776e-51,True,-0.5451805716007837,CT_enriched,0.0476190476190476,True,126.0,38,457,10.8904,139.7687,-3.5655,Dominant,Canonical,trial_failure_candidate,ENST00000303892,ENSG00000213760,protein_coding,PC_CDS,True,True,ATP6V1G2-205,0,1,False,none,False,0.0265,novel,0.0,0.1908,1.521,False,0,,O95670,D,False
Oligodendrocyte,BICD2-201,BICD2,0.077490774907749,0.612565445026178,1.2931425832959536e-34,3.7777655971130215e-33,True,-0.535074670118429,CT_enriched,0.0184815184815184,True,2002.0,21,117,3.4395,51.5114,-3.5642,Dominant,Canonical,trial_failure_candidate,ENST00000356884,ENSG00000185963,protein_coding,PC_CDS,True,True,BICD2-201,0,1,False,none,False,0.0779,emerging,0.0,0.0704,0.73,False,0,,Q8TD16,D,False
Oligodendrocyte,BICD2-202,BICD2,0.922509225092251,0.387434554973822,1.2931425832959536e-34,3.7777655971130215e-33,True,0.535074670118429,AD_enriched,0.0184815184815184,True,2002.0,250,74,36.8791,34.908,0.0771,Minor,Alternate,new_target_candidate,ENST00000375512,ENSG00000185963,protein_coding,PC_CDS,True,True,BICD2-201,211,1,False,none,False,0.0779,emerging,0.0,0.0704,0.73,False,0,,Q8TD16,D,True
Oligodendrocyte,CAPN10-207,CAPN10,0.15625,0.7058823529411765,4.155670824205376e-10,1.940009143561203e-09,True,-0.5496323529411765,CT_enriched,0.0046620046620046,True,3003.0,15,36,1.2115,26.6582,-3.6446,Dominant,Canonical,trial_failure_candidate,ENST00000391984,ENSG00000142330,protein_coding,PC_CDS,True,True,CAPN10-207,0,1,False,none,False,0.0109,novel,0.0,0.0897,0.267,True,1,Calpain catalytic,Q9HC96,C,False
Oligodendrocyte,CASC3-201,CASC3,0.2072727272727272,0.7241379310344828,7.1024525508870966e-15,5.1387682396994664e-14,True,-0.5168652037617556,CT_enriched,0.0163586413586413,True,8008.0,57,42,14.5473,28.2497,-0.9118,Dominant,Canonical,trial_failure_candidate,ENST00000264645,ENSG00000108349,protein_coding,PC_CDS,True,True,CASC3-201,0,1,False,none,False,0.0028,novel,0.0,0.0228,0.164,False,0,,O15234,D,False
Oligodendrocyte,CEP83-201,CEP83,0.8627450980392157,0.0888888888888888,1.3076009009636083e-25,2.2006544148463627e-24,True,0.7738562091503269,AD_enriched,0.0484848484848484,True,165.0,88,8,43.5937,7.5265,2.3868,Minor,Alternate,new_target_candidate,ENST00000339839,ENSG00000173588,protein_coding,PC_UTR,True,True,CEP83-202,0,1,False,none,False,0.0,novel,0.0,0.0,0.0,False,0,,Q9Y592,N,False
Oligodendrocyte,CHD1-205,CHD1,0.3125,0.0147058823529411,1.2821542477717537e-23,1.901906422064629e-22,True,0.2977941176470589,AD_enriched,0.0095238095238095,True,210.0,15,2,13.9815,0.6049,3.2227,Minor,Alternate,new_target_candidate,ENST00000511067,ENSG00000153922,protein_coding,PC_CDS,True,True,CHD1-211,264,2,True,none,False,0.2511,supported,0.4095,0.0712,16.1,True,4,"Chromo 1, Chromo 2, Helicase ATP-binding",O14646,C,True
Oligodendrocyte,CHD1-211,CHD1,0.125,0.8161764705882353,1.2821542477717537e-23,1.901906422064629e-22,True,-0.6911764705882353,CT_enriched,0.0,True,210.0,6,111,3.8754,67.2221,-3.8066,Dominant,Canonical,trial_failure_candidate,ENST00000614616,ENSG00000153922,protein_coding,PC_CDS,True,True,CHD1-211,0,3,True,none,False,0.2511,supported,0.4095,0.0712,16.1,True,4,"Chromo 1, Chromo 2, Helicase ATP-binding",O14646,C,False
Oligodendrocyte,transcript224122.chr1.nic,CHD1L,0.2971428571428571,0.0072992700729927,1.1181625275330266e-10,5.501975572447991e-10,True,0.2898435870698644,AD_enriched,0.0476190476190476,True,126.0,52,1,9.6602,0.2995,3.0362,Minor,Alternate,new_target_candidate,transcript224122.chr1.nic,ENSG00000131778,,novel,True,False,CHD1L-202,2615,1,False,none,False,0.0126,novel,0.0,0.1033,1.257,True,3,"Helicase ATP-binding, Helicase C-terminal, Macro",Q86WJ1,C,True
Oligodendrocyte,CLASP1-217,CLASP1,0.5393258426966292,0.0652173913043478,2.9384540061186544e-15,2.2014707836163145e-14,True,0.4741084513922814,AD_enriched,0.0,True,36.0,48,3,4.4362,1.3762,1.1939,Minor,Alternate,new_target_candidate,ENST00000700755,ENSG00000074054,protein_coding,PC_CDS,True,True,CLASP1-215,315,1,False,none,False,0.0046,novel,0.0,0.038,0.462,False,0,,Q7Z460,D,True
Oligodendrocyte,CLCC1-203,CLCC1,0.24,0.019108280254777,6.685895940030269e-37,2.3706860031634043e-35,True,0.2208917197452229,AD_enriched,0.0307692307692307,True,715.0,60,3,8.2109,0.9102,2.2696,Minor,Alternate,new_target_candidate,ENST00000356970,ENSG00000121940,protein_coding,PC_UTR,True,True,CLCC1-205,0,1,False,none,False,0.0631,emerging,0.0,0.0,0.753,False,0,,Q96S66,N,False
Oligodendrocyte,CLK4-201,CLK4,0.3245901639344262,0.5608465608465608,8.263196157439914e-07,2.733799583426524e-06,True,-0.2362563969121346,CT_enriched,0.0361,True,10000.0,99,106,14.4494,43.2822,-1.5192,Dominant,Canonical,trial_failure_candidate,ENST00000316308,ENSG00000113240,protein_coding,PC_CDS,True,True,CLK4-201,0,1,False,none,False,0.0037,novel,0.0,0.0304,0.37,True,1,Protein kinase,Q9HAZ1,C,False
Oligodendrocyte,CNOT4-205,CNOT4,0.3588709677419355,0.0260869565217391,1.1774853282449582e-20,1.3988284781835885e-19,True,0.3327840112201964,AD_enriched,0.0318181818181818,True,220.0,89,3,22.7143,0.9161,3.6295,Minor,Alternate,new_target_candidate,ENST00000428680,ENSG00000080802,protein_coding,PC_CDS,True,True,CNOT4-211,222,1,False,none,False,0.0056,novel,0.0,0.038,0.562,True,1,RRM,O95628,C,True
Oligodendrocyte,CNTN1-204,CNTN1,0.3716814159292035,0.0075187969924812,1.78792636808832e-14,1.2358508898467628e-13,True,0.3641626189367223,AD_enriched,0.0303030303030303,True,1287.0,42,1,3.651,0.2995,1.8396,Minor,Alternate,new_target_candidate,ENST00000547849,ENSG00000018236,protein_coding,PC_CDS,True,True,CNTN1-208,1176,1,False,none,False,0.0758,emerging,0.0,0.4595,0.446,True,10,"Ig-like C2-type 1, Ig-like C2-type 2, Ig-like C2-type 3",Q12860,C,True
Oligodendrocyte,COL4A5-202,COL4A5,0.4539682539682539,0.0606826801517067,1.8937785228419625e-73,4.398300619300457e-71,True,0.3932855738165472,AD_enriched,0.0105,True,10000.0,286,48,99.8193,23.6541,2.0319,Minor,Alternate,new_target_candidate,ENST00000361603,ENSG00000188153,protein_coding,PC_CDS,True,True,COL4A5-201,18,1,False,none,False,0.0231,novel,0.0,0.1901,1.511,True,1,Collagen IV NC1,P29400,C,True
Oligodendrocyte,transcript177239.chr10.nic,CRTAC1,0.6666666666666666,0.0,2.1831886746193537e-18,2.1394327834613708e-17,True,0.6666666666666666,AD_enriched,0.0476190476190476,True,21.0,38,0,5.3921,0.0,2.6763,Minor,Alternate,new_target_candidate,transcript177239.chr10.nic,ENSG00000095713,,novel,True,False,CRTAC1-203,1795,1,False,none,False,0.0054,novel,0.0,0.038,0.311,True,1,EGF-like,Q9NQ79,C,True
Oligodendrocyte,CRTAC1-203,CRTAC1,0.087719298245614,0.9272727272727272,2.1831886746193537e-18,2.1394327834613708e-17,True,-0.8395534290271133,CT_enriched,0.0476190476190476,True,21.0,5,51,4.9656,16.4043,-1.5447,Dominant,Canonical,trial_failure_candidate,ENST00000370597,ENSG00000095713,protein_coding,PC_CDS,True,True,CRTAC1-203,0,1,False,none,False,0.0054,novel,0.0,0.038,0.311,True,1,EGF-like,Q9NQ79,C,False
Oligodendrocyte,CRTAP-201,CRTAP,0.6464646464646465,0.912621359223301,1.2893273508808518e-06,4.158976072806636e-06,True,-0.2661567127586545,CT_enriched,0.0189393939393939,True,792.0,128,94,17.5824,90.4328,-2.2988,Dominant,Canonical,trial_failure_candidate,ENST00000320954,ENSG00000170275,protein_coding,PC_CDS,True,True,CRTAP-201,0,1,False,none,False,0.0037,novel,0.0,0.0304,0.37,False,0,,O75718,D,False
Oligodendrocyte,transcript48800.chr3.nnic,CRTAP,0.3535353535353535,0.087378640776699,1.2893273508808518e-06,4.158976072806636e-06,True,0.2661567127586545,AD_enriched,0.0189393939393939,True,792.0,70,9,19.112,8.6321,1.0621,Minor,Alternate,new_target_candidate,transcript48800.chr3.nnic,ENSG00000170275,,novel,True,False,CRTAP-201,681,1,False,none,False,0.0037,novel,0.0,0.0304,0.37,False,0,,O75718,D,True
Oligodendrocyte,DCAF11-217,DCAF11,0.6732673267326733,0.1666666666666666,9.844464807847356e-23,1.3409835493387385e-21,True,0.5066006600660067,AD_enriched,0.0397602397602397,True,5005.0,136,19,48.0596,14.0761,1.7023,Minor,Alternate,new_target_candidate,ENST00000559115,ENSG00000100897,protein_coding,PC_UTR,True,True,DCAF11-204,0,3,True,none,False,0.0144,novel,0.0,0.1185,1.441,False,0,,Q8TEB1,N,False
Oligodendrocyte,DENND4A-202,DENND4A,0.1785095320623916,0.4402985074626865,2.0721349671362538e-49,1.7500121676996182e-47,True,-0.2617889754002949,CT_enriched,0.0313020313020313,True,3003.0,103,177,14.0993,75.8443,-2.3475,Dominant,Canonical,trial_failure_candidate,ENST00000443035,ENSG00000174485,protein_coding,PC_CDS,True,True,DENND4A-202,0,1,False,none,False,0.1082,emerging,0.1761,0.038,7.925,True,4,"MABP, uDENN, cDENN",Q7Z401,C,False
Oligodendrocyte,DMAP1-214,DMAP1,0.4627659574468085,0.0168067226890756,3.136385554375252e-39,1.3244100818248222e-37,True,0.4459592347577329,AD_enriched,0.0395604395604395,True,1820.0,87,2,67.4442,0.6107,5.4092,Minor,Alternate,new_target_candidate,ENST00000488433,ENSG00000178028,protein_coding_CDS_not_defined,PC_CDS_ND,True,False,DMAP1-203,1239,1,False,none,False,0.0059,novel,0.0,0.0,0.594,True,1,SANT,Q9NPF5,C,True
Oligodendrocyte,DPP3-209,DPP3,0.3469387755102041,0.7948717948717948,6.989550416502179e-05,0.0001778009949871,True,-0.4479330193615907,CT_enriched,0.0178571428571428,True,56.0,17,31,1.5743,15.0717,-2.6423,Dominant,Canonical,trial_failure_candidate,ENST00000531863,ENSG00000254986,protein_coding,PC_CDS,True,True,DPP3-209,0,1,False,none,False,0.0067,novel,0.0,0.0547,0.665,False,0,,Q9NY33,D,False
Oligodendrocyte,DPP3-211,DPP3,0.6530612244897959,0.2051282051282051,6.989550416502179e-05,0.0001778009949871,True,0.4479330193615908,AD_enriched,0.0178571428571428,True,56.0,32,8,4.2583,3.3515,0.2731,Minor,Alternate,new_target_candidate,ENST00000532677,ENSG00000254986,protein_coding,PC_CDS,True,True,DPP3-209,275,1,False,none,False,0.0067,novel,0.0,0.0547,0.665,False,0,,Q9NY33,D,True
Oligodendrocyte,transcript31963.chr2.nic,DPYSL5,0.2549019607843137,0.0309278350515463,8.592661514369524e-32,2.1230272730982163e-30,True,0.2239741257327674,AD_enriched,0.04004329004329,True,924.0,52,6,13.2161,3.6306,1.6182,Minor,Alternate,new_target_candidate,transcript31963.chr2.nic,ENSG00000157851,,novel,True,False,DPYSL5-201,1348,1,False,none,False,0.0453,novel,0.0,0.3726,1.327,False,0,,Q9BPU6,D,True
Oligodendrocyte,EIF2AK2-213,EIF2AK2,0.4887892376681614,0.1752577319587628,4.5097590913316e-08,1.7255214974658385e-07,True,0.3135315057093986,AD_enriched,0.0139,True,10000.0,109,17,30.4078,5.2612,2.3266,Minor,Alternate,new_target_candidate,ENST00000681507,ENSG00000055332,protein_coding,PC_UTR,True,True,EIF2AK2-201,0,1,False,none,False,0.1119,emerging,0.0,0.9203,2.235,True,3,"DRBM 1, DRBM 2, Protein kinase",P19525,N,False
Oligodendrocyte,EIF2AK2-201,EIF2AK2,0.452914798206278,0.8041237113402062,4.5097590913316e-08,1.7255214974658385e-07,True,-0.3512089131339282,CT_enriched,0.0258,True,10000.0,101,78,19.7268,80.3337,-1.9724,Dominant,Canonical,trial_failure_candidate,ENST00000233057,ENSG00000055332,protein_coding,PC_CDS,True,True,EIF2AK2-201,0,1,False,none,False,0.1119,emerging,0.0,0.9203,2.235,True,3,"DRBM 1, DRBM 2, Protein kinase",P19525,C,False
Oligodendrocyte,transcript50202.chr2.nnic,EML4,0.5581395348837209,0.0,2.326510602717522e-29,4.934539611699949e-28,True,0.5581395348837209,AD_enriched,0.0444444444444444,True,45.0,96,0,57.0668,0.0,5.8596,Minor,Alternate,new_target_candidate,transcript50202.chr2.nnic,ENSG00000143924,,novel,True,False,EML4-201,2447,1,False,none,False,0.0098,novel,0.0,0.0806,0.979,False,0,,Q9HC35,D,True
Oligodendrocyte,ENAH-203,ENAH,0.4343434343434343,0.9166666666666666,1.008641741521107e-09,4.561967759849606e-09,True,-0.4823232323232323,CT_enriched,0.0079365079365079,True,126.0,86,55,6.2482,19.1787,-1.4771,Dominant,Canonical,trial_failure_candidate,ENST00000366843,ENSG00000154380,protein_coding,PC_CDS,True,True,ENAH-203,0,1,False,none,False,0.0419,novel,0.0,0.3447,3.903,True,1,WH1,Q8N8S7,C,False
Oligodendrocyte,transcript325983.chr1.nnic,ENAH,0.3535353535353535,0.0,1.008641741521107e-09,4.561967759849606e-09,True,0.3535353535353535,AD_enriched,0.0396825396825396,True,126.0,70,0,4.5838,0.0,2.4813,Minor,Alternate,new_target_candidate,transcript325983.chr1.nnic,ENSG00000154380,,novel,True,False,ENAH-203,1670,1,False,none,False,0.0419,novel,0.0,0.3447,3.903,True,1,WH1,Q8N8S7,C,True
Oligodendrocyte,FAM13C-204,FAM13C,0.3557046979865771,0.1160220994475138,1.5918823716731945e-14,1.1069301820991005e-13,True,0.2396825985390633,AD_enriched,0.0126,True,10000.0,106,21,51.5439,8.4348,2.4775,Minor,Alternate,new_target_candidate,ENST00000468840,ENSG00000148541,protein_coding,PC_CDS,True,True,FAM13C-217,324,1,False,none,False,0.0,novel,0.0,0.0,0.0,False,0,,Q8NE31,D,True
Oligodendrocyte,FAM76B-201,FAM76B,0.238095238095238,0.6097560975609756,2.953379577641618e-07,1.025295077589336e-06,True,-0.3716608594657375,CT_enriched,0.0419580419580419,True,1001.0,25,25,8.59,24.4561,-1.4084,Dominant,Canonical,trial_failure_candidate,ENST00000358780,ENSG00000077458,protein_coding,PC_CDS,True,True,FAM76B-201,0,1,False,none,False,0.0663,emerging,0.0996,0.19,5.323,False,0,,Q5HYJ3,D,False
Oligodendrocyte,transcript151399.chr11.nnic,FAM76B,0.5428571428571428,0.048780487804878,2.953379577641618e-07,1.025295077589336e-06,True,0.4940766550522648,AD_enriched,0.0069930069930069,True,1001.0,57,2,15.1956,0.599,3.3404,Minor,Alternate,new_target_candidate,transcript151399.chr11.nnic,ENSG00000077458,,novel,True,False,FAM76B-201,843,1,False,none,False,0.0663,emerging,0.0996,0.19,5.323,False,0,,Q5HYJ3,D,True
Oligodendrocyte,FBXW7-204,FBXW7,0.2553191489361702,0.0427807486631016,1.8230380004663941e-09,7.966144414079398e-09,True,0.2125384002730685,AD_enriched,0.0242424242424242,True,330.0,12,8,4.0288,3.5107,0.1569,Minor,Alternate,new_target_candidate,ENST00000603548,ENSG00000109670,protein_coding,PC_UTR,True,True,FBXW7-201,0,1,False,none,False,0.0654,emerging,0.0,0.5379,4.443,True,1,F-box,Q969H0,N,False
Oligodendrocyte,transcript108478.chr11.nic,FCHSD2,0.5667655786350149,0.0,6.279081039080109e-46,3.94139613871988e-44,True,0.5667655786350149,AD_enriched,0.0027,True,10000.0,191,0,13.4395,0.0,3.852,Minor,Alternate,new_target_candidate,transcript108478.chr11.nic,ENSG00000137478,,novel,True,False,FCHSD2-204,2118,1,False,none,False,0.0087,novel,0.0,0.0718,0.777,True,3,"F-BAR, SH3 1, SH3 2",O94868,C,True
Oligodendrocyte,GAN-203,GAN,0.081081081081081,0.7094594594594594,1.5448203971598803e-54,1.5945979432905877e-52,True,-0.6283783783783784,CT_enriched,0.0003330003330003,True,3003.0,24,210,11.8354,132.8643,-3.3826,Dominant,Canonical,trial_failure_candidate,ENST00000648994,ENSG00000261609,protein_coding,PC_CDS,True,True,GAN-203,0,1,False,none,False,0.0146,novel,0.0,0.1078,0.21,True,2,"BTB, BACK",Q9H2C0,C,False
Oligodendrocyte,GAPVD1-201,GAPVD1,0.0736196319018405,0.4207317073170731,1.1637771518397807e-26,2.0632614008762529e-25,True,-0.3471120754152326,CT_enriched,0.031093906093906,True,8008.0,24,69,4.3744,61.2751,-3.5345,Dominant,Canonical,trial_failure_candidate,ENST00000297933,ENSG00000165219,protein_coding,PC_CDS,True,True,GAPVD1-201,0,1,False,none,False,0.0294,novel,0.041,0.1459,2.735,True,2,"Ras-GAP, VPS9",Q14C86,C,False
Oligodendrocyte,GATM-201,GATM,0.4902189781021898,0.7510259917920656,1.2678572227172099e-77,3.92613119968096e-75,True,-0.2608070136898758,CT_enriched,0.038,True,10000.0,1679,1098,681.1269,599.0586,0.1849,Dominant,Canonical,trial_failure_candidate,ENST00000396659,ENSG00000171766,protein_coding,PC_CDS,True,True,GATM-201,0,1,False,none,False,0.1249,emerging,0.0,0.082,2.471,False,0,,P50440,D,False
Oligodendrocyte,GIGYF2-201,GIGYF2,0.3263157894736842,0.7627118644067796,1.0020122912921804e-12,5.967111657759204e-12,True,-0.4363960749330954,CT_enriched,0.0365190365190365,True,6435.0,31,90,12.6838,115.2144,-3.0862,Dominant,Canonical,trial_failure_candidate,ENST00000373563,ENSG00000204120,protein_coding,PC_CDS,True,True,GIGYF2-201,0,1,False,none,False,0.0506,emerging,0.0,0.0759,0.321,True,1,GYF,Q6Y7W6,C,False
Oligodendrocyte,GIGYF2-205,GIGYF2,0.3684210526315789,0.0677966101694915,1.0020122912921804e-12,5.967111657759204e-12,True,0.3006244424620874,AD_enriched,0.0041958041958041,True,6435.0,35,8,12.4586,8.4644,0.5079,Minor,Alternate,new_target_candidate,ENST00000409547,ENSG00000204120,protein_coding,PC_UTR,True,True,GIGYF2-201,0,1,False,none,False,0.0506,emerging,0.0,0.0759,0.321,True,1,GYF,Q6Y7W6,N,False
Oligodendrocyte,transcript104560.chr15.nic,GLCE,0.268041237113402,0.0063291139240506,1.3326878710124564e-25,2.2347780364089748e-24,True,0.2617121231893514,AD_enriched,0.0038850038850038,True,1287.0,52,1,9.0252,0.2923,2.9556,Minor,Alternate,new_target_candidate,transcript104560.chr15.nic,ENSG00000138604,,novel,True,False,GLCE-201,243,1,False,none,False,0.0056,novel,0.0,0.0401,0.475,False,0,,O94923,D,True
Oligodendrocyte,GMPR2-201,GMPR2,0.6967741935483871,0.2204301075268817,5.856869728492073e-29,1.2199623268540671e-27,True,0.4763440860215054,AD_enriched,0.0279720279720279,True,286.0,108,41,36.4049,14.7144,1.2511,Minor,Alternate,new_target_candidate,ENST00000355299,ENSG00000100938,protein_coding,PC_UTR,True,True,GMPR2-202,0,1,False,none,False,0.008,novel,0.0,0.0547,0.805,False,0,,Q9P2T1,N,False
Oligodendrocyte,GOLGA8A-205,GOLGA8A,0.473170731707317,0.0,4.669002825998544e-18,4.3990908979235766e-17,True,0.473170731707317,AD_enriched,0.0219780219780219,True,364.0,97,0,82.6086,0.0,6.3856,Minor,Alternate,new_target_candidate,ENST00000699472,ENSG00000175265,protein_coding,PC_CDS,True,True,GOLGA8A-201,3,1,False,none,False,0.0355,novel,0.0,0.2918,2.298,False,0,,A7E2F4,D,True
Oligodendrocyte,transcript25823.chr18.nnic,GREB1L,0.2362869198312236,0.0,2.18462018130412e-22,2.907610527838864e-21,True,0.2362869198312236,AD_enriched,0.0374625374625374,True,2002.0,56,0,3.6671,0.0,2.2225,Minor,Alternate,new_target_candidate,transcript25823.chr18.nnic,ENSG00000141449,,novel,True,False,,0,1,False,none,False,0.0059,novel,0.0,0.0482,0.586,False,0,,Q9C091,D,False
Oligodendrocyte,HBS1L-205,HBS1L,0.2894295302013422,0.6383928571428571,6.63133295752221e-47,4.338386139111364e-45,True,-0.3489633269415149,CT_enriched,0.035,True,10000.0,345,429,66.7797,152.9027,-1.1831,Dominant,Canonical,trial_failure_candidate,ENST00000367837,ENSG00000112339,protein_coding,PC_CDS,True,True,HBS1L-205,0,1,False,none,False,0.0,novel,0.0,0.0,0.0,True,1,tr-type G,Q9Y450,C,False
Oligodendrocyte,HBS1L-203,HBS1L,0.5511744966442953,0.2693452380952381,6.63133295752221e-47,4.338386139111364e-45,True,0.2818292585490572,AD_enriched,0.0438,True,10000.0,657,181,223.3577,84.2849,1.3954,Minor,Alternate,new_target_candidate,ENST00000367822,ENSG00000112339,protein_coding,PC_CDS,True,True,HBS1L-205,1613,1,False,none,False,0.0,novel,0.0,0.0,0.0,True,1,tr-type G,Q9Y450,C,True
Oligodendrocyte,HPS5-201,HPS5,0.3636363636363636,0.9696969696969696,2.527228957405665e-07,8.826299629435574e-07,True,-0.606060606060606,CT_enriched,0.0,True,70.0,16,32,4.193,10.2737,-1.1183,Dominant,Canonical,trial_failure_candidate,ENST00000349215,ENSG00000110756,protein_coding,PC_CDS,True,True,HPS5-201,0,1,False,none,False,0.0435,novel,0.0716,0.0,4.354,False,0,,Q9UPZ3,D,False
Oligodendrocyte,transcript26405.chr11.nnic,HPS5,0.5681818181818182,0.0,2.527228957405665e-07,8.826299629435574e-07,True,0.5681818181818182,AD_enriched,0.0142857142857142,True,70.0,25,0,9.7696,0.0,3.4289,Minor,Alternate,new_target_candidate,transcript26405.chr11.nnic,ENSG00000110756,,novel,True,False,HPS5-201,3221,1,False,none,False,0.0435,novel,0.0716,0.0,4.354,False,0,,Q9UPZ3,D,True
Oligodendrocyte,transcript150699.chrX.nic,HTATSF1,0.2655367231638418,0.0,2.068906942354316e-64,4.004196978014915e-62,True,0.2655367231638418,AD_enriched,0.0069930069930069,True,1287.0,188,0,22.1683,0.0,4.5341,Minor,Alternate,new_target_candidate,transcript150699.chrX.nic,ENSG00000102241,,novel,True,False,HTATSF1-201,876,1,False,none,False,0.004,novel,0.0,0.0,0.404,True,2,"RRM 1, RRM 2",O43719,C,True
Oligodendrocyte,ICE2-201,ICE2,0.1132075471698113,0.5757575757575758,3.387570030587514e-24,5.2450875973596683e-23,True,-0.4625500285877645,CT_enriched,0.0335497835497835,True,924.0,30,95,3.9905,28.4503,-2.561,Dominant,Canonical,trial_failure_candidate,ENST00000261520,ENSG00000128915,protein_coding,PC_CDS,True,True,ICE2-201,0,1,False,none,False,0.0015,novel,0.0,0.0122,0.148,False,0,,Q659A1,D,False
Oligodendrocyte,transcript158592.chr5.nic,ISOC1,0.3360655737704918,0.0,1.2976850566436489e-17,1.184233219667927e-16,True,0.3360655737704918,AD_enriched,0.0178571428571428,True,56.0,41,0,4.3659,0.0,2.4238,Minor,Alternate,new_target_candidate,transcript158592.chr5.nic,ENSG00000066583,,novel,True,False,ISOC1-201,441,1,False,none,False,0.0273,novel,0.0333,0.1829,2.508,False,0,,Q96CN7,D,True
Oligodendrocyte,ISOC1-201,ISOC1,0.6639344262295082,1.0,1.2976850566436489e-17,1.184233219667927e-16,True,-0.3360655737704918,CT_enriched,0.0178571428571428,True,56.0,81,197,15.4593,75.5121,-2.2168,Dominant,Canonical,trial_failure_candidate,ENST00000173527,ENSG00000066583,protein_coding,PC_CDS,True,True,ISOC1-201,0,1,False,none,False,0.0273,novel,0.0333,0.1829,2.508,False,0,,Q96CN7,D,False
Oligodendrocyte,KIAA0319L-201,KIAA0319L,0.2644067796610169,0.71900826446281,5.870168756134247e-31,1.3983043011406965e-29,True,-0.4546014848017931,CT_enriched,0.0409590409590409,True,1001.0,78,87,26.0377,28.6321,-0.1322,Dominant,Canonical,trial_failure_candidate,ENST00000325722,ENSG00000142687,protein_coding,PC_CDS,True,True,KIAA0319L-201,0,1,False,none,False,0.0028,novel,0.0,0.0234,0.228,True,6,"MANSC, PKD 1, PKD 2",Q8IZA0,C,False
Oligodendrocyte,KIAA1755-201,KIAA1755,0.2513368983957219,0.8929765886287625,2.9651001922120984e-62,4.9188894260089996e-60,True,-0.6416396902330406,CT_enriched,0.0429570429570429,True,3003.0,94,267,23.4795,99.7469,-2.0411,Dominant,Canonical,trial_failure_candidate,ENST00000279024,ENSG00000149633,protein_coding,PC_CDS,True,True,KIAA1755-201,0,1,False,none,False,0.0,novel,0.0,0.0,0.0,False,0,,Q5JYT7,D,False
Oligodendrocyte,KIF2A-220,KIF2A,0.7023255813953488,0.1138211382113821,9.041452788403356e-38,3.359803856170687e-36,True,0.5885044431839668,AD_enriched,0.0349650349650349,True,3003.0,151,14,24.0073,43.0577,-0.817,Minor,Alternate,new_target_candidate,ENST00000676271,ENSG00000068796,protein_coding,PC_CDS,True,True,KIF2A-203,171,1,False,none,False,0.2162,supported,0.3457,0.1984,3.991,True,1,Kinesin motor,O00139,C,True
Oligodendrocyte,KIF5A-204,KIF5A,0.4230769230769231,0.0166666666666666,4.156791842321422e-12,2.326300976817229e-11,True,0.4064102564102564,AD_enriched,0.003030303030303,True,330.0,22,2,7.3475,2.586,1.219,Minor,Alternate,new_target_candidate,ENST00000674619,ENSG00000155980,protein_coding,PC_CDS,True,True,KIF5A-202,21,1,False,none,False,0.0851,emerging,0.0,0.7002,0.331,True,1,Kinesin motor,Q12840,C,True
Oligodendrocyte,KIF5A-202,KIF5A,0.5,0.9166666666666666,4.156791842321422e-12,2.326300976817229e-11,True,-0.4166666666666666,CT_enriched,0.0333333333333333,True,330.0,26,110,20.7966,38.6068,-0.8616,Dominant,Canonical,trial_failure_candidate,ENST00000455537,ENSG00000155980,protein_coding,PC_CDS,True,True,KIF5A-202,0,1,False,none,False,0.0851,emerging,0.0,0.7002,0.331,True,1,Kinesin motor,Q12840,C,False
Oligodendrocyte,LAMTOR3-202,LAMTOR3,0.2575757575757575,0.9482758620689656,6.296279243020078e-14,4.178031011975466e-13,True,-0.6907001044932082,CT_enriched,0.0396825396825396,True,126.0,17,55,2.9117,24.312,-2.694,Dominant,Canonical,trial_failure_candidate,ENST00000499666,ENSG00000109270,protein_coding,PC_CDS,True,True,LAMTOR3-202,0,1,False,none,False,0.4529,supported,0.0,0.0165,2.819,False,0,,Q9UHA4,D,False
Oligodendrocyte,LAP3-201,LAP3,0.2522522522522522,0.691358024691358,8.57598925352191e-12,4.664574951125208e-11,True,-0.4391057724391058,CT_enriched,0.0476190476190476,True,210.0,28,112,3.4811,33.4777,-2.9437,Dominant,Canonical,trial_failure_candidate,ENST00000226299,ENSG00000002549,protein_coding,PC_CDS,True,True,LAP3-201,0,1,False,none,False,0.2352,supported,0.3781,0.1559,14.349,False,0,,P28838,D,False
Oligodendrocyte,transcript31883.chr4.nic,LAP3,0.7387387387387387,0.3024691358024691,8.57598925352191e-12,4.664574951125208e-11,True,0.4362696029362696,AD_enriched,0.0476190476190476,True,210.0,82,49,21.8646,16.6186,0.376,Minor,Alternate,new_target_candidate,transcript31883.chr4.nic,ENSG00000002549,,novel,True,False,LAP3-201,1268,1,False,none,False,0.2352,supported,0.3781,0.1559,14.349,False,0,,P28838,D,True
Oligodendrocyte,LEMD3-201,LEMD3,0.594059405940594,0.8522727272727273,0.0001711010181291,0.0004124360296886,True,-0.2582133213321332,CT_enriched,0.0199800199800199,True,2002.0,60,75,23.2291,30.1416,-0.3621,Dominant,Canonical,trial_failure_candidate,ENST00000308330,ENSG00000174106,protein_coding,PC_CDS,True,True,LEMD3-201,0,1,False,none,False,0.0,novel,0.0,0.0,0.0,True,1,LEM,Q9Y2U8,C,False
Oligodendrocyte,transcript90801.chr12.nic,LEMD3,0.4059405940594059,0.1477272727272727,0.0001711010181291,0.0004124360296886,True,0.2582133213321332,AD_enriched,0.0199800199800199,True,2002.0,41,13,13.8302,3.8647,1.6081,Minor,Alternate,new_target_candidate,transcript90801.chr12.nic,ENSG00000174106,,novel,True,False,LEMD3-201,1050,1,False,none,False,0.0,novel,0.0,0.0,0.0,True,1,LEM,Q9Y2U8,C,True
Oligodendrocyte,LIG1-201,LIG1,0.0857142857142857,0.5234375,7.993214107406875e-24,1.2093967273258937e-22,True,-0.4377232142857143,CT_enriched,0.0469530469530469,True,3003.0,27,67,11.0143,33.6275,-1.5272,Dominant,Canonical,trial_failure_candidate,ENST00000263274,ENSG00000105486,protein_coding,PC_CDS,True,True,LIG1-201,0,2,True,none,False,0.0159,novel,0.0,0.1307,1.431,False,0,,P18858,D,False
Oligodendrocyte,LIG4-201,LIG4,0.9380530973451328,0.1573033707865168,1.5232745894851833e-93,7.075610468158676e-91,True,0.780749726558616,AD_enriched,0.0037878787878787,True,792.0,530,14,68.4669,4.179,3.7456,Minor,Alternate,new_target_candidate,ENST00000405925,ENSG00000174405,protein_coding,PC_UTR,True,False,LIG4-202,0,2,True,none,False,0.0701,emerging,0.0,0.1114,1.087,True,2,"BRCT 1, BRCT 2",P49917,N,False
Oligodendrocyte,LRRC4C-201,LRRC4C,0.9178082191780822,0.3877551020408163,1.054090557579977e-15,8.341142487153309e-15,True,0.5300531171372659,AD_enriched,0.0043290043290043,True,462.0,134,19,75.9553,26.3177,1.4942,Minor,Alternate,new_target_candidate,ENST00000278198,ENSG00000148948,protein_coding,PC_UTR,True,False,LRRC4C-203,0,1,False,none,False,0.2209,supported,0.3593,0.0623,1.852,True,3,"LRRNT, LRRCT, Ig-like C2-type",Q9HCJ2,N,False
Oligodendrocyte,MAN2B1-203,MAN2B1,0.5901639344262295,0.9545454545454546,3.666470170196286e-07,1.2550297671747786e-06,True,-0.3643815201192251,CT_enriched,0.05,True,120.0,72,63,11.6257,25.4913,-1.0692,Dominant,Canonical,trial_failure_candidate,ENST00000456935,ENSG00000104774,protein_coding,PC_CDS,True,True,MAN2B1-203,0,1,False,none,False,0.0108,novel,0.0,0.0885,0.284,False,0,,O00754,D,False
Oligodendrocyte,MAP3K1-201,MAP3K1,0.053763440860215,0.631578947368421,4.8082116685532685e-14,3.218176253664255e-13,True,-0.577815506508206,CT_enriched,0.05,True,20.0,5,36,2.0581,12.0549,-2.0939,Dominant,Canonical,trial_failure_candidate,ENST00000399503,ENSG00000095015,protein_coding,PC_CDS,True,True,MAP3K1-201,0,1,False,none,False,0.0103,novel,0.0,0.0845,0.37,True,1,Protein kinase,Q13233,C,False
Oligodendrocyte,MEF2C-217,MEF2C,0.4598930481283422,0.0,1.4968609119392034e-15,1.160754413348514e-14,True,0.4598930481283422,AD_enriched,0.0169830169830169,True,1001.0,86,0,20.3591,0.0,4.4168,Minor,Alternate,new_target_candidate,ENST00000510942,ENSG00000081189,protein_coding,PC_CDS,True,True,MEF2C-209,24,1,False,gwas,True,0.2149,supported,0.309,0.8593,1.636,True,1,MADS-box,Q06413,C,True
Oligodendrocyte,MOB3C-202,MOB3C,0.4242424242424242,1.0,5.054548120448242e-10,2.345492109838369e-09,True,-0.5757575757575758,CT_enriched,0.0,True,10.0,14,59,7.8107,17.2444,-1.0501,Dominant,Canonical,trial_failure_candidate,ENST00000319928,ENSG00000142961,protein_coding,PC_CDS,True,True,MOB3C-202,0,1,False,none,False,0.003,novel,0.0,0.0243,0.296,False,0,,Q70IA8,D,False
Oligodendrocyte,transcript124454.chrX.nnic,MORC4,0.5904059040590406,0.0,2.542636317835612e-34,7.335742668538145e-33,True,0.5904059040590406,AD_enriched,0.0178571428571428,True,56.0,160,0,14.6866,0.0,3.9715,Minor,Alternate,new_target_candidate,transcript124454.chrX.nnic,ENSG00000133131,,novel,True,False,MORC4-202,2558,1,False,none,False,0.0,novel,0.0,0.0,0.0,False,0,,Q8TE76,D,True
Oligodendrocyte,MORC4-202,MORC4,0.3505535055350554,0.9928057553956836,2.542636317835612e-34,7.335742668538145e-33,True,-0.6422522498606282,CT_enriched,0.0178571428571428,True,56.0,95,138,10.3699,40.851,-1.88,Dominant,Canonical,trial_failure_candidate,ENST00000355610,ENSG00000133131,protein_coding,PC_CDS,True,True,MORC4-202,0,1,False,none,False,0.0,novel,0.0,0.0,0.0,False,0,,Q8TE76,D,False
Oligodendrocyte,MRFAP1-201,MRFAP1,0.3270042194092827,0.0888888888888888,8.197515588768763e-13,4.938710753544865e-12,True,0.2381153305203939,AD_enriched,0.0172,True,10000.0,155,24,39.1215,15.7442,1.2607,Minor,Alternate,new_target_candidate,ENST00000320912,ENSG00000179010,protein_coding,PC_UTR,True,False,MRFAP1-202,0,1,False,none,False,0.0,novel,0.0,0.0,0.0,False,0,,Q9Y605,N,False
Oligodendrocyte,MRFAP1-202,MRFAP1,0.5864978902953587,0.8296296296296296,8.197515588768763e-13,4.938710753544865e-12,True,-0.2431317393342709,CT_enriched,0.0314,True,10000.0,278,224,73.5043,120.1448,-0.7013,Dominant,Canonical,trial_failure_candidate,ENST00000382581,ENSG00000179010,protein_coding,PC_CDS,True,True,MRFAP1-202,0,1,False,none,False,0.0,novel,0.0,0.0,0.0,False,0,,Q9Y605,D,False
Oligodendrocyte,transcript11591.chr13.nnic,MTIF3,0.8468468468468469,0.046875,5.95302722434595e-41,2.6846418890375687e-39,True,0.7999718468468469,AD_enriched,0.003030303030303,True,330.0,188,3,26.4104,0.8985,3.8518,Minor,Alternate,new_target_candidate,transcript11591.chr13.nnic,ENSG00000122033,,novel,True,False,MTIF3-202,158,1,False,none,False,0.0044,novel,0.0,0.0365,0.223,False,0,,Q9H2K0,D,True
Oligodendrocyte,MTO1-212,MTO1,0.1896551724137931,0.8191489361702128,1.6397480944755973e-17,1.4905342267786984e-16,True,-0.6294937637564197,CT_enriched,0.0202020202020202,True,792.0,11,77,1.3316,39.2017,-4.1078,Dominant,Canonical,trial_failure_candidate,ENST00000498286,ENSG00000135297,protein_coding,PC_CDS,True,True,MTO1-212,0,1,False,none,False,0.0506,emerging,0.0,0.0,0.941,False,0,,Q9Y2Z2,D,False
Oligodendrocyte,MTO1-252,MTO1,0.2758620689655172,0.0,1.6397480944755973e-17,1.4905342267786984e-16,True,0.2758620689655172,AD_enriched,0.0037878787878787,True,792.0,16,0,2.8922,0.0,1.9606,Minor,Alternate,new_target_candidate,ENST00000680686,ENSG00000135297,protein_coding,PC_CDS,True,True,MTO1-212,222,1,False,none,False,0.0506,emerging,0.0,0.0,0.941,False,0,,Q9Y2Z2,D,True
Oligodendrocyte,MVP-202,MVP,0.5031847133757962,0.2342007434944238,2.4773765428670774e-08,9.801885895756025e-08,True,0.2689839698813724,AD_enriched,0.0236430236430236,True,3003.0,79,63,16.7061,25.1466,-0.5624,Minor,Alternate,new_target_candidate,ENST00000395353,ENSG00000013364,protein_coding,PC_UTR,True,True,MVP-201,0,1,False,none,False,0.3556,supported,0.0,0.035,2.082,True,1,MVP shoulder,Q14764,N,False
Oligodendrocyte,MVP-201,MVP,0.4968152866242038,0.7657992565055762,2.4773765428670774e-08,9.801885895756025e-08,True,-0.2689839698813724,CT_enriched,0.0236430236430236,True,3003.0,78,206,29.8761,93.5518,-1.6146,Dominant,Canonical,trial_failure_candidate,ENST00000357402,ENSG00000013364,protein_coding,PC_CDS,True,True,MVP-201,0,1,False,none,False,0.3556,supported,0.0,0.035,2.082,True,1,MVP shoulder,Q14764,C,False
Oligodendrocyte,NCOA6-201,NCOA6,0.4678899082568807,0.975,1.0060650396172346e-07,3.676767985068493e-07,True,-0.5071100917431193,CT_enriched,0.0,True,15.0,51,39,4.0274,11.8856,-1.3579,Dominant,Canonical,trial_failure_candidate,ENST00000359003,ENSG00000198646,protein_coding,PC_CDS,True,True,NCOA6-201,0,2,True,none,False,0.0,novel,0.0,0.0,0.0,False,0,,Q14686,D,False
Oligodendrocyte,NDUFA10-201,NDUFA10,0.1612903225806451,0.3879310344827586,4.370452377173355e-16,3.555297949556959e-15,True,-0.2266407119021135,CT_enriched,0.0257,True,10000.0,75,90,17.5712,31.4289,-0.8042,Dominant,Canonical,trial_failure_candidate,ENST00000252711,ENSG00000130414,protein_coding,PC_CDS,True,True,NDUFA10-201,0,1,False,none,False,0.2865,supported,0.0973,0.3236,1.538,False,0,,O95299,D,False
Oligodendrocyte,NET1-201,NET1,0.2368421052631578,1.0,8.972974634895273e-11,4.4576970245014476e-10,True,-0.7631578947368423,CT_enriched,0.05,True,20.0,9,36,0.6658,19.7981,-3.6422,Dominant,Canonical,trial_failure_candidate,ENST00000355029,ENSG00000173848,protein_coding,PC_CDS,True,True,NET1-201,0,1,False,none,False,0.0083,novel,0.0,0.0684,0.832,True,2,"DH, PH",Q7Z628,C,False
Oligodendrocyte,NPHP3-201,NPHP3,0.6926829268292682,0.9339622641509434,4.847771001849789e-05,0.0001265050354134,True,-0.2412793373216751,CT_enriched,0.0136363636363636,True,220.0,142,99,46.7718,68.6047,-0.543,Dominant,Canonical,trial_failure_candidate,ENST00000337331,ENSG00000113971,protein_coding,PC_CDS,True,True,NPHP3-201,0,1,False,none,False,0.0,novel,0.0,0.0,0.0,False,0,,Q7Z494,D,False
Oligodendrocyte,NRCAM-201,NRCAM,0.6451612903225806,0.18,3.1031239682834724e-06,9.552028384808966e-06,True,0.4651612903225806,AD_enriched,0.0363636363636363,True,715.0,40,9,15.692,2.7014,2.173,Minor,Alternate,new_target_candidate,ENST00000351718,ENSG00000091129,protein_coding,PC_CDS,True,True,NRCAM-203,363,1,False,none,False,0.0694,emerging,0.0,0.244,1.445,True,11,"Ig-like 1, Ig-like 2, Ig-like 3",Q92823,C,True
Oligodendrocyte,NRDC-201,NRDC,0.315018315018315,0.5247524752475248,7.138937789859181e-14,4.716979521180071e-13,True,-0.2097341602292097,CT_enriched,0.0498,True,10000.0,172,159,50.0299,210.421,-2.0507,Dominant,Canonical,trial_failure_candidate,ENST00000352171,ENSG00000078618,protein_coding,PC_CDS,True,True,NRDC-201,0,1,False,none,False,0.0687,emerging,0.0,0.2204,0.984,False,0,,O43847,D,False
Oligodendrocyte,NUP62-223,NUP62,0.2244897959183673,0.018348623853211,1.036555867385391e-13,6.73398881679041e-13,True,0.2061411720651562,AD_enriched,0.0499500499500499,True,3003.0,33,4,17.6546,11.7423,0.5499,Minor,Alternate,new_target_candidate,ENST00000700473,ENSG00000213024,protein_coding,PC_UTR,True,False,NUP62-201,0,1,False,none,False,0.004,novel,0.0,0.0333,0.074,False,0,,P37198,N,False
Oligodendrocyte,NXF1-201,NXF1,0.1666666666666666,0.5909090909090909,1.481197706276745e-09,6.5587829796525105e-09,True,-0.4242424242424243,CT_enriched,0.0375624375624375,True,5005.0,18,39,8.3704,32.303,-1.8295,Dominant,Canonical,trial_failure_candidate,ENST00000294172,ENSG00000162231,protein_coding,PC_CDS,True,True,NXF1-201,0,1,False,none,False,0.0,novel,0.0,0.0,0.0,True,3,"RRM, NTF2, TAP-C",Q9UBU9,C,False
Oligodendrocyte,NXF1-211,NXF1,0.8240740740740741,0.3484848484848485,1.481197706276745e-09,6.5587829796525105e-09,True,0.4755892255892255,AD_enriched,0.0269730269730269,True,5005.0,89,23,43.5338,11.6684,1.8137,Minor,Alternate,new_target_candidate,ENST00000531709,ENSG00000162231,protein_coding,PC_CDS,True,True,NXF1-201,915,1,False,none,False,0.0,novel,0.0,0.0,0.0,True,3,"RRM, NTF2, TAP-C",Q9UBU9,C,True
Oligodendrocyte,OSBPL5-208,OSBPL5,0.3076923076923077,0.0,7.914521466447813e-07,2.6240508359493283e-06,True,0.3076923076923077,AD_enriched,0.0238095238095238,True,84.0,16,0,3.507,0.0,2.1722,Minor,Alternate,new_target_candidate,ENST00000478260,ENSG00000021762,protein_coding,PC_CDS,True,True,OSBPL5-201,1583,1,False,none,False,0.0053,novel,0.0,0.0433,0.526,True,1,PH,Q9H0X9,C,True
Oligodendrocyte,OSBPL5-201,OSBPL5,0.5192307692307693,0.9344262295081968,7.914521466447813e-07,2.6240508359493283e-06,True,-0.4151954602774275,CT_enriched,0.0238095238095238,True,84.0,27,57,4.6597,17.0199,-1.6708,Dominant,Canonical,trial_failure_candidate,ENST00000263650,ENSG00000021762,protein_coding,PC_CDS,True,True,OSBPL5-201,0,1,False,none,False,0.0053,novel,0.0,0.0433,0.526,True,1,PH,Q9H0X9,C,False
Oligodendrocyte,transcript127065.chr8.nnic,PAG1,0.5446428571428571,0.0,3.4837721880780204e-29,7.289244060190273e-28,True,0.5446428571428571,AD_enriched,0.0411255411255411,True,462.0,61,0,8.6557,0.0,3.2714,Minor,Alternate,new_target_candidate,transcript127065.chr8.nnic,ENSG00000076641,,novel,True,False,PAG1-201,811,1,False,none,False,0.0048,novel,0.0,0.0395,0.458,False,0,,Q9NWQ8,D,True
Oligodendrocyte,PAG1-201,PAG1,0.4553571428571428,1.0,3.4837721880780204e-29,7.289244060190273e-28,True,-0.5446428571428572,CT_enriched,0.0411255411255411,True,462.0,51,189,18.0349,90.5441,-2.2658,Dominant,Canonical,trial_failure_candidate,ENST00000220597,ENSG00000076641,protein_coding,PC_CDS,True,True,PAG1-201,0,1,False,none,False,0.0048,novel,0.0,0.0395,0.458,False,0,,Q9NWQ8,D,False
Oligodendrocyte,PARP2-201,PARP2,0.2295081967213114,0.0,0.0004070400886602,0.0009254533587013,True,0.2295081967213114,AD_enriched,0.0444444444444444,True,495.0,14,0,3.1428,0.0,2.0506,Minor,Alternate,new_target_candidate,ENST00000250416,ENSG00000129484,protein_coding,PC_CDS,True,True,PARP2-202,39,1,False,none,False,0.0076,novel,0.0,0.0213,0.582,True,3,"WGR, PARP alpha-helical, PARP catalytic",Q9UGN5,C,True
Oligodendrocyte,PCCA-202,PCCA,0.4634146341463415,0.9473684210526316,7.938292389765693e-09,3.2544896867132964e-08,True,-0.4839537869062901,CT_enriched,0.0428571428571428,True,70.0,19,72,2.5056,25.5819,-2.9227,Dominant,Canonical,trial_failure_candidate,ENST00000376285,ENSG00000175198,protein_coding,PC_CDS,True,True,PCCA-202,0,1,False,none,False,0.0059,novel,0.0,0.0363,0.551,True,3,"Biotin carboxylation, ATP-grasp, Biotinyl-binding",P05165,C,False
Oligodendrocyte,PDE4DIP-245,PDE4DIP,0.225,0.0112359550561797,1.6129581607293555e-16,1.3646977516553472e-15,True,0.2137640449438203,AD_enriched,0.0272,True,10000.0,36,2,25.6371,0.5846,4.0713,Minor,Alternate,new_target_candidate,ENST00000618462,ENSG00000178104,protein_coding,PC_CDS,True,True,,6661,1,False,none,False,0.0059,novel,0.0,0.0178,0.492,True,1,Olduvai,Q5VU43,C,True
Oligodendrocyte,PELI3-202,PELI3,0.6444444444444445,0.3289473684210526,5.762618670456684e-05,0.0001484601426748,True,0.3154970760233919,AD_enriched,0.0393939393939393,True,330.0,58,25,129.1682,8.0017,3.854,Minor,Alternate,new_target_candidate,ENST00000349459,ENSG00000174516,protein_coding,PC_CDS,True,True,PELI3-201,72,1,False,none,False,0.0126,novel,0.0,0.1033,1.193,False,0,,Q8N2H9,D,True
Oligodendrocyte,PELI3-201,PELI3,0.3333333333333333,0.6710526315789473,5.762618670456684e-05,0.0001484601426748,True,-0.337719298245614,CT_enriched,0.0333333333333333,True,330.0,30,51,15.3337,19.6097,-0.3355,Dominant,Canonical,trial_failure_candidate,ENST00000320740,ENSG00000174516,protein_coding,PC_CDS,True,True,PELI3-201,0,1,False,none,False,0.0126,novel,0.0,0.1033,1.193,False,0,,Q8N2H9,D,False
Oligodendrocyte,PINX1-203,PINX1,0.2571428571428571,0.0,1.5516880031590608e-05,4.3471596952194434e-05,True,0.2571428571428571,AD_enriched,0.0357142857142857,True,56.0,9,0,1.6662,0.0,1.4148,Minor,Alternate,new_target_candidate,ENST00000519088,ENSG00000254093,protein_coding,PC_CDS,True,True,PINX1-201,77,1,False,none,False,0.01,novel,0.0,0.0823,1.0,True,1,G-patch,Q96BK5,C,True
Oligodendrocyte,POR-201,POR,0.5877712031558185,0.0501672240802675,2.694805650116716e-52,2.4543867146651265e-50,True,0.537603979075551,AD_enriched,0.0481,True,10000.0,298,15,130.4814,15.6887,2.9779,Minor,Alternate,new_target_candidate,ENST00000394893,ENSG00000127948,protein_coding,PC_CDS,True,True,POR-218,83,1,False,none,False,0.032,novel,0.0,0.2636,2.37,True,2,"Flavodoxin-like, FAD-binding FR-type",P16435,C,True
Oligodendrocyte,POR-218,POR,0.4003944773175542,0.9498327759197324,2.694805650116716e-52,2.4543867146651265e-50,True,-0.5494382986021782,CT_enriched,0.0457,True,10000.0,203,284,74.9323,107.1031,-0.5096,Dominant,Canonical,trial_failure_candidate,ENST00000461988,ENSG00000127948,protein_coding,PC_CDS,True,True,POR-218,0,1,False,none,False,0.032,novel,0.0,0.2636,2.37,True,2,"Flavodoxin-like, FAD-binding FR-type",P16435,C,False
Oligodendrocyte,PSD3-201,PSD3,0.8,0.4038461538461538,8.442910463112512e-36,2.6678448368134435e-34,True,0.3961538461538462,AD_enriched,0.029,True,10000.0,788,105,160.2314,108.3568,0.5601,Minor,Alternate,new_target_candidate,ENST00000286485,ENSG00000156011,protein_coding,PC_CDS,True,True,PSD3-202,1613,1,False,none,False,0.302,supported,0.4851,0.2325,4.66,True,2,"SEC7, PH",Q9NYI0,C,True
Oligodendrocyte,PTPMT1-202,PTPMT1,0.6578947368421053,0.9240506329113924,0.0014729784715347,0.003098725090706,True,-0.2661558960692871,CT_enriched,0.0,True,462.0,25,73,4.1123,39.3614,-2.9809,Dominant,Canonical,trial_failure_candidate,ENST00000326674,ENSG00000110536,protein_coding,PC_CDS,True,True,PTPMT1-202,0,1,False,none,False,0.0268,novel,0.0,0.2206,2.683,True,1,Tyrosine-protein phosphatase,Q8WUK0,C,False
Oligodendrocyte,RAB3IP-201,RAB3IP,0.5288888888888889,0.8928571428571429,1.605062344758223e-14,1.1144266952768233e-13,True,-0.363968253968254,CT_enriched,0.0489510489510489,True,1001.0,119,150,26.0845,46.2271,-0.8021,Dominant,Canonical,trial_failure_candidate,ENST00000247833,ENSG00000127328,protein_coding,PC_CDS,True,True,RAB3IP-201,0,1,False,none,False,0.0,novel,0.0,0.0,0.0,False,0,,Q96QF0,D,False
Oligodendrocyte,RAB3IP-204,RAB3IP,0.4311111111111111,0.0714285714285714,1.605062344758223e-14,1.1144266952768233e-13,True,0.3596825396825397,AD_enriched,0.0449550449550449,True,1001.0,97,12,30.7384,3.7726,2.7334,Minor,Alternate,new_target_candidate,ENST00000378815,ENSG00000127328,protein_coding,PC_CDS,True,True,RAB3IP-201,616,1,False,none,False,0.0,novel,0.0,0.0,0.0,False,0,,Q96QF0,D,True
Oligodendrocyte,RARS1-201,RARS1,0.6744186046511628,1.0,4.682453314369664e-08,1.790123098374246e-07,True,-0.3255813953488372,CT_enriched,0.0178571428571428,True,56.0,29,93,12.4986,53.0819,-2.0023,Dominant,Canonical,trial_failure_candidate,ENST00000231572,ENSG00000113643,protein_coding,PC_CDS,True,True,RARS1-201,0,1,False,none,False,0.009,novel,0.0,0.0681,0.823,False,0,,P54136,D,False
Oligodendrocyte,RASSF2-202,RASSF2,0.5045871559633027,0.8966565349544073,1.373670880944252e-27,2.593780992677256e-26,True,-0.3920693789911046,CT_enriched,0.041,True,10000.0,165,295,54.6282,154.1961,-1.4802,Dominant,Canonical,trial_failure_candidate,ENST00000379400,ENSG00000101265,protein_coding,PC_CDS,True,True,RASSF2-202,0,1,False,none,False,0.0085,novel,0.0,0.0393,0.85,True,2,"Ras-associating, SARAH",P50749,C,False
Oligodendrocyte,transcript8576.chr20.nnic,RASSF2,0.4954128440366973,0.1033434650455927,1.373670880944252e-27,2.593780992677256e-26,True,0.3920693789911045,AD_enriched,0.041,True,10000.0,162,34,35.0314,12.2161,1.447,Minor,Alternate,new_target_candidate,transcript8576.chr20.nnic,ENSG00000101265,,novel,True,False,RASSF2-202,852,1,False,none,False,0.0085,novel,0.0,0.0393,0.85,True,2,"Ras-associating, SARAH",P50749,C,True
Oligodendrocyte,RBCK1-202,RBCK1,0.4178794178794179,0.7030456852791879,5.771832561785829e-45,3.4372002883968175e-43,True,-0.2851662673997699,CT_enriched,0.0465416936005171,True,6188.0,201,277,93.6852,100.0116,-0.0933,Dominant,Canonical,trial_failure_candidate,ENST00000356286,ENSG00000125826,protein_coding,PC_CDS,True,True,RBCK1-202,0,1,False,none,False,0.293,supported,0.4761,0.1151,20.244,True,1,Ubiquitin-like,Q9BYM8,C,False
Oligodendrocyte,RBM4-201,RBM4,0.0867052023121387,0.4533333333333333,4.276497202891794e-20,4.821439200833103e-19,True,-0.3666281310211946,CT_enriched,0.0194805194805194,True,2002.0,30,34,10.8162,12.3606,-0.1772,Dominant,Canonical,trial_failure_candidate,ENST00000310092,ENSG00000173933,protein_coding,PC_CDS,True,True,RBM4-201,0,1,False,none,False,0.005,novel,0.0,0.0414,0.404,True,2,"RRM 1, RRM 2",Q9BWF3,C,False
Oligodendrocyte,RBMXL1-202,RBMXL1,0.9518072289156626,0.3271028037383177,3.4177439789532585e-18,3.2732826355129657e-17,True,0.6247044251773449,AD_enriched,0.006060606060606,True,165.0,79,35,33.3985,16.5965,0.9671,Minor,Alternate,new_target_candidate,ENST00000399794,ENSG00000213516,protein_coding,PC_UTR,True,False,,0,1,False,none,False,0.0,novel,0.0,0.0,0.0,True,1,RRM,Q96E39,N,False
Oligodendrocyte,RIC3-204,RIC3,0.3181818181818182,0.0088495575221238,1.3041483415110242e-16,1.1176695657414588e-15,True,0.3093322606596944,AD_enriched,0.0202020202020202,True,792.0,14,2,3.7568,5.7119,-0.4967,Minor,Alternate,new_target_candidate,ENST00000419822,ENSG00000166405,protein_coding,PC_CDS,True,True,RIC3-201,546,1,False,none,False,0.0248,novel,0.0364,0.0873,0.674,False,0,,Q7Z5B4,D,True
Oligodendrocyte,RNF157-201,RNF157,0.7741935483870968,0.9848484848484848,0.0002756081731455,0.0006455874756738,True,-0.210654936461388,CT_enriched,0.0303030303030303,True,792.0,24,65,15.4622,24.8761,-0.6525,Dominant,Canonical,trial_failure_candidate,ENST00000269391,ENSG00000141576,protein_coding,PC_CDS,True,True,RNF157-201,0,1,False,none,False,0.0044,novel,0.0,0.0365,0.443,False,0,,Q96PX1,D,False
Oligodendrocyte,RNF157-206,RNF157,0.2258064516129032,0.0,0.0002756081731455,0.0006455874756738,True,0.2258064516129032,AD_enriched,0.0138888888888888,True,792.0,7,0,2.7374,0.0,1.902,Minor,Alternate,new_target_candidate,ENST00000591615,ENSG00000141576,protein_coding,PC_CDS,True,True,RNF157-201,1648,1,False,none,False,0.0044,novel,0.0,0.0365,0.443,False,0,,Q96PX1,D,True
Oligodendrocyte,RNMT-202,RNMT,0.1818181818181818,0.5853658536585366,1.1618664343828475e-05,3.315030459280299e-05,True,-0.4035476718403548,CT_enriched,0.0383838383838383,True,495.0,14,24,8.8392,7.2394,0.256,Dominant,Canonical,trial_failure_candidate,ENST00000383314,ENSG00000101654,protein_coding,PC_CDS,True,True,RNMT-202,0,1,False,none,False,0.0163,novel,0.0,0.1337,0.939,True,1,mRNA cap 0 methyltransferase,O43148,C,False
Oligodendrocyte,RNMT-203,RNMT,0.8181818181818182,0.3902439024390244,1.1618664343828475e-05,3.315030459280299e-05,True,0.4279379157427938,AD_enriched,0.0404040404040404,True,495.0,63,16,22.1463,8.4042,1.2994,Minor,Alternate,new_target_candidate,ENST00000543302,ENSG00000101654,protein_coding,PC_UTR,True,True,RNMT-202,0,1,False,none,False,0.0163,novel,0.0,0.1337,0.939,True,1,mRNA cap 0 methyltransferase,O43148,N,False
Oligodendrocyte,RNPC3-201,RNPC3,0.3193717277486911,0.5616438356164384,2.42864015871418e-07,8.501155642221073e-07,True,-0.2422721078677472,CT_enriched,0.015,True,10000.0,183,82,65.0637,38.0673,0.7579,Dominant,Canonical,trial_failure_candidate,ENST00000423855,ENSG00000185946,protein_coding,PC_CDS,True,True,RNPC3-201,0,1,False,none,False,0.0153,novel,0.0,0.1154,0.479,True,2,"RRM 1, RRM 2",Q96LT9,C,False
Oligodendrocyte,RPS23-209,RPS23,0.2587412587412587,0.0290456431535269,2.1948478619944105e-12,1.2493956273240242e-11,True,0.2296956155877318,AD_enriched,0.043997668997669,True,3432.0,74,7,6.0339,2.0965,1.1837,Minor,Alternate,new_target_candidate,ENST00000651545,ENSG00000186468,protein_coding,PC_UTR,True,True,RPS23-201,0,1,False,none,False,0.0227,novel,0.0,0.1864,2.018,False,0,,P62266,N,False
Oligodendrocyte,RPS23-201,RPS23,0.7202797202797203,0.9543568464730292,2.1948478619944105e-12,1.2493956273240242e-11,True,-0.2340771261933089,CT_enriched,0.0177738927738927,True,3432.0,206,230,31.9219,151.0685,-2.2076,Dominant,Canonical,trial_failure_candidate,ENST00000296674,ENSG00000186468,protein_coding,PC_CDS,True,True,RPS23-201,0,1,False,none,False,0.0227,novel,0.0,0.1864,2.018,False,0,,P62266,D,False
Oligodendrocyte,transcript344469.chr1.nnic,RYR2,0.5274725274725275,0.1386861313868613,1.8492458634414146e-15,1.4174500058886752e-14,True,0.3887863960856662,AD_enriched,0.032051282051282,True,1716.0,96,19,44.3485,16.9129,1.3401,Minor,Alternate,new_target_candidate,transcript344469.chr1.nnic,ENSG00000198626,,novel,True,False,RYR2-201,14760,1,False,none,False,0.3146,supported,0.0,0.9413,2.375,True,8,"MIR 1, MIR 2, MIR 3",Q92736,C,True
Oligodendrocyte,SACM1L-201,SACM1L,0.4335664335664335,0.6371681415929203,1.378275089746571e-06,4.430510582610949e-06,True,-0.2036017080264868,CT_enriched,0.0357142857142857,True,56.0,62,72,4.5949,21.5575,-2.0114,Dominant,Canonical,trial_failure_candidate,ENST00000389061,ENSG00000211456,protein_coding,PC_CDS,True,True,SACM1L-201,0,1,False,none,False,0.0037,novel,0.0,0.0304,0.187,True,1,SAC,Q9NTJ5,C,False
Oligodendrocyte,SCAF4-201,SCAF4,0.2473118279569892,0.8630952380952381,1.3933930681178342e-31,3.406479369161758e-30,True,-0.6157834101382489,CT_enriched,0.0174825174825174,True,2002.0,46,145,21.1375,54.0704,-1.3148,Dominant,Canonical,trial_failure_candidate,ENST00000286835,ENSG00000156304,protein_coding,PC_CDS,True,True,SCAF4-201,0,3,True,none,False,0.0097,novel,0.0,0.0795,0.31,True,2,"CID, RRM",O95104,C,False
Oligodendrocyte,SCAMP3-202,SCAMP3,0.3636363636363636,0.074074074074074,0.0002603634577436,0.0006120385937344,True,0.2895622895622896,AD_enriched,0.0333333333333333,True,120.0,32,4,6.2503,1.502,1.5349,Minor,Alternate,new_target_candidate,ENST00000355379,ENSG00000116521,protein_coding,PC_CDS,True,True,SCAMP3-201,78,1,False,none,False,0.0288,novel,0.0473,0.0,2.308,False,0,,O14828,D,True
Oligodendrocyte,SCAMP3-201,SCAMP3,0.6363636363636364,0.925925925925926,0.0002603634577436,0.0006120385937344,True,-0.2895622895622897,CT_enriched,0.0333333333333333,True,120.0,56,50,14.4484,17.1639,-0.2336,Dominant,Canonical,trial_failure_candidate,ENST00000302631,ENSG00000116521,protein_coding,PC_CDS,True,True,SCAMP3-201,0,1,False,none,False,0.0288,novel,0.0473,0.0,2.308,False,0,,O14828,D,False
Oligodendrocyte,transcript138624.chr7.nic,SEM1,0.5070422535211268,0.103030303030303,8.771747079425978e-20,9.587003572690276e-19,True,0.4040119504908237,AD_enriched,0.025,True,120.0,36,17,4.9392,5.2742,-0.0792,Minor,Alternate,new_target_candidate,transcript138624.chr7.nic,ENSG00000127922,,novel,True,False,SEM1-201,94,1,False,none,False,0.0043,novel,0.0,0.0304,0.203,False,0,,P60896,D,True
Oligodendrocyte,transcript113962.chr14.nic,SLC25A29,0.3846153846153846,0.0,8.947701406516476e-21,1.0684337540686124e-19,True,0.3846153846153846,AD_enriched,0.0021645021645021,True,462.0,190,0,36.7,0.0,5.2365,Minor,Alternate,new_target_candidate,transcript113962.chr14.nic,ENSG00000197119,,novel,True,False,SLC25A29-201,128,1,False,none,False,0.2375,supported,0.3886,0.0182,23.753,False,0,,Q8N8R3,D,True
Oligodendrocyte,transcript171246.chr5.nnic,SLC25A48,0.2,0.0,0.00028729252545,0.0006705898395555,True,0.2,AD_enriched,0.025,True,120.0,13,0,8.2733,0.0,3.2131,Minor,Alternate,new_target_candidate,transcript171246.chr5.nnic,ENSG00000145832,,novel,True,False,SLC25A48-211,767,1,False,none,False,0.0,novel,0.0,0.0,0.0,False,0,,Q6ZT89,D,True
Oligodendrocyte,SLC35D2-201,SLC35D2,0.1270718232044199,0.4117647058823529,1.673721282239783e-05,4.658139817857275e-05,True,-0.284692882677933,CT_enriched,0.05,True,120.0,23,14,3.9316,37.8979,-2.9796,Dominant,Canonical,trial_failure_candidate,ENST00000253270,ENSG00000130958,protein_coding,PC_CDS,True,True,SLC35D2-201,0,1,False,none,False,0.0,novel,0.0,0.0,0.0,False,0,,Q76EJ3,D,False
Oligodendrocyte,SPINT2-201,SPINT2,0.581081081081081,1.0,3.975768771847268e-26,6.890838039265135e-25,True,-0.4189189189189189,CT_enriched,0.0476190476190476,True,84.0,43,263,11.7191,85.3135,-2.7626,Dominant,Canonical,trial_failure_candidate,ENST00000301244,ENSG00000167642,protein_coding,PC_CDS,True,True,SPINT2-201,0,1,False,none,False,0.0052,novel,0.0,0.0334,0.495,True,2,"BPTI/Kunitz inhibitor 1, BPTI/Kunitz inhibitor 2",O43291,C,False
Oligodendrocyte,SRBD1-201,SRBD1,0.6875,1.0,0.0037389804648784,0.0074252091745876,True,-0.3125,CT_enriched,0.0,True,84.0,22,30,10.5124,11.8503,-0.1586,Dominant,Canonical,trial_failure_candidate,ENST00000263736,ENSG00000068784,protein_coding,PC_CDS,True,True,SRBD1-201,0,1,False,none,False,0.0457,novel,0.0752,0.0,2.653,True,1,S1 motif,Q8N5C6,C,False
Oligodendrocyte,transcript54232.chr2.nnic,SRBD1,0.28125,0.0,0.0037389804648784,0.0074252091745876,True,0.28125,AD_enriched,0.0238095238095238,True,84.0,9,0,5.0703,0.0,2.6018,Minor,Alternate,new_target_candidate,transcript54232.chr2.nnic,ENSG00000068784,,novel,True,False,SRBD1-201,2698,1,False,none,False,0.0457,novel,0.0752,0.0,2.653,True,1,S1 motif,Q8N5C6,C,True
Oligodendrocyte,transcript63184.chr11.nic,SSRP1,0.275,0.0192307692307692,1.8335783132484488e-11,9.767168881925511e-11,True,0.2557692307692308,AD_enriched,0.0176767676767676,True,792.0,22,3,17.8959,1.3762,2.9913,Minor,Alternate,new_target_candidate,transcript63184.chr11.nic,ENSG00000149136,,novel,True,False,SSRP1-201,2004,1,False,none,False,0.0332,novel,0.0471,0.152,3.323,False,0,,Q08945,D,True
Oligodendrocyte,SSRP1-201,SSRP1,0.625,0.967948717948718,1.8335783132484488e-11,9.767168881925511e-11,True,-0.3429487179487179,CT_enriched,0.0164141414141414,True,792.0,50,151,17.4424,62.0089,-1.7725,Dominant,Canonical,trial_failure_candidate,ENST00000278412,ENSG00000149136,protein_coding,PC_CDS,True,True,SSRP1-201,0,1,False,none,False,0.0332,novel,0.0471,0.152,3.323,False,0,,Q08945,D,False
Oligodendrocyte,transcript158638.chr3.nnic,ST3GAL6,0.8153846153846154,0.0185185185185185,8.163855369553852e-24,1.2312048114148584e-22,True,0.7968660968660969,AD_enriched,0.0324675324675324,True,462.0,106,1,12.2929,1.4312,2.4509,Minor,Alternate,new_target_candidate,transcript158638.chr3.nnic,ENSG00000064225,,novel,True,False,ST3GAL6-214,820,1,False,none,False,0.0,novel,0.0,0.0,0.0,False,0,,Q9Y274,D,True
Oligodendrocyte,STAU1-203,STAU1,0.6271186440677966,0.1458333333333333,1.7625176162456018e-20,2.0726314753065368e-19,True,0.4812853107344633,AD_enriched,0.0433566433566433,True,715.0,111,7,53.3855,2.4267,3.9883,Minor,Alternate,new_target_candidate,ENST00000360426,ENSG00000124214,protein_coding,PC_CDS,True,True,STAU1-207,139,1,False,none,False,0.0131,novel,0.0,0.1079,0.358,True,3,"DRBM 1, DRBM 2, DRBM 3",O95793,C,True
Oligodendrocyte,STXBP1-201,STXBP1,0.4848484848484848,0.7837837837837838,6.857809139517854e-06,2.003429147991222e-05,True,-0.2989352989352989,CT_enriched,0.0216450216450216,True,924.0,48,58,28.2071,52.7441,-0.8798,Dominant,Canonical,trial_failure_candidate,ENST00000373299,ENSG00000136854,protein_coding,PC_CDS,True,True,STXBP1-201,0,1,False,none,False,0.0324,novel,0.0,0.2557,1.162,False,0,,P61764,D,False
Oligodendrocyte,SYNJ2-201,SYNJ2,0.7272727272727273,0.9724770642201837,2.0182909826989003e-06,6.358732612412697e-06,True,-0.2452043369474563,CT_enriched,0.0121212121212121,True,330.0,88,106,19.2405,47.2385,-1.2529,Dominant,Canonical,trial_failure_candidate,ENST00000355585,ENSG00000078269,protein_coding,PC_CDS,True,True,SYNJ2-201,0,1,False,none,False,0.0121,novel,0.0,0.0835,0.879,True,3,"SAC, 5-PPase, RRM",O15056,C,False
Oligodendrocyte,transcript35572.chr1.nnic,SZRD1,0.2115384615384615,0.0,6.176063645074996e-07,2.065357496859133e-06,True,0.2115384615384615,AD_enriched,0.0277777777777777,True,252.0,11,0,6.5994,0.0,2.9259,Minor,Alternate,new_target_candidate,transcript35572.chr1.nnic,ENSG00000055070,,novel,True,False,SZRD1-201,305,1,False,none,False,0.0018,novel,0.0,0.0152,0.185,True,2,"SUZ, SUZ-C",Q7Z422,C,True
Oligodendrocyte,TANGO2-210,TANGO2,0.5833333333333334,0.0303030303030303,2.788851077582072e-07,9.696267406713115e-07,True,0.5530303030303031,AD_enriched,0.0476190476190476,True,126.0,28,1,10.6248,0.2995,3.1612,Minor,Alternate,new_target_candidate,ENST00000432883,ENSG00000183597,protein_coding,PC_CDS,True,True,TANGO2-201,324,1,False,none,False,0.0,novel,0.0,0.0,0.0,False,0,,Q6ICL3,D,True
Oligodendrocyte,TARS2-213,TARS2,0.3571428571428571,0.0350877192982456,2.2246173530793265e-07,7.804643206233739e-07,True,0.3220551378446115,AD_enriched,0.0202020202020202,True,792.0,15,4,7.4386,1.5282,1.7389,Minor,Alternate,new_target_candidate,ENST00000606933,ENSG00000143374,protein_coding,PC_CDS,True,True,TARS2-204,246,2,True,none,False,0.503,supported,0.0,0.0,2.831,True,1,TGS,Q9BW92,C,True
Oligodendrocyte,TARS2-204,TARS2,0.6428571428571429,0.9649122807017544,2.2246173530793265e-07,7.804643206233739e-07,True,-0.3220551378446115,CT_enriched,0.0202020202020202,True,792.0,27,110,8.8057,36.6503,-1.941,Dominant,Canonical,trial_failure_candidate,ENST00000369064,ENSG00000143374,protein_coding,PC_CDS,True,True,TARS2-204,0,1,False,none,False,0.503,supported,0.0,0.0,2.831,True,1,TGS,Q9BW92,C,False
Oligodendrocyte,TBC1D14-208,TBC1D14,0.2619047619047619,0.0331125827814569,2.088993102359806e-40,9.154125434397451e-39,True,0.228792179123305,AD_enriched,0.0424242424242424,True,330.0,44,5,4.8046,1.4831,1.2251,Minor,Alternate,new_target_candidate,ENST00000451522,ENSG00000132405,protein_coding,PC_CDS,True,True,TBC1D14-201,121,1,False,none,False,0.0,novel,0.0,0.0,0.0,True,1,Rab-GAP TBC,Q9P2M4,C,True
Oligodendrocyte,transcript16738.chr4.nnic,TBC1D14,0.3273809523809524,0.0066225165562913,2.088993102359806e-40,9.154125434397451e-39,True,0.320758435824661,AD_enriched,0.0333333333333333,True,330.0,55,1,3.6016,0.2923,1.8322,Minor,Alternate,new_target_candidate,transcript16738.chr4.nnic,ENSG00000132405,,novel,True,False,TBC1D14-201,1294,1,False,none,False,0.0,novel,0.0,0.0,0.0,True,1,Rab-GAP TBC,Q9P2M4,C,True
Oligodendrocyte,TBL3-205,TBL3,0.5704225352112676,1.0,2.331319882780839e-16,1.947658427251259e-15,True,-0.4295774647887324,CT_enriched,0.0125874125874125,True,715.0,81,130,60.8938,46.1481,0.3926,Dominant,Canonical,trial_failure_candidate,ENST00000568546,ENSG00000183751,protein_coding,PC_CDS,True,True,TBL3-205,0,1,False,none,False,0.0,novel,0.0,0.0,0.0,False,0,,Q12788,D,False
Oligodendrocyte,TGOLN2-202,TGOLN2,0.3145336225596529,0.1098484848484848,1.665044657918452e-09,7.330931218986928e-09,True,0.204685137711168,AD_enriched,0.029,True,10000.0,145,29,40.9985,15.3185,1.3638,Minor,Alternate,new_target_candidate,ENST00000398263,ENSG00000152291,protein_coding,PC_CDS,True,True,TGOLN2-201,174,1,False,none,False,0.0046,novel,0.0,0.038,0.462,False,0,,O43493,D,True
Oligodendrocyte,TGOLN2-201,TGOLN2,0.6529284164859002,0.8674242424242424,1.665044657918452e-09,7.330931218986928e-09,True,-0.2144958259383422,CT_enriched,0.0338,True,10000.0,301,229,116.8248,103.7915,0.1691,Dominant,Canonical,trial_failure_candidate,ENST00000377386,ENSG00000152291,protein_coding,PC_CDS,True,True,TGOLN2-201,0,1,False,none,False,0.0046,novel,0.0,0.038,0.462,False,0,,O43493,D,False
Oligodendrocyte,TIGD6-201,TIGD6,0.6129032258064516,0.94,9.653622056936888e-07,3.1667425462197628e-06,True,-0.3270967741935483,CT_enriched,0.004040404040404,True,495.0,38,94,11.0851,35.2366,-1.5842,Dominant,Canonical,trial_failure_candidate,ENST00000296736,ENSG00000164296,protein_coding,PC_CDS,True,True,TIGD6-201,0,1,False,none,False,0.0,novel,0.0,0.0,0.0,True,3,"HTH psq-type, HTH CENPB-type, DDE-1",Q17RP2,C,False
Oligodendrocyte,TIGD6-202,TIGD6,0.3387096774193548,0.06,9.653622056936888e-07,3.1667425462197628e-06,True,0.2787096774193548,AD_enriched,0.0282828282828282,True,495.0,21,6,9.8611,1.8029,1.9542,Minor,Alternate,new_target_candidate,ENST00000515406,ENSG00000164296,protein_coding,PC_UTR,True,False,TIGD6-201,0,1,False,none,False,0.0,novel,0.0,0.0,0.0,True,3,"HTH psq-type, HTH CENPB-type, DDE-1",Q17RP2,N,False
Oligodendrocyte,transcript149227.chr9.nic,TLE4,0.3486590038314176,0.0,3.00252001223863e-24,4.664449985568039e-23,True,0.3486590038314176,AD_enriched,0.0441919191919191,True,792.0,91,0,5.959,0.0,2.7989,Minor,Alternate,new_target_candidate,transcript149227.chr9.nic,ENSG00000106829,,novel,True,False,TLE4-206,2169,1,False,none,False,0.0055,novel,0.0,0.0365,0.547,False,0,,Q04727,D,True
Oligodendrocyte,TMC6-229,TMC6,0.2915851272015655,0.0627137970353477,1.1186367149562196e-41,5.144621327694694e-40,True,0.2288713301662178,AD_enriched,0.021,True,10000.0,298,55,132.6296,21.1235,2.5946,Minor,Alternate,new_target_candidate,ENST00000698548,ENSG00000141524,protein_coding,PC_CDS,True,True,TMC6-217,180,1,False,none,False,0.0,novel,0.0,0.0,0.0,False,0,,Q7Z403,D,True
Oligodendrocyte,transcript212767.chr6.nic,TMEM181,0.6235294117647059,0.2711864406779661,4.0926310443614855e-16,3.340996696143955e-15,True,0.3523429710867398,AD_enriched,0.0285714285714285,True,35.0,106,16,18.7622,13.2992,0.4668,Minor,Alternate,new_target_candidate,transcript212767.chr6.nic,ENSG00000146433,,novel,True,False,TMEM181-202,1341,1,False,none,False,0.0029,novel,0.0,0.0,0.292,False,0,,Q9P2C4,D,True
Oligodendrocyte,TMEM181-202,TMEM181,0.1529411764705882,0.6610169491525424,4.0926310443614855e-16,3.340996696143955e-15,True,-0.5080757726819543,CT_enriched,0.0285714285714285,True,35.0,26,39,2.3903,11.8329,-1.9204,Dominant,Canonical,trial_failure_candidate,ENST00000684151,ENSG00000146433,protein_coding,PC_CDS,True,True,TMEM181-202,0,1,False,none,False,0.0029,novel,0.0,0.0,0.292,False,0,,Q9P2C4,D,False
Oligodendrocyte,transcript190990.chr11.nic,TMEM218,0.4571428571428571,0.0307692307692307,4.9271371058774724e-08,1.8744104714824617e-07,True,0.4263736263736263,AD_enriched,0.0476190476190476,True,126.0,16,2,3.5742,0.7641,1.3746,Minor,Alternate,new_target_candidate,transcript190990.chr11.nic,ENSG00000150433,,novel,True,False,TMEM218-218,103,1,False,none,False,0.0015,novel,0.0,0.0122,0.148,False,0,,A2RU14,D,True
Oligodendrocyte,TNIK-201,TNIK,0.4757281553398058,0.0,1.8392960985252745e-08,7.333502470085754e-08,True,0.4757281553398058,AD_enriched,0.0325,True,10000.0,49,0,87.4037,0.0,6.466,Minor,Alternate,new_target_candidate,ENST00000284483,ENSG00000154310,protein_coding,PC_CDS,True,True,TNIK-204,24,1,False,none,False,0.0101,novel,0.0,0.0745,0.699,True,2,"Protein kinase, CNH",Q9UKE5,C,True
Oligodendrocyte,TNIK-204,TNIK,0.4854368932038835,0.96,1.8392960985252745e-08,7.333502470085754e-08,True,-0.4745631067961164,CT_enriched,0.0383,True,10000.0,50,48,36.5237,44.9131,-0.2911,Dominant,Canonical,trial_failure_candidate,ENST00000436636,ENSG00000154310,protein_coding,PC_CDS,True,True,TNIK-204,0,1,False,none,False,0.0101,novel,0.0,0.0745,0.699,True,2,"Protein kinase, CNH",Q9UKE5,C,False
Oligodendrocyte,TRAK1-206,TRAK1,0.7028985507246377,0.1666666666666666,4.545436420497721e-12,2.537686559280278e-11,True,0.5362318840579711,AD_enriched,0.0475,True,10000.0,97,6,22.1999,5.4453,1.8478,Minor,Alternate,new_target_candidate,ENST00000449246,ENSG00000182606,protein_coding,PC_CDS,True,True,TRAK1-201,834,1,False,none,False,0.0755,emerging,0.0635,0.0851,0.956,True,1,HAP1 N-terminal,Q9UPV9,C,True
Oligodendrocyte,TRAPPC9-201,TRAPPC9,0.7536842105263157,0.9839357429718876,3.002708738330959e-14,2.0302157335585605e-13,True,-0.2302515324455718,CT_enriched,0.0404,True,10000.0,358,245,196.3343,179.2819,0.1304,Dominant,Canonical,trial_failure_candidate,ENST00000438773,ENSG00000167632,protein_coding,PC_CDS,True,True,TRAPPC9-201,0,1,False,none,False,0.0535,emerging,0.0,0.1442,1.028,False,0,,Q96Q05,D,False
Oligodendrocyte,TUBGCP2-201,TUBGCP2,0.4280442804428044,0.7147335423197492,1.3580575625204484e-44,7.885221722384354e-43,True,-0.2866892618769447,CT_enriched,0.0345,True,10000.0,116,228,18.2488,124.9555,-2.7101,Dominant,Canonical,trial_failure_candidate,ENST00000252936,ENSG00000130640,protein_coding,PC_CDS,True,True,TUBGCP2-201,0,1,False,none,False,0.0111,novel,0.0,0.0794,0.986,False,0,,Q9BSJ2,D,False
Oligodendrocyte,UPF2-202,UPF2,0.7276119402985075,0.9875,4.002632383421112e-06,1.212009610234098e-05,True,-0.2598880597014925,CT_enriched,0.0381,True,10000.0,195,79,93.3022,30.9866,1.5598,Dominant,Canonical,trial_failure_candidate,ENST00000357604,ENSG00000151461,protein_coding,PC_CDS,True,True,UPF2-202,0,1,False,none,False,0.0,novel,0.0,0.0,0.0,True,3,"MIF4G 1, MIF4G 2, MIF4G 3",Q9HAU5,C,False
Oligodendrocyte,USP1-202,USP1,0.6493055555555556,0.3208955223880597,5.583168779237141e-10,2.577914411486731e-09,True,0.3284100331674959,AD_enriched,0.0136363636363636,True,220.0,187,43,35.6127,18.4096,0.9156,Minor,Alternate,new_target_candidate,ENST00000371146,ENSG00000162607,protein_coding,PC_UTR,True,True,USP1-201,0,1,False,none,False,0.0026,novel,0.0,0.0213,0.196,True,1,USP,O94782,N,False
Oligodendrocyte,USP1-201,USP1,0.3506944444444444,0.6791044776119403,5.583168779237141e-10,2.577914411486731e-09,True,-0.3284100331674958,CT_enriched,0.0136363636363636,True,220.0,101,91,22.424,27.9727,-0.3067,Dominant,Canonical,trial_failure_candidate,ENST00000339950,ENSG00000162607,protein_coding,PC_CDS,True,True,USP1-201,0,1,False,none,False,0.0026,novel,0.0,0.0213,0.196,True,1,USP,O94782,C,False
Oligodendrocyte,WDR47-203,WDR47,0.5844155844155844,0.2,1.891636722986973e-05,5.233265383129535e-05,True,0.3844155844155844,AD_enriched,0.0295260295260295,True,1287.0,45,10,9.1768,2.9968,1.3484,Minor,Alternate,new_target_candidate,ENST00000369965,ENSG00000085433,protein_coding,PC_CDS,True,True,WDR47-202,3,1,False,none,False,0.0062,novel,0.0,0.0486,0.509,True,2,"LisH, CTLH",O94967,C,True
Oligodendrocyte,YTHDF2-206,YTHDF2,0.3346814964610718,0.0523255813953488,3.798436709607431e-33,1.0317975740424863e-31,True,0.282355915065723,AD_enriched,0.0384,True,10000.0,331,27,105.4507,18.8256,2.4247,Minor,Alternate,new_target_candidate,ENST00000478283,ENSG00000198492,protein_coding_CDS_not_defined,PC_CDS_ND,True,False,YTHDF2-201,1689,1,False,none,False,0.0418,novel,0.0,0.3438,1.461,True,1,YTH,Q9Y5A9,C,True
Oligodendrocyte,ZBTB44-201,ZBTB44,0.1304347826086956,0.5892857142857143,3.489846407843102e-15,2.5978103468639763e-14,True,-0.4588509316770187,CT_enriched,0.0357142857142857,True,84.0,21,33,1.6835,10.0768,-2.0454,Dominant,Canonical,trial_failure_candidate,ENST00000357899,ENSG00000196323,protein_coding,PC_CDS,True,True,ZBTB44-201,0,1,False,none,False,0.0,novel,0.0,0.0,0.0,True,1,BTB,Q8NCP5,C,False
Oligodendrocyte,ZC3H13-206,ZC3H13,0.3569023569023569,0.5598141695702671,2.824641545221347e-16,2.342939281705921e-15,True,-0.2029118126679102,CT_enriched,0.0225,True,10000.0,318,482,165.7182,298.2274,-0.8438,Dominant,Canonical,trial_failure_candidate,ENST00000679008,ENSG00000123200,protein_coding,PC_CDS,True,True,ZC3H13-206,0,2,True,none,False,0.0141,novel,0.0,0.1158,1.254,False,0,,Q5T200,D,False
Oligodendrocyte,ZDHHC6-202,ZDHHC6,0.2562814070351759,0.7802197802197802,2.970857853582027e-18,2.8869528723616134e-17,True,-0.5239383731846043,CT_enriched,0.0023310023310023,True,1716.0,51,71,7.3833,38.5932,-2.2397,Dominant,Canonical,trial_failure_candidate,ENST00000369405,ENSG00000023041,protein_coding,PC_CDS,True,True,ZDHHC6-202,0,1,False,none,False,0.0046,novel,0.0,0.038,0.059,True,2,"DHHC, SH3",Q9H6R6,C,False
Oligodendrocyte,ZNF160-202,ZNF160,0.8197747183979975,0.0833333333333333,4.074049278569796e-96,2.102662099884077e-93,True,0.7364413850646643,AD_enriched,0.0037962037962037,True,5005.0,655,20,97.8766,17.1321,2.4471,Minor,Alternate,new_target_candidate,ENST00000418871,ENSG00000170949,protein_coding,PC_UTR,True,True,ZNF160-216,0,1,False,none,False,0.0234,novel,0.0,0.1928,1.847,True,1,KRAB,Q9HCG1,N,False
Oligodendrocyte,ZNF197-204,ZNF197,0.294478527607362,0.0137931034482758,2.5096483004531328e-12,1.4198923697447992e-11,True,0.2806854241590862,AD_enriched,0.0217560217560217,True,1287.0,48,2,14.7086,1.7366,2.5211,Minor,Alternate,new_target_candidate,ENST00000383745,ENSG00000186448,protein_coding,PC_UTR,True,True,ZNF197-202,0,2,True,none,False,0.0,novel,0.0,0.0,0.0,True,2,"SCAN box, KRAB",O14709,N,False
Oligodendrocyte,ZNF197-202,ZNF197,0.5521472392638037,0.903448275862069,2.5096483004531328e-12,1.4198923697447992e-11,True,-0.3513010365982653,CT_enriched,0.0295260295260295,True,1287.0,90,131,19.0748,72.958,-1.8813,Dominant,Canonical,trial_failure_candidate,ENST00000344387,ENSG00000186448,protein_coding,PC_CDS,True,True,ZNF197-202,0,1,False,none,False,0.0,novel,0.0,0.0,0.0,True,2,"SCAN box, KRAB",O14709,C,False
Oligodendrocyte,ZNF224-201,ZNF224,0.64,0.016,4.036878999194221e-32,1.0246613634566753e-30,True,0.624,AD_enriched,0.0315656565656565,True,792.0,96,2,14.1652,0.7583,3.1086,Minor,Alternate,new_target_candidate,ENST00000336976,ENSG00000267680,protein_coding,PC_UTR,True,True,ZNF224-209,0,1,False,none,False,0.0772,emerging,0.0,0.6346,7.716,True,1,KRAB,Q9NZL3,N,False
Oligodendrocyte,ZNF254-202,ZNF254,0.2852011494252873,0.5345268542199488,4.04993970791212e-22,5.314115803178473e-21,True,-0.2493257047946615,CT_enriched,0.0273,True,10000.0,397,209,140.7031,134.7052,0.0624,Dominant,Canonical,trial_failure_candidate,ENST00000357002,ENSG00000213096,protein_coding,PC_CDS,True,True,ZNF254-202,0,1,False,none,False,0.0,novel,0.0,0.0,0.0,True,1,KRAB,O75437,C,False
Oligodendrocyte,ZNF7-218,ZNF7,0.7307692307692307,0.0256410256410256,4.856221448907871e-19,5.035077819235951e-18,True,0.7051282051282052,AD_enriched,0.0,True,126.0,57,2,11.7586,0.7583,2.8593,Minor,Alternate,new_target_candidate,ENST00000544249,ENSG00000147789,protein_coding,PC_CDS,True,False,ZNF7-216,244,1,False,none,False,0.0,novel,0.0,0.0,0.0,True,1,KRAB,P17097,C,True
Oligodendrocyte,ZNF738-206,ZNF738,0.3140495867768595,0.7272727272727273,4.051531917630504e-11,2.0980340866659623e-10,True,-0.4132231404958678,CT_enriched,0.0396825396825396,True,126.0,38,40,3.8638,33.8949,-2.8429,Dominant,Canonical,trial_failure_candidate,ENST00000683779,ENSG00000172687,protein_coding,PC_CDS,True,True,ZNF738-206,0,1,False,none,False,0.0,novel,0.0,0.0,0.0,True,1,KRAB,Q8NE65,C,False
Oligodendrocyte,ZNF738-201,ZNF738,0.6694214876033058,0.1272727272727272,4.051531917630504e-11,2.0980340866659623e-10,True,0.5421487603305786,AD_enriched,0.0158730158730158,True,126.0,81,7,9.7439,3.2283,1.3454,Minor,Alternate,new_target_candidate,ENST00000311015,ENSG00000172687,protein_coding,PC_UTR,True,True,ZNF738-206,0,1,False,none,False,0.0,novel,0.0,0.0,0.0,True,1,KRAB,Q8NE65,N,False
Oligodendrocyte,ZNHIT6-201,ZNHIT6,0.3664383561643836,1.0,9.07163052193076e-42,4.2137723774368376e-40,True,-0.6335616438356164,CT_enriched,0.0075757575757575,True,1716.0,107,178,28.4077,102.555,-1.8161,Dominant,Canonical,trial_failure_candidate,ENST00000370574,ENSG00000117174,protein_coding,PC_CDS,True,True,ZNHIT6-201,0,1,False,none,False,0.0,novel,0.0,0.0,0.0,False,0,,Q9NWK9,D,False
Oligodendrocyte,transcript148113.chr1.nnic,ZNHIT6,0.6335616438356164,0.0,9.07163052193076e-42,4.2137723774368376e-40,True,0.6335616438356164,AD_enriched,0.0075757575757575,True,1716.0,185,0,26.0218,0.0,4.7561,Minor,Alternate,new_target_candidate,transcript148113.chr1.nnic,ENSG00000117174,,novel,True,False,ZNHIT6-201,716,1,False,none,False,0.0,novel,0.0,0.0,0.0,False,0,,Q9NWK9,D,True
OPC,AARS1-201,AARS1,0.006060606060606,0.5384615384615384,1.7771019228750813e-27,4.40782032494315e-26,True,-0.5324009324009324,CT_enriched,0.0324675324675324,True,462.0,1,21,1.9443,32.3592,-3.5021,Dominant,Canonical,trial_failure_candidate,ENST00000261772,ENSG00000090861,protein_coding,PC_CDS,True,True,AARS1-201,0,2,True,none,False,0.0686,emerging,0.0,0.0819,0.876,False,0,,P49588,D,False
OPC,AK2-214,AK2,0.4201388888888889,0.7540983606557377,6.016613922582974e-14,4.343336717247709e-13,True,-0.3339594717668487,CT_enriched,0.0415,True,10000.0,121,138,93.6202,216.6952,-1.2021,Dominant,Canonical,trial_failure_candidate,ENST00000672715,ENSG00000004455,protein_coding,PC_CDS,True,True,AK2-214,0,1,False,none,False,0.005,novel,0.0,0.0412,0.245,False,0,,P54819,D,False
OPC,ALDH1L1-203,ALDH1L1,0.75,0.96,5.580015173175988e-11,2.8916435772422704e-10,True,-0.2099999999999999,CT_enriched,0.0442890442890442,True,3003.0,60,312,81.4611,216.1612,-1.397,Dominant,Canonical,trial_failure_candidate,ENST00000393434,ENSG00000144908,protein_coding,PC_CDS,True,True,ALDH1L1-203,0,1,False,none,False,0.0489,novel,0.0,0.3951,2.407,True,1,Carrier,O75891,C,False
OPC,AMPH-201,AMPH,0.4788732394366197,0.0,5.729393156418372e-10,2.664535086526621e-09,True,0.4788732394366197,AD_enriched,0.0382284382284382,True,6435.0,34,0,18.0484,0.0,4.2516,Minor,Alternate,new_target_candidate,ENST00000325590,ENSG00000078053,protein_coding,PC_CDS,True,True,AMPH-202,126,1,False,none,False,0.0558,emerging,0.0,0.4325,3.829,True,2,"BAR, SH3",P49418,C,True
OPC,AMPH-202,AMPH,0.5211267605633803,0.9848484848484848,5.729393156418372e-10,2.664535086526621e-09,True,-0.4637217242851045,CT_enriched,0.0343434343434343,True,6435.0,37,65,49.8661,260.8596,-2.364,Dominant,Canonical,trial_failure_candidate,ENST00000356264,ENSG00000078053,protein_coding,PC_CDS,True,True,AMPH-202,0,1,False,none,False,0.0558,emerging,0.0,0.4325,3.829,True,2,"BAR, SH3",P49418,C,False
OPC,ANAPC5-201,ANAPC5,0.2743362831858407,0.7288732394366197,1.014441785087862e-18,1.1918664211842005e-17,True,-0.454536956250779,CT_enriched,0.0083,True,10000.0,31,207,31.3014,168.5004,-2.3916,Dominant,Canonical,trial_failure_candidate,ENST00000261819,ENSG00000089053,protein_coding,PC_CDS,True,True,ANAPC5-201,0,2,True,none,False,0.0044,novel,0.0,0.0365,0.443,False,0,,Q9UJX4,D,False
OPC,ANKRD18A-201,ANKRD18A,0.2,0.6,1.7346208649919162e-06,5.36088365304211e-06,True,-0.3999999999999999,CT_enriched,0.0346736596736596,True,3432.0,21,42,28.6855,85.4803,-1.5426,Dominant,Canonical,trial_failure_candidate,ENST00000399703,ENSG00000180071,protein_coding,PC_CDS,True,True,ANKRD18A-201,0,1,False,none,False,0.0205,novel,0.0337,0.0,2.05,False,0,,Q8IVF6,D,False
OPC,transcript2998.chr11.nic,AP2A2,0.7910447761194029,0.0697674418604651,7.406866832736607e-15,5.856873991444587e-14,True,0.7212773342589378,AD_enriched,0.0334110334110334,True,1287.0,53,3,45.1161,4.7877,2.9942,Minor,Alternate,new_target_candidate,transcript2998.chr11.nic,ENSG00000183020,,novel,True,False,AP2A2-202,2675,1,False,none,False,0.064,emerging,0.0,0.5197,5.299,False,0,,O94973,D,True
OPC,APBB1-204,APBB1,0.2,0.0,9.759286281856361e-14,6.924559606344048e-13,True,0.2,AD_enriched,0.0343822843822843,True,1716.0,7,0,3.8412,0.0,2.2754,Minor,Alternate,new_target_candidate,ENST00000526240,ENSG00000166313,protein_coding_CDS_not_defined,PC_CDS_ND,True,False,APBB1-220,1244,1,False,pathway,True,0.0648,emerging,0.0,0.5327,4.644,True,3,"WW, PID 1, PID 2",O00213,C,True
OPC,ARF5-201,ARF5,0.4935897435897436,0.8,0.001903514731343,0.0037105320411688,True,-0.3064102564102564,CT_enriched,0.0366300366300366,True,3003.0,77,28,71.6503,56.2151,0.3446,Dominant,Canonical,trial_failure_candidate,ENST00000000233,ENSG00000004059,protein_coding,PC_CDS,True,True,ARF5-201,0,1,False,none,False,0.009,novel,0.0,0.0742,0.902,False,0,,P84085,D,False
OPC,ARID4A-204,ARID4A,0.5254237288135594,0.0903225806451612,8.135365492114938e-11,4.105883592716095e-10,True,0.4351011481683982,AD_enriched,0.0468,True,10000.0,31,14,34.8083,34.4833,0.0132,Minor,Alternate,new_target_candidate,ENST00000417477,ENSG00000032219,protein_coding,PC_CDS,True,True,ARID4A-202,1432,1,False,none,False,0.0018,novel,0.0,0.0152,0.176,True,2,"ARID, Tudor-knot",P29374,C,True
OPC,ASH1L-210,ASH1L,0.3789808917197452,0.0836501901140684,1.7116770435123088e-17,1.7728190905447038e-16,True,0.2953307016056767,AD_enriched,0.0291,True,10000.0,119,22,146.6328,26.8401,2.4068,Minor,Alternate,new_target_candidate,ENST00000677213,ENSG00000116539,protein_coding,PC_CDS,True,True,,8383,1,False,none,False,0.0235,novel,0.0,0.1936,2.143,True,5,"AWS, SET, Post-SET",Q9NR48,C,True
OPC,ATF7IP-222,ATF7IP,0.2276422764227642,0.0059880239520958,2.3484061621180397e-10,1.1320722063897927e-09,True,0.2216542524706684,AD_enriched,0.0279720279720279,True,715.0,28,1,29.0156,0.5226,4.3011,Minor,Alternate,new_target_candidate,ENST00000544627,ENSG00000171681,protein_coding,PC_CDS,True,True,ATF7IP-201,1565,1,False,none,False,0.2449,supported,0.4016,0.0239,22.8,True,1,Fibronectin type-III,Q6VMQ6,C,True
OPC,ATP6V1B2-201,ATP6V1B2,0.6421052631578947,0.9756592292089248,3.075672151849881e-36,1.512813658418365e-34,True,-0.33355396605103,CT_enriched,0.0033,True,10000.0,183,481,253.4067,548.2837,-1.1104,Dominant,Canonical,trial_failure_candidate,ENST00000276390,ENSG00000147416,protein_coding,PC_CDS,True,True,ATP6V1B2-201,0,2,True,none,False,0.5217,supported,0.0,0.0986,2.851,False,0,,P21281,D,False
OPC,ATP7A-229,ATP7A,0.6078431372549019,0.0,1.5951257887506176e-11,8.908314372280499e-11,True,0.6078431372549019,AD_enriched,0.0333333333333333,True,210.0,31,0,18.5052,0.0,4.2858,Minor,Alternate,new_target_candidate,ENST00000687086,ENSG00000165240,protein_coding,PC_UTR,True,True,ATP7A-201,0,1,False,none,False,0.0822,emerging,0.0,0.5444,0.937,True,7,"HMA 1, HMA 2, HMA 3",Q04656,N,False
OPC,transcript196245.chr3.nnic,B4GALT4,0.490566037735849,0.0,1.235554636820177e-08,4.865101161536165e-08,True,0.490566037735849,AD_enriched,0.0202020202020202,True,495.0,26,0,17.7682,0.0,4.2302,Minor,Alternate,new_target_candidate,transcript196245.chr3.nnic,ENSG00000121578,,novel,True,False,B4GALT4-202,649,1,False,none,False,0.0111,novel,0.0,0.0912,1.109,False,0,,O60513,D,True
OPC,BPTF-207,BPTF,0.9559748427672956,0.2222222222222222,6.348006066213443e-59,8.772339811500672e-57,True,0.7337526205450734,AD_enriched,0.0033300033300033,True,3003.0,304,18,422.3662,23.646,4.1025,Minor,Alternate,new_target_candidate,ENST00000544778,ENSG00000171634,protein_coding,PC_CDS,True,True,BPTF-201,1732,1,False,none,False,0.022,novel,0.0,0.1811,1.28,True,2,"DDT, Bromo",Q12830,C,True
OPC,transcript52007.chr6.nnic,BTBD9,0.25,0.0,2.6125166273050743e-16,2.3916477137032568e-15,True,0.25,AD_enriched,0.0,True,5.0,13,0,7.9819,0.0,3.167,Minor,Alternate,new_target_candidate,transcript52007.chr6.nnic,ENSG00000183826,,novel,True,False,,0,1,False,none,False,0.0674,emerging,0.0,0.038,1.038,True,2,"BTB, BACK",Q96Q07,C,False
OPC,BUB3-201,BUB3,0.6722222222222223,0.0379746835443038,1.817293622060032e-20,2.597924182866115e-19,True,0.6342475386779185,AD_enriched,0.0475524475524475,True,715.0,121,3,76.2912,2.1353,4.6236,Minor,Alternate,new_target_candidate,ENST00000368858,ENSG00000154473,protein_coding,PC_UTR,True,True,BUB3-203,0,1,False,none,False,0.0018,novel,0.0,0.0152,0.185,False,0,,O43684,N,False
OPC,BUB3-203,BUB3,0.3277777777777778,0.9620253164556962,1.817293622060032e-20,2.597924182866115e-19,True,-0.6342475386779185,CT_enriched,0.0475524475524475,True,715.0,59,76,43.366,84.278,-0.9427,Dominant,Canonical,trial_failure_candidate,ENST00000368865,ENSG00000154473,protein_coding,PC_CDS,True,True,BUB3-203,0,1,False,none,False,0.0018,novel,0.0,0.0152,0.185,False,0,,O43684,D,False
OPC,C6orf89-201,C6orf89,0.45,0.0408163265306122,1.1898273623432733e-08,4.6977945653335773e-08,True,0.4091836734693878,AD_enriched,0.04004329004329,True,924.0,18,4,13.4182,3.2253,1.7708,Minor,Alternate,new_target_candidate,ENST00000355190,ENSG00000198663,protein_coding,PC_CDS,True,True,C6orf89-204,208,1,False,none,False,0.0,novel,0.0,0.0,0.0,False,0,,Q6UWU4,D,True
OPC,C6orf89-204,C6orf89,0.55,0.9591836734693876,1.1898273623432733e-08,4.6977945653335773e-08,True,-0.4091836734693875,CT_enriched,0.04004329004329,True,924.0,22,94,23.0483,89.016,-1.9042,Dominant,Canonical,trial_failure_candidate,ENST00000480824,ENSG00000198663,protein_coding,PC_CDS,True,True,C6orf89-204,0,1,False,none,False,0.0,novel,0.0,0.0,0.0,False,0,,Q6UWU4,D,False
OPC,transcript610.chr5.nnic,CCDC127,0.6486486486486487,0.0892857142857142,3.79288735279736e-09,1.609204546464611e-08,True,0.5593629343629345,AD_enriched,0.0181818181818181,True,330.0,24,5,18.138,3.9882,1.9399,Minor,Alternate,new_target_candidate,transcript610.chr5.nnic,ENSG00000164366,,novel,True,False,CCDC127-201,0,1,False,none,False,0.0,novel,0.0,0.0,0.0,False,0,,Q96BQ5,D,False
OPC,CDK13-217,CDK13,0.4615384615384615,0.0,7.819184229869864e-36,3.6598826830777964e-34,True,0.4615384615384615,AD_enriched,0.0153846153846153,True,715.0,72,0,38.1219,0.0,5.2899,Minor,Alternate,new_target_candidate,ENST00000646039,ENSG00000065883,protein_coding,PC_CDS,True,True,CDK13-201,599,1,False,none,False,0.0145,novel,0.0,0.0764,0.624,True,1,Protein kinase,Q14004,C,True
OPC,CGGBP1-201,CGGBP1,0.8350515463917526,0.2692307692307692,6.871825860677955e-16,5.935130549906972e-15,True,0.5658207771609833,AD_enriched,0.0091908091908091,True,5005.0,162,14,131.54,27.3206,2.2265,Minor,Alternate,new_target_candidate,ENST00000309534,ENSG00000163320,protein_coding,PC_UTR,True,False,CGGBP1-206,0,1,False,none,False,0.0,novel,0.0,0.0,0.0,False,0,,Q9UFW8,N,False
OPC,CHORDC1-201,CHORDC1,0.2553191489361702,0.735632183908046,1.7743274308211178e-10,8.72728509193709e-10,True,-0.4803130349718758,CT_enriched,0.0076,True,10000.0,24,64,30.5316,119.3228,-1.932,Dominant,Canonical,trial_failure_candidate,ENST00000320585,ENSG00000110172,protein_coding,PC_CDS,True,True,CHORDC1-201,0,1,False,none,False,0.0037,novel,0.0,0.0304,0.37,True,3,"CHORD 1, CHORD 2, CS",Q9UHD1,C,False
OPC,CHTOP-203,CHTOP,0.5373134328358209,0.0625,2.2039035575738546e-08,8.516282455498438e-08,True,0.4748134328358209,AD_enriched,0.0247668997668997,True,3432.0,36,4,23.0249,5.1315,1.9702,Minor,Alternate,new_target_candidate,ENST00000368690,ENSG00000160679,protein_coding,PC_CDS,True,True,,479,2,True,none,False,0.0,novel,0.0,0.0,0.0,False,0,,Q9Y3Y2,D,True
OPC,CIAO1-203,CIAO1,0.6212121212121212,0.8846153846153846,0.0001109073815452,0.0002646819253653,True,-0.2634032634032633,CT_enriched,0.0083,True,10000.0,41,92,49.1545,128.138,-1.3645,Dominant,Canonical,trial_failure_candidate,ENST00000488633,ENSG00000144021,protein_coding,PC_CDS,True,True,CIAO1-203,0,1,False,none,False,0.0215,novel,0.0,0.1769,2.151,False,0,,O76071,D,False
OPC,CNDP2-209,CNDP2,0.4887640449438202,0.117408906882591,2.0222256639904386e-18,2.3013721085883345e-17,True,0.3713551380612292,AD_enriched,0.0398,True,10000.0,87,29,151.3655,46.4897,1.6819,Minor,Alternate,new_target_candidate,ENST00000579847,ENSG00000133313,protein_coding,PC_UTR,True,True,CNDP2-201,0,1,False,none,False,0.0037,novel,0.0,0.0304,0.245,False,0,,Q96KP4,N,False
OPC,CNDP2-201,CNDP2,0.4157303370786517,0.8178137651821862,2.0222256639904386e-18,2.3013721085883345e-17,True,-0.4020834281035345,CT_enriched,0.0392,True,10000.0,74,202,62.926,226.5655,-1.8318,Dominant,Canonical,trial_failure_candidate,ENST00000324262,ENSG00000133313,protein_coding,PC_CDS,True,True,CNDP2-201,0,1,False,none,False,0.0037,novel,0.0,0.0304,0.245,False,0,,Q96KP4,D,False
OPC,CNKSR2-225,CNKSR2,0.5308641975308642,0.0135135135135135,2.90133196931334e-17,2.8736059300161475e-16,True,0.5173506840173507,AD_enriched,0.0088383838383838,True,792.0,43,1,57.0954,1.09,4.7968,Minor,Alternate,new_target_candidate,ENST00000644798,ENSG00000149970,protein_coding,PC_CDS,True,True,CNKSR2-202,2079,1,False,none,False,0.0049,novel,0.0,0.0401,0.465,True,5,"SAM, CRIC, PDZ",Q8WXI2,C,True
OPC,COG8-202,COG8,0.6226415094339622,0.1587301587301587,7.040580568112035e-07,2.2803308938237863e-06,True,0.4639113507038035,AD_enriched,0.0317460317460317,True,126.0,33,10,27.3578,5.4665,2.1327,Minor,Alternate,new_target_candidate,ENST00000562081,ENSG00000213380,protein_coding,PC_CDS,True,True,COG8-201,169,1,False,none,False,0.3873,supported,0.0,0.0,2.784,False,0,,Q96MW5,D,True
OPC,COG8-201,COG8,0.3773584905660377,0.8412698412698413,7.040580568112035e-07,2.2803308938237863e-06,True,-0.4639113507038035,CT_enriched,0.0317460317460317,True,126.0,20,53,25.1771,46.7138,-0.8661,Dominant,Canonical,trial_failure_candidate,ENST00000306875,ENSG00000213380,protein_coding,PC_CDS,True,True,COG8-201,0,1,False,none,False,0.3873,supported,0.0,0.0,2.784,False,0,,Q96MW5,D,False
OPC,transcript202838.chr7.nic,CREB3L2,0.3888888888888889,0.0,4.5598390957602764e-06,1.3245898954851174e-05,True,0.3888888888888889,AD_enriched,0.0349650349650349,True,286.0,21,0,32.093,0.0,5.0485,Minor,Alternate,new_target_candidate,transcript202838.chr7.nic,ENSG00000182158,,novel,True,False,CREB3L2-201,1385,1,False,none,False,0.0808,emerging,0.0,0.6647,0.735,True,1,bZIP,Q70SY1,C,True
OPC,CTTNBP2-201,CTTNBP2,0.605080831408776,0.8612903225806452,5.3734209390126656e-14,3.918006925883104e-13,True,-0.2562094911718692,CT_enriched,0.0263,True,10000.0,262,267,313.1838,406.7059,-0.3759,Dominant,Canonical,trial_failure_candidate,ENST00000160373,ENSG00000077063,protein_coding,PC_CDS,True,True,CTTNBP2-201,0,1,False,none,False,0.0,novel,0.0,0.0,0.0,False,0,,Q8WZ74,D,False
OPC,CYFIP2-221,CYFIP2,0.4146341463414634,0.0,7.880169630262505e-13,5.025989509235558e-12,True,0.4146341463414634,AD_enriched,0.0272727272727272,True,220.0,34,0,20.296,0.0,4.4125,Minor,Alternate,new_target_candidate,ENST00000618329,ENSG00000055163,protein_coding,PC_UTR,True,True,CYFIP2-222,0,1,False,none,False,0.1065,emerging,0.0,0.8665,8.446,False,0,,Q96F07,N,False
OPC,DCTN5-201,DCTN5,0.6268656716417911,0.9270833333333334,1.0800337305019126e-08,4.287630486889945e-08,True,-0.3002176616915423,CT_enriched,0.0224358974358974,True,3432.0,42,178,34.0242,309.5679,-3.1485,Dominant,Canonical,trial_failure_candidate,ENST00000300087,ENSG00000166847,protein_coding,PC_CDS,True,True,DCTN5-201,0,1,False,none,False,0.0075,novel,0.0,0.0228,0.753,False,0,,Q9BTE1,D,False
OPC,DDX54-202,DDX54,0.8701298701298701,0.125,9.450929164823044e-16,7.996092255485851e-15,True,0.7451298701298701,AD_enriched,0.0285714285714285,True,210.0,67,6,205.02,7.9374,4.5268,Minor,Alternate,new_target_candidate,ENST00000314045,ENSG00000123064,protein_coding,PC_UTR,True,True,DDX54-201,0,1,False,none,False,0.0,novel,0.0,0.0,0.0,True,2,"Helicase ATP-binding, Helicase C-terminal",Q8TDD1,N,False
OPC,DDX54-201,DDX54,0.1298701298701298,0.875,9.450929164823044e-16,7.996092255485851e-15,True,-0.7451298701298702,CT_enriched,0.0238095238095238,True,210.0,10,42,24.2437,26.8516,-0.1418,Dominant,Canonical,trial_failure_candidate,ENST00000306014,ENSG00000123064,protein_coding,PC_CDS,True,True,DDX54-201,0,1,False,none,False,0.0,novel,0.0,0.0,0.0,True,2,"Helicase ATP-binding, Helicase C-terminal",Q8TDD1,C,False
OPC,DENND4C-201,DENND4C,0.7857142857142857,0.1428571428571428,8.237231478503137e-08,2.976892372430399e-07,True,0.6428571428571429,AD_enriched,0.0476190476190476,True,252.0,33,6,31.4539,6.5402,2.1057,Minor,Alternate,new_target_candidate,ENST00000361024,ENSG00000137145,protein_coding,PC_CDS,True,True,DENND4C-205,3481,1,False,none,False,0.0,novel,0.0,0.0,0.0,True,4,"MABP, uDENN, cDENN",Q5VZ89,C,True
OPC,transcript319159.chr3.nic,DLG1,0.3095238095238095,0.0238095238095238,7.90989900306278e-10,3.6092023438503446e-09,True,0.2857142857142857,AD_enriched,0.0444444444444444,True,45.0,13,1,21.2728,4.7643,1.9501,Minor,Alternate,new_target_candidate,transcript319159.chr3.nic,ENSG00000075711,,novel,True,False,DLG1-261,2575,1,False,none,False,0.0963,emerging,0.0,0.7923,2.249,True,6,"L27, PDZ 1, PDZ 2",Q12959,C,True
OPC,DMXL2-201,DMXL2,0.9902912621359224,0.3292682926829268,2.032279262332593e-20,2.849118076951298e-19,True,0.6610229694529957,AD_enriched,0.0158730158730158,True,252.0,102,27,152.6842,58.6794,1.3647,Minor,Alternate,new_target_candidate,ENST00000251076,ENSG00000104093,protein_coding,PC_CDS,True,True,DMXL2-213,66,1,False,none,False,0.0187,novel,0.0,0.1442,1.378,False,0,,Q8TDJ6,D,True
OPC,DNAJB6-204,DNAJB6,0.7441860465116279,0.2516129032258064,7.804406482179032e-18,8.296112678125843e-17,True,0.4925731432858215,AD_enriched,0.0211,True,10000.0,96,39,78.2247,49.6345,0.6458,Minor,Alternate,new_target_candidate,ENST00000429029,ENSG00000105993,protein_coding,PC_CDS,True,True,DNAJB6-201,278,1,False,none,False,0.0633,emerging,0.0997,0.0894,0.422,True,1,J,O75190,C,True
OPC,DYNC1H1-212,DYNC1H1,0.4802631578947368,0.0,4.921113130526186e-15,3.944982749352277e-14,True,0.4802631578947368,AD_enriched,0.0029,True,10000.0,73,0,76.1193,0.0,6.269,Minor,Alternate,new_target_candidate,ENST00000643508,ENSG00000197102,protein_coding,PC_CDS,True,True,,10498,1,False,none,False,0.0757,emerging,0.0,0.1003,0.722,False,0,,Q14204,D,True
OPC,ECHDC1-210,ECHDC1,0.2121212121212121,0.9666666666666668,6.443285392966092e-09,2.6410189562694363e-08,True,-0.7545454545454546,CT_enriched,0.0428571428571428,True,70.0,7,29,7.1753,38.4658,-2.2713,Dominant,Canonical,trial_failure_candidate,ENST00000454859,ENSG00000093144,protein_coding,PC_CDS,True,True,ECHDC1-210,0,1,False,none,False,0.0065,novel,0.0,0.0304,0.653,False,0,,Q9NTX5,D,False
OPC,EDEM3-201,EDEM3,0.0,0.8580246913580247,3.35744963147325e-33,1.3347012096623795e-31,True,-0.8580246913580247,CT_enriched,0.0396825396825396,True,126.0,0,139,0.0,114.7451,-6.8548,Dominant,Canonical,trial_failure_candidate,ENST00000318130,ENSG00000116406,protein_coding,PC_CDS,True,True,EDEM3-201,0,1,False,none,False,0.0,novel,0.0,0.0,0.0,True,1,PA,Q9BZQ6,C,False
OPC,EIF4E2-202,EIF4E2,0.5,0.0092592592592592,1.8895506764917006e-34,8.184292631610322e-33,True,0.4907407407407408,AD_enriched,0.0119880119880119,True,3003.0,94,2,64.6107,1.0453,5.0036,Minor,Alternate,new_target_candidate,ENST00000409098,ENSG00000135930,protein_coding,PC_UTR,True,True,EIF4E2-201,0,1,False,none,False,0.0087,novel,0.0,0.0714,0.869,False,0,,O60573,N,False
OPC,ERBB4-204,ERBB4,0.8163265306122449,0.1875,2.4574500181492423e-10,1.180715223951838e-09,True,0.6288265306122449,AD_enriched,0.0285714285714285,True,70.0,40,6,35.3909,3.8564,2.9056,Minor,Alternate,new_target_candidate,ENST00000436443,ENSG00000178568,protein_coding,PC_CDS,True,True,ERBB4-202,48,2,True,none,False,0.1013,emerging,0.0,0.8328,0.291,True,1,Protein kinase,Q15303,C,True
OPC,ERCC6L2-201,ERCC6L2,0.4292091836734694,0.0731504571903574,7.223068762448275e-116,1.0480672774312446e-112,True,0.356058726483112,AD_enriched,0.0245,True,10000.0,673,88,473.2937,136.6891,1.7844,Minor,Alternate,new_target_candidate,ENST00000288985,ENSG00000182150,protein_coding,PC_CDS,True,True,ERCC6L2-208,1727,1,False,none,False,0.0,novel,0.0,0.0,0.0,True,2,"Helicase ATP-binding, Helicase C-terminal",Q5T890,C,True
OPC,ETNK1-201,ETNK1,0.4893617021276595,0.8409090909090909,3.692857352625263e-05,9.50059577776464e-05,True,-0.3515473887814314,CT_enriched,0.0244755244755244,True,3432.0,23,74,28.6377,102.3663,-1.8023,Dominant,Canonical,trial_failure_candidate,ENST00000266517,ENSG00000139163,protein_coding,PC_CDS,True,True,ETNK1-201,0,1,False,none,False,0.0029,novel,0.0,0.0,0.288,False,0,,Q9HBU6,D,False
OPC,ETNK1-207,ETNK1,0.5106382978723404,0.1590909090909091,3.692857352625263e-05,9.50059577776464e-05,True,0.3515473887814313,AD_enriched,0.0244755244755244,True,3432.0,24,14,24.2571,35.5008,-0.5312,Minor,Alternate,new_target_candidate,ENST00000671733,ENSG00000139163,protein_coding,PC_UTR,True,True,ETNK1-201,0,1,False,none,False,0.0029,novel,0.0,0.0,0.288,False,0,,Q9HBU6,N,False
OPC,EXOC4-201,EXOC4,0.660377358490566,0.8819444444444444,5.5454203943222826e-08,2.0552758600668282e-07,True,-0.2215670859538784,CT_enriched,0.0197,True,10000.0,105,254,132.75,247.3403,-0.8928,Dominant,Canonical,trial_failure_candidate,ENST00000253861,ENSG00000131558,protein_coding,PC_CDS,True,True,EXOC4-201,0,2,True,none,False,0.2156,supported,0.0,0.08,2.66,False,0,,Q96A65,D,False
OPC,FAM13A-202,FAM13A,0.6275862068965518,0.0097087378640776,1.4649826679622865e-35,6.748221749883421e-34,True,0.6178774690324742,AD_enriched,0.0333333333333333,True,120.0,91,1,82.1931,4.7643,3.8513,Minor,Alternate,new_target_candidate,ENST00000395002,ENSG00000138640,protein_coding,PC_CDS,True,True,FAM13A-201,1064,1,False,none,False,0.0012,novel,0.0,0.0,0.096,True,1,Rho-GAP,O94988,C,True
OPC,FAM13A-201,FAM13A,0.1034482758620689,0.912621359223301,1.4649826679622865e-35,6.748221749883421e-34,True,-0.8091730833612321,CT_enriched,0.05,True,120.0,15,94,25.04,59.6961,-1.2209,Dominant,Canonical,trial_failure_candidate,ENST00000264344,ENSG00000138640,protein_coding,PC_CDS,True,True,FAM13A-201,0,1,False,none,False,0.0012,novel,0.0,0.0,0.096,True,1,Rho-GAP,O94988,C,False
OPC,FASTKD5-201,FASTKD5,0.3111111111111111,1.0,4.597583587411578e-18,4.997073996505019e-17,True,-0.6888888888888889,CT_enriched,0.0222222222222222,True,45.0,28,69,38.9778,55.0004,-0.4862,Dominant,Canonical,trial_failure_candidate,ENST00000380266,ENSG00000215251,protein_coding,PC_CDS,True,True,FASTKD5-201,0,2,True,none,False,0.0,novel,0.0,0.0,0.0,True,1,RAP,Q7L8L6,C,False
OPC,FCHSD2-204,FCHSD2,0.2028985507246377,0.9482758620689656,1.8427270205622718e-20,2.6213695165057417e-19,True,-0.7453773113443279,CT_enriched,0.009090909090909,True,330.0,28,55,34.744,73.143,-1.0526,Dominant,Canonical,trial_failure_candidate,ENST00000409418,ENSG00000137478,protein_coding,PC_CDS,True,True,FCHSD2-204,0,1,False,none,False,0.0087,novel,0.0,0.0718,0.777,True,3,"F-BAR, SH3 1, SH3 2",O94868,C,False
OPC,transcript241388.chr1.nic,FLAD1,0.3902439024390244,0.025,4.1748460475063456e-12,2.4624803312730515e-11,True,0.3652439024390244,AD_enriched,0.0,True,6.0,16,1,15.7241,0.5226,3.4573,Minor,Alternate,new_target_candidate,transcript241388.chr1.nic,ENSG00000160688,,novel,True,False,FLAD1-201,1256,1,False,none,False,0.0206,novel,0.0339,0.0,1.566,False,0,,Q8NFF5,D,True
OPC,FMO5-201,FMO5,0.0212765957446808,0.4444444444444444,1.8711076024462823e-08,7.278759064744117e-08,True,-0.4231678486997636,CT_enriched,0.0,True,84.0,1,16,1.0656,15.0114,-2.9544,Dominant,Canonical,trial_failure_candidate,ENST00000254090,ENSG00000131781,protein_coding,PC_CDS,True,True,FMO5-201,0,1,False,none,False,0.0547,emerging,0.0,0.45,1.307,False,0,,P49326,D,False
OPC,GFRA1-209,GFRA1,0.4545454545454545,0.1538461538461538,0.0011651654712336,0.0023812043644506,True,0.3006993006993007,AD_enriched,0.0194805194805194,True,462.0,15,6,20.381,14.2406,0.4884,Minor,Alternate,new_target_candidate,ENST00000682743,ENSG00000151892,protein_coding,PC_CDS,True,True,GFRA1-201,15,1,False,none,False,0.0309,novel,0.0,0.2545,0.636,False,0,,P56159,D,True
OPC,GOLIM4-201,GOLIM4,0.3066666666666666,0.08,0.0051886075523155,0.009458127585942,True,0.2266666666666665,AD_enriched,0.0499,True,10000.0,23,4,26.9388,14.4877,0.8511,Minor,Alternate,new_target_candidate,ENST00000309027,ENSG00000173905,protein_coding,PC_CDS,True,True,GOLIM4-202,84,1,False,none,False,0.0084,novel,0.0,0.0608,0.741,False,0,,O00461,D,True
OPC,GOLIM4-202,GOLIM4,0.6933333333333334,0.92,0.0051886075523155,0.009458127585942,True,-0.2266666666666666,CT_enriched,0.0499,True,10000.0,52,46,59.0079,85.8778,-0.5338,Dominant,Canonical,trial_failure_candidate,ENST00000470487,ENSG00000173905,protein_coding,PC_CDS,True,True,GOLIM4-202,0,1,False,none,False,0.0084,novel,0.0,0.0608,0.741,False,0,,O00461,D,False
OPC,GPBP1-208,GPBP1,0.3333333333333333,0.0555555555555555,1.889143127361293e-06,5.789116531787194e-06,True,0.2777777777777778,AD_enriched,0.007,True,10000.0,31,6,35.1552,8.9926,1.8553,Minor,Alternate,new_target_candidate,ENST00000514387,ENSG00000062194,protein_coding,PC_CDS,True,True,GPBP1-204,600,1,False,none,False,0.0314,novel,0.0,0.2497,3.136,False,0,,Q86WP2,D,True
OPC,transcript81872.chr1.nnic,GPBP1L1,0.5625,0.0,1.897903281513553e-09,8.40872568389669e-09,True,0.5625,AD_enriched,0.0476190476190476,True,252.0,18,0,30.8577,0.0,4.9936,Minor,Alternate,new_target_candidate,transcript81872.chr1.nnic,ENSG00000159592,,novel,True,False,GPBP1L1-202,1212,1,False,none,False,0.0,novel,0.0,0.0,0.0,False,0,,Q9HC44,D,True
OPC,HDLBP-204,HDLBP,0.5319148936170213,0.0909090909090909,7.53829107948194e-08,2.742806445647575e-07,True,0.4410058027079304,AD_enriched,0.0029970029970029,True,1001.0,25,6,29.5127,7.8578,1.7844,Minor,Alternate,new_target_candidate,ENST00000391976,ENSG00000115677,protein_coding,PC_UTR,True,True,HDLBP-201,0,1,False,none,False,0.0146,novel,0.0,0.1038,1.141,True,14,"KH 1, KH 2, KH 3",Q00341,N,False
OPC,HERPUD1-203,HERPUD1,0.4736842105263157,0.0303030303030303,5.076758954489559e-14,3.711021281090353e-13,True,0.4433811802232854,AD_enriched,0.0129870129870129,True,2002.0,45,3,23.8262,3.6558,2.4148,Minor,Alternate,new_target_candidate,ENST00000379792,ENSG00000051108,protein_coding,PC_CDS,True,True,HERPUD1-204,75,1,False,none,False,0.065,emerging,0.0,0.5344,2.939,True,1,Ubiquitin-like,Q15011,C,True
OPC,transcript47646.chr7.nic,HERPUD2,0.7083333333333334,0.0526315789473684,1.9442241237110883e-08,7.542965784772159e-08,True,0.655701754385965,AD_enriched,0.0285714285714285,True,70.0,34,2,27.2877,1.6127,3.4366,Minor,Alternate,new_target_candidate,transcript47646.chr7.nic,ENSG00000122557,,novel,True,False,HERPUD2-201,912,1,False,none,False,0.0063,novel,0.0,0.0,0.628,True,1,Ubiquitin-like,Q9BSE4,C,True
OPC,HIF3A-218,HIF3A,0.3010752688172043,0.0555555555555555,5.0158877050560894e-11,2.618004697854816e-10,True,0.2455197132616488,AD_enriched,0.0181818181818181,True,165.0,28,3,18.5377,1.8081,2.7986,Minor,Alternate,new_target_candidate,ENST00000600383,ENSG00000124440,protein_coding,PC_CDS,True,True,HIF3A-205,337,1,False,none,False,0.0686,emerging,0.0,0.5642,3.006,True,3,"bHLH, PAS 1, PAS 2",Q9Y2N7,C,True
OPC,HTRA1-201,HTRA1,0.6068376068376068,0.9466666666666668,4.055404786781892e-07,1.351180791187262e-06,True,-0.33982905982906,CT_enriched,0.0061,True,10000.0,71,71,67.6125,122.5475,-0.8485,Dominant,Canonical,trial_failure_candidate,ENST00000368984,ENSG00000166033,protein_coding,PC_CDS,True,True,HTRA1-201,0,1,False,none,False,0.0355,novel,0.0,0.2888,2.044,True,3,"IGFBP N-terminal, Kazal-like, PDZ",Q92743,C,False
OPC,HTRA1-202,HTRA1,0.3931623931623931,0.0533333333333333,4.055404786781892e-07,1.351180791187262e-06,True,0.3398290598290598,AD_enriched,0.0061,True,10000.0,46,4,34.9008,3.611,2.9609,Minor,Alternate,new_target_candidate,ENST00000420892,ENSG00000166033,protein_coding,PC_CDS,True,True,HTRA1-201,305,1,False,none,False,0.0355,novel,0.0,0.2888,2.044,True,3,"IGFBP N-terminal, Kazal-like, PDZ",Q92743,C,True
OPC,JAKMIP3-206,JAKMIP3,0.8060836501901141,0.0,1.834352062179479e-37,9.857943860083052e-36,True,0.8060836501901141,AD_enriched,0.0349650349650349,True,1001.0,212,0,355.0316,0.0,8.4759,Minor,Alternate,new_target_candidate,ENST00000657318,ENSG00000188385,protein_coding,PC_CDS,True,True,JAKMIP3-226,228,1,False,none,False,0.0111,novel,0.0,0.0912,0.987,False,0,,Q5VZ66,D,True
OPC,KCNIP4-204,KCNIP4,0.6666666666666666,1.0,2.595693524391018e-05,6.82928613579577e-05,True,-0.3333333333333333,CT_enriched,0.0285714285714285,True,210.0,24,55,28.5168,201.393,-2.7776,Dominant,Canonical,trial_failure_candidate,ENST00000382152,ENSG00000185774,protein_coding,PC_CDS,True,True,KCNIP4-204,0,1,False,none,False,0.0403,novel,0.0,0.3107,3.032,True,4,"EF-hand 1, EF-hand 2, EF-hand 3",Q6PIL6,C,False
OPC,transcript35436.chr4.nnic,KCNIP4,0.3055555555555556,0.0,2.595693524391018e-05,6.82928613579577e-05,True,0.3055555555555556,AD_enriched,0.0285714285714285,True,210.0,11,0,15.893,0.0,4.0784,Minor,Alternate,new_target_candidate,transcript35436.chr4.nnic,ENSG00000185774,,novel,True,False,KCNIP4-204,705,1,False,none,False,0.0403,novel,0.0,0.3107,3.032,True,4,"EF-hand 1, EF-hand 2, EF-hand 3",Q6PIL6,C,True
OPC,KIF3A-203,KIF3A,0.4777777777777778,0.859375,4.055876186781398e-06,1.1973705690782926e-05,True,-0.3815972222222222,CT_enriched,0.0341,True,10000.0,43,55,44.3296,54.7168,-0.2977,Dominant,Canonical,trial_failure_candidate,ENST00000403231,ENSG00000131437,protein_coding,PC_CDS,True,True,KIF3A-203,0,1,False,none,False,0.0498,novel,0.0,0.4098,3.269,True,1,Kinesin motor,Q9Y496,C,False
OPC,KLHL42-201,KLHL42,0.1818181818181818,0.7142857142857143,1.1438732783871485e-06,3.616035134944995e-06,True,-0.5324675324675325,CT_enriched,0.0393939393939393,True,330.0,10,35,12.6472,32.7683,-1.3071,Dominant,Canonical,trial_failure_candidate,ENST00000381271,ENSG00000087448,protein_coding,PC_CDS,True,True,KLHL42-201,0,1,False,none,False,0.239,supported,0.3931,0.0,23.899,True,1,BTB,Q9P2K6,C,False
OPC,transcript44618.chr12.nnic,KLHL42,0.7272727272727273,0.2448979591836734,1.1438732783871485e-06,3.616035134944995e-06,True,0.4823747680890539,AD_enriched,0.0272727272727272,True,330.0,40,12,30.3538,9.7677,1.5419,Minor,Alternate,new_target_candidate,transcript44618.chr12.nnic,ENSG00000087448,,novel,True,False,KLHL42-201,194,1,False,none,False,0.239,supported,0.3931,0.0,23.899,True,1,BTB,Q9P2K6,C,True
OPC,KMT5B-201,KMT5B,0.4210526315789473,0.9210526315789472,0.0001221385260465,0.0002893436755811,True,-0.4999999999999999,CT_enriched,0.05,True,120.0,16,35,10.3198,43.9577,-1.9897,Dominant,Canonical,trial_failure_candidate,ENST00000304363,ENSG00000110066,protein_coding,PC_CDS,True,True,KMT5B-201,0,1,False,none,False,0.2372,supported,0.3886,0.0304,23.717,True,1,SET,Q4FZB7,C,False
OPC,KRBA2-202,KRBA2,0.6290322580645161,0.0392156862745098,3.8147362418824e-16,3.3958173539701603e-15,True,0.5898165717900063,AD_enriched,0.0489510489510489,True,1287.0,39,4,21.9994,2.3307,2.7877,Minor,Alternate,new_target_candidate,ENST00000643221,ENSG00000184619,protein_coding,PC_UTR,True,False,KRBA2-201,0,1,False,none,False,0.0,novel,0.0,0.0,0.0,True,2,"KRAB, Integrase catalytic",Q6ZNG9,N,False
OPC,KRBA2-201,KRBA2,0.3709677419354839,0.9607843137254902,3.8147362418824e-16,3.3958173539701603e-15,True,-0.5898165717900063,CT_enriched,0.0489510489510489,True,1287.0,23,98,28.0142,82.1749,-1.5194,Dominant,Canonical,trial_failure_candidate,ENST00000396267,ENSG00000184619,protein_coding,PC_CDS,True,True,KRBA2-201,0,1,False,none,False,0.0,novel,0.0,0.0,0.0,True,2,"KRAB, Integrase catalytic",Q6ZNG9,C,False
OPC,LMF1-201,LMF1,0.7837837837837838,1.0,0.0078466360850284,0.013859365744828,True,-0.2162162162162162,CT_enriched,0.0,True,21.0,29,38,23.0041,46.1045,-0.9726,Dominant,Canonical,trial_failure_candidate,ENST00000262301,ENSG00000103227,protein_coding,PC_CDS,True,True,LMF1-201,0,1,False,none,False,0.01,novel,0.0,0.0,1.0,False,0,,Q96S06,D,False
OPC,LMF1-212,LMF1,0.2162162162162162,0.0,0.0078466360850284,0.013859365744828,True,0.2162162162162162,AD_enriched,0.0,True,21.0,8,0,5.4919,0.0,2.6986,Minor,Alternate,new_target_candidate,ENST00000568897,ENSG00000103227,protein_coding,PC_CDS,True,True,LMF1-201,470,1,False,none,False,0.01,novel,0.0,0.0,1.0,False,0,,Q96S06,D,True
OPC,LRRFIP2-205,LRRFIP2,0.6708860759493671,0.2424242424242424,5.118033526441284e-09,2.1370551501773536e-08,True,0.4284618335251247,AD_enriched,0.0424242424242424,True,330.0,53,8,35.8289,25.6943,0.4643,Minor,Alternate,new_target_candidate,ENST00000421276,ENSG00000093167,protein_coding,PC_CDS,True,True,LRRFIP2-201,891,1,False,none,False,0.0093,novel,0.0,0.0766,0.931,False,0,,Q9Y608,D,True
OPC,MAEA-202,MAEA,0.6190476190476191,0.9166666666666666,2.3934861436290654e-07,8.162040879919563e-07,True,-0.2976190476190475,CT_enriched,0.0373,True,10000.0,91,88,144.1046,104.5237,0.4595,Dominant,Canonical,trial_failure_candidate,ENST00000303400,ENSG00000090316,protein_coding,PC_CDS,True,True,MAEA-202,0,1,False,none,False,0.0087,novel,0.0,0.0718,0.451,True,2,"LisH, CTLH",Q7L5Y9,C,False
OPC,transcript302998.chr3.nic,MASP1,0.8688524590163934,0.0588235294117647,2.4083644833387146e-17,2.418364612681297e-16,True,0.8100289296046287,AD_enriched,0.0151515151515151,True,330.0,53,3,35.7508,5.2349,2.5593,Minor,Alternate,new_target_candidate,transcript302998.chr3.nic,ENSG00000127241,,novel,True,False,MASP1-202,1298,1,False,none,False,0.0138,novel,0.0,0.1132,1.092,True,6,"CUB 1, EGF-like, CUB 2",P48740,C,True
OPC,MBIP-201,MBIP,0.2564102564102564,0.0227272727272727,8.318024830823651e-08,3.002351748638089e-07,True,0.2336829836829836,AD_enriched,0.0474941724941724,True,3432.0,10,2,8.9163,1.8529,1.7974,Minor,Alternate,new_target_candidate,ENST00000318473,ENSG00000151332,protein_coding,PC_UTR,True,True,MBIP-203,0,1,False,none,False,0.0041,novel,0.0,0.0334,0.407,False,0,,Q9NS73,N,False
OPC,MGRN1-202,MGRN1,0.71875,0.3924050632911392,4.1648617136106207e-19,5.075827703521585e-18,True,0.3263449367088608,AD_enriched,0.0363386613386613,True,8008.0,115,124,174.4067,112.3131,0.6304,Minor,Alternate,new_target_candidate,ENST00000399577,ENSG00000102858,protein_coding,PC_UTR,True,True,MGRN1-201,0,1,False,none,False,0.009,novel,0.0,0.043,0.264,False,0,,O60291,N,False
OPC,MTFR1L-210,MTFR1L,0.2028985507246377,0.0,0.009811130156876,0.0170115465154649,True,0.2028985507246377,AD_enriched,0.0239760239760239,True,2002.0,14,0,14.2067,0.0,3.9266,Minor,Alternate,new_target_candidate,ENST00000474295,ENSG00000117640,protein_coding,PC_CDS,True,True,MTFR1L-203,322,1,False,none,False,0.0033,novel,0.0,0.0226,0.325,False,0,,Q9H019,D,True
OPC,MTHFD1-220,MTHFD1,0.4520547945205479,0.9478260869565216,5.756485089297918e-16,5.031722809982698e-15,True,-0.4957712924359737,CT_enriched,0.0238095238095238,True,84.0,66,109,40.1474,90.7139,-1.1563,Dominant,Canonical,trial_failure_candidate,ENST00000652337,ENSG00000100714,protein_coding,PC_CDS,True,True,MTHFD1-220,0,1,False,none,False,0.0404,novel,0.0,0.3177,1.984,False,0,,P11586,D,False
OPC,NAP1L1-215,NAP1L1,0.275,0.0131578947368421,3.8197023816333454e-05,9.774935018959408e-05,True,0.2618421052631579,AD_enriched,0.0079920079920079,True,3003.0,11,1,9.552,1.09,2.3359,Minor,Alternate,new_target_candidate,ENST00000549596,ENSG00000187109,protein_coding,PC_CDS,True,True,NAP1L1-226,81,1,False,none,False,0.076,emerging,0.0,0.6184,6.767,False,0,,P55209,D,True
OPC,NAP1L1-226,NAP1L1,0.575,0.8552631578947368,3.8197023816333454e-05,9.774935018959408e-05,True,-0.2802631578947369,CT_enriched,0.0293040293040293,True,3003.0,23,65,31.4156,179.8852,-2.4803,Dominant,Canonical,trial_failure_candidate,ENST00000618691,ENSG00000187109,protein_coding,PC_CDS,True,True,NAP1L1-226,0,1,False,none,False,0.076,emerging,0.0,0.6184,6.767,False,0,,P55209,D,False
OPC,NCOA1-206,NCOA1,0.2954545454545454,0.0377358490566037,6.5620841588221855e-09,2.6859193552753145e-08,True,0.2577186963979417,AD_enriched,0.0,True,21.0,13,2,8.1354,2.1801,1.5224,Minor,Alternate,new_target_candidate,ENST00000407230,ENSG00000084676,protein_coding,PC_CDS,True,True,NCOA1-202,611,2,True,none,False,0.0849,emerging,0.0,0.5944,2.313,True,2,"bHLH, PAS",Q15788,C,True
OPC,transcript6722.chrY.nic,NLGN4Y,0.8275862068965517,0.0165289256198347,1.356453251990495e-30,4.187688656677039e-29,True,0.8110572812767171,AD_enriched,0.0476190476190476,True,84.0,72,2,42.9798,1.5257,4.1221,Minor,Alternate,new_target_candidate,transcript6722.chrY.nic,ENSG00000165246,,novel,True,False,NLGN4Y-211,1189,1,False,none,False,0.0022,novel,0.0,0.0182,0.222,False,0,,Q8NFZ3,D,True
OPC,NRDC-211,NRDC,0.5714285714285714,0.1136363636363636,2.387053646292282e-16,2.1991205338222867e-15,True,0.4577922077922078,AD_enriched,0.0414,True,10000.0,64,10,55.5999,18.4311,1.5424,Minor,Alternate,new_target_candidate,ENST00000491410,ENSG00000078618,protein_coding_CDS_not_defined,PC_CDS_ND,True,False,NRDC-201,2917,1,False,none,False,0.0687,emerging,0.0,0.2204,0.984,False,0,,O43847,D,True
OPC,PAPOLA-223,PAPOLA,0.5930232558139535,0.2911392405063291,0.0003435061287758,0.0007551930194752,True,0.3018840153076244,AD_enriched,0.0087412587412587,True,8008.0,51,23,60.63,31.605,0.9185,Minor,Alternate,new_target_candidate,ENST00000557320,ENSG00000090060,protein_coding,PC_CDS,True,True,PAPOLA-201,1445,1,False,none,False,0.4239,supported,0.0,0.0,2.798,False,0,,P51003,D,True
OPC,PAPOLA-201,PAPOLA,0.2906976744186046,0.5822784810126582,0.0003435061287758,0.0007551930194752,True,-0.2915808065940536,CT_enriched,0.0184815184815184,True,8008.0,25,46,25.4023,51.6099,-0.9947,Dominant,Canonical,trial_failure_candidate,ENST00000216277,ENSG00000090060,protein_coding,PC_CDS,True,True,PAPOLA-201,0,1,False,none,False,0.4239,supported,0.0,0.0,2.798,False,0,,P51003,D,False
OPC,PDE1C-202,PDE1C,0.9375,0.4375,2.5591970693262447e-06,7.720155816200377e-06,True,0.5,AD_enriched,0.0,True,210.0,30,21,38.9384,26.962,0.5143,Minor,Alternate,new_target_candidate,ENST00000396182,ENSG00000154678,protein_coding,PC_CDS,True,True,PDE1C-205,69,1,False,none,False,0.0136,novel,0.0,0.1117,0.376,True,1,PDEase,Q14123,C,True
OPC,PDS5A-201,PDS5A,0.6428571428571429,0.9940476190476192,1.1851395181063174e-13,8.22793033862329e-13,True,-0.3511904761904763,CT_enriched,0.0161616161616161,True,495.0,27,167,35.2584,133.5474,-1.8917,Dominant,Canonical,trial_failure_candidate,ENST00000303538,ENSG00000121892,protein_coding,PC_CDS,True,True,PDS5A-201,0,1,False,none,False,0.0037,novel,0.0,0.0304,0.038,False,0,,Q29RF7,D,False
OPC,PDS5A-202,PDS5A,0.238095238095238,0.0,1.1851395181063174e-13,8.22793033862329e-13,True,0.238095238095238,AD_enriched,0.0444444444444444,True,495.0,10,0,5.9694,0.0,2.801,Minor,Alternate,new_target_candidate,ENST00000503396,ENSG00000121892,protein_coding,PC_CDS,True,True,PDS5A-201,2380,1,False,none,False,0.0037,novel,0.0,0.0304,0.038,False,0,,Q29RF7,D,True
OPC,PHYHIP-202,PHYHIP,0.7254901960784313,0.9620253164556962,1.7095562136997325e-13,1.172844475687145e-12,True,-0.2365351203772648,CT_enriched,0.0261,True,10000.0,111,304,121.4889,465.3732,-1.9288,Dominant,Canonical,trial_failure_candidate,ENST00000454243,ENSG00000168490,protein_coding,PC_CDS,True,True,PHYHIP-202,0,1,False,none,False,0.0081,novel,0.0,0.0608,0.628,True,1,Fibronectin type-III,Q92561,C,False
OPC,PHYHIP-201,PHYHIP,0.2745098039215686,0.0379746835443038,1.7095562136997325e-13,1.172844475687145e-12,True,0.2365351203772648,AD_enriched,0.0261,True,10000.0,42,12,73.3576,6.2715,3.3542,Minor,Alternate,new_target_candidate,ENST00000321613,ENSG00000168490,protein_coding,PC_UTR,True,True,PHYHIP-202,0,1,False,none,False,0.0081,novel,0.0,0.0608,0.628,True,1,Fibronectin type-III,Q92561,N,False
OPC,PLEKHB2-212,PLEKHB2,0.1818181818181818,0.6666666666666666,1.331619764478452e-11,7.503612731099936e-11,True,-0.4848484848484848,CT_enriched,0.0259740259740259,True,3003.0,34,42,56.5912,48.8967,0.2069,Dominant,Canonical,trial_failure_candidate,ENST00000693505,ENSG00000115762,protein_coding,PC_CDS,True,True,PLEKHB2-212,0,1,False,none,False,0.0039,novel,0.0,0.0122,0.345,True,1,PH,Q96CS7,C,False
OPC,POMT2-201,POMT2,0.2439024390243902,0.7931034482758621,2.535057050468169e-07,8.634666150773035e-07,True,-0.5492010092514719,CT_enriched,0.0198412698412698,True,252.0,10,46,8.2557,118.302,-3.6881,Dominant,Canonical,trial_failure_candidate,ENST00000261534,ENSG00000009830,protein_coding,PC_CDS,True,True,POMT2-201,0,1,False,none,False,0.0018,novel,0.0,0.0152,0.185,True,3,"MIR 1, MIR 2, MIR 3",Q9UKY4,C,False
OPC,PRKCA-202,PRKCA,0.7547169811320755,1.0,0.0003345035301638,0.0007365168774926,True,-0.2452830188679244,CT_enriched,0.0439560439560439,True,3003.0,40,54,38.825,75.8634,-0.9486,Dominant,Canonical,trial_failure_candidate,ENST00000413366,ENSG00000154229,protein_coding,PC_CDS,True,True,PRKCA-202,0,1,False,none,False,0.0945,emerging,0.0,0.7774,4.851,True,3,"C2, Protein kinase, AGC-kinase C-terminal",P17252,C,False
OPC,PRORP-203,PRORP,0.7619047619047619,0.9814814814814816,0.0034450719575623,0.0064709377481203,True,-0.2195767195767197,CT_enriched,0.0046620046620046,True,1287.0,48,53,53.4335,215.9616,-1.9949,Dominant,Canonical,trial_failure_candidate,ENST00000534898,ENSG00000100890,protein_coding,PC_CDS,True,True,PRORP-203,0,1,False,none,False,0.0094,novel,0.0,0.0773,0.94,True,1,PRORP,O15091,C,False
OPC,PRUNE2-203,PRUNE2,0.3658536585365853,0.9734513274336284,2.9873887654680705e-16,2.700748348096056e-15,True,-0.607597668897043,CT_enriched,0.0389610389610389,True,462.0,15,110,31.9287,299.6737,-3.1908,Dominant,Canonical,trial_failure_candidate,ENST00000376718,ENSG00000106772,protein_coding,PC_CDS,True,True,PRUNE2-203,0,1,False,none,False,0.0221,novel,0.0,0.1666,0.641,True,1,CRAL-TRIO,Q8WUY3,C,False
OPC,PRUNE2-213,PRUNE2,0.5365853658536586,0.0088495575221238,2.9873887654680705e-16,2.700748348096056e-15,True,0.5277358083315348,AD_enriched,0.0324675324675324,True,462.0,22,1,15.6346,1.09,2.9926,Minor,Alternate,new_target_candidate,ENST00000492157,ENSG00000106772,protein_coding_CDS_not_defined,PC_CDS_ND,True,False,PRUNE2-203,9200,1,False,none,False,0.0221,novel,0.0,0.1666,0.641,True,1,CRAL-TRIO,Q8WUY3,C,True
OPC,PXK-211,PXK,0.2156862745098039,0.0,1.2884659754832754e-12,8.058466079423418e-12,True,0.2156862745098039,AD_enriched,0.0293040293040293,True,3003.0,11,0,12.1863,0.0,3.721,Minor,Alternate,new_target_candidate,ENST00000484288,ENSG00000168297,protein_coding,PC_UTR,True,True,PXK-202,0,1,False,none,False,0.4626,supported,0.0,0.0,2.71,True,3,"PX, Protein kinase, WH2",Q7Z7A4,N,False
OPC,PXK-202,PXK,0.0784313725490196,0.7974683544303798,1.2884659754832754e-12,8.058466079423418e-12,True,-0.7190369818813602,CT_enriched,0.0029970029970029,True,3003.0,4,63,5.6106,106.4146,-4.0223,Dominant,Canonical,trial_failure_candidate,ENST00000356151,ENSG00000168297,protein_coding,PC_CDS,True,True,PXK-202,0,1,False,none,False,0.4626,supported,0.0,0.0,2.71,True,3,"PX, Protein kinase, WH2",Q7Z7A4,C,False
OPC,R3HDM1-202,R3HDM1,0.26,0.024390243902439,3.908858496906526e-06,1.1586830804926188e-05,True,0.235609756097561,AD_enriched,0.0083333333333333,True,120.0,13,1,13.4277,0.5226,3.2442,Minor,Alternate,new_target_candidate,ENST00000409478,ENSG00000048991,protein_coding,PC_CDS,True,True,R3HDM1-220,489,1,False,none,False,0.0089,novel,0.0,0.0608,0.757,True,2,"R3H, SUZ",Q15032,C,True
OPC,RGS12-201,RGS12,0.1382978723404255,0.4083333333333333,7.374484953263682e-06,2.091960443242542e-05,True,-0.2700354609929078,CT_enriched,0.0395,True,10000.0,13,49,13.3899,48.1821,-1.7731,Dominant,Canonical,trial_failure_candidate,ENST00000336727,ENSG00000159788,protein_coding,PC_CDS,True,True,RGS12-201,0,1,False,none,False,0.015,novel,0.0,0.1233,1.429,True,6,"PDZ, PID, RGS",O14924,C,False
OPC,RIMS2-215,RIMS2,0.2436974789915966,0.03125,7.510158883865913e-05,0.0001846989922116,True,0.2124474789915966,AD_enriched,0.0459540459540459,True,1001.0,29,2,24.2183,1.5257,3.3197,Minor,Alternate,new_target_candidate,ENST00000668113,ENSG00000176406,protein_coding,PC_CDS,True,True,RIMS2-216,603,1,False,none,False,0.0127,novel,0.0,0.1042,0.851,True,4,"RabBD, PDZ, C2 1",Q9UQ26,C,True
OPC,RORA-204,RORA,0.3669724770642202,0.0446428571428571,3.521193878327296e-09,1.5071540759448106e-08,True,0.3223296199213631,AD_enriched,0.009,True,10000.0,40,5,40.6544,4.8828,2.8239,Minor,Alternate,new_target_candidate,ENST00000449337,ENSG00000069667,protein_coding,PC_CDS,True,True,RORA-203,30,1,False,none,False,0.1001,emerging,0.0,0.3863,0.93,True,1,NR LBD,P35398,C,True
OPC,transcript43910.chr14.nnic,RTRAF,0.65,0.0,9.079795180210192e-26,1.882111829497856e-24,True,0.65,AD_enriched,0.0182,True,10000.0,78,0,42.9072,0.0,5.4564,Minor,Alternate,new_target_candidate,transcript43910.chr14.nnic,ENSG00000087302,,novel,True,False,RTRAF-201,519,1,False,none,False,0.0069,novel,0.0,0.0348,0.1,False,0,,Q9Y224,D,True
OPC,SCFD1-203,SCFD1,0.054054054054054,0.4875,5.6356320598852825e-14,4.088651059446772e-13,True,-0.433445945945946,CT_enriched,0.0402097902097902,True,1716.0,6,39,6.8579,43.1746,-2.491,Dominant,Canonical,trial_failure_candidate,ENST00000458591,ENSG00000092108,protein_coding,PC_CDS,True,True,SCFD1-203,0,1,False,none,False,0.0174,novel,0.0,0.1435,0.09,False,0,,Q8WVM8,D,False
OPC,transcript164634.chr5.nnic,SEPTIN8,0.7475728155339806,0.2564102564102564,1.1693816553051078e-14,9.122434311009202e-14,True,0.4911625591237242,AD_enriched,0.0158,True,10000.0,154,20,169.2867,25.7093,2.6726,Minor,Alternate,new_target_candidate,transcript164634.chr5.nnic,ENSG00000164402,,novel,True,False,SEPTIN8-207,1256,1,False,none,False,0.0106,novel,0.0,0.0786,0.237,True,1,Septin-type G,Q92599,C,True
OPC,SEPTIN8-207,SEPTIN8,0.1601941747572815,0.4743589743589743,1.1693816553051078e-14,9.122434311009202e-14,True,-0.3141647996016927,CT_enriched,0.0436,True,10000.0,33,37,32.7947,64.4021,-0.9525,Dominant,Canonical,trial_failure_candidate,ENST00000378719,ENSG00000164402,protein_coding,PC_CDS,True,True,SEPTIN8-207,0,1,False,none,False,0.0106,novel,0.0,0.0786,0.237,True,1,Septin-type G,Q92599,C,False
OPC,SERBP1-203,SERBP1,0.6230769230769231,0.0512820512820512,1.278716287915997e-15,1.0694048033234074e-14,True,0.5717948717948719,AD_enriched,0.0206043956043956,True,8008.0,81,4,57.3286,3.3785,3.7357,Minor,Alternate,new_target_candidate,ENST00000370994,ENSG00000142864,protein_coding,PC_CDS,True,True,SERBP1-201,18,1,False,none,False,0.0758,emerging,0.0,0.6235,6.749,False,0,,Q8NC51,D,True
OPC,SGMS1-202,SGMS1,0.5238095238095238,0.918032786885246,8.368833339341648e-19,9.872501768605473e-18,True,-0.3942232630757222,CT_enriched,0.0032,True,10000.0,55,224,73.8903,791.9335,-3.4043,Dominant,Canonical,trial_failure_candidate,ENST00000361781,ENSG00000198964,protein_coding,PC_CDS,True,True,SGMS1-202,0,1,False,none,False,0.0304,novel,0.0,0.2504,0.899,True,1,SAM,Q86VZ5,C,False
OPC,transcript102277.chr10.nic,SGMS1,0.4476190476190476,0.0491803278688524,8.368833339341648e-19,9.872501768605473e-18,True,0.3984387197501952,AD_enriched,0.0029,True,10000.0,47,12,37.1477,18.4898,0.9689,Minor,Alternate,new_target_candidate,transcript102277.chr10.nic,ENSG00000198964,,novel,True,False,SGMS1-202,439,1,False,none,False,0.0304,novel,0.0,0.2504,0.899,True,1,SAM,Q86VZ5,C,True
OPC,transcript159022.chr10.nic,SHLD2,0.9572649572649572,0.1666666666666666,2.467616342230538e-28,6.510020568320928e-27,True,0.7905982905982906,AD_enriched,0.0142857142857142,True,210.0,112,12,86.716,16.8003,2.3009,Minor,Alternate,new_target_candidate,transcript159022.chr10.nic,ENSG00000122376,,novel,True,False,SHLD2-202,990,1,False,none,False,0.0,novel,0.0,0.0,0.0,False,0,,Q86V20,D,True
OPC,SLAIN2-201,SLAIN2,0.0363636363636363,0.5333333333333333,2.974413866887323e-09,1.2825778665240732e-08,True,-0.496969696969697,CT_enriched,0.0476190476190476,True,84.0,2,16,2.0833,19.7451,-2.7502,Dominant,Canonical,trial_failure_candidate,ENST00000264313,ENSG00000109171,protein_coding,PC_CDS,True,True,SLAIN2-201,0,1,False,none,False,0.0279,novel,0.0,0.2295,2.79,False,0,,Q9P270,D,False
OPC,SLC25A36-201,SLC25A36,0.0338983050847457,0.7525773195876289,2.507123924474213e-48,2.1399040084776967e-46,True,-0.7186790145028832,CT_enriched,0.0119880119880119,True,1001.0,8,73,6.4582,69.4687,-3.2401,Dominant,Canonical,trial_failure_candidate,ENST00000324194,ENSG00000114120,protein_coding,PC_CDS,True,True,SLC25A36-201,0,1,False,none,False,0.0,novel,0.0,0.0,0.0,False,0,,Q96CQ1,D,False
OPC,SLC25A36-208,SLC25A36,0.8728813559322034,0.0515463917525773,2.507123924474213e-48,2.1399040084776967e-46,True,0.8213349641796261,AD_enriched,0.0119880119880119,True,1001.0,206,5,149.8847,14.6247,3.2715,Minor,Alternate,new_target_candidate,ENST00000507429,ENSG00000114120,protein_coding,PC_CDS,True,True,SLC25A36-201,458,1,False,none,False,0.0,novel,0.0,0.0,0.0,False,0,,Q96CQ1,D,True
OPC,transcript50057.chr2.nnic,SLC8A1,0.6921119592875318,0.4,4.5059398968244335e-11,2.3731828639899286e-10,True,0.2921119592875317,AD_enriched,0.0413,True,10000.0,272,82,358.5224,130.1318,1.4551,Minor,Alternate,new_target_candidate,transcript50057.chr2.nnic,ENSG00000183023,,novel,True,False,SLC8A1-201,2545,1,False,none,False,0.041,novel,0.0,0.3307,1.467,True,2,"Calx-beta 1, Calx-beta 2",P32418,C,True
OPC,SMAD1-201,SMAD1,0.4918032786885246,0.8288288288288288,1.0128630305894536e-05,2.7993604902577085e-05,True,-0.3370255501403042,CT_enriched,0.0435120435120435,True,1287.0,30,92,33.8053,85.6882,-1.3165,Dominant,Canonical,trial_failure_candidate,ENST00000302085,ENSG00000170365,protein_coding,PC_CDS,True,True,SMAD1-201,0,1,False,none,False,0.0394,novel,0.0,0.3004,1.25,True,2,"MH1, MH2",Q15797,C,False
OPC,transcript49719.chr18.nic,SMAD2,0.5352112676056338,0.0263157894736842,2.601151595172653e-09,1.1334147040827391e-08,True,0.5088954781319496,AD_enriched,0.0163170163170163,True,1287.0,38,1,48.8425,1.5959,4.2631,Minor,Alternate,new_target_candidate,transcript49719.chr18.nic,ENSG00000175387,,novel,True,False,SMAD2-201,1044,1,False,none,False,0.0275,novel,0.0,0.2261,1.432,True,2,"MH1, MH2",Q15796,C,True
OPC,SNRPN-202,SNRPN,0.6062992125984252,0.9555555555555556,1.581261653719519e-08,6.184395308752081e-08,True,-0.3492563429571304,CT_enriched,0.0429570429570429,True,2002.0,77,86,74.674,159.9551,-1.0888,Dominant,Canonical,trial_failure_candidate,ENST00000390687,ENSG00000128739,protein_coding,PC_CDS,True,True,SNRPN-202,0,1,False,none,False,0.0937,emerging,0.1494,0.0947,4.042,True,1,Sm,P63162,C,False
OPC,SNRPN-208,SNRPN,0.3858267716535433,0.0333333333333333,1.581261653719519e-08,6.184395308752081e-08,True,0.3524934383202099,AD_enriched,0.0404595404595404,True,2002.0,49,3,77.3551,11.9642,2.5955,Minor,Alternate,new_target_candidate,ENST00000577565,ENSG00000128739,protein_coding,PC_UTR,True,True,SNRPN-202,0,1,False,none,False,0.0937,emerging,0.1494,0.0947,4.042,True,1,Sm,P63162,N,False
OPC,SOD2-206,SOD2,0.5714285714285714,0.0396825396825396,1.1677929957853442e-13,8.126943102563719e-13,True,0.5317460317460319,AD_enriched,0.0436507936507936,True,252.0,20,5,11.8631,4.2284,1.2988,Minor,Alternate,new_target_candidate,ENST00000452684,ENSG00000291237,protein_coding,PC_CDS,True,False,SOD2-210,500,2,True,none,False,0.1232,emerging,0.0,0.8608,1.329,False,0,,P04179,D,True
OPC,SOD2-210,SOD2,0.4285714285714285,0.9603174603174603,1.1677929957853442e-13,8.126943102563719e-13,True,-0.5317460317460319,CT_enriched,0.0436507936507936,True,252.0,15,121,12.2999,93.6146,-2.8306,Dominant,Canonical,trial_failure_candidate,ENST00000538183,ENSG00000291237,protein_coding,PC_CDS,True,True,SOD2-210,0,2,True,none,False,0.1232,emerging,0.0,0.8608,1.329,False,0,,P04179,D,False
OPC,SPART-209,SPART,0.2673267326732673,0.0063694267515923,1.7505525295438218e-13,1.195318456643805e-12,True,0.260957305921675,AD_enriched,0.0157,True,10000.0,27,1,17.1042,0.5226,3.5717,Minor,Alternate,new_target_candidate,ENST00000494062,ENSG00000133104,protein_coding,PC_UTR,True,True,SPART-202,0,1,False,none,False,0.0155,novel,0.0,0.1275,0.287,True,2,"MIT, Senescence",Q8N0X7,N,False
OPC,SPPL2B-212,SPPL2B,0.6993464052287581,0.3918918918918919,4.794363376828586e-06,1.3913242519556556e-05,True,0.3074545133368662,AD_enriched,0.0191,True,10000.0,107,29,122.9785,47.482,1.3546,Minor,Alternate,new_target_candidate,ENST00000618220,ENSG00000005206,protein_coding,PC_CDS,True,True,SPPL2B-209,676,1,False,none,False,0.0512,emerging,0.0,0.4212,0.517,True,1,PA,Q8TCT7,C,True
OPC,SUGP2-215,SUGP2,0.2278481012658227,0.0059523809523809,2.4272988790388206e-10,1.168162744107903e-09,True,0.2218957203134418,AD_enriched,0.0447,True,10000.0,36,1,52.476,1.09,4.6773,Minor,Alternate,new_target_candidate,ENST00000601879,ENSG00000064607,protein_coding,PC_UTR,True,True,SUGP2-203,0,1,False,none,False,0.0,novel,0.0,0.0,0.0,True,1,G-patch,Q8IX01,N,False
OPC,SUPT16H-201,SUPT16H,0.7256637168141593,1.0,7.355575429840969e-07,2.371764433044277e-06,True,-0.2743362831858407,CT_enriched,0.0314,True,10000.0,82,87,86.7637,103.2565,-0.2484,Dominant,Canonical,trial_failure_candidate,ENST00000216297,ENSG00000092201,protein_coding,PC_CDS,True,True,SUPT16H-201,0,1,False,none,False,0.0,novel,0.0,0.0,0.0,False,0,,Q9Y5B9,D,False
OPC,TARS2-213,TARS2,0.3666666666666666,0.064516129032258,0.0114462703432968,0.0195855404105232,True,0.3021505376344086,AD_enriched,0.0317460317460317,True,252.0,11,2,20.3534,6.3602,1.5367,Minor,Alternate,new_target_candidate,ENST00000606933,ENSG00000143374,protein_coding,PC_CDS,True,True,TARS2-204,246,2,True,none,False,0.503,supported,0.0,0.0,2.831,True,1,TGS,Q9BW92,C,True
OPC,TGS1-201,TGS1,0.5066666666666667,1.0,4.052817054284618e-12,2.3953717090700528e-11,True,-0.4933333333333333,CT_enriched,0.0002913752913752,True,3432.0,38,78,35.8293,140.5548,-1.9424,Dominant,Canonical,trial_failure_candidate,ENST00000260129,ENSG00000137574,protein_coding,PC_CDS,True,True,TGS1-201,0,1,False,none,False,0.0,novel,0.0,0.0,0.0,False,0,,Q96RS0,D,False
OPC,transcript43436.chr3.nic,THRB,0.8108108108108109,0.1372549019607843,1.016686914839177e-09,4.588530990456131e-09,True,0.6735559088500266,AD_enriched,0.0476190476190476,True,21.0,30,7,20.9602,7.006,1.4557,Minor,Alternate,new_target_candidate,transcript43436.chr3.nic,ENSG00000151090,,novel,True,False,THRB-216,1122,1,False,none,False,0.0103,novel,0.0,0.0851,0.151,True,1,NR LBD,P10828,C,True
OPC,TIAM1-208,TIAM1,0.8106995884773662,0.1585365853658536,1.007009122099152e-32,3.563829844306999e-31,True,0.6521630031115127,AD_enriched,0.0403346653346653,True,8008.0,197,13,160.3645,19.7499,2.9592,Minor,Alternate,new_target_candidate,ENST00000698169,ENSG00000156299,protein_coding,PC_CDS,True,True,TIAM1-206,173,1,False,none,False,0.0085,novel,0.0,0.0602,0.638,True,5,"PH 1, RBD, PDZ",Q13009,C,True
OPC,TM9SF2-207,TM9SF2,0.9285714285714286,0.1785714285714285,4.934626940092614e-15,3.944982749352277e-14,True,0.7500000000000001,AD_enriched,0.0238095238095238,True,252.0,39,15,87.1684,23.6021,1.8415,Minor,Alternate,new_target_candidate,ENST00000642475,ENSG00000125304,protein_coding,PC_UTR,True,True,TM9SF2-201,0,1,False,none,False,0.0048,novel,0.0,0.0,0.477,False,0,,Q99805,N,False
OPC,TM9SF2-201,TM9SF2,0.0714285714285714,0.8214285714285714,4.934626940092614e-15,3.944982749352277e-14,True,-0.75,CT_enriched,0.0238095238095238,True,252.0,3,69,3.4743,53.5789,-3.6086,Dominant,Canonical,trial_failure_candidate,ENST00000376387,ENSG00000125304,protein_coding,PC_CDS,True,True,TM9SF2-201,0,1,False,none,False,0.0048,novel,0.0,0.0,0.477,False,0,,Q99805,D,False
OPC,TMEM130-203,TMEM130,0.2407407407407407,0.0163934426229508,6.665506615943525e-05,0.0001651861673737,True,0.2243472981177899,AD_enriched,0.0239760239760239,True,3003.0,13,1,9.9821,2.4395,1.6749,Minor,Alternate,new_target_candidate,ENST00000416379,ENSG00000166448,protein_coding,PC_UTR,True,True,TMEM130-201,0,1,False,none,False,0.0,novel,0.0,0.0,0.0,True,1,PKD,Q8N3G9,N,False
OPC,TMUB2-202,TMUB2,0.6111111111111112,0.0793650793650793,2.246865502512205e-08,8.670749585492579e-08,True,0.5317460317460319,AD_enriched,0.0317460317460317,True,126.0,22,5,75.9871,3.6864,4.0381,Minor,Alternate,new_target_candidate,ENST00000357984,ENSG00000168591,protein_coding,PC_CDS,True,False,TMUB2-204,567,1,False,none,False,0.0,novel,0.0,0.0,0.0,True,1,Ubiquitin-like,Q71RG4,C,True
OPC,transcript103408.chr11.nic,TPCN2,0.7569444444444444,0.1844660194174757,3.022237011551589e-18,3.373281464431812e-17,True,0.5724784250269688,AD_enriched,0.0345,True,10000.0,109,19,179.913,56.6808,1.6491,Minor,Alternate,new_target_candidate,transcript103408.chr11.nic,ENSG00000162341,,novel,True,False,TPCN2-201,2071,1,False,none,False,0.0049,novel,0.0,0.0402,0.313,False,0,,Q8NHX9,D,True
OPC,TPCN2-201,TPCN2,0.2430555555555555,0.7669902912621359,3.022237011551589e-18,3.373281464431812e-17,True,-0.5239347357065804,CT_enriched,0.037,True,10000.0,35,79,38.0115,96.7882,-1.3258,Dominant,Canonical,trial_failure_candidate,ENST00000294309,ENSG00000162341,protein_coding,PC_CDS,True,True,TPCN2-201,0,1,False,none,False,0.0049,novel,0.0,0.0402,0.313,False,0,,Q8NHX9,D,False
OPC,TTC21B-220,TTC21B,0.5371900826446281,0.0,7.170234263138905e-32,2.419537189724314e-30,True,0.5371900826446281,AD_enriched,0.0484848484848484,True,330.0,65,0,111.4305,0.0,6.8129,Minor,Alternate,new_target_candidate,ENST00000680448,ENSG00000123607,protein_coding,PC_CDS,True,True,,2929,1,False,none,False,0.0,novel,0.0,0.0,0.0,False,0,,Q7Z4L5,D,True
OPC,transcript149302.chr4.nic,UBE2D3,0.25,0.043859649122807,1.220441009734385e-13,8.452791909902596e-13,True,0.206140350877193,AD_enriched,0.0449550449550449,True,5005.0,25,5,24.7267,5.0615,2.0855,Minor,Alternate,new_target_candidate,transcript149302.chr4.nic,ENSG00000109332,,novel,True,False,UBE2D3-210,374,1,False,none,False,0.0083,novel,0.0,0.0684,0.607,True,1,UBC core,P61077,C,True
OPC,VPS45-227,VPS45,0.2650602409638554,0.0,0.000167350676217,0.0003891439602419,True,0.2650602409638554,AD_enriched,0.0472860472860472,True,3003.0,22,0,27.8136,0.0,4.8487,Minor,Alternate,new_target_candidate,ENST00000698578,ENSG00000136631,protein_coding,PC_CDS,True,True,VPS45-214,132,1,False,none,False,0.0046,novel,0.0,0.0,0.455,False,0,,Q9NRW7,D,True
OPC,YTHDC2-201,YTHDC2,0.4886363636363636,0.8737373737373737,7.717391567697083e-16,6.587020685134393e-15,True,-0.3851010101010101,CT_enriched,0.0248501498501498,True,8008.0,43,173,52.8793,137.3141,-1.3601,Dominant,Canonical,trial_failure_candidate,ENST00000161863,ENSG00000047188,protein_coding,PC_CDS,True,True,YTHDC2-201,0,1,False,none,False,0.0244,novel,0.0,0.201,1.457,True,4,"R3H, Helicase ATP-binding, Helicase C-terminal",Q9H6S0,C,False
OPC,ZC3H13-206,ZC3H13,0.24,0.5944055944055944,7.35687630908285e-10,3.367453477753696e-09,True,-0.3544055944055944,CT_enriched,0.0260989010989011,True,8008.0,30,85,38.3401,97.7315,-1.3275,Dominant,Canonical,trial_failure_candidate,ENST00000679008,ENSG00000123200,protein_coding,PC_CDS,True,True,ZC3H13-206,0,2,True,none,False,0.0141,novel,0.0,0.1158,1.254,False,0,,Q5T200,D,False
OPC,transcript205194.chr7.nic,ZC3HAV1,0.26875,0.0666666666666666,3.3292926176704066e-15,2.698772954323888e-14,True,0.2020833333333334,AD_enriched,0.043,True,10000.0,43,9,60.2577,5.9047,3.1492,Minor,Alternate,new_target_candidate,transcript205194.chr7.nic,ENSG00000105939,,novel,True,False,ZC3HAV1-201,2141,1,False,none,False,0.008,novel,0.0,0.0547,0.746,True,2,"WWE, PARP catalytic",Q7Z2W4,C,True
OPC,transcript52114.chr6.nic,ZFAND3,0.8901098901098901,0.0,1.2035137225729635e-20,1.7376103596550951e-19,True,0.8901098901098901,AD_enriched,0.0357142857142857,True,252.0,81,0,59.0965,0.0,5.9092,Minor,Alternate,new_target_candidate,transcript52114.chr6.nic,ENSG00000156639,,novel,True,False,ZFAND3-201,458,1,False,none,False,0.0,novel,0.0,0.0,0.0,False,0,,Q9H8U3,D,True
OPC,ZFHX4-204,ZFHX4,0.4892086330935252,0.0401606425702811,8.311175632961758e-27,1.9450832005528244e-25,True,0.449047990523244,AD_enriched,0.0224358974358974,True,3432.0,68,10,96.214,31.7494,1.5697,Minor,Alternate,new_target_candidate,ENST00000518282,ENSG00000091656,protein_coding,PC_CDS,True,True,ZFHX4-214,78,1,False,none,False,0.0,novel,0.0,0.0,0.0,False,0,,Q86UP3,D,True
OPC,ZNF160-213,ZNF160,0.6732673267326733,0.2298850574712643,2.946391766964824e-15,2.408571523304765e-14,True,0.443382269261409,AD_enriched,0.0329254079254079,True,3432.0,68,60,72.0477,56.6212,0.3422,Minor,Alternate,new_target_candidate,ENST00000601421,ENSG00000170949,protein_coding,PC_CDS,True,True,ZNF160-216,127,1,False,none,False,0.0234,novel,0.0,0.1928,1.847,True,1,KRAB,Q9HCG1,C,True
OPC,ZNF23-206,ZNF23,0.2072072072072072,0.0,2.838016832888734e-09,1.2255840549171293e-08,True,0.2072072072072072,AD_enriched,0.0424575424575424,True,2002.0,23,0,38.9265,0.0,5.3193,Minor,Alternate,new_target_candidate,ENST00000539742,ENSG00000167377,protein_coding_CDS_not_defined,PC_CDS_ND,True,False,ZNF23-212,235,1,False,none,False,0.0,novel,0.0,0.0,0.0,True,1,KRAB,P17027,C,True
OPC,ZNF512-201,ZNF512,0.131578947368421,0.6923076923076923,9.063357531173668e-12,5.187744291018932e-11,True,-0.5607287449392713,CT_enriched,0.0303030303030303,True,330.0,10,45,11.4504,52.0293,-2.0906,Dominant,Canonical,trial_failure_candidate,ENST00000355467,ENSG00000243943,protein_coding,PC_CDS,True,True,ZNF512-201,0,1,False,none,False,0.0043,novel,0.0,0.0,0.433,False,0,,Q96ME7,D,False
OPC,ZNF558-201,ZNF558,0.9209302325581395,0.0,5.07194926080924e-41,3.0038360724221284e-39,True,0.9209302325581395,AD_enriched,0.0079365079365079,True,126.0,198,0,107.2049,0.0,6.7576,Minor,Alternate,new_target_candidate,ENST00000301475,ENSG00000167785,protein_coding,PC_UTR,True,True,ZNF558-207,0,1,False,none,False,0.0,novel,0.0,0.0,0.0,True,1,KRAB,Q96NG5,N,False
OPC,ZNF585A-202,ZNF585A,0.2307692307692307,0.0155440414507772,1.2338787585682183e-09,5.517282214738013e-09,True,0.2152251893184535,AD_enriched,0.0194805194805194,True,462.0,30,3,36.7385,2.1353,3.5894,Minor,Alternate,new_target_candidate,ENST00000356958,ENSG00000196967,protein_coding,PC_CDS,True,True,ZNF585A-201,127,1,False,none,False,0.0208,novel,0.0343,0.0,2.082,True,1,KRAB,Q6P3V2,C,True
OPC,ZNF585A-201,ZNF585A,0.7692307692307693,0.9844559585492229,1.2338787585682183e-09,5.517282214738013e-09,True,-0.2152251893184535,CT_enriched,0.0194805194805194,True,462.0,100,190,129.0533,206.6407,-0.675,Dominant,Canonical,trial_failure_candidate,ENST00000292841,ENSG00000196967,protein_coding,PC_CDS,True,True,ZNF585A-201,0,1,False,none,False,0.0208,novel,0.0343,0.0,2.082,True,1,KRAB,Q6P3V2,C,False
OPC,ZRANB2-201,ZRANB2,0.58,0.1166666666666666,2.5751989892932803e-12,1.553685544060104e-11,True,0.4633333333333334,AD_enriched,0.0091908091908091,True,5005.0,58,14,43.1811,23.1511,0.8713,Minor,Alternate,new_target_candidate,ENST00000254821,ENSG00000132485,protein_coding,PC_UTR,True,True,ZRANB2-202,0,1,False,none,False,0.0192,novel,0.0,0.1581,1.922,False,0,,O95218,N,False
OPC,ZSCAN12-202,ZSCAN12,0.2359550561797752,0.01,1.0421455085952533e-07,3.729107602889549e-07,True,0.2259550561797751,AD_enriched,0.0095238095238095,True,210.0,21,1,30.0239,1.09,3.8918,Minor,Alternate,new_target_candidate,ENST00000396827,ENSG00000158691,protein_coding,PC_CDS,True,True,ZSCAN12-203,1147,1,False,none,False,0.0067,novel,0.0,0.0547,0.545,True,1,SCAN box,O43309,C,True
OPC,ZSCAN18-217,ZSCAN18,0.5580357142857143,0.8947368421052632,2.331457488781476e-09,1.0235839080853017e-08,True,-0.3367011278195488,CT_enriched,0.0127,True,10000.0,125,119,109.9178,130.1767,-0.242,Dominant,Canonical,trial_failure_candidate,ENST00000601144,ENSG00000121413,protein_coding,PC_CDS,True,True,ZSCAN18-217,0,1,False,none,False,0.0027,novel,0.0,0.0,0.272,True,1,SCAN box,Q8TBC5,C,False
Vascular_cell,AP2M1-202,AP2M1,0.631578947368421,0.1066666666666666,1.3375112214376517e-12,1.3207923311696812e-11,True,0.5249122807017544,AD_enriched,0.0472027972027972,True,1716.0,36,8,504.0514,479.8382,0.0709,Minor,Alternate,new_target_candidate,ENST00000382456,ENSG00000161203,protein_coding,PC_CDS,True,True,,1093,1,False,none,False,0.4686,supported,0.0,0.1604,2.837,True,1,MHD,Q96CW1,C,True
Vascular_cell,CCDC186-207,CCDC186,0.6078431372549019,0.0677966101694915,4.6578567167392314e-09,2.7257087453511054e-08,True,0.5400465270854105,AD_enriched,0.0272727272727272,True,330.0,31,4,224.2397,26.3854,3.04,Minor,Alternate,new_target_candidate,ENST00000648613,ENSG00000165813,protein_coding,PC_UTR,True,True,CCDC186-203,0,1,False,none,False,0.0,novel,0.0,0.0,0.0,False,0,,Q7Z3E2,N,False
Vascular_cell,CCDC186-203,CCDC186,0.392156862745098,0.9322033898305084,4.6578567167392314e-09,2.7257087453511054e-08,True,-0.5400465270854105,CT_enriched,0.0272727272727272,True,330.0,20,55,233.5084,418.2513,-0.8382,Dominant,Canonical,trial_failure_candidate,ENST00000369287,ENSG00000165813,protein_coding,PC_CDS,True,True,CCDC186-203,0,1,False,none,False,0.0,novel,0.0,0.0,0.0,False,0,,Q7Z3E2,D,False
Vascular_cell,CTNNB1-201,CTNNB1,0.2559726962457337,0.9397590361445785,2.549937089250924e-27,1.6115602404065834e-25,True,-0.6837863398988447,CT_enriched,0.0095238095238095,True,210.0,75,78,345.5175,568.2615,-0.7162,Dominant,Canonical,trial_failure_candidate,ENST00000349496,ENSG00000168036,protein_coding,PC_CDS,True,True,CTNNB1-201,0,1,False,none,False,0.2636,supported,0.3963,0.4325,3.195,False,0,,P35222,D,False
Vascular_cell,transcript45371.chr2.nnic,CYP1B1,0.358695652173913,0.0,6.185551579681812e-19,1.1340226876142479e-17,True,0.358695652173913,AD_enriched,0.0303030303030303,True,462.0,33,0,274.28,0.0,8.1048,Minor,Alternate,new_target_candidate,transcript45371.chr2.nnic,ENSG00000138061,,novel,True,False,CYP1B1-205,0,1,False,none,False,0.2451,supported,0.3682,0.6989,5.905,False,0,,Q16678,D,False
Vascular_cell,DIDO1-202,DIDO1,0.8805970149253731,0.0535714285714285,6.842026734932398e-20,1.5443431773133133e-18,True,0.8270255863539446,AD_enriched,0.0476190476190476,True,84.0,59,3,1429.415,29.6453,5.5446,Minor,Alternate,new_target_candidate,ENST00000354665,ENSG00000101191,protein_coding,PC_CDS,True,True,DIDO1-207,2167,1,False,none,False,0.0074,novel,0.0,0.0608,0.739,True,1,TFIIS central,Q9BTC0,C,True
Vascular_cell,DLC1-203,DLC1,0.4329268292682927,0.045045045045045,6.459622904131792e-19,1.1340226876142479e-17,True,0.3878817842232477,AD_enriched,0.0126540126540126,True,3003.0,71,5,355.8827,57.8209,2.601,Minor,Alternate,new_target_candidate,ENST00000358919,ENSG00000164741,protein_coding,PC_CDS,True,True,DLC1-201,325,1,False,none,False,0.0175,novel,0.0,0.1436,1.367,False,0,,Q9Y238,D,True
Vascular_cell,HSPD1-202,HSPD1,0.5208333333333334,0.90625,7.774170432849102e-05,0.0002047198213983,True,-0.3854166666666666,CT_enriched,0.0317460317460317,True,126.0,25,29,98.6453,219.7434,-1.1475,Dominant,Canonical,trial_failure_candidate,ENST00000388968,ENSG00000144381,protein_coding,PC_CDS,True,True,HSPD1-202,0,1,False,none,False,0.0773,emerging,0.0,0.4155,0.859,False,0,,P10809,D,False
Vascular_cell,PHLDB2-204,PHLDB2,0.0736842105263157,0.4285714285714285,6.590584692065582e-13,6.7181443957829795e-12,True,-0.3548872180451128,CT_enriched,0.0441919191919191,True,792.0,14,18,59.1303,234.3262,-1.9685,Dominant,Canonical,trial_failure_candidate,ENST00000431670,ENSG00000144824,protein_coding,PC_CDS,True,True,PHLDB2-204,0,1,False,none,False,0.0,novel,0.0,0.0,0.0,True,1,PH,Q86SQ0,C,False
Vascular_cell,PRKAR1A-216,PRKAR1A,0.6363636363636364,0.9770114942528736,1.8287124856207807e-06,6.082875215328072e-06,True,-0.3406478578892372,CT_enriched,0.0119047619047619,True,84.0,28,85,385.5683,643.4134,-0.7373,Dominant,Canonical,trial_failure_candidate,ENST00000589228,ENSG00000108946,protein_coding,PC_CDS,True,True,PRKAR1A-216,0,1,False,none,False,0.0018,novel,0.0,0.0122,0.122,False,0,,P10644,D,False
Vascular_cell,SLC6A1-201,SLC6A1,0.0512820512820512,0.8518518518518519,2.8936089034864903e-12,2.7708497378840328e-11,True,-0.8005698005698006,CT_enriched,0.0,True,35.0,2,46,5.0838,506.6277,-6.3827,Dominant,Canonical,trial_failure_candidate,ENST00000287766,ENSG00000157103,protein_coding,PC_CDS,True,True,SLC6A1-201,0,2,True,none,False,0.2778,supported,0.4245,0.3037,3.565,False,0,,P30531,D,False
Vascular_cell,transcript75716.chr20.nic,SLCO4A1,0.3813559322033898,0.0,1.8351998135264878e-35,1.9330771369145665e-33,True,0.3813559322033898,AD_enriched,0.0324675324675324,True,462.0,90,0,1922.5246,0.0,10.9095,Minor,Alternate,new_target_candidate,transcript75716.chr20.nic,ENSG00000101187,,novel,True,False,SLCO4A1-201,1229,1,False,none,False,0.021,novel,0.0,0.1645,1.777,True,1,Kazal-like,Q96BD0,C,True
Vascular_cell,SOD2-206,SOD2,0.6842105263157895,0.127906976744186,3.465099841996339e-12,3.128490143059551e-11,True,0.5563035495716036,AD_enriched,0.0476190476190476,True,210.0,52,11,657.0981,131.5328,2.312,Minor,Alternate,new_target_candidate,ENST00000452684,ENSG00000291237,protein_coding,PC_CDS,True,False,SOD2-210,500,2,True,none,False,0.1232,emerging,0.0,0.8608,1.329,False,0,,P04179,D,True
Vascular_cell,SOD2-210,SOD2,0.3157894736842105,0.8604651162790697,3.465099841996339e-12,3.128490143059551e-11,True,-0.5446756425948592,CT_enriched,0.0476190476190476,True,210.0,24,74,211.058,726.448,-1.7784,Dominant,Canonical,trial_failure_candidate,ENST00000538183,ENSG00000291237,protein_coding,PC_CDS,True,True,SOD2-210,0,2,True,none,False,0.1232,emerging,0.0,0.8608,1.329,False,0,,P04179,D,False
Vascular_cell,TGM2-201,TGM2,0.2941176470588235,0.8780487804878049,3.0921701557822585e-08,1.4804935897381724e-07,True,-0.5839311334289814,CT_enriched,0.0391608391608391,True,715.0,25,36,142.8721,297.058,-1.0508,Dominant,Canonical,trial_failure_candidate,ENST00000361475,ENSG00000198959,protein_coding,PC_CDS,True,True,TGM2-201,0,1,False,none,False,0.2303,supported,0.0,0.819,2.564,False,0,,P21980,D,False
Vascular_cell,ZNF462-201,ZNF462,0.6071428571428571,1.0,2.686577377312773e-06,8.489584512308363e-06,True,-0.3928571428571429,CT_enriched,0.0285714285714285,True,35.0,34,52,108.4937,316.0537,-1.5339,Dominant,Canonical,trial_failure_candidate,ENST00000277225,ENSG00000148143,protein_coding,PC_CDS,True,True,ZNF462-201,0,1,False,none,False,0.3479,supported,0.0,0.0,2.777,False,0,,Q96JM2,D,False
Vascular_cell,ZNF462-204,ZNF462,0.3392857142857143,0.0,2.686577377312773e-06,8.489584512308363e-06,True,0.3392857142857143,AD_enriched,0.0285714285714285,True,35.0,19,0,59.7668,0.0,5.9252,Minor,Alternate,new_target_candidate,ENST00000441147,ENSG00000148143,protein_coding,PC_CDS,True,True,ZNF462-201,3428,1,False,none,False,0.3479,supported,0.0,0.0,2.777,False,0,,Q96JM2,D,True
