transcript_name,gene_name,cell_type,isoform_role,usage_direction,tx_role_mane
ACAD9-201,ACAD9,Astrocyte,Dominant,CT_enriched,Canonical
ACSF3-218,ACSF3,Astrocyte,Dominant,CT_enriched,Canonical
ACSF3-203,ACSF3,Astrocyte,Minor,AD_enriched,Alternate
ADAM15-201,ADAM15,Astrocyte,Minor,CT_enriched,Alternate
ADAR-227,ADAR,Astrocyte,Minor,CT_enriched,Alternate
ADGRA3-203,ADGRA3,Astrocyte,Minor,AD_enriched,Alternate
ADGRA3-202,ADGRA3,Astrocyte,Dominant,CT_enriched,Canonical
AFDN-205,AFDN,Astrocyte,Minor,CT_enriched,Alternate
AKAP8L-239,AKAP8L,Astrocyte,Dominant,CT_enriched,Alternate
ALDH3A2-201,ALDH3A2,Astrocyte,Dominant,CT_enriched,Canonical
ALDH3A2-202,ALDH3A2,Astrocyte,Minor,AD_enriched,Alternate
AMT-212,AMT,Astrocyte,Minor,CT_enriched,Alternate
ANAPC5-201,ANAPC5,Astrocyte,Dominant,CT_enriched,Canonical
ANKRD44-204,ANKRD44,Astrocyte,Minor,AD_enriched,Alternate
ANKRD44-201,ANKRD44,Astrocyte,Dominant,CT_enriched,Canonical
ANXA11-203,ANXA11,Astrocyte,Dominant,CT_enriched,Canonical
ANXA11-202,ANXA11,Astrocyte,Minor,AD_enriched,Alternate
transcript88841.chr2.nic,APLF,Astrocyte,Dominant,CT_enriched,Alternate
ARHGAP29-201,ARHGAP29,Astrocyte,Dominant,CT_enriched,Canonical
ARHGAP29-202,ARHGAP29,Astrocyte,Minor,AD_enriched,Alternate
ARHGEF10L-203,ARHGEF10L,Astrocyte,Minor,AD_enriched,Alternate
ARHGEF26-202,ARHGEF26,Astrocyte,Minor,AD_enriched,Canonical
ARHGEF26-204,ARHGEF26,Astrocyte,Dominant,CT_enriched,Alternate
ARID1B-226,ARID1B,Astrocyte,Minor,AD_enriched,Alternate
ARID4A-202,ARID4A,Astrocyte,Dominant,CT_enriched,Canonical
ARID4B-208,ARID4B,Astrocyte,Dominant,CT_enriched,Alternate
ARID4B-202,ARID4B,Astrocyte,Minor,AD_enriched,Alternate
ASB3-202,ASB3,Astrocyte,Minor,CT_enriched,Alternate
transcript141883.chr17.nic,ASPSCR1,Astrocyte,Dominant,CT_enriched,Alternate
ATF6-210,ATF6,Astrocyte,Minor,AD_enriched,Alternate
ATF6-201,ATF6,Astrocyte,Dominant,CT_enriched,Canonical
ATOSA-216,ATOSA,Astrocyte,Dominant,CT_enriched,Canonical
ATP6V0B-203,ATP6V0B,Astrocyte,Dominant,CT_enriched,Alternate
ATP9B-201,ATP9B,Astrocyte,Dominant,CT_enriched,Alternate
BBS2-211,BBS2,Astrocyte,Minor,CT_enriched,Alternate
BIRC6-201,BIRC6,Astrocyte,Dominant,CT_enriched,Canonical
BLTP1-219,BLTP1,Astrocyte,Dominant,CT_enriched,Alternate
BRAF-204,BRAF,Astrocyte,Dominant,CT_enriched,Alternate
BTBD8-205,BTBD8,Astrocyte,Minor,AD_enriched,Canonical
CCAR1-201,CCAR1,Astrocyte,Dominant,CT_enriched,Canonical
CCDC82-206,CCDC82,Astrocyte,Dominant,CT_enriched,Alternate
CCDC88A-247,CCDC88A,Astrocyte,Dominant,CT_enriched,Alternate
CELF2-209,CELF2,Astrocyte,Minor,AD_enriched,Alternate
CELF2-204,CELF2,Astrocyte,Dominant,CT_enriched,Alternate
CEP68-219,CEP68,Astrocyte,Dominant,CT_enriched,Alternate
CLASP2-207,CLASP2,Astrocyte,Minor,AD_enriched,Alternate
CLASP2-205,CLASP2,Astrocyte,Dominant,CT_enriched,Alternate
CLINT1-201,CLINT1,Astrocyte,Dominant,CT_enriched,Canonical
COG4-201,COG4,Astrocyte,Dominant,CT_enriched,Canonical
COG4-222,COG4,Astrocyte,Minor,AD_enriched,Alternate
COL9A1-201,COL9A1,Astrocyte,Dominant,CT_enriched,Alternate
COPS7A-202,COPS7A,Astrocyte,Dominant,CT_enriched,Alternate
CPT2-201,CPT2,Astrocyte,Dominant,AD_enriched,Canonical
CPT2-207,CPT2,Astrocyte,Minor,CT_enriched,Alternate
CRAT-201,CRAT,Astrocyte,Dominant,CT_enriched,Canonical
CREBZF-204,CREBZF,Astrocyte,Dominant,CT_enriched,Canonical
CRELD1-259,CRELD1,Astrocyte,Dominant,CT_enriched,Alternate
CRELD1-207,CRELD1,Astrocyte,Minor,AD_enriched,Alternate
CSDE1-202,CSDE1,Astrocyte,Dominant,CT_enriched,Alternate
CSDE1-224,CSDE1,Astrocyte,Minor,AD_enriched,Alternate
CSNK1A1-202,CSNK1A1,Astrocyte,Minor,AD_enriched,Canonical
CSNK1A1-207,CSNK1A1,Astrocyte,Dominant,CT_enriched,Alternate
CSNK2A1-226,CSNK2A1,Astrocyte,Minor,AD_enriched,Alternate
CTNNB1-202,CTNNB1,Astrocyte,Dominant,CT_enriched,Alternate
CTSB-240,CTSB,Astrocyte,Dominant,CT_enriched,Alternate
CUL4B-202,CUL4B,Astrocyte,Minor,AD_enriched,Canonical
CYP4V2-201,CYP4V2,Astrocyte,Dominant,CT_enriched,Canonical
transcript134055.chr17.nic,CYTH1,Astrocyte,Minor,CT_enriched,Alternate
DCLRE1C-222,DCLRE1C,Astrocyte,Minor,CT_enriched,Alternate
DDX19A-209,DDX19A,Astrocyte,Minor,AD_enriched,Alternate
DDX19A-201,DDX19A,Astrocyte,Dominant,CT_enriched,Canonical
DDX3X-239,DDX3X,Astrocyte,Dominant,CT_enriched,Alternate
DICER1-201,DICER1,Astrocyte,Dominant,CT_enriched,Canonical
DKC1-201,DKC1,Astrocyte,Dominant,CT_enriched,Canonical
DPH2-201,DPH2,Astrocyte,Minor,AD_enriched,Canonical
DPH2-209,DPH2,Astrocyte,Dominant,CT_enriched,Alternate
transcript90257.chr19.nnic,DPY19L3,Astrocyte,Minor,AD_enriched,Alternate
EFCAB14-203,EFCAB14,Astrocyte,Dominant,CT_enriched,Alternate
EHBP1-209,EHBP1,Astrocyte,Dominant,CT_enriched,Canonical
EIF2B5-226,EIF2B5,Astrocyte,Dominant,CT_enriched,Canonical
EMSY-201,EMSY,Astrocyte,Dominant,CT_enriched,Alternate
ENO2-211,ENO2,Astrocyte,Dominant,CT_enriched,Alternate
ENO2-201,ENO2,Astrocyte,Minor,AD_enriched,Canonical
EPM2A-DT-216,EPM2A-DT,Astrocyte,Dominant,CT_enriched,no_MANE_coverage
ERCC6L2-211,ERCC6L2,Astrocyte,Dominant,CT_enriched,Alternate
transcript154759.chr4.nic,ETNPPL,Astrocyte,Minor,CT_enriched,Alternate
EXOC4-205,EXOC4,Astrocyte,Minor,AD_enriched,Alternate
EXOC4-201,EXOC4,Astrocyte,Dominant,CT_enriched,Canonical
EZR-201,EZR,Astrocyte,Minor,AD_enriched,Alternate
FAM234A-203,FAM234A,Astrocyte,Dominant,CT_enriched,Canonical
FAS-225,FAS,Astrocyte,Minor,AD_enriched,Alternate
FBXO3-208,FBXO3,Astrocyte,Minor,CT_enriched,Alternate
FKBP15-203,FKBP15,Astrocyte,Dominant,CT_enriched,Alternate
FXR1-203,FXR1,Astrocyte,Minor,AD_enriched,Alternate
FXR1-223,FXR1,Astrocyte,Dominant,CT_enriched,Alternate
G3BP1-237,G3BP1,Astrocyte,Minor,AD_enriched,Alternate
GAA-202,GAA,Astrocyte,Dominant,CT_enriched,Alternate
GABRA2-202,GABRA2,Astrocyte,Dominant,CT_enriched,Canonical
GASK1A-213,GASK1A,Astrocyte,Minor,AD_enriched,Alternate
GDAP1-201,GDAP1,Astrocyte,Dominant,CT_enriched,Canonical
GDAP1-233,GDAP1,Astrocyte,Minor,AD_enriched,Alternate
transcript1348.chr17.nic,GLOD4,Astrocyte,Dominant,CT_enriched,Alternate
GMDS-DT-220,GMDS-DT,Astrocyte,Dominant,CT_enriched,no_MANE_coverage
GON4L-203,GON4L,Astrocyte,Minor,CT_enriched,Canonical
GORASP1-201,GORASP1,Astrocyte,Dominant,CT_enriched,Canonical
GTF3C1-201,GTF3C1,Astrocyte,Dominant,AD_enriched,Canonical
HARS1-218,HARS1,Astrocyte,Dominant,CT_enriched,Alternate
HAUS5-206,HAUS5,Astrocyte,Minor,AD_enriched,Alternate
HCFC2-201,HCFC2,Astrocyte,Dominant,CT_enriched,Canonical
HDAC6-206,HDAC6,Astrocyte,Minor,CT_enriched,Alternate
HDAC6-268,HDAC6,Astrocyte,Dominant,CT_enriched,Alternate
HERPUD1-201,HERPUD1,Astrocyte,Dominant,CT_enriched,Alternate
HERPUD1-204,HERPUD1,Astrocyte,Minor,AD_enriched,Canonical
HGF-209,HGF,Astrocyte,Dominant,CT_enriched,Alternate
HNRNPA1-237,HNRNPA1,Astrocyte,Dominant,CT_enriched,Alternate
HNRNPM-202,HNRNPM,Astrocyte,Minor,AD_enriched,Alternate
HPS1-257,HPS1,Astrocyte,Minor,AD_enriched,Alternate
HSP90B1-201,HSP90B1,Astrocyte,Dominant,CT_enriched,Canonical
HSPD1-221,HSPD1,Astrocyte,Minor,AD_enriched,Alternate
IFNAR1-201,IFNAR1,Astrocyte,Dominant,CT_enriched,Canonical
ILF3-216,ILF3,Astrocyte,Minor,CT_enriched,Alternate
INTU-201,INTU,Astrocyte,Dominant,CT_enriched,Canonical
JAKMIP3-205,JAKMIP3,Astrocyte,Minor,AD_enriched,Alternate
KANSL1-221,KANSL1,Astrocyte,Dominant,CT_enriched,Alternate
KIAA1191-202,KIAA1191,Astrocyte,Minor,AD_enriched,Alternate
transcript17860.chr22.nnic,KIAA1671,Astrocyte,Minor,AD_enriched,Alternate
transcript49941.chr20.nnic,KIAA1755,Astrocyte,Dominant,CT_enriched,Alternate
KIDINS220-218,KIDINS220,Astrocyte,Dominant,CT_enriched,Alternate
KLHL24-205,KLHL24,Astrocyte,Minor,CT_enriched,Alternate
KLHL24-201,KLHL24,Astrocyte,Dominant,AD_enriched,Canonical
KMT2C-234,KMT2C,Astrocyte,Minor,CT_enriched,Alternate
KMT2C-222,KMT2C,Astrocyte,Dominant,CT_enriched,Alternate
KNDC1-201,KNDC1,Astrocyte,Minor,AD_enriched,Canonical
KNDC1-223,KNDC1,Astrocyte,Dominant,CT_enriched,Alternate
LINC01094-218,LINC01094,Astrocyte,Dominant,CT_enriched,no_MANE_coverage
LMNA-242,LMNA,Astrocyte,Minor,AD_enriched,Alternate
LPIN1-209,LPIN1,Astrocyte,Dominant,CT_enriched,Alternate
LRSAM1-202,LRSAM1,Astrocyte,Minor,AD_enriched,Alternate
MACROH2A1-202,MACROH2A1,Astrocyte,Dominant,CT_enriched,Alternate
MAGED1-204,MAGED1,Astrocyte,Minor,CT_enriched,Alternate
MAPK8IP3-216,MAPK8IP3,Astrocyte,Minor,AD_enriched,Canonical
MAPK8IP3-207,MAPK8IP3,Astrocyte,Dominant,CT_enriched,Alternate
MBIP-203,MBIP,Astrocyte,Minor,AD_enriched,Canonical
MED16-203,MED16,Astrocyte,Minor,AD_enriched,Alternate
MED16-202,MED16,Astrocyte,Dominant,CT_enriched,Canonical
MEF2C-217,MEF2C,Astrocyte,Dominant,CT_enriched,Alternate
MEG3-228,MEG3,Astrocyte,Minor,CT_enriched,Alternate
MROH1-207,MROH1,Astrocyte,Minor,AD_enriched,Alternate
MROH1-208,MROH1,Astrocyte,Dominant,CT_enriched,Alternate
MYH10-214,MYH10,Astrocyte,Minor,AD_enriched,Alternate
MYLK-224,MYLK,Astrocyte,Dominant,CT_enriched,Alternate
MYLK-242,MYLK,Astrocyte,Minor,AD_enriched,Alternate
MYO5A-234,MYO5A,Astrocyte,Minor,CT_enriched,Alternate
NAMPT-216,NAMPT,Astrocyte,Dominant,CT_enriched,Alternate
NAPB-201,NAPB,Astrocyte,Dominant,CT_enriched,Canonical
NAPB-202,NAPB,Astrocyte,Minor,AD_enriched,Alternate
transcript106850.chr13.nnic,NAXD,Astrocyte,Minor,AD_enriched,Alternate
NECAP1-202,NECAP1,Astrocyte,Minor,AD_enriched,Alternate
NELL2-203,NELL2,Astrocyte,Minor,AD_enriched,Canonical
NINL-201,NINL,Astrocyte,Minor,AD_enriched,Canonical
NINL-213,NINL,Astrocyte,Dominant,CT_enriched,Alternate
NOTCH2NLA-208,NOTCH2NLA,Astrocyte,Minor,CT_enriched,Alternate
NRBP1-203,NRBP1,Astrocyte,Minor,CT_enriched,Canonical
NSD1-224,NSD1,Astrocyte,Dominant,CT_enriched,Alternate
ODR4-201,ODR4,Astrocyte,Dominant,AD_enriched,Canonical
OGT-215,OGT,Astrocyte,Minor,AD_enriched,Alternate
P4HTM-205,P4HTM,Astrocyte,Dominant,CT_enriched,Alternate
P4HTM-202,P4HTM,Astrocyte,Minor,AD_enriched,Canonical
PADI2-202,PADI2,Astrocyte,Dominant,CT_enriched,Canonical
PAN2-203,PAN2,Astrocyte,Dominant,CT_enriched,Canonical
PCDH9-204,PCDH9,Astrocyte,Dominant,CT_enriched,Alternate
PCDH9-201,PCDH9,Astrocyte,Minor,AD_enriched,Alternate
PCM1-217,PCM1,Astrocyte,Dominant,CT_enriched,Alternate
transcript141239.chr8.nnic,PDP1,Astrocyte,Minor,CT_enriched,Alternate
PDP1-201,PDP1,Astrocyte,Dominant,AD_enriched,Canonical
PIGQ-203,PIGQ,Astrocyte,Minor,AD_enriched,Canonical
PIGQ-201,PIGQ,Astrocyte,Dominant,CT_enriched,Alternate
PISD-202,PISD,Astrocyte,Minor,CT_enriched,Alternate
PLA2G4C-201,PLA2G4C,Astrocyte,Minor,AD_enriched,Alternate
PLA2G4C-222,PLA2G4C,Astrocyte,Dominant,CT_enriched,Canonical
PLEC-201,PLEC,Astrocyte,Dominant,CT_enriched,Alternate
transcript81375.chr8.nnic,PLPP5,Astrocyte,Dominant,AD_enriched,Alternate
PMPCB-201,PMPCB,Astrocyte,Dominant,CT_enriched,Canonical
POGZ-212,POGZ,Astrocyte,Dominant,CT_enriched,Alternate
POLA1-213,POLA1,Astrocyte,Dominant,CT_enriched,Alternate
PPP1R12B-204,PPP1R12B,Astrocyte,Dominant,CT_enriched,Alternate
PRPF38B-203,PRPF38B,Astrocyte,Dominant,CT_enriched,Canonical
PRPF40A-215,PRPF40A,Astrocyte,Dominant,CT_enriched,Alternate
PTAR1-202,PTAR1,Astrocyte,Minor,CT_enriched,Alternate
PTAR1-201,PTAR1,Astrocyte,Dominant,AD_enriched,Canonical
PTPRS-205,PTPRS,Astrocyte,Dominant,CT_enriched,Alternate
PUF60-202,PUF60,Astrocyte,Minor,AD_enriched,Alternate
transcript41732.chr17.nic,RAB34,Astrocyte,Dominant,CT_enriched,Alternate
RANBP2-201,RANBP2,Astrocyte,Dominant,CT_enriched,Canonical
RANGAP1-201,RANGAP1,Astrocyte,Minor,AD_enriched,Canonical
RBL2-201,RBL2,Astrocyte,Dominant,CT_enriched,Canonical
RBL2-209,RBL2,Astrocyte,Minor,AD_enriched,Alternate
RBM25-201,RBM25,Astrocyte,Dominant,CT_enriched,Canonical
RBM25-212,RBM25,Astrocyte,Minor,AD_enriched,Alternate
RFX3-212,RFX3,Astrocyte,Dominant,CT_enriched,Canonical
transcript151070.chr12.nic,RFX4,Astrocyte,Dominant,CT_enriched,Alternate
transcript151198.chr12.nic,RFX4,Astrocyte,Minor,AD_enriched,Alternate
RGS3-231,RGS3,Astrocyte,Dominant,CT_enriched,Canonical
RIC8A-203,RIC8A,Astrocyte,Dominant,AD_enriched,Canonical
RIC8A-201,RIC8A,Astrocyte,Minor,CT_enriched,Alternate
RNASEH2C-205,RNASEH2C,Astrocyte,Minor,AD_enriched,Alternate
RNF6-203,RNF6,Astrocyte,Minor,AD_enriched,Canonical
RNF6-201,RNF6,Astrocyte,Dominant,CT_enriched,Alternate
RNPS1-203,RNPS1,Astrocyte,Dominant,CT_enriched,Alternate
RORA-207,RORA,Astrocyte,Minor,CT_enriched,Alternate
RSPRY1-202,RSPRY1,Astrocyte,Minor,AD_enriched,Alternate
RSPRY1-201,RSPRY1,Astrocyte,Dominant,CT_enriched,Canonical
SATB1-201,SATB1,Astrocyte,Minor,AD_enriched,Canonical
SCAPER-207,SCAPER,Astrocyte,Dominant,CT_enriched,Canonical
SEC14L2-214,SEC14L2,Astrocyte,Dominant,CT_enriched,Canonical
SERPINB6-211,SERPINB6,Astrocyte,Dominant,CT_enriched,Alternate
SHOC2-214,SHOC2,Astrocyte,Minor,AD_enriched,Alternate
SLC14A1-203,SLC14A1,Astrocyte,Minor,CT_enriched,Alternate
SLC14A1-201,SLC14A1,Astrocyte,Dominant,AD_enriched,Canonical
transcript46624.chr21.nic,SLC19A1,Astrocyte,Dominant,CT_enriched,Alternate
transcript236530.chr1.nic,SLC27A3,Astrocyte,Dominant,CT_enriched,Alternate
SLC2A1-208,SLC2A1,Astrocyte,Minor,CT_enriched,Alternate
SLC2A11-220,SLC2A11,Astrocyte,Minor,AD_enriched,Alternate
SNX14-235,SNX14,Astrocyte,Minor,CT_enriched,Alternate
SPATA20-205,SPATA20,Astrocyte,Dominant,CT_enriched,Alternate
SPECC1L-201,SPECC1L,Astrocyte,Dominant,AD_enriched,Canonical
SPG7-268,SPG7,Astrocyte,Dominant,CT_enriched,Canonical
SPG7-223,SPG7,Astrocyte,Minor,AD_enriched,Alternate
SPG7-250,SPG7,Astrocyte,Minor,AD_enriched,Alternate
SPTAN1-206,SPTAN1,Astrocyte,Minor,AD_enriched,Alternate
SPTAN1-210,SPTAN1,Astrocyte,Dominant,CT_enriched,Alternate
SRRM2-225,SRRM2,Astrocyte,Dominant,CT_enriched,Alternate
SRSF10-214,SRSF10,Astrocyte,Dominant,CT_enriched,Canonical
ST3GAL1-206,ST3GAL1,Astrocyte,Minor,AD_enriched,Alternate
ST3GAL1-210,ST3GAL1,Astrocyte,Dominant,CT_enriched,Canonical
ST3GAL5-222,ST3GAL5,Astrocyte,Dominant,CT_enriched,Canonical
STAT3-201,STAT3,Astrocyte,Dominant,CT_enriched,Canonical
STMN1-207,STMN1,Astrocyte,Minor,CT_enriched,Alternate
STX16-206,STX16,Astrocyte,Minor,AD_enriched,Canonical
STXBP5-211,STXBP5,Astrocyte,Minor,AD_enriched,Alternate
SYT1-201,SYT1,Astrocyte,Dominant,CT_enriched,Canonical
SYT1-202,SYT1,Astrocyte,Minor,AD_enriched,Alternate
TAF1-219,TAF1,Astrocyte,Dominant,CT_enriched,Alternate
TKT-207,TKT,Astrocyte,Dominant,AD_enriched,Canonical
TNKS1BP1-202,TNKS1BP1,Astrocyte,Minor,AD_enriched,Alternate
TNKS1BP1-201,TNKS1BP1,Astrocyte,Dominant,CT_enriched,Canonical
TNPO1-204,TNPO1,Astrocyte,Minor,CT_enriched,Alternate
TNPO2-203,TNPO2,Astrocyte,Minor,AD_enriched,Alternate
TNPO2-218,TNPO2,Astrocyte,Dominant,CT_enriched,Alternate
transcript166032.chr8.nic,TRPS1,Astrocyte,Dominant,AD_enriched,Alternate
TSC1-226,TSC1,Astrocyte,Dominant,CT_enriched,Alternate
TUT7-206,TUT7,Astrocyte,Dominant,CT_enriched,Canonical
TUT7-201,TUT7,Astrocyte,Minor,AD_enriched,Alternate
UBE3A-227,UBE3A,Astrocyte,Dominant,CT_enriched,Alternate
UBR2-202,UBR2,Astrocyte,Dominant,AD_enriched,Canonical
UBR2-201,UBR2,Astrocyte,Minor,CT_enriched,Alternate
UBR4-204,UBR4,Astrocyte,Dominant,AD_enriched,Canonical
UGP2-202,UGP2,Astrocyte,Dominant,CT_enriched,Alternate
USP47-202,USP47,Astrocyte,Dominant,CT_enriched,Alternate
VEZT-213,VEZT,Astrocyte,Minor,CT_enriched,Alternate
VEZT-233,VEZT,Astrocyte,Minor,CT_enriched,Alternate
VPS13C-201,VPS13C,Astrocyte,Minor,AD_enriched,Alternate
VPS45-245,VPS45,Astrocyte,Minor,AD_enriched,Alternate
ZBTB20-201,ZBTB20,Astrocyte,Minor,CT_enriched,Alternate
ZDHHC3-205,ZDHHC3,Astrocyte,Dominant,CT_enriched,Canonical
ZDHHC3-202,ZDHHC3,Astrocyte,Minor,AD_enriched,Alternate
ZEB1-201,ZEB1,Astrocyte,Minor,AD_enriched,Alternate
ZGPAT-202,ZGPAT,Astrocyte,Minor,AD_enriched,Canonical
ZGPAT-209,ZGPAT,Astrocyte,Dominant,CT_enriched,Alternate
ZNF106-202,ZNF106,Astrocyte,Dominant,CT_enriched,Canonical
ZNF106-201,ZNF106,Astrocyte,Minor,AD_enriched,Alternate
ZNF274-206,ZNF274,Astrocyte,Minor,AD_enriched,Alternate
ZNF274-212,ZNF274,Astrocyte,Dominant,CT_enriched,Canonical
ZNF397-209,ZNF397,Astrocyte,Minor,AD_enriched,Alternate
ZNF397-202,ZNF397,Astrocyte,Dominant,CT_enriched,Canonical
ZNF514-208,ZNF514,Astrocyte,Dominant,CT_enriched,Alternate
ZNF587-201,ZNF587,Astrocyte,Dominant,CT_enriched,Canonical
ZNF706-209,ZNF706,Astrocyte,Minor,AD_enriched,Alternate
ZNF706-201,ZNF706,Astrocyte,Dominant,CT_enriched,Canonical
ZRANB2-204,ZRANB2,Astrocyte,Minor,AD_enriched,Alternate
ZSCAN12-202,ZSCAN12,Astrocyte,Dominant,CT_enriched,Alternate
ZSCAN12-203,ZSCAN12,Astrocyte,Minor,AD_enriched,Canonical
ABCA8-208,ABCA8,Excitatory_neuron,Dominant,CT_enriched,Canonical
ACADVL-203,ACADVL,Excitatory_neuron,Dominant,AD_enriched,Canonical
ACADVL-206,ACADVL,Excitatory_neuron,Minor,CT_enriched,Alternate
ACAP3-212,ACAP3,Excitatory_neuron,Minor,AD_enriched,Alternate
ACIN1-205,ACIN1,Excitatory_neuron,Dominant,AD_enriched,Alternate
ACIN1-213,ACIN1,Excitatory_neuron,Minor,CT_enriched,Alternate
transcript59248.chr20.nnic,ACOT8,Excitatory_neuron,Minor,AD_enriched,Alternate
ACTR10-201,ACTR10,Excitatory_neuron,Dominant,CT_enriched,Canonical
ACVR2B-201,ACVR2B,Excitatory_neuron,Minor,CT_enriched,Canonical
transcript17744.chr19.nnic,ADAMTS10,Excitatory_neuron,Minor,AD_enriched,Alternate
transcript222311.chr9.nnic,ADAMTS13,Excitatory_neuron,Dominant,AD_enriched,Alternate
ADGRV1-232,ADGRV1,Excitatory_neuron,Dominant,CT_enriched,Alternate
ADNP-204,ADNP,Excitatory_neuron,Minor,CT_enriched,Alternate
AGBL5-209,AGBL5,Excitatory_neuron,Minor,CT_enriched,Alternate
AMD1-209,AMD1,Excitatory_neuron,Dominant,CT_enriched,Alternate
transcript130800.chrX.nnic,AMOT,Excitatory_neuron,Minor,AD_enriched,Alternate
AMOT-203,AMOT,Excitatory_neuron,Dominant,CT_enriched,Canonical
AMZ1-201,AMZ1,Excitatory_neuron,Dominant,CT_enriched,Alternate
AMZ1-207,AMZ1,Excitatory_neuron,Minor,AD_enriched,Canonical
ANKRD13A-201,ANKRD13A,Excitatory_neuron,Minor,CT_enriched,Canonical
ANKRD13A-210,ANKRD13A,Excitatory_neuron,Dominant,AD_enriched,Alternate
transcript100227.chr11.nnic,ANKRD13D,Excitatory_neuron,Dominant,CT_enriched,Alternate
ANKRD6-211,ANKRD6,Excitatory_neuron,Minor,AD_enriched,Alternate
ANO5-208,ANO5,Excitatory_neuron,Minor,AD_enriched,Alternate
AP5S1-203,AP5S1,Excitatory_neuron,Minor,CT_enriched,Alternate
ARHGAP29-201,ARHGAP29,Excitatory_neuron,Dominant,CT_enriched,Canonical
ARL17B-203,ARL17B,Excitatory_neuron,Minor,AD_enriched,Alternate
ARMC8-213,ARMC8,Excitatory_neuron,Minor,AD_enriched,Alternate
ARPP21-236,ARPP21,Excitatory_neuron,Dominant,AD_enriched,Canonical
ASB8-205,ASB8,Excitatory_neuron,Dominant,CT_enriched,Alternate
ASB8-201,ASB8,Excitatory_neuron,Minor,AD_enriched,Canonical
transcript274052.chr1.nic,ASTN1,Excitatory_neuron,Dominant,CT_enriched,Alternate
transcript192179.chr9.nic,ASTN2,Excitatory_neuron,Dominant,CT_enriched,Alternate
ASTN2-202,ASTN2,Excitatory_neuron,Minor,AD_enriched,Canonical
ATF4-203,ATF4,Excitatory_neuron,Minor,AD_enriched,Alternate
ATF4-201,ATF4,Excitatory_neuron,Dominant,CT_enriched,Alternate
transcript399236.chr2.nnic,ATG16L1,Excitatory_neuron,Dominant,CT_enriched,Alternate
ATP13A3-215,ATP13A3,Excitatory_neuron,Dominant,CT_enriched,Alternate
transcript18595.chr3.nic,ATP2B2,Excitatory_neuron,Minor,CT_enriched,Alternate
ATP2B3-208,ATP2B3,Excitatory_neuron,Minor,CT_enriched,Alternate
ATP5F1C-202,ATP5F1C,Excitatory_neuron,Dominant,CT_enriched,Canonical
ATXN7L2-207,ATXN7L2,Excitatory_neuron,Minor,AD_enriched,Canonical
transcript196875.chr3.nic,B4GALT4,Excitatory_neuron,Dominant,CT_enriched,Alternate
BBS1-210,BBS1,Excitatory_neuron,Minor,CT_enriched,Alternate
BBS1-201,BBS1,Excitatory_neuron,Dominant,AD_enriched,Canonical
BCL11A-219,BCL11A,Excitatory_neuron,Dominant,CT_enriched,Alternate
transcript171802.chr3.nic,BOC,Excitatory_neuron,Dominant,CT_enriched,Alternate
BPTF-215,BPTF,Excitatory_neuron,Dominant,CT_enriched,Alternate
BRD9-213,BRD9,Excitatory_neuron,Minor,AD_enriched,Alternate
BROX-201,BROX,Excitatory_neuron,Dominant,CT_enriched,Canonical
BRPF1-221,BRPF1,Excitatory_neuron,Dominant,CT_enriched,Alternate
BRSK2-207,BRSK2,Excitatory_neuron,Minor,AD_enriched,Alternate
transcript4128.chr11.nic,BRSK2,Excitatory_neuron,Dominant,CT_enriched,Alternate
BTBD7-202,BTBD7,Excitatory_neuron,Minor,AD_enriched,Canonical
C1S-201,C1S,Excitatory_neuron,Dominant,CT_enriched,Alternate
C1orf131-206,C1orf131,Excitatory_neuron,Dominant,AD_enriched,Alternate
C1orf131-203,C1orf131,Excitatory_neuron,Minor,CT_enriched,Alternate
C2CD5-218,C2CD5,Excitatory_neuron,Dominant,CT_enriched,Alternate
transcript89853.chr2.nic,C2orf42,Excitatory_neuron,Minor,AD_enriched,Alternate
transcript89854.chr2.nic,C2orf42,Excitatory_neuron,Dominant,CT_enriched,Alternate
CADM1-204,CADM1,Excitatory_neuron,Dominant,AD_enriched,Alternate
CAMK1G-202,CAMK1G,Excitatory_neuron,Dominant,AD_enriched,Canonical
transcript409071.chr2.nic,CAPN10,Excitatory_neuron,Minor,CT_enriched,Alternate
transcript29851.chr6.nnic,CARMIL1,Excitatory_neuron,Minor,CT_enriched,Alternate
CARMIL1-201,CARMIL1,Excitatory_neuron,Dominant,AD_enriched,Canonical
CASP3-206,CASP3,Excitatory_neuron,Dominant,AD_enriched,Alternate
CAV1-202,CAV1,Excitatory_neuron,Minor,AD_enriched,Alternate
CCDC107-202,CCDC107,Excitatory_neuron,Minor,AD_enriched,Alternate
CCDC138-208,CCDC138,Excitatory_neuron,Dominant,AD_enriched,Alternate
transcript213419.chr3.nic,CCDC14,Excitatory_neuron,Minor,AD_enriched,Alternate
transcript69178.chr4.nic,CCDC149,Excitatory_neuron,Minor,CT_enriched,Alternate
CCNB1IP1-201,CCNB1IP1,Excitatory_neuron,Minor,CT_enriched,Alternate
CCNB1IP1-202,CCNB1IP1,Excitatory_neuron,Dominant,AD_enriched,Canonical
CDC42BPA-204,CDC42BPA,Excitatory_neuron,Minor,AD_enriched,Alternate
CDH7-202,CDH7,Excitatory_neuron,Dominant,AD_enriched,Canonical
CDK11B-204,CDK11B,Excitatory_neuron,Minor,CT_enriched,Alternate
transcript156732.chr9.nic,CDK20,Excitatory_neuron,Minor,CT_enriched,Alternate
transcript152239.chr6.nic,CEP57L1,Excitatory_neuron,Minor,AD_enriched,Alternate
CEP97-201,CEP97,Excitatory_neuron,Dominant,CT_enriched,Canonical
CEP97-213,CEP97,Excitatory_neuron,Minor,AD_enriched,Alternate
CEROX1-201,CEROX1,Excitatory_neuron,Dominant,CT_enriched,no_MANE_coverage
transcript3776.chr16.nnic,CEROX1,Excitatory_neuron,Minor,AD_enriched,no_MANE_coverage
CFAP44-202,CFAP44,Excitatory_neuron,Dominant,AD_enriched,Canonical
transcript170749.chr3.nic,CFAP44,Excitatory_neuron,Minor,CT_enriched,Alternate
CFAP54-209,CFAP54,Excitatory_neuron,Minor,AD_enriched,Alternate
transcript220719.chr3.nic,CHCHD6,Excitatory_neuron,Dominant,CT_enriched,Alternate
CHCHD7-202,CHCHD7,Excitatory_neuron,Dominant,CT_enriched,Canonical
CHD1-205,CHD1,Excitatory_neuron,Minor,AD_enriched,Alternate
CHD1-211,CHD1,Excitatory_neuron,Dominant,CT_enriched,Canonical
CHFR-205,CHFR,Excitatory_neuron,Minor,AD_enriched,Canonical
CHFR-203,CHFR,Excitatory_neuron,Dominant,CT_enriched,Alternate
CHRNA7-201,CHRNA7,Excitatory_neuron,Minor,AD_enriched,Canonical
transcript238402.chr1.nnic,CHRNB2,Excitatory_neuron,Dominant,CT_enriched,Alternate
CHRNB2-201,CHRNB2,Excitatory_neuron,Minor,AD_enriched,Canonical
CHTOP-203,CHTOP,Excitatory_neuron,Minor,AD_enriched,Alternate
CHTOP-206,CHTOP,Excitatory_neuron,Dominant,CT_enriched,Alternate
CLASP1-202,CLASP1,Excitatory_neuron,Minor,CT_enriched,Alternate
CLCN3-208,CLCN3,Excitatory_neuron,Minor,CT_enriched,Canonical
CLCN3-205,CLCN3,Excitatory_neuron,Dominant,AD_enriched,Alternate
CLINT1-206,CLINT1,Excitatory_neuron,Dominant,CT_enriched,Alternate
CLK3-203,CLK3,Excitatory_neuron,Dominant,CT_enriched,Alternate
CLK4-208,CLK4,Excitatory_neuron,Minor,CT_enriched,Alternate
CLUH-215,CLUH,Excitatory_neuron,Dominant,CT_enriched,Canonical
transcript4788.chr17.nic,CLUH,Excitatory_neuron,Minor,AD_enriched,Alternate
transcript124585.chr16.nnic,CMIP,Excitatory_neuron,Dominant,CT_enriched,Alternate
CNOT4-201,CNOT4,Excitatory_neuron,Dominant,CT_enriched,Alternate
transcript54042.chr8.nnic,CNOT7,Excitatory_neuron,Dominant,CT_enriched,Alternate
CNOT7-201,CNOT7,Excitatory_neuron,Minor,AD_enriched,Canonical
transcript222220.chr7.nnic,CNTNAP2,Excitatory_neuron,Minor,CT_enriched,Alternate
CNTROB-202,CNTROB,Excitatory_neuron,Dominant,CT_enriched,Canonical
transcript311985.chr2.nic,COBLL1,Excitatory_neuron,Dominant,CT_enriched,Alternate
COG5-203,COG5,Excitatory_neuron,Minor,AD_enriched,Alternate
COG5-201,COG5,Excitatory_neuron,Dominant,CT_enriched,Canonical
CPNE4-213,CPNE4,Excitatory_neuron,Minor,AD_enriched,Alternate
transcript290195.chr1.nnic,CRB1,Excitatory_neuron,Minor,AD_enriched,Alternate
CRB1-209,CRB1,Excitatory_neuron,Dominant,CT_enriched,Alternate
CSNK1G1-201,CSNK1G1,Excitatory_neuron,Minor,AD_enriched,Canonical
CSNK1G1-211,CSNK1G1,Excitatory_neuron,Dominant,CT_enriched,Alternate
CTBP1-209,CTBP1,Excitatory_neuron,Minor,AD_enriched,Alternate
CTBP1-203,CTBP1,Excitatory_neuron,Dominant,CT_enriched,Canonical
transcript78832.chr18.nic,CTDP1,Excitatory_neuron,Minor,CT_enriched,Alternate
CTNNA1-243,CTNNA1,Excitatory_neuron,Minor,AD_enriched,Alternate
CTTN-210,CTTN,Excitatory_neuron,Minor,AD_enriched,Alternate
CYB561D2-205,CYB561D2,Excitatory_neuron,Minor,AD_enriched,Canonical
transcript80714.chr3.nic,CYB561D2,Excitatory_neuron,Dominant,CT_enriched,Alternate
CYBC1-214,CYBC1,Excitatory_neuron,Dominant,CT_enriched,Alternate
CYP1B1-205,CYP1B1,Excitatory_neuron,Dominant,CT_enriched,Canonical
transcript45368.chr2.nic,CYP1B1,Excitatory_neuron,Minor,AD_enriched,Alternate
DAAM1-209,DAAM1,Excitatory_neuron,Minor,CT_enriched,Alternate
DCAF11-217,DCAF11,Excitatory_neuron,Minor,AD_enriched,Alternate
DCAF13-207,DCAF13,Excitatory_neuron,Minor,AD_enriched,Alternate
DCAF5-209,DCAF5,Excitatory_neuron,Minor,AD_enriched,Alternate
DCAF5-201,DCAF5,Excitatory_neuron,Dominant,CT_enriched,Canonical
transcript164650.chr6.nnic,DCBLD1,Excitatory_neuron,Minor,AD_enriched,Alternate
DCBLD1-202,DCBLD1,Excitatory_neuron,Dominant,CT_enriched,Canonical
DCHS2-202,DCHS2,Excitatory_neuron,Minor,AD_enriched,Canonical
DCLRE1C-223,DCLRE1C,Excitatory_neuron,Dominant,CT_enriched,Alternate
transcript214326.chr4.nic,DCTD,Excitatory_neuron,Minor,AD_enriched,Alternate
transcript45335.chr9.nnic,DCTN3,Excitatory_neuron,Dominant,CT_enriched,Alternate
DDHD2-201,DDHD2,Excitatory_neuron,Dominant,CT_enriched,Canonical
DDX54-202,DDX54,Excitatory_neuron,Dominant,CT_enriched,Alternate
DDX54-201,DDX54,Excitatory_neuron,Minor,AD_enriched,Canonical
transcript290066.chr1.nic,DENND1B,Excitatory_neuron,Minor,AD_enriched,Alternate
transcript290109.chr1.nic,DENND1B,Excitatory_neuron,Minor,CT_enriched,Alternate
DENND4C-203,DENND4C,Excitatory_neuron,Dominant,CT_enriched,Alternate
DIABLO-215,DIABLO,Excitatory_neuron,Dominant,AD_enriched,Alternate
DIMT1-203,DIMT1,Excitatory_neuron,Dominant,CT_enriched,Alternate
DIMT1-201,DIMT1,Excitatory_neuron,Minor,AD_enriched,Canonical
DIS3L-211,DIS3L,Excitatory_neuron,Minor,AD_enriched,Alternate
DIS3L-202,DIS3L,Excitatory_neuron,Dominant,CT_enriched,Canonical
DISP2-201,DISP2,Excitatory_neuron,Dominant,CT_enriched,Canonical
DLAT-201,DLAT,Excitatory_neuron,Dominant,AD_enriched,Canonical
DMPK-223,DMPK,Excitatory_neuron,Minor,AD_enriched,Alternate
DMXL2-201,DMXL2,Excitatory_neuron,Dominant,CT_enriched,Alternate
transcript69536.chr18.nnic,DOK6,Excitatory_neuron,Minor,AD_enriched,Alternate
transcript69573.chr18.nic,DOK6,Excitatory_neuron,Dominant,CT_enriched,Alternate
DPY19L3-209,DPY19L3,Excitatory_neuron,Dominant,CT_enriched,Alternate
transcript90266.chr19.nic,DPY19L3,Excitatory_neuron,Minor,AD_enriched,Alternate
DRG2-203,DRG2,Excitatory_neuron,Dominant,CT_enriched,Alternate
transcript29256.chr22.nic,DUSP18,Excitatory_neuron,Minor,AD_enriched,Alternate
transcript29671.chr22.nnic,DUSP18,Excitatory_neuron,Minor,AD_enriched,Alternate
transcript338301.chr2.nic,DUSP19,Excitatory_neuron,Dominant,CT_enriched,Alternate
DUSP19-202,DUSP19,Excitatory_neuron,Minor,AD_enriched,Canonical
DUSP22-202,DUSP22,Excitatory_neuron,Dominant,AD_enriched,Canonical
DXO-210,DXO,Excitatory_neuron,Minor,AD_enriched,Alternate
DYRK1A-210,DYRK1A,Excitatory_neuron,Minor,AD_enriched,Alternate
transcript303824.chr1.nnic,DYRK3,Excitatory_neuron,Minor,CT_enriched,Alternate
ECPAS-205,ECPAS,Excitatory_neuron,Minor,AD_enriched,Alternate
ECPAS-202,ECPAS,Excitatory_neuron,Dominant,CT_enriched,Alternate
EDRF1-201,EDRF1,Excitatory_neuron,Dominant,CT_enriched,Alternate
EEF1D-254,EEF1D,Excitatory_neuron,Dominant,AD_enriched,Canonical
EFCAB14-210,EFCAB14,Excitatory_neuron,Minor,AD_enriched,Alternate
EIF3I-221,EIF3I,Excitatory_neuron,Dominant,CT_enriched,Alternate
EIF4G1-209,EIF4G1,Excitatory_neuron,Minor,CT_enriched,Alternate
transcript40222.chr1.nnic,EIF4G3,Excitatory_neuron,Minor,AD_enriched,Alternate
EIF4G3-221,EIF4G3,Excitatory_neuron,Dominant,CT_enriched,Alternate
ELP1-219,ELP1,Excitatory_neuron,Dominant,CT_enriched,Alternate
transcript54283.chr11.nic,ENSG00000254746,Excitatory_neuron,Minor,CT_enriched,no_MANE_coverage
ENST00000431681,ENSG00000291060,Excitatory_neuron,Dominant,AD_enriched,no_MANE_coverage
ENST00000381231,ENSG00000291060,Excitatory_neuron,Minor,CT_enriched,no_MANE_coverage
ENST00000609841,ENSG00000291065,Excitatory_neuron,Minor,AD_enriched,no_MANE_coverage
EPB41-221,EPB41,Excitatory_neuron,Dominant,CT_enriched,Alternate
ERCC2-204,ERCC2,Excitatory_neuron,Dominant,CT_enriched,Canonical
ERCC5-212,ERCC5,Excitatory_neuron,Minor,AD_enriched,Canonical
EXD2-202,EXD2,Excitatory_neuron,Minor,AD_enriched,Alternate
EXD2-214,EXD2,Excitatory_neuron,Dominant,CT_enriched,Canonical
FAM120A-202,FAM120A,Excitatory_neuron,Minor,CT_enriched,Alternate
FAM120A-201,FAM120A,Excitatory_neuron,Dominant,AD_enriched,Canonical
FAM135A-205,FAM135A,Excitatory_neuron,Dominant,CT_enriched,Canonical
FAM153CP-235,FAM153CP,Excitatory_neuron,Dominant,CT_enriched,no_MANE_coverage
FAM153CP-232,FAM153CP,Excitatory_neuron,Minor,AD_enriched,no_MANE_coverage
FAM161A-203,FAM161A,Excitatory_neuron,Dominant,AD_enriched,Alternate
FAM47E-209,FAM47E,Excitatory_neuron,Minor,AD_enriched,Alternate
FARP2-201,FARP2,Excitatory_neuron,Minor,AD_enriched,Canonical
FARP2-211,FARP2,Excitatory_neuron,Dominant,CT_enriched,Alternate
FAS-236,FAS,Excitatory_neuron,Minor,AD_enriched,Alternate
FAT1-208,FAT1,Excitatory_neuron,Minor,CT_enriched,Alternate
FAT1-201,FAT1,Excitatory_neuron,Dominant,AD_enriched,Canonical
transcript186405.chr10.nic,FBXL15,Excitatory_neuron,Dominant,CT_enriched,Alternate
transcript9859.chr7.nic,FBXL18,Excitatory_neuron,Dominant,CT_enriched,Alternate
FBXW11-203,FBXW11,Excitatory_neuron,Minor,AD_enriched,Alternate
FDXR-203,FDXR,Excitatory_neuron,Dominant,CT_enriched,Alternate
FECH-212,FECH,Excitatory_neuron,Minor,AD_enriched,Alternate
FGD1-201,FGD1,Excitatory_neuron,Minor,AD_enriched,Canonical
transcript58666.chrX.nic,FGD1,Excitatory_neuron,Dominant,CT_enriched,Alternate
FGF5-201,FGF5,Excitatory_neuron,Minor,AD_enriched,Canonical
FIGNL1-206,FIGNL1,Excitatory_neuron,Minor,CT_enriched,Canonical
FIGNL1-211,FIGNL1,Excitatory_neuron,Dominant,AD_enriched,Alternate
FKBP1A-204,FKBP1A,Excitatory_neuron,Minor,AD_enriched,Canonical
transcript239484.chr1.nic,FLAD1,Excitatory_neuron,Dominant,CT_enriched,Alternate
FMNL2-202,FMNL2,Excitatory_neuron,Dominant,AD_enriched,Alternate
FMNL2-201,FMNL2,Excitatory_neuron,Minor,CT_enriched,Canonical
FOXN3-211,FOXN3,Excitatory_neuron,Minor,CT_enriched,Alternate
FOXO3-201,FOXO3,Excitatory_neuron,Dominant,CT_enriched,Alternate
FOXO3-203,FOXO3,Excitatory_neuron,Minor,AD_enriched,Alternate
FOXP2-226,FOXP2,Excitatory_neuron,Minor,AD_enriched,Alternate
transcript182362.chr9.nnic,FRRS1L,Excitatory_neuron,Dominant,CT_enriched,Alternate
FRRS1L-201,FRRS1L,Excitatory_neuron,Minor,AD_enriched,Canonical
transcript160449.chr6.nic,FYN,Excitatory_neuron,Minor,AD_enriched,Alternate
GALNS-203,GALNS,Excitatory_neuron,Dominant,CT_enriched,Alternate
transcript37256.chr2.nic,GALNT14,Excitatory_neuron,Dominant,CT_enriched,Alternate
GATAD1-203,GATAD1,Excitatory_neuron,Minor,AD_enriched,Alternate
GATAD1-201,GATAD1,Excitatory_neuron,Dominant,CT_enriched,Canonical
GBAP1-213,GBAP1,Excitatory_neuron,Minor,AD_enriched,no_MANE_coverage
GEMIN4-207,GEMIN4,Excitatory_neuron,Minor,AD_enriched,Alternate
GEMIN4-201,GEMIN4,Excitatory_neuron,Dominant,CT_enriched,Canonical
GIHCG-209,GIHCG,Excitatory_neuron,Minor,AD_enriched,no_MANE_coverage
GLOD4-202,GLOD4,Excitatory_neuron,Dominant,AD_enriched,Canonical
GLYR1-201,GLYR1,Excitatory_neuron,Dominant,CT_enriched,Canonical
GNPTG-212,GNPTG,Excitatory_neuron,Dominant,CT_enriched,Alternate
GOSR2-239,GOSR2,Excitatory_neuron,Minor,AD_enriched,Alternate
GPNMB-201,GPNMB,Excitatory_neuron,Dominant,CT_enriched,Canonical
GPR108-202,GPR108,Excitatory_neuron,Minor,AD_enriched,Alternate
transcript74075.chr11.nic,GPR137,Excitatory_neuron,Dominant,CT_enriched,Alternate
GPR162-201,GPR162,Excitatory_neuron,Minor,AD_enriched,Canonical
GPR162-203,GPR162,Excitatory_neuron,Dominant,CT_enriched,Alternate
GPRASP1-201,GPRASP1,Excitatory_neuron,Dominant,CT_enriched,Alternate
transcript50500.chr9.nic,GRHPR,Excitatory_neuron,Dominant,CT_enriched,Alternate
GRM7-214,GRM7,Excitatory_neuron,Minor,CT_enriched,Alternate
GSTK1-207,GSTK1,Excitatory_neuron,Dominant,CT_enriched,Alternate
GTF3C1-201,GTF3C1,Excitatory_neuron,Dominant,CT_enriched,Canonical
GTF3C1-202,GTF3C1,Excitatory_neuron,Minor,AD_enriched,Alternate
GTPBP1-201,GTPBP1,Excitatory_neuron,Minor,AD_enriched,Canonical
GTPBP3-222,GTPBP3,Excitatory_neuron,Minor,AD_enriched,Alternate
GUCD1-204,GUCD1,Excitatory_neuron,Dominant,CT_enriched,Alternate
GUCD1-206,GUCD1,Excitatory_neuron,Minor,AD_enriched,Canonical
HDAC5-211,HDAC5,Excitatory_neuron,Minor,CT_enriched,Alternate
HDDC3-205,HDDC3,Excitatory_neuron,Dominant,CT_enriched,Alternate
HERC4-205,HERC4,Excitatory_neuron,Minor,AD_enriched,Alternate
HIVEP2-202,HIVEP2,Excitatory_neuron,Minor,AD_enriched,Canonical
HLA-A-204,HLA-A,Excitatory_neuron,Dominant,CT_enriched,Alternate
HLA-L-223,HLA-L,Excitatory_neuron,Minor,CT_enriched,no_MANE_coverage
HSD17B12-201,HSD17B12,Excitatory_neuron,Dominant,AD_enriched,Canonical
HSD17B12-203,HSD17B12,Excitatory_neuron,Minor,CT_enriched,Alternate
HSF4-215,HSF4,Excitatory_neuron,Minor,CT_enriched,Canonical
HTR5A-AS1-202,HTR5A-AS1,Excitatory_neuron,Dominant,CT_enriched,no_MANE_coverage
HYCC2-202,HYCC2,Excitatory_neuron,Dominant,CT_enriched,Alternate
IFRD1-202,IFRD1,Excitatory_neuron,Dominant,AD_enriched,Canonical
IFTAP-227,IFTAP,Excitatory_neuron,Minor,AD_enriched,Alternate
IGHMBP2-246,IGHMBP2,Excitatory_neuron,Minor,CT_enriched,Alternate
ILK-201,ILK,Excitatory_neuron,Minor,AD_enriched,Canonical
ILK-203,ILK,Excitatory_neuron,Dominant,CT_enriched,Alternate
INO80-211,INO80,Excitatory_neuron,Minor,CT_enriched,Alternate
INPP1-201,INPP1,Excitatory_neuron,Dominant,AD_enriched,Alternate
transcript149382.chrX.nic,INTS6L,Excitatory_neuron,Minor,CT_enriched,Alternate
IQSEC3-201,IQSEC3,Excitatory_neuron,Minor,AD_enriched,Alternate
IQSEC3-203,IQSEC3,Excitatory_neuron,Dominant,CT_enriched,Canonical
ITCH-214,ITCH,Excitatory_neuron,Minor,AD_enriched,Alternate
JAG2-201,JAG2,Excitatory_neuron,Minor,AD_enriched,Canonical
JAG2-202,JAG2,Excitatory_neuron,Dominant,CT_enriched,Alternate
JARID2-202,JARID2,Excitatory_neuron,Minor,AD_enriched,Alternate
JMJD6-202,JMJD6,Excitatory_neuron,Minor,AD_enriched,Canonical
KBTBD3-205,KBTBD3,Excitatory_neuron,Dominant,CT_enriched,Canonical
KCNK9-210,KCNK9,Excitatory_neuron,Minor,AD_enriched,Alternate
KCNK9-204,KCNK9,Excitatory_neuron,Dominant,CT_enriched,Alternate
KDM4B-208,KDM4B,Excitatory_neuron,Minor,AD_enriched,Alternate
KIAA2026-201,KIAA2026,Excitatory_neuron,Dominant,CT_enriched,Alternate
KIAA2026-202,KIAA2026,Excitatory_neuron,Minor,AD_enriched,Canonical
KIF5C-210,KIF5C,Excitatory_neuron,Dominant,CT_enriched,Alternate
L3MBTL1-223,L3MBTL1,Excitatory_neuron,Minor,AD_enriched,Alternate
transcript282100.chr1.nic,LAMC1,Excitatory_neuron,Minor,CT_enriched,Alternate
LAMC1-201,LAMC1,Excitatory_neuron,Dominant,AD_enriched,Canonical
LARP1B-212,LARP1B,Excitatory_neuron,Dominant,CT_enriched,Alternate
LARP4-203,LARP4,Excitatory_neuron,Dominant,CT_enriched,Canonical
LARP4-202,LARP4,Excitatory_neuron,Minor,AD_enriched,Alternate
transcript36491.chr2.nic,LCLAT1,Excitatory_neuron,Dominant,CT_enriched,Alternate
LDLRAD4-215,LDLRAD4,Excitatory_neuron,Dominant,CT_enriched,Alternate
LIG1-201,LIG1,Excitatory_neuron,Dominant,CT_enriched,Canonical
LIG4-201,LIG4,Excitatory_neuron,Minor,AD_enriched,Alternate
LINC01018-213,LINC01018,Excitatory_neuron,Dominant,CT_enriched,no_MANE_coverage
LINC02610-207,LINC02610,Excitatory_neuron,Dominant,CT_enriched,no_MANE_coverage
LRPPRC-201,LRPPRC,Excitatory_neuron,Dominant,CT_enriched,Canonical
LRRC27-201,LRRC27,Excitatory_neuron,Minor,AD_enriched,Alternate
LRRC47-201,LRRC47,Excitatory_neuron,Dominant,CT_enriched,Canonical
transcript9764.chr1.nnic,LRRC47,Excitatory_neuron,Minor,AD_enriched,Alternate
LRRC49-221,LRRC49,Excitatory_neuron,Dominant,CT_enriched,Alternate
LRRC49-201,LRRC49,Excitatory_neuron,Minor,AD_enriched,Canonical
LRRC8D-202,LRRC8D,Excitatory_neuron,Minor,AD_enriched,Alternate
transcript4577.chr12.nnic,LRTM2,Excitatory_neuron,Minor,AD_enriched,Alternate
LY6H-201,LY6H,Excitatory_neuron,Minor,AD_enriched,Canonical
transcript317173.chr1.nnic,LYPLAL1,Excitatory_neuron,Dominant,CT_enriched,Alternate
LYRM9-201,LYRM9,Excitatory_neuron,Minor,AD_enriched,Canonical
LYRM9-203,LYRM9,Excitatory_neuron,Dominant,CT_enriched,Alternate
MAN2C1-242,MAN2C1,Excitatory_neuron,Minor,AD_enriched,Alternate
MAN2C1-201,MAN2C1,Excitatory_neuron,Dominant,CT_enriched,Canonical
MAP3K21-203,MAP3K21,Excitatory_neuron,Dominant,AD_enriched,Canonical
MAP4-215,MAP4,Excitatory_neuron,Minor,AD_enriched,Alternate
MAP7-208,MAP7,Excitatory_neuron,Minor,AD_enriched,Alternate
transcript48416.chr6.nic,MAPK14,Excitatory_neuron,Dominant,CT_enriched,Alternate
MAPK8IP3-216,MAPK8IP3,Excitatory_neuron,Minor,AD_enriched,Canonical
MAPK8IP3-207,MAPK8IP3,Excitatory_neuron,Dominant,CT_enriched,Alternate
MARK2-201,MARK2,Excitatory_neuron,Dominant,CT_enriched,Alternate
MAST4-202,MAST4,Excitatory_neuron,Dominant,CT_enriched,Canonical
MCM3AP-AS1-205,MCM3AP-AS1,Excitatory_neuron,Dominant,CT_enriched,no_MANE_coverage
MCM7-208,MCM7,Excitatory_neuron,Minor,CT_enriched,Alternate
MECR-202,MECR,Excitatory_neuron,Dominant,CT_enriched,Alternate
MECR-201,MECR,Excitatory_neuron,Minor,AD_enriched,Canonical
MED1-202,MED1,Excitatory_neuron,Minor,CT_enriched,Alternate
MED1-201,MED1,Excitatory_neuron,Dominant,AD_enriched,Canonical
MED23-201,MED23,Excitatory_neuron,Minor,AD_enriched,Alternate
MED27-206,MED27,Excitatory_neuron,Dominant,CT_enriched,Alternate
MED27-201,MED27,Excitatory_neuron,Minor,AD_enriched,Canonical
METTL3-204,METTL3,Excitatory_neuron,Minor,CT_enriched,Alternate
MFF-216,MFF,Excitatory_neuron,Dominant,CT_enriched,Alternate
MFSD6-206,MFSD6,Excitatory_neuron,Dominant,AD_enriched,Alternate
MFSD6-202,MFSD6,Excitatory_neuron,Minor,CT_enriched,Canonical
MGRN1-203,MGRN1,Excitatory_neuron,Dominant,CT_enriched,Alternate
MIDEAS-206,MIDEAS,Excitatory_neuron,Minor,CT_enriched,Alternate
MIEF1-203,MIEF1,Excitatory_neuron,Minor,AD_enriched,Alternate
MIR100HG-201,MIR100HG,Excitatory_neuron,Minor,CT_enriched,no_MANE_coverage
MIR29B2CHG-210,MIR29B2CHG,Excitatory_neuron,Minor,AD_enriched,no_MANE_coverage
MIR29B2CHG-202,MIR29B2CHG,Excitatory_neuron,Dominant,CT_enriched,no_MANE_coverage
MKRN1-201,MKRN1,Excitatory_neuron,Dominant,CT_enriched,Canonical
MLIP-208,MLIP,Excitatory_neuron,Dominant,CT_enriched,Canonical
MMS19-202,MMS19,Excitatory_neuron,Minor,CT_enriched,Alternate
MPI-214,MPI,Excitatory_neuron,Dominant,CT_enriched,Alternate
MPI-213,MPI,Excitatory_neuron,Minor,AD_enriched,Alternate
MRFAP1L1-201,MRFAP1L1,Excitatory_neuron,Minor,AD_enriched,Canonical
MRFAP1L1-202,MRFAP1L1,Excitatory_neuron,Dominant,CT_enriched,Alternate
MRNIP-201,MRNIP,Excitatory_neuron,Minor,AD_enriched,Canonical
MRPS22-225,MRPS22,Excitatory_neuron,Dominant,CT_enriched,Alternate
MRRF-202,MRRF,Excitatory_neuron,Minor,AD_enriched,Canonical
MSH6-211,MSH6,Excitatory_neuron,Minor,AD_enriched,Alternate
transcript482.chrM.nnic,MT-ND5,Excitatory_neuron,Dominant,CT_enriched,no_MANE_coverage
MTA3-201,MTA3,Excitatory_neuron,Minor,CT_enriched,Canonical
MTF2-201,MTF2,Excitatory_neuron,Dominant,CT_enriched,Canonical
MTIF3-205,MTIF3,Excitatory_neuron,Minor,AD_enriched,Alternate
MTMR12-203,MTMR12,Excitatory_neuron,Dominant,CT_enriched,Canonical
MTRFR-201,MTRFR,Excitatory_neuron,Dominant,CT_enriched,Canonical
MTRFR-203,MTRFR,Excitatory_neuron,Minor,AD_enriched,Alternate
MYH9-215,MYH9,Excitatory_neuron,Minor,CT_enriched,Alternate
MYH9-201,MYH9,Excitatory_neuron,Dominant,AD_enriched,Canonical
NAT10-201,NAT10,Excitatory_neuron,Dominant,AD_enriched,Canonical
NAT10-205,NAT10,Excitatory_neuron,Minor,CT_enriched,Alternate
transcript62980.chr1.nnic,NCDN,Excitatory_neuron,Dominant,CT_enriched,Alternate
NCOA1-206,NCOA1,Excitatory_neuron,Minor,AD_enriched,Alternate
NCOA6-201,NCOA6,Excitatory_neuron,Dominant,CT_enriched,Canonical
transcript41781.chr20.nnic,NCOA6,Excitatory_neuron,Minor,AD_enriched,Alternate
NDUFAF5-201,NDUFAF5,Excitatory_neuron,Minor,AD_enriched,Alternate
NDUFAF5-202,NDUFAF5,Excitatory_neuron,Dominant,CT_enriched,Canonical
NDUFS4-201,NDUFS4,Excitatory_neuron,Dominant,CT_enriched,Canonical
NEBL-222,NEBL,Excitatory_neuron,Minor,AD_enriched,Alternate
NEBL-203,NEBL,Excitatory_neuron,Dominant,CT_enriched,Alternate
NEIL2-201,NEIL2,Excitatory_neuron,Dominant,CT_enriched,Canonical
transcript227043.chr3.nic,NEK11,Excitatory_neuron,Dominant,AD_enriched,Alternate
NEK11-202,NEK11,Excitatory_neuron,Minor,CT_enriched,Canonical
NEK9-214,NEK9,Excitatory_neuron,Dominant,CT_enriched,Alternate
NEU3-204,NEU3,Excitatory_neuron,Minor,AD_enriched,Alternate
NEU3-201,NEU3,Excitatory_neuron,Dominant,CT_enriched,Canonical
NF1-218,NF1,Excitatory_neuron,Dominant,CT_enriched,Alternate
NHLRC3-201,NHLRC3,Excitatory_neuron,Minor,CT_enriched,Alternate
NICN1-201,NICN1,Excitatory_neuron,Dominant,CT_enriched,Canonical
NLGN3-201,NLGN3,Excitatory_neuron,Minor,CT_enriched,Canonical
NME6-209,NME6,Excitatory_neuron,Minor,AD_enriched,Canonical
NNT-AS1-204,NNT-AS1,Excitatory_neuron,Dominant,CT_enriched,no_MANE_coverage
NOP14-AS1-215,NOP14-AS1,Excitatory_neuron,Dominant,CT_enriched,no_MANE_coverage
NOP14-AS1-212,NOP14-AS1,Excitatory_neuron,Minor,AD_enriched,no_MANE_coverage
transcript11015.chr1.nic,NPHP4,Excitatory_neuron,Minor,CT_enriched,Alternate
NR2F1-201,NR2F1,Excitatory_neuron,Dominant,CT_enriched,Canonical
NSD2-209,NSD2,Excitatory_neuron,Dominant,CT_enriched,Alternate
NUP58-209,NUP58,Excitatory_neuron,Minor,AD_enriched,Alternate
OFD1-202,OFD1,Excitatory_neuron,Dominant,CT_enriched,Alternate
OGFOD3-201,OGFOD3,Excitatory_neuron,Dominant,CT_enriched,Canonical
OGFOD3-206,OGFOD3,Excitatory_neuron,Minor,AD_enriched,Alternate
OGG1-206,OGG1,Excitatory_neuron,Minor,AD_enriched,Alternate
OXNAD1-203,OXNAD1,Excitatory_neuron,Dominant,CT_enriched,Alternate
OXNAD1-201,OXNAD1,Excitatory_neuron,Minor,AD_enriched,Canonical
PACS1-205,PACS1,Excitatory_neuron,Minor,AD_enriched,Alternate
PAK6-205,PAK6,Excitatory_neuron,Minor,AD_enriched,Alternate
PALS1-201,PALS1,Excitatory_neuron,Dominant,CT_enriched,Canonical
PALS1-208,PALS1,Excitatory_neuron,Minor,AD_enriched,Alternate
PARVA-204,PARVA,Excitatory_neuron,Minor,CT_enriched,Alternate
PCDHA6-201,PCDHA6,Excitatory_neuron,Minor,AD_enriched,Alternate
PCDHA6-203,PCDHA6,Excitatory_neuron,Dominant,CT_enriched,Canonical
PCDHGA6-201,PCDHGA6,Excitatory_neuron,Minor,CT_enriched,Canonical
PCDHGA6-202,PCDHGA6,Excitatory_neuron,Dominant,AD_enriched,Alternate
PDCD2-204,PDCD2,Excitatory_neuron,Minor,AD_enriched,Alternate
PDE4D-227,PDE4D,Excitatory_neuron,Minor,CT_enriched,Alternate
transcript134425.chr7.nnic,PEG10,Excitatory_neuron,Minor,AD_enriched,no_MANE_coverage
PHF6-206,PHF6,Excitatory_neuron,Minor,CT_enriched,Alternate
PIGO-214,PIGO,Excitatory_neuron,Minor,AD_enriched,Alternate
PIK3CA-208,PIK3CA,Excitatory_neuron,Dominant,CT_enriched,Alternate
PKD2L2-DT-201,PKD2L2-DT,Excitatory_neuron,Minor,AD_enriched,no_MANE_coverage
PKD2L2-DT-202,PKD2L2-DT,Excitatory_neuron,Dominant,CT_enriched,no_MANE_coverage
PKP4-202,PKP4,Excitatory_neuron,Dominant,CT_enriched,Canonical
PKP4-204,PKP4,Excitatory_neuron,Minor,AD_enriched,Alternate
PLAT-202,PLAT,Excitatory_neuron,Dominant,CT_enriched,Alternate
PLD3-201,PLD3,Excitatory_neuron,Dominant,AD_enriched,Alternate
PMM1-208,PMM1,Excitatory_neuron,Dominant,CT_enriched,Alternate
PMM1-201,PMM1,Excitatory_neuron,Minor,AD_enriched,Canonical
POMT2-202,POMT2,Excitatory_neuron,Minor,AD_enriched,Alternate
PPFIA1-219,PPFIA1,Excitatory_neuron,Minor,AD_enriched,Alternate
PPM1L-205,PPM1L,Excitatory_neuron,Dominant,CT_enriched,Canonical
transcript269008.chr3.nnic,PPM1L,Excitatory_neuron,Minor,AD_enriched,Alternate
PPP2R5C-201,PPP2R5C,Excitatory_neuron,Minor,AD_enriched,Alternate
PPP6R2-203,PPP6R2,Excitatory_neuron,Minor,AD_enriched,Alternate
PPP6R3-201,PPP6R3,Excitatory_neuron,Minor,CT_enriched,Alternate
PRDM15-202,PRDM15,Excitatory_neuron,Minor,AD_enriched,Canonical
PRKAB1-207,PRKAB1,Excitatory_neuron,Dominant,CT_enriched,Alternate
PRKACB-205,PRKACB,Excitatory_neuron,Minor,AD_enriched,Alternate
PRKAR2B-201,PRKAR2B,Excitatory_neuron,Dominant,AD_enriched,Canonical
PRKD1-202,PRKD1,Excitatory_neuron,Dominant,AD_enriched,Alternate
PRKG2-201,PRKG2,Excitatory_neuron,Dominant,CT_enriched,Canonical
PRKN-211,PRKN,Excitatory_neuron,Dominant,AD_enriched,Alternate
PRKRA-201,PRKRA,Excitatory_neuron,Dominant,AD_enriched,Canonical
PRPF39-202,PRPF39,Excitatory_neuron,Minor,AD_enriched,Alternate
PRRC2B-203,PRRC2B,Excitatory_neuron,Minor,AD_enriched,Alternate
PSEN2-211,PSEN2,Excitatory_neuron,Dominant,CT_enriched,Alternate
PSRC1-205,PSRC1,Excitatory_neuron,Minor,AD_enriched,Alternate
PSRC1-202,PSRC1,Excitatory_neuron,Dominant,CT_enriched,Alternate
transcript1587.chr11.nic,PTDSS2,Excitatory_neuron,Dominant,CT_enriched,Alternate
PTK2-218,PTK2,Excitatory_neuron,Dominant,CT_enriched,Alternate
PTP4A2-219,PTP4A2,Excitatory_neuron,Dominant,CT_enriched,Canonical
PTP4A2-220,PTP4A2,Excitatory_neuron,Minor,AD_enriched,Alternate
PTPRG-203,PTPRG,Excitatory_neuron,Minor,AD_enriched,Canonical
PTPRO-218,PTPRO,Excitatory_neuron,Dominant,AD_enriched,Alternate
PUM1-201,PUM1,Excitatory_neuron,Minor,CT_enriched,Alternate
PUS7L-208,PUS7L,Excitatory_neuron,Minor,AD_enriched,Alternate
QTRT2-201,QTRT2,Excitatory_neuron,Minor,AD_enriched,Canonical
transcript177357.chr10.nnic,R3HCC1L,Excitatory_neuron,Minor,AD_enriched,Alternate
RAB15-208,RAB15,Excitatory_neuron,Dominant,AD_enriched,Alternate
RAB15-203,RAB15,Excitatory_neuron,Minor,CT_enriched,Canonical
RAB3GAP2-202,RAB3GAP2,Excitatory_neuron,Dominant,CT_enriched,Canonical
RAD17-220,RAD17,Excitatory_neuron,Minor,CT_enriched,Alternate
RADX-204,RADX,Excitatory_neuron,Minor,AD_enriched,Alternate
RAP1B-201,RAP1B,Excitatory_neuron,Minor,AD_enriched,Canonical
RAP1B-204,RAP1B,Excitatory_neuron,Dominant,CT_enriched,Alternate
RARB-209,RARB,Excitatory_neuron,Minor,AD_enriched,Alternate
RARB-201,RARB,Excitatory_neuron,Dominant,CT_enriched,Canonical
RARS2-201,RARS2,Excitatory_neuron,Minor,AD_enriched,Canonical
RASGEF1B-201,RASGEF1B,Excitatory_neuron,Dominant,AD_enriched,Canonical
RASGEF1B-203,RASGEF1B,Excitatory_neuron,Minor,CT_enriched,Alternate
RASSF5-201,RASSF5,Excitatory_neuron,Minor,AD_enriched,Alternate
transcript39811.chr22.nnic,RBFOX2,Excitatory_neuron,Dominant,CT_enriched,Alternate
transcript134128.chr17.nnic,RBFOX3,Excitatory_neuron,Minor,AD_enriched,Alternate
RBM6-201,RBM6,Excitatory_neuron,Minor,AD_enriched,Canonical
RC3H1-202,RC3H1,Excitatory_neuron,Minor,AD_enriched,Alternate
RC3H1-203,RC3H1,Excitatory_neuron,Dominant,CT_enriched,Canonical
RDH13-203,RDH13,Excitatory_neuron,Dominant,CT_enriched,Canonical
transcript20525.chr2.nnic,RDH14,Excitatory_neuron,Minor,CT_enriched,Alternate
RDH14-201,RDH14,Excitatory_neuron,Dominant,AD_enriched,Canonical
REL-204,REL,Excitatory_neuron,Dominant,CT_enriched,Alternate
REL-202,REL,Excitatory_neuron,Minor,AD_enriched,Canonical
REPS1-208,REPS1,Excitatory_neuron,Minor,CT_enriched,Canonical
REPS1-210,REPS1,Excitatory_neuron,Dominant,AD_enriched,Alternate
REXO5-202,REXO5,Excitatory_neuron,Minor,CT_enriched,Alternate
RGPD6-207,RGPD6,Excitatory_neuron,Dominant,CT_enriched,Alternate
RHOBTB1-202,RHOBTB1,Excitatory_neuron,Minor,AD_enriched,Alternate
RHOT1-201,RHOT1,Excitatory_neuron,Dominant,CT_enriched,Alternate
RHOT1-205,RHOT1,Excitatory_neuron,Minor,AD_enriched,Canonical
RIF1-201,RIF1,Excitatory_neuron,Dominant,CT_enriched,Alternate
RIF1-203,RIF1,Excitatory_neuron,Minor,AD_enriched,Alternate
transcript112295.chr6.nic,RIMS1,Excitatory_neuron,Dominant,CT_enriched,Alternate
RIOK3-205,RIOK3,Excitatory_neuron,Minor,AD_enriched,Alternate
RNF121-211,RNF121,Excitatory_neuron,Minor,AD_enriched,Alternate
RNF121-201,RNF121,Excitatory_neuron,Dominant,CT_enriched,Canonical
RNF126-201,RNF126,Excitatory_neuron,Minor,AD_enriched,Canonical
transcript2992.chr19.nnic,RNF126,Excitatory_neuron,Dominant,CT_enriched,Alternate
RNF165-204,RNF165,Excitatory_neuron,Dominant,CT_enriched,Alternate
RNF165-201,RNF165,Excitatory_neuron,Minor,AD_enriched,Canonical
transcript190092.chr4.nic,RNF175,Excitatory_neuron,Dominant,CT_enriched,Alternate
RNF214-201,RNF214,Excitatory_neuron,Dominant,AD_enriched,Canonical
ROBO1-204,ROBO1,Excitatory_neuron,Minor,CT_enriched,Alternate
transcript2147.chr11.nic,RPLP2,Excitatory_neuron,Dominant,CT_enriched,Alternate
RPRD2-203,RPRD2,Excitatory_neuron,Dominant,CT_enriched,Alternate
RPRD2-202,RPRD2,Excitatory_neuron,Minor,AD_enriched,Canonical
RPS3-217,RPS3,Excitatory_neuron,Dominant,CT_enriched,Canonical
RPSA2-208,RPSA2,Excitatory_neuron,Dominant,CT_enriched,Alternate
RTCA-AS1-206,RTCA-AS1,Excitatory_neuron,Minor,CT_enriched,no_MANE_coverage
RUFY1-202,RUFY1,Excitatory_neuron,Minor,AD_enriched,Alternate
RUFY1-204,RUFY1,Excitatory_neuron,Dominant,CT_enriched,Alternate
transcript194267.chr4.nic,RXFP1,Excitatory_neuron,Minor,AD_enriched,Alternate
SAE1-201,SAE1,Excitatory_neuron,Dominant,AD_enriched,Canonical
SCAF4-202,SCAF4,Excitatory_neuron,Minor,AD_enriched,Alternate
SCAF4-201,SCAF4,Excitatory_neuron,Dominant,CT_enriched,Canonical
SCARB1-206,SCARB1,Excitatory_neuron,Dominant,CT_enriched,Alternate
SCML1-204,SCML1,Excitatory_neuron,Dominant,CT_enriched,Alternate
SEC23IP-201,SEC23IP,Excitatory_neuron,Dominant,CT_enriched,Canonical
SEC23IP-208,SEC23IP,Excitatory_neuron,Minor,AD_enriched,Alternate
SEMA7A-201,SEMA7A,Excitatory_neuron,Dominant,CT_enriched,Canonical
transcript110172.chr15.nic,SEMA7A,Excitatory_neuron,Minor,AD_enriched,Alternate
SGIP1-231,SGIP1,Excitatory_neuron,Dominant,CT_enriched,Alternate
SILC1-221,SILC1,Excitatory_neuron,Minor,AD_enriched,no_MANE_coverage
SLC11A2-201,SLC11A2,Excitatory_neuron,Dominant,CT_enriched,Canonical
SLC12A2-202,SLC12A2,Excitatory_neuron,Dominant,AD_enriched,Alternate
SLC12A2-201,SLC12A2,Excitatory_neuron,Minor,CT_enriched,Canonical
SLC25A29-201,SLC25A29,Excitatory_neuron,Minor,AD_enriched,Canonical
SLC25A29-208,SLC25A29,Excitatory_neuron,Dominant,CT_enriched,Alternate
transcript64585.chr15.nnic,SLC27A2,Excitatory_neuron,Minor,AD_enriched,Alternate
SLC27A2-201,SLC27A2,Excitatory_neuron,Dominant,CT_enriched,Canonical
SLC35A3-212,SLC35A3,Excitatory_neuron,Minor,AD_enriched,Alternate
SLC35F5-212,SLC35F5,Excitatory_neuron,Minor,AD_enriched,Alternate
SLC35F5-201,SLC35F5,Excitatory_neuron,Dominant,CT_enriched,Canonical
SLC39A9-202,SLC39A9,Excitatory_neuron,Dominant,CT_enriched,Canonical
SLC39A9-201,SLC39A9,Excitatory_neuron,Minor,AD_enriched,Alternate
SLC46A1-203,SLC46A1,Excitatory_neuron,Dominant,CT_enriched,Alternate
SLC6A1-207,SLC6A1,Excitatory_neuron,Minor,AD_enriched,Alternate
SLC6A1-201,SLC6A1,Excitatory_neuron,Dominant,CT_enriched,Canonical
SLITRK2-201,SLITRK2,Excitatory_neuron,Minor,AD_enriched,Canonical
SMAD2-203,SMAD2,Excitatory_neuron,Minor,AD_enriched,Alternate
SMARCA4-201,SMARCA4,Excitatory_neuron,Minor,AD_enriched,Canonical
transcript139310.chr4.nic,SMARCAD1,Excitatory_neuron,Dominant,CT_enriched,Alternate
SMARCAL1-202,SMARCAL1,Excitatory_neuron,Minor,CT_enriched,Alternate
SMC2-202,SMC2,Excitatory_neuron,Dominant,CT_enriched,Alternate
SMC6-201,SMC6,Excitatory_neuron,Dominant,CT_enriched,Alternate
SNRPB-201,SNRPB,Excitatory_neuron,Dominant,AD_enriched,Canonical
SNRPB-206,SNRPB,Excitatory_neuron,Minor,CT_enriched,Alternate
SNX14-235,SNX14,Excitatory_neuron,Minor,AD_enriched,Alternate
SNX27-203,SNX27,Excitatory_neuron,Dominant,CT_enriched,Alternate
transcript150486.chr6.nnic,SOBP,Excitatory_neuron,Minor,AD_enriched,Alternate
SOGA3-203,SOGA3,Excitatory_neuron,Minor,AD_enriched,Canonical
SORT1-201,SORT1,Excitatory_neuron,Dominant,CT_enriched,Canonical
SORT1-209,SORT1,Excitatory_neuron,Minor,AD_enriched,Alternate
SPATA20-205,SPATA20,Excitatory_neuron,Minor,AD_enriched,Alternate
transcript48331.chr21.nnic,SPATC1L,Excitatory_neuron,Dominant,CT_enriched,Alternate
transcript48560.chr21.nic,SPATC1L,Excitatory_neuron,Minor,AD_enriched,Alternate
SPATS2L-204,SPATS2L,Excitatory_neuron,Dominant,CT_enriched,Canonical
SPEN-201,SPEN,Excitatory_neuron,Dominant,CT_enriched,Canonical
SPIN3-201,SPIN3,Excitatory_neuron,Dominant,CT_enriched,Canonical
SPP1-203,SPP1,Excitatory_neuron,Dominant,CT_enriched,Canonical
SPPL2A-208,SPPL2A,Excitatory_neuron,Minor,CT_enriched,Alternate
SSX2IP-201,SSX2IP,Excitatory_neuron,Minor,AD_enriched,Canonical
SSX2IP-203,SSX2IP,Excitatory_neuron,Dominant,CT_enriched,Alternate
ST8SIA5-203,ST8SIA5,Excitatory_neuron,Minor,AD_enriched,Alternate
STAMBP-202,STAMBP,Excitatory_neuron,Dominant,CT_enriched,Canonical
STAT3-231,STAT3,Excitatory_neuron,Dominant,CT_enriched,Alternate
STAT5B-203,STAT5B,Excitatory_neuron,Minor,CT_enriched,Alternate
STRC-209,STRC,Excitatory_neuron,Dominant,CT_enriched,Alternate
STRC-202,STRC,Excitatory_neuron,Minor,AD_enriched,Alternate
STRN3-202,STRN3,Excitatory_neuron,Minor,AD_enriched,Canonical
STRN3-201,STRN3,Excitatory_neuron,Dominant,CT_enriched,Alternate
STXBP5-206,STXBP5,Excitatory_neuron,Minor,AD_enriched,Alternate
transcript198893.chr6.nic,STXBP5-AS1,Excitatory_neuron,Minor,AD_enriched,no_MANE_coverage
SUMF1-201,SUMF1,Excitatory_neuron,Dominant,AD_enriched,Canonical
SUPT5H-201,SUPT5H,Excitatory_neuron,Minor,AD_enriched,Alternate
SVEP1-202,SVEP1,Excitatory_neuron,Minor,AD_enriched,Canonical
SVEP1-201,SVEP1,Excitatory_neuron,Dominant,CT_enriched,Alternate
SYNCRIP-222,SYNCRIP,Excitatory_neuron,Minor,AD_enriched,Alternate
TAB3-201,TAB3,Excitatory_neuron,Dominant,CT_enriched,Canonical
TAB3-204,TAB3,Excitatory_neuron,Minor,AD_enriched,Alternate
TADA2B-201,TADA2B,Excitatory_neuron,Dominant,CT_enriched,Canonical
TADA2B-205,TADA2B,Excitatory_neuron,Minor,AD_enriched,Alternate
TAF12-202,TAF12,Excitatory_neuron,Minor,AD_enriched,Canonical
TAF2-223,TAF2,Excitatory_neuron,Minor,AD_enriched,Alternate
TAF2-201,TAF2,Excitatory_neuron,Dominant,CT_enriched,Canonical
TAF9-209,TAF9,Excitatory_neuron,Dominant,CT_enriched,Alternate
TAFAZZIN-211,TAFAZZIN,Excitatory_neuron,Dominant,CT_enriched,Alternate
transcript28780.chr4.nnic,TAPT1,Excitatory_neuron,Minor,AD_enriched,Alternate
TASOR2-216,TASOR2,Excitatory_neuron,Dominant,AD_enriched,Alternate
TBC1D10B-201,TBC1D10B,Excitatory_neuron,Dominant,AD_enriched,Canonical
TBC1D10B-203,TBC1D10B,Excitatory_neuron,Minor,CT_enriched,Alternate
transcript8649.chr16.nnic,TBC1D24,Excitatory_neuron,Dominant,CT_enriched,Alternate
TBCE-228,TBCE,Excitatory_neuron,Minor,CT_enriched,Alternate
TBCEL-202,TBCEL,Excitatory_neuron,Dominant,CT_enriched,Alternate
TBCK-204,TBCK,Excitatory_neuron,Dominant,CT_enriched,Canonical
TBCK-205,TBCK,Excitatory_neuron,Minor,AD_enriched,Alternate
TEDC2-213,TEDC2,Excitatory_neuron,Dominant,CT_enriched,Alternate
transcript100510.chr2.nnic,TET3,Excitatory_neuron,Minor,AD_enriched,Alternate
transcript317268.chr3.nnic,TFRC,Excitatory_neuron,Minor,AD_enriched,Alternate
transcript109572.chr3.nnic,THOC7,Excitatory_neuron,Dominant,CT_enriched,Alternate
transcript72909.chr18.nic,TIMM21,Excitatory_neuron,Minor,CT_enriched,Alternate
TIMM21-201,TIMM21,Excitatory_neuron,Dominant,AD_enriched,Canonical
TLK2-219,TLK2,Excitatory_neuron,Minor,AD_enriched,Alternate
TLK2-203,TLK2,Excitatory_neuron,Dominant,CT_enriched,Canonical
TMTC1-206,TMTC1,Excitatory_neuron,Dominant,AD_enriched,Alternate
transcript295144.chr1.nic,TNNT2,Excitatory_neuron,Dominant,CT_enriched,Alternate
TNNT2-218,TNNT2,Excitatory_neuron,Minor,AD_enriched,Alternate
TNPO1-201,TNPO1,Excitatory_neuron,Dominant,CT_enriched,Canonical
TOP3B-201,TOP3B,Excitatory_neuron,Minor,AD_enriched,Canonical
TOR2A-205,TOR2A,Excitatory_neuron,Minor,CT_enriched,Alternate
TPCN1-218,TPCN1,Excitatory_neuron,Minor,AD_enriched,Alternate
TRIM32-203,TRIM32,Excitatory_neuron,Minor,AD_enriched,Canonical
TRIM32-201,TRIM32,Excitatory_neuron,Dominant,CT_enriched,Alternate
TRIM33-201,TRIM33,Excitatory_neuron,Dominant,CT_enriched,Canonical
TRIM33-202,TRIM33,Excitatory_neuron,Minor,AD_enriched,Alternate
TRMT1-222,TRMT1,Excitatory_neuron,Dominant,CT_enriched,Alternate
TRPM3-201,TRPM3,Excitatory_neuron,Dominant,CT_enriched,Alternate
TRRAP-203,TRRAP,Excitatory_neuron,Dominant,CT_enriched,Alternate
transcript23790.chr3.nic,TSEN2,Excitatory_neuron,Dominant,CT_enriched,Alternate
TSNARE1-209,TSNARE1,Excitatory_neuron,Minor,AD_enriched,Alternate
transcript100418.chr2.nic,TTC31,Excitatory_neuron,Dominant,CT_enriched,Alternate
transcript100446.chr2.nic,TTC31,Excitatory_neuron,Minor,AD_enriched,Alternate
TTLL11-202,TTLL11,Excitatory_neuron,Minor,AD_enriched,Alternate
TTN-AS1-278,TTN-AS1,Excitatory_neuron,Dominant,CT_enriched,no_MANE_coverage
TWF2-201,TWF2,Excitatory_neuron,Dominant,AD_enriched,Canonical
transcript9580.chrY.nic,TXLNGY,Excitatory_neuron,Minor,AD_enriched,no_MANE_coverage
transcript48201.chr15.nnic,TYRO3,Excitatory_neuron,Minor,AD_enriched,Alternate
U2AF1-208,U2AF1,Excitatory_neuron,Dominant,CT_enriched,Alternate
UBAP2-204,UBAP2,Excitatory_neuron,Dominant,CT_enriched,Canonical
UBE2D3-210,UBE2D3,Excitatory_neuron,Dominant,AD_enriched,Canonical
UBTF-202,UBTF,Excitatory_neuron,Dominant,AD_enriched,Alternate
UNC13A-202,UNC13A,Excitatory_neuron,Minor,CT_enriched,Canonical
UNC13A-204,UNC13A,Excitatory_neuron,Dominant,AD_enriched,Alternate
USP53-209,USP53,Excitatory_neuron,Dominant,CT_enriched,Alternate
transcript6174.chr4.nic,UVSSA,Excitatory_neuron,Minor,AD_enriched,Alternate
UVSSA-212,UVSSA,Excitatory_neuron,Dominant,CT_enriched,Alternate
transcript134204.chr10.nnic,VCL,Excitatory_neuron,Minor,CT_enriched,Alternate
VLDLR-216,VLDLR,Excitatory_neuron,Minor,AD_enriched,Alternate
VSTM4-202,VSTM4,Excitatory_neuron,Dominant,CT_enriched,Canonical
transcript175975.chr8.nic,WASHC5,Excitatory_neuron,Minor,AD_enriched,Alternate
WASHC5-201,WASHC5,Excitatory_neuron,Dominant,CT_enriched,Canonical
WDR1-211,WDR1,Excitatory_neuron,Dominant,CT_enriched,Alternate
WDR91-208,WDR91,Excitatory_neuron,Minor,AD_enriched,Alternate
WTAP-206,WTAP,Excitatory_neuron,Minor,CT_enriched,Canonical
WWOX-218,WWOX,Excitatory_neuron,Dominant,CT_enriched,Alternate
WWOX-222,WWOX,Excitatory_neuron,Minor,AD_enriched,Alternate
XRN1-202,XRN1,Excitatory_neuron,Minor,CT_enriched,Canonical
XXYLT1-205,XXYLT1,Excitatory_neuron,Minor,AD_enriched,Alternate
XXYLT1-201,XXYLT1,Excitatory_neuron,Dominant,CT_enriched,Canonical
YPEL4-204,YPEL4,Excitatory_neuron,Minor,AD_enriched,Alternate
YPEL4-203,YPEL4,Excitatory_neuron,Dominant,CT_enriched,Alternate
ZBBX-214,ZBBX,Excitatory_neuron,Dominant,AD_enriched,Alternate
transcript271339.chr3.nnic,ZBBX,Excitatory_neuron,Minor,CT_enriched,Alternate
ZBTB24-207,ZBTB24,Excitatory_neuron,Minor,CT_enriched,Alternate
ZCCHC4-201,ZCCHC4,Excitatory_neuron,Minor,AD_enriched,Canonical
ZEB1-204,ZEB1,Excitatory_neuron,Dominant,CT_enriched,Alternate
ZGRF1-205,ZGRF1,Excitatory_neuron,Minor,CT_enriched,Alternate
ZNF236-202,ZNF236,Excitatory_neuron,Dominant,AD_enriched,Canonical
ZNF280D-201,ZNF280D,Excitatory_neuron,Dominant,AD_enriched,Canonical
ZNF3-214,ZNF3,Excitatory_neuron,Minor,AD_enriched,Alternate
ZNF335-201,ZNF335,Excitatory_neuron,Dominant,AD_enriched,Canonical
ZNF337-201,ZNF337,Excitatory_neuron,Dominant,CT_enriched,Canonical
ZNF337-202,ZNF337,Excitatory_neuron,Minor,AD_enriched,Alternate
transcript92645.chr10.nnic,ZNF33B,Excitatory_neuron,Minor,AD_enriched,Alternate
ZNF407-204,ZNF407,Excitatory_neuron,Minor,AD_enriched,Alternate
ZNF433-208,ZNF433,Excitatory_neuron,Dominant,AD_enriched,Canonical
ZNF44-202,ZNF44,Excitatory_neuron,Dominant,CT_enriched,Canonical
ZNF444-204,ZNF444,Excitatory_neuron,Dominant,CT_enriched,Alternate
ZNF462-201,ZNF462,Excitatory_neuron,Dominant,AD_enriched,Canonical
ZNF550-208,ZNF550,Excitatory_neuron,Dominant,CT_enriched,Canonical
ZNF550-204,ZNF550,Excitatory_neuron,Minor,AD_enriched,Alternate
ZNF554-201,ZNF554,Excitatory_neuron,Dominant,CT_enriched,Canonical
transcript99320.chr19.nic,ZNF571,Excitatory_neuron,Dominant,CT_enriched,Alternate
ZNF582-202,ZNF582,Excitatory_neuron,Dominant,AD_enriched,Canonical
transcript145765.chr19.nnic,ZNF582,Excitatory_neuron,Minor,CT_enriched,Alternate
ZNF620-201,ZNF620,Excitatory_neuron,Minor,AD_enriched,Canonical
ZNF620-202,ZNF620,Excitatory_neuron,Dominant,CT_enriched,Alternate
ZNF711-204,ZNF711,Excitatory_neuron,Dominant,CT_enriched,Canonical
ZNF736-202,ZNF736,Excitatory_neuron,Dominant,CT_enriched,Canonical
transcript76787.chr7.nnic,ZNF736,Excitatory_neuron,Minor,AD_enriched,Alternate
ZNF780B-202,ZNF780B,Excitatory_neuron,Minor,AD_enriched,Canonical
ZNF790-201,ZNF790,Excitatory_neuron,Dominant,CT_enriched,Canonical
AAMP-208,AAMP,Inhibitory_neuron,Dominant,CT_enriched,Alternate
AARS1-225,AARS1,Inhibitory_neuron,Minor,AD_enriched,Alternate
AARS1-201,AARS1,Inhibitory_neuron,Dominant,CT_enriched,Canonical
ABCB9-202,ABCB9,Inhibitory_neuron,Minor,AD_enriched,Alternate
transcript47592.chr16.nic,ABCC1,Inhibitory_neuron,Dominant,CT_enriched,Alternate
ACACA-237,ACACA,Inhibitory_neuron,Dominant,CT_enriched,Canonical
ACER3-212,ACER3,Inhibitory_neuron,Dominant,AD_enriched,Canonical
ACSL3-201,ACSL3,Inhibitory_neuron,Dominant,CT_enriched,Canonical
ADCK5-201,ADCK5,Inhibitory_neuron,Minor,AD_enriched,Canonical
ADCK5-205,ADCK5,Inhibitory_neuron,Dominant,CT_enriched,Alternate
ADD1-206,ADD1,Inhibitory_neuron,Minor,AD_enriched,Alternate
ADGRL3-215,ADGRL3,Inhibitory_neuron,Minor,AD_enriched,Alternate
ADPRM-201,ADPRM,Inhibitory_neuron,Minor,AD_enriched,Canonical
ADPRM-202,ADPRM,Inhibitory_neuron,Dominant,CT_enriched,Alternate
ADSL-225,ADSL,Inhibitory_neuron,Minor,CT_enriched,Alternate
ALS2-265,ALS2,Inhibitory_neuron,Minor,AD_enriched,Alternate
AMD1-203,AMD1,Inhibitory_neuron,Dominant,CT_enriched,Alternate
transcript172842.chr1.nnic,AMIGO1,Inhibitory_neuron,Minor,AD_enriched,Alternate
AMIGO1-202,AMIGO1,Inhibitory_neuron,Dominant,CT_enriched,Canonical
AMT-242,AMT,Inhibitory_neuron,Dominant,AD_enriched,Alternate
ANKHD1-203,ANKHD1,Inhibitory_neuron,Minor,AD_enriched,Canonical
ANKRD13A-210,ANKRD13A,Inhibitory_neuron,Minor,AD_enriched,Alternate
ANKS3-216,ANKS3,Inhibitory_neuron,Dominant,CT_enriched,Alternate
AP3D1-202,AP3D1,Inhibitory_neuron,Minor,AD_enriched,Alternate
AP5S1-203,AP5S1,Inhibitory_neuron,Dominant,CT_enriched,Alternate
ARFGAP1-212,ARFGAP1,Inhibitory_neuron,Minor,AD_enriched,Alternate
ARFRP1-214,ARFRP1,Inhibitory_neuron,Dominant,CT_enriched,Canonical
ARHGAP29-201,ARHGAP29,Inhibitory_neuron,Dominant,CT_enriched,Canonical
ARMC9-234,ARMC9,Inhibitory_neuron,Minor,AD_enriched,Alternate
ARMC9-240,ARMC9,Inhibitory_neuron,Minor,AD_enriched,Alternate
transcript230311.chr1.nnic,ARNT,Inhibitory_neuron,Minor,AD_enriched,Alternate
ARSG-201,ARSG,Inhibitory_neuron,Minor,AD_enriched,Alternate
ARSG-208,ARSG,Inhibitory_neuron,Dominant,CT_enriched,Canonical
ASB3-201,ASB3,Inhibitory_neuron,Dominant,AD_enriched,Canonical
ASB7-201,ASB7,Inhibitory_neuron,Minor,AD_enriched,Canonical
ASB7-202,ASB7,Inhibitory_neuron,Dominant,CT_enriched,Alternate
ASPSCR1-202,ASPSCR1,Inhibitory_neuron,Minor,AD_enriched,Canonical
ATF7IP-209,ATF7IP,Inhibitory_neuron,Minor,CT_enriched,Alternate
ATG16L1-204,ATG16L1,Inhibitory_neuron,Dominant,CT_enriched,Alternate
ATG4B-206,ATG4B,Inhibitory_neuron,Minor,CT_enriched,Alternate
ATG9A-202,ATG9A,Inhibitory_neuron,Dominant,CT_enriched,Alternate
ATG9B-209,ATG9B,Inhibitory_neuron,Dominant,CT_enriched,Alternate
ATOSA-203,ATOSA,Inhibitory_neuron,Minor,AD_enriched,Alternate
ATP13A2-203,ATP13A2,Inhibitory_neuron,Dominant,CT_enriched,Alternate
ATP13A3-210,ATP13A3,Inhibitory_neuron,Minor,AD_enriched,Alternate
ATP13A3-207,ATP13A3,Inhibitory_neuron,Minor,CT_enriched,Canonical
ATP13A3-DT-201,ATP13A3-DT,Inhibitory_neuron,Minor,CT_enriched,no_MANE_coverage
ATP1A3-214,ATP1A3,Inhibitory_neuron,Dominant,CT_enriched,Canonical
ATP1A3-207,ATP1A3,Inhibitory_neuron,Minor,AD_enriched,Alternate
ATP5MG-201,ATP5MG,Inhibitory_neuron,Dominant,CT_enriched,Canonical
ATP5MG-212,ATP5MG,Inhibitory_neuron,Minor,AD_enriched,Alternate
AZIN1-201,AZIN1,Inhibitory_neuron,Dominant,AD_enriched,Canonical
transcript196875.chr3.nic,B4GALT4,Inhibitory_neuron,Dominant,CT_enriched,Alternate
BAALC-205,BAALC,Inhibitory_neuron,Minor,CT_enriched,Alternate
BACH1-201,BACH1,Inhibitory_neuron,Dominant,CT_enriched,Canonical
BBIP1-207,BBIP1,Inhibitory_neuron,Minor,CT_enriched,Canonical
BBIP1-209,BBIP1,Inhibitory_neuron,Dominant,AD_enriched,Alternate
BBS7-201,BBS7,Inhibitory_neuron,Dominant,CT_enriched,Canonical
BBS7-204,BBS7,Inhibitory_neuron,Minor,AD_enriched,Alternate
transcript157937.chr11.nnic,BIRC2,Inhibitory_neuron,Minor,AD_enriched,Alternate
BIRC2-201,BIRC2,Inhibitory_neuron,Dominant,CT_enriched,Canonical
BIVM-201,BIVM,Inhibitory_neuron,Dominant,CT_enriched,Canonical
BIVM-211,BIVM,Inhibitory_neuron,Minor,AD_enriched,Alternate
BTBD8-208,BTBD8,Inhibitory_neuron,Dominant,CT_enriched,Alternate
BTN2A1-202,BTN2A1,Inhibitory_neuron,Minor,AD_enriched,Alternate
CABIN1-201,CABIN1,Inhibitory_neuron,Dominant,CT_enriched,Canonical
CACNA1D-214,CACNA1D,Inhibitory_neuron,Minor,AD_enriched,Alternate
CALCOCO1-218,CALCOCO1,Inhibitory_neuron,Dominant,CT_enriched,Canonical
CALD1-201,CALD1,Inhibitory_neuron,Minor,AD_enriched,Canonical
CAPZB-208,CAPZB,Inhibitory_neuron,Minor,AD_enriched,Alternate
CAPZB-204,CAPZB,Inhibitory_neuron,Dominant,CT_enriched,Alternate
CASK-230,CASK,Inhibitory_neuron,Dominant,AD_enriched,Alternate
CBFA2T2-201,CBFA2T2,Inhibitory_neuron,Minor,AD_enriched,Canonical
CC2D1A-211,CC2D1A,Inhibitory_neuron,Minor,AD_enriched,Alternate
CC2D1A-201,CC2D1A,Inhibitory_neuron,Dominant,CT_enriched,Canonical
CCDC149-208,CCDC149,Inhibitory_neuron,Dominant,AD_enriched,Canonical
transcript69178.chr4.nic,CCDC149,Inhibitory_neuron,Minor,CT_enriched,Alternate
CCDC180-207,CCDC180,Inhibitory_neuron,Dominant,CT_enriched,Alternate
CCDC181-202,CCDC181,Inhibitory_neuron,Dominant,CT_enriched,Canonical
CCNL1-215,CCNL1,Inhibitory_neuron,Minor,AD_enriched,Alternate
CCNL1-202,CCNL1,Inhibitory_neuron,Dominant,CT_enriched,Canonical
CD2BP2-201,CD2BP2,Inhibitory_neuron,Dominant,AD_enriched,Canonical
transcript74827.chr16.nic,CD2BP2,Inhibitory_neuron,Minor,CT_enriched,Alternate
CDC42-201,CDC42,Inhibitory_neuron,Minor,AD_enriched,Alternate
CDK5RAP2-216,CDK5RAP2,Inhibitory_neuron,Dominant,CT_enriched,Alternate
CDKL5-203,CDKL5,Inhibitory_neuron,Minor,AD_enriched,Alternate
transcript10016.chr19.nic,CELF5,Inhibitory_neuron,Minor,CT_enriched,Alternate
transcript8044.chr19.nic,CELF5,Inhibitory_neuron,Dominant,AD_enriched,Alternate
CEP112-227,CEP112,Inhibitory_neuron,Dominant,CT_enriched,Alternate
CEP112-223,CEP112,Inhibitory_neuron,Minor,AD_enriched,Alternate
CEP192-202,CEP192,Inhibitory_neuron,Minor,AD_enriched,Canonical
transcript152295.chr11.nnic,CEP57,Inhibitory_neuron,Dominant,CT_enriched,Alternate
transcript220719.chr3.nic,CHCHD6,Inhibitory_neuron,Dominant,CT_enriched,Alternate
CHD1-211,CHD1,Inhibitory_neuron,Dominant,CT_enriched,Canonical
CHD1L-223,CHD1L,Inhibitory_neuron,Minor,AD_enriched,Alternate
CHD1L-202,CHD1L,Inhibitory_neuron,Dominant,CT_enriched,Canonical
CHRNA7-201,CHRNA7,Inhibitory_neuron,Dominant,CT_enriched,Canonical
CKAP2-201,CKAP2,Inhibitory_neuron,Dominant,CT_enriched,Canonical
CKAP5-210,CKAP5,Inhibitory_neuron,Minor,AD_enriched,Canonical
CKAP5-201,CKAP5,Inhibitory_neuron,Dominant,CT_enriched,Alternate
CKMT1A-202,CKMT1A,Inhibitory_neuron,Minor,AD_enriched,Canonical
CKMT1A-204,CKMT1A,Inhibitory_neuron,Dominant,CT_enriched,Alternate
CLDN12-203,CLDN12,Inhibitory_neuron,Minor,AD_enriched,Alternate
CLK4-209,CLK4,Inhibitory_neuron,Minor,AD_enriched,Alternate
transcript98598.chr4.nic,CLOCK,Inhibitory_neuron,Minor,AD_enriched,Alternate
CNKSR2-207,CNKSR2,Inhibitory_neuron,Minor,AD_enriched,Alternate
CNKSR2-226,CNKSR2,Inhibitory_neuron,Dominant,CT_enriched,Alternate
transcript48713.chr3.nnic,CNOT10,Inhibitory_neuron,Minor,AD_enriched,Alternate
CNOT4-204,CNOT4,Inhibitory_neuron,Dominant,AD_enriched,Alternate
CNOT8-204,CNOT8,Inhibitory_neuron,Minor,AD_enriched,Alternate
CNOT8-202,CNOT8,Inhibitory_neuron,Dominant,CT_enriched,Alternate
COPB2-217,COPB2,Inhibitory_neuron,Minor,AD_enriched,Alternate
COPG2-201,COPG2,Inhibitory_neuron,Minor,AD_enriched,Alternate
COPG2-202,COPG2,Inhibitory_neuron,Dominant,CT_enriched,Canonical
CRAT-218,CRAT,Inhibitory_neuron,Minor,CT_enriched,Alternate
CSGALNACT1-220,CSGALNACT1,Inhibitory_neuron,Dominant,CT_enriched,Alternate
transcript144674.chr11.nic,CTSC,Inhibitory_neuron,Dominant,CT_enriched,Alternate
CYB5D2-201,CYB5D2,Inhibitory_neuron,Minor,AD_enriched,Canonical
CYBC1-232,CYBC1,Inhibitory_neuron,Dominant,CT_enriched,Alternate
CYTH2-203,CYTH2,Inhibitory_neuron,Minor,AD_enriched,Alternate
CYTH2-210,CYTH2,Inhibitory_neuron,Dominant,CT_enriched,Alternate
DCAF11-204,DCAF11,Inhibitory_neuron,Dominant,CT_enriched,Canonical
DCAF11-217,DCAF11,Inhibitory_neuron,Minor,AD_enriched,Alternate
transcript190185.chr4.nic,DCHS2,Inhibitory_neuron,Dominant,CT_enriched,Alternate
DCLK1-202,DCLK1,Inhibitory_neuron,Dominant,CT_enriched,Canonical
DCLK1-201,DCLK1,Inhibitory_neuron,Minor,AD_enriched,Alternate
DCTN2-209,DCTN2,Inhibitory_neuron,Minor,AD_enriched,Canonical
DCUN1D4-202,DCUN1D4,Inhibitory_neuron,Dominant,CT_enriched,Alternate
DCUN1D4-201,DCUN1D4,Inhibitory_neuron,Minor,AD_enriched,Canonical
DDRGK1-202,DDRGK1,Inhibitory_neuron,Minor,AD_enriched,Alternate
DDRGK1-201,DDRGK1,Inhibitory_neuron,Dominant,CT_enriched,Canonical
DDX18-201,DDX18,Inhibitory_neuron,Dominant,CT_enriched,Canonical
DDX18-205,DDX18,Inhibitory_neuron,Minor,AD_enriched,Alternate
DDX19A-209,DDX19A,Inhibitory_neuron,Minor,AD_enriched,Alternate
DDX19A-201,DDX19A,Inhibitory_neuron,Dominant,CT_enriched,Canonical
DDX21-201,DDX21,Inhibitory_neuron,Dominant,CT_enriched,Canonical
DDX54-202,DDX54,Inhibitory_neuron,Dominant,AD_enriched,Alternate
DDX54-201,DDX54,Inhibitory_neuron,Minor,CT_enriched,Canonical
transcript136383.chr8.nic,DECR1,Inhibitory_neuron,Minor,AD_enriched,Alternate
DGKB-203,DGKB,Inhibitory_neuron,Dominant,AD_enriched,Alternate
DGKB-202,DGKB,Inhibitory_neuron,Minor,CT_enriched,Canonical
DGKD-213,DGKD,Inhibitory_neuron,Minor,AD_enriched,Alternate
DGKD-201,DGKD,Inhibitory_neuron,Dominant,CT_enriched,Canonical
DHX30-202,DHX30,Inhibitory_neuron,Minor,AD_enriched,Alternate
DIDO1-204,DIDO1,Inhibitory_neuron,Minor,CT_enriched,Alternate
DIMT1-201,DIMT1,Inhibitory_neuron,Minor,AD_enriched,Canonical
DLG5-207,DLG5,Inhibitory_neuron,Dominant,CT_enriched,Alternate
DLX6-AS1-206,DLX6-AS1,Inhibitory_neuron,Minor,AD_enriched,no_MANE_coverage
DMD-280,DMD,Inhibitory_neuron,Dominant,CT_enriched,Alternate
DMTF1-201,DMTF1,Inhibitory_neuron,Dominant,CT_enriched,Canonical
DNPEP-201,DNPEP,Inhibitory_neuron,Dominant,CT_enriched,Canonical
DOCK11-204,DOCK11,Inhibitory_neuron,Minor,AD_enriched,Alternate
DOCK4-202,DOCK4,Inhibitory_neuron,Dominant,CT_enriched,Alternate
DPAGT1-242,DPAGT1,Inhibitory_neuron,Minor,AD_enriched,Alternate
DPF3-209,DPF3,Inhibitory_neuron,Dominant,CT_enriched,Canonical
DPH1-205,DPH1,Inhibitory_neuron,Dominant,CT_enriched,Alternate
DPYSL3-201,DPYSL3,Inhibitory_neuron,Minor,AD_enriched,Canonical
DPYSL3-202,DPYSL3,Inhibitory_neuron,Dominant,CT_enriched,Alternate
DSCAM-203,DSCAM,Inhibitory_neuron,Dominant,CT_enriched,Alternate
DSCAM-201,DSCAM,Inhibitory_neuron,Minor,AD_enriched,Canonical
DTNA-225,DTNA,Inhibitory_neuron,Minor,AD_enriched,Alternate
DYM-201,DYM,Inhibitory_neuron,Minor,AD_enriched,Alternate
DYM-220,DYM,Inhibitory_neuron,Dominant,CT_enriched,Canonical
ECE2-203,ECE2,Inhibitory_neuron,Minor,CT_enriched,Canonical
EDRF1-209,EDRF1,Inhibitory_neuron,Minor,AD_enriched,Alternate
EDRF1-201,EDRF1,Inhibitory_neuron,Dominant,CT_enriched,Alternate
EGFR-212,EGFR,Inhibitory_neuron,Minor,AD_enriched,Alternate
EIF2A-201,EIF2A,Inhibitory_neuron,Minor,CT_enriched,Alternate
EIF2A-203,EIF2A,Inhibitory_neuron,Dominant,AD_enriched,Canonical
EIF4A2-203,EIF4A2,Inhibitory_neuron,Minor,AD_enriched,Alternate
EIF4A2-201,EIF4A2,Inhibitory_neuron,Dominant,CT_enriched,Canonical
ELMO2-201,ELMO2,Inhibitory_neuron,Minor,AD_enriched,Canonical
ELMO2-204,ELMO2,Inhibitory_neuron,Dominant,CT_enriched,Alternate
ENST00000697541,ENSG00000289731,Inhibitory_neuron,Dominant,CT_enriched,no_MANE_coverage
ENST00000381231,ENSG00000291060,Inhibitory_neuron,Dominant,CT_enriched,no_MANE_coverage
ENST00000522841,ENSG00000291073,Inhibitory_neuron,Dominant,CT_enriched,no_MANE_coverage
ENTPD6-203,ENTPD6,Inhibitory_neuron,Minor,AD_enriched,Canonical
EP400-204,EP400,Inhibitory_neuron,Dominant,CT_enriched,Canonical
EPB41L2-233,EPB41L2,Inhibitory_neuron,Dominant,CT_enriched,Alternate
EPHA5-204,EPHA5,Inhibitory_neuron,Minor,AD_enriched,Alternate
EPHA7-215,EPHA7,Inhibitory_neuron,Dominant,AD_enriched,Alternate
ERBB4-204,ERBB4,Inhibitory_neuron,Minor,AD_enriched,Alternate
ERBB4-201,ERBB4,Inhibitory_neuron,Dominant,CT_enriched,Alternate
ERCC6-221,ERCC6,Inhibitory_neuron,Minor,AD_enriched,Alternate
ERMP1-209,ERMP1,Inhibitory_neuron,Minor,AD_enriched,Alternate
ETV1-205,ETV1,Inhibitory_neuron,Minor,AD_enriched,Alternate
EXOSC2-227,EXOSC2,Inhibitory_neuron,Dominant,CT_enriched,Alternate
FADS3-208,FADS3,Inhibitory_neuron,Minor,CT_enriched,Alternate
FAM120B-201,FAM120B,Inhibitory_neuron,Dominant,CT_enriched,Canonical
FAM153A-232,FAM153A,Inhibitory_neuron,Dominant,CT_enriched,Alternate
FAM222B-208,FAM222B,Inhibitory_neuron,Minor,AD_enriched,Canonical
FAM234A-203,FAM234A,Inhibitory_neuron,Dominant,CT_enriched,Canonical
FAN1-212,FAN1,Inhibitory_neuron,Dominant,CT_enriched,Alternate
FANCM-204,FANCM,Inhibitory_neuron,Dominant,CT_enriched,Alternate
FANCM-220,FANCM,Inhibitory_neuron,Minor,AD_enriched,Alternate
FASTKD5-202,FASTKD5,Inhibitory_neuron,Minor,AD_enriched,Alternate
FASTKD5-201,FASTKD5,Inhibitory_neuron,Dominant,CT_enriched,Canonical
FBN1-208,FBN1,Inhibitory_neuron,Minor,AD_enriched,Alternate
FBXO42-201,FBXO42,Inhibitory_neuron,Dominant,AD_enriched,Canonical
FBXO42-204,FBXO42,Inhibitory_neuron,Minor,CT_enriched,Alternate
FBXW11-204,FBXW11,Inhibitory_neuron,Minor,AD_enriched,Canonical
FHIP2B-201,FHIP2B,Inhibitory_neuron,Dominant,CT_enriched,Canonical
FHIP2B-203,FHIP2B,Inhibitory_neuron,Minor,AD_enriched,Alternate
FIG4-207,FIG4,Inhibitory_neuron,Minor,AD_enriched,Alternate
transcript190556.chr9.nic,FKBP15,Inhibitory_neuron,Minor,AD_enriched,Alternate
FLAD1-201,FLAD1,Inhibitory_neuron,Minor,CT_enriched,Canonical
FOXO3-203,FOXO3,Inhibitory_neuron,Minor,AD_enriched,Alternate
transcript168434.chr10.nic,FRA10AC1,Inhibitory_neuron,Dominant,CT_enriched,Alternate
FRA10AC1-201,FRA10AC1,Inhibitory_neuron,Minor,AD_enriched,Canonical
FRMD4A-203,FRMD4A,Inhibitory_neuron,Minor,AD_enriched,Canonical
transcript142153.chr1.nic,FUBP1,Inhibitory_neuron,Minor,AD_enriched,Alternate
FUT8-203,FUT8,Inhibitory_neuron,Dominant,CT_enriched,Alternate
FUT8-216,FUT8,Inhibitory_neuron,Minor,AD_enriched,Canonical
GABRB2-218,GABRB2,Inhibitory_neuron,Dominant,CT_enriched,Alternate
GALNT16-202,GALNT16,Inhibitory_neuron,Minor,AD_enriched,Canonical
GBF1-280,GBF1,Inhibitory_neuron,Dominant,CT_enriched,Alternate
GCC2-218,GCC2,Inhibitory_neuron,Minor,AD_enriched,Alternate
GGCX-201,GGCX,Inhibitory_neuron,Dominant,CT_enriched,Canonical
GIT2-204,GIT2,Inhibitory_neuron,Dominant,CT_enriched,Alternate
transcript14161.chr7.nnic,GLCCI1,Inhibitory_neuron,Minor,AD_enriched,Alternate
GMEB1-203,GMEB1,Inhibitory_neuron,Dominant,CT_enriched,Canonical
GMEB1-201,GMEB1,Inhibitory_neuron,Minor,AD_enriched,Alternate
GNB1-201,GNB1,Inhibitory_neuron,Dominant,AD_enriched,Canonical
GNL3L-202,GNL3L,Inhibitory_neuron,Minor,AD_enriched,Canonical
GPR161-202,GPR161,Inhibitory_neuron,Dominant,CT_enriched,Alternate
GPR176-201,GPR176,Inhibitory_neuron,Minor,AD_enriched,Alternate
GPR176-205,GPR176,Inhibitory_neuron,Dominant,CT_enriched,Canonical
GPR61-205,GPR61,Inhibitory_neuron,Dominant,AD_enriched,Alternate
GPR61-204,GPR61,Inhibitory_neuron,Minor,CT_enriched,Canonical
GPR85-202,GPR85,Inhibitory_neuron,Minor,AD_enriched,Canonical
GPR89A-201,GPR89A,Inhibitory_neuron,Minor,AD_enriched,Canonical
transcript221106.chr1.nic,GPR89A,Inhibitory_neuron,Dominant,CT_enriched,Alternate
GPRASP1-201,GPRASP1,Inhibitory_neuron,Dominant,CT_enriched,Alternate
GRAMD1B-202,GRAMD1B,Inhibitory_neuron,Dominant,CT_enriched,Alternate
GSS-228,GSS,Inhibitory_neuron,Dominant,AD_enriched,Canonical
GTF3C3-212,GTF3C3,Inhibitory_neuron,Minor,AD_enriched,Alternate
GTF3C3-201,GTF3C3,Inhibitory_neuron,Dominant,CT_enriched,Canonical
GTF3C5-202,GTF3C5,Inhibitory_neuron,Minor,AD_enriched,Canonical
GVQW3-209,GVQW3,Inhibitory_neuron,Dominant,CT_enriched,Alternate
GVQW3-202,GVQW3,Inhibitory_neuron,Minor,AD_enriched,Canonical
HACE1-201,HACE1,Inhibitory_neuron,Dominant,CT_enriched,Canonical
HAUS5-206,HAUS5,Inhibitory_neuron,Dominant,AD_enriched,Alternate
HDAC5-213,HDAC5,Inhibitory_neuron,Minor,AD_enriched,Canonical
HDAC6-236,HDAC6,Inhibitory_neuron,Minor,AD_enriched,Alternate
HDGFL2-210,HDGFL2,Inhibitory_neuron,Minor,CT_enriched,Alternate
HECTD4-213,HECTD4,Inhibitory_neuron,Minor,AD_enriched,Alternate
transcript47646.chr7.nic,HERPUD2,Inhibitory_neuron,Minor,CT_enriched,Alternate
HGF-211,HGF,Inhibitory_neuron,Minor,AD_enriched,Alternate
HGF-201,HGF,Inhibitory_neuron,Dominant,CT_enriched,Canonical
HLA-A-209,HLA-A,Inhibitory_neuron,Minor,AD_enriched,Alternate
HLA-L-213,HLA-L,Inhibitory_neuron,Dominant,AD_enriched,no_MANE_coverage
HLA-L-223,HLA-L,Inhibitory_neuron,Minor,CT_enriched,no_MANE_coverage
HLCS-208,HLCS,Inhibitory_neuron,Dominant,CT_enriched,Alternate
transcript115576.chr15.nnic,HMG20A,Inhibitory_neuron,Minor,CT_enriched,Alternate
HNRNPH1-206,HNRNPH1,Inhibitory_neuron,Minor,AD_enriched,Alternate
HOOK2-201,HOOK2,Inhibitory_neuron,Minor,AD_enriched,Alternate
HPS1-245,HPS1,Inhibitory_neuron,Minor,AD_enriched,Alternate
transcript160544.chr9.nic,IARS1,Inhibitory_neuron,Dominant,CT_enriched,Alternate
ICA1L-201,ICA1L,Inhibitory_neuron,Dominant,CT_enriched,Canonical
IFNAR2-202,IFNAR2,Inhibitory_neuron,Dominant,CT_enriched,Canonical
INSR-201,INSR,Inhibitory_neuron,Minor,CT_enriched,Canonical
INTU-201,INTU,Inhibitory_neuron,Dominant,CT_enriched,Canonical
ITCH-202,ITCH,Inhibitory_neuron,Dominant,CT_enriched,Canonical
ITCH-203,ITCH,Inhibitory_neuron,Minor,AD_enriched,Alternate
JARID2-201,JARID2,Inhibitory_neuron,Minor,CT_enriched,Canonical
KALRN-201,KALRN,Inhibitory_neuron,Minor,CT_enriched,Alternate
KARS1-201,KARS1,Inhibitory_neuron,Dominant,CT_enriched,Canonical
KAT14-212,KAT14,Inhibitory_neuron,Minor,CT_enriched,Alternate
KCNH2-203,KCNH2,Inhibitory_neuron,Dominant,CT_enriched,Alternate
KIAA0513-206,KIAA0513,Inhibitory_neuron,Dominant,CT_enriched,Canonical
KIAA1191-212,KIAA1191,Inhibitory_neuron,Minor,AD_enriched,Alternate
KIAA1328-212,KIAA1328,Inhibitory_neuron,Minor,CT_enriched,Alternate
KIAA1328-201,KIAA1328,Inhibitory_neuron,Dominant,AD_enriched,Canonical
transcript5372.chr9.nic,KIAA2026,Inhibitory_neuron,Minor,CT_enriched,Alternate
KIF1B-214,KIF1B,Inhibitory_neuron,Dominant,CT_enriched,Canonical
KIT-223,KIT,Inhibitory_neuron,Minor,AD_enriched,Alternate
KMT2C-247,KMT2C,Inhibitory_neuron,Minor,AD_enriched,Alternate
LAMA3-215,LAMA3,Inhibitory_neuron,Dominant,CT_enriched,Alternate
LARP1B-201,LARP1B,Inhibitory_neuron,Dominant,CT_enriched,Canonical
transcript36368.chr2.nnic,LCLAT1,Inhibitory_neuron,Dominant,CT_enriched,Alternate
LGI1-202,LGI1,Inhibitory_neuron,Dominant,CT_enriched,Canonical
LGI1-206,LGI1,Inhibitory_neuron,Minor,AD_enriched,Alternate
transcript189660.chr7.nnic,LINC-PINT,Inhibitory_neuron,Minor,AD_enriched,no_MANE_coverage
transcript164493.chr3.nnic,LINC00882,Inhibitory_neuron,Minor,AD_enriched,no_MANE_coverage
LINC02981-213,LINC02981,Inhibitory_neuron,Minor,AD_enriched,no_MANE_coverage
LMO7-207,LMO7,Inhibitory_neuron,Dominant,AD_enriched,Alternate
LRCH1-204,LRCH1,Inhibitory_neuron,Minor,AD_enriched,Alternate
LRP8-201,LRP8,Inhibitory_neuron,Dominant,CT_enriched,Canonical
LRP8-236,LRP8,Inhibitory_neuron,Minor,AD_enriched,Alternate
transcript140592.chr17.nic,LRRC45,Inhibitory_neuron,Dominant,CT_enriched,Alternate
LRRC4C-201,LRRC4C,Inhibitory_neuron,Dominant,AD_enriched,Alternate
LRRCC1-203,LRRCC1,Inhibitory_neuron,Minor,AD_enriched,Alternate
LRRN2-201,LRRN2,Inhibitory_neuron,Minor,AD_enriched,Alternate
LRRN2-203,LRRN2,Inhibitory_neuron,Dominant,CT_enriched,Canonical
LRSAM1-204,LRSAM1,Inhibitory_neuron,Dominant,CT_enriched,Alternate
transcript43561.chr7.nnic,LSM5,Inhibitory_neuron,Minor,AD_enriched,Alternate
LYPD6-203,LYPD6,Inhibitory_neuron,Minor,AD_enriched,Alternate
MAGI2-AS3-245,MAGI2-AS3,Inhibitory_neuron,Minor,AD_enriched,no_MANE_coverage
MAN1B1-239,MAN1B1,Inhibitory_neuron,Dominant,CT_enriched,Alternate
MAP3K4-202,MAP3K4,Inhibitory_neuron,Minor,AD_enriched,Alternate
MAP4K5-208,MAP4K5,Inhibitory_neuron,Dominant,CT_enriched,Alternate
transcript197227.chr4.nnic,MARCHF1,Inhibitory_neuron,Dominant,AD_enriched,Alternate
MARCHF1-201,MARCHF1,Inhibitory_neuron,Minor,CT_enriched,Alternate
MATCAP1-203,MATCAP1,Inhibitory_neuron,Minor,AD_enriched,Alternate
MATK-201,MATK,Inhibitory_neuron,Minor,AD_enriched,Canonical
MATK-202,MATK,Inhibitory_neuron,Dominant,CT_enriched,Alternate
MCC-202,MCC,Inhibitory_neuron,Minor,AD_enriched,Canonical
MED23-205,MED23,Inhibitory_neuron,Dominant,CT_enriched,Canonical
METTL9-201,METTL9,Inhibitory_neuron,Dominant,CT_enriched,Canonical
MFN2-201,MFN2,Inhibitory_neuron,Dominant,CT_enriched,Canonical
MIGA2-214,MIGA2,Inhibitory_neuron,Dominant,CT_enriched,Canonical
MINAR1-202,MINAR1,Inhibitory_neuron,Dominant,CT_enriched,Alternate
MINAR1-201,MINAR1,Inhibitory_neuron,Minor,AD_enriched,Canonical
MIPOL1-216,MIPOL1,Inhibitory_neuron,Dominant,CT_enriched,Canonical
MIR100HG-201,MIR100HG,Inhibitory_neuron,Dominant,CT_enriched,no_MANE_coverage
MLST8-232,MLST8,Inhibitory_neuron,Dominant,CT_enriched,Canonical
MOGS-205,MOGS,Inhibitory_neuron,Minor,AD_enriched,Alternate
MRM2-201,MRM2,Inhibitory_neuron,Minor,AD_enriched,Canonical
MROH1-203,MROH1,Inhibitory_neuron,Minor,AD_enriched,Alternate
MRPL28-201,MRPL28,Inhibitory_neuron,Minor,AD_enriched,Canonical
MRPL28-209,MRPL28,Inhibitory_neuron,Dominant,CT_enriched,Alternate
MRPL49-201,MRPL49,Inhibitory_neuron,Dominant,AD_enriched,Canonical
transcript78802.chr11.nic,MRPL49,Inhibitory_neuron,Minor,CT_enriched,Alternate
MRPS25-207,MRPS25,Inhibitory_neuron,Dominant,CT_enriched,Alternate
MRPS5-201,MRPS5,Inhibitory_neuron,Dominant,CT_enriched,Canonical
MRPS5-207,MRPS5,Inhibitory_neuron,Minor,AD_enriched,Alternate
MTHFD1-211,MTHFD1,Inhibitory_neuron,Minor,CT_enriched,Alternate
MTMR14-203,MTMR14,Inhibitory_neuron,Minor,AD_enriched,Alternate
MTR-205,MTR,Inhibitory_neuron,Minor,AD_enriched,Alternate
MYD88-212,MYD88,Inhibitory_neuron,Minor,CT_enriched,Alternate
MZF1-201,MZF1,Inhibitory_neuron,Minor,AD_enriched,Canonical
NAA60-229,NAA60,Inhibitory_neuron,Dominant,CT_enriched,Alternate
NAA60-202,NAA60,Inhibitory_neuron,Minor,AD_enriched,Canonical
transcript26823.chr11.nnic,NAV2,Inhibitory_neuron,Minor,CT_enriched,Alternate
NCLN-208,NCLN,Inhibitory_neuron,Minor,AD_enriched,Alternate
NCLN-201,NCLN,Inhibitory_neuron,Dominant,CT_enriched,Canonical
transcript184301.chr8.nic,NDRG1,Inhibitory_neuron,Minor,AD_enriched,Alternate
NDRG1-201,NDRG1,Inhibitory_neuron,Dominant,CT_enriched,Canonical
transcript100761.chr11.nic,NDUFS8,Inhibitory_neuron,Dominant,CT_enriched,Alternate
NEBL-222,NEBL,Inhibitory_neuron,Minor,AD_enriched,Alternate
NEBL-203,NEBL,Inhibitory_neuron,Dominant,CT_enriched,Alternate
NEPRO-201,NEPRO,Inhibitory_neuron,Dominant,CT_enriched,Canonical
transcript71270.chr18.nnic,NETO1,Inhibitory_neuron,Minor,AD_enriched,Alternate
NETO1-201,NETO1,Inhibitory_neuron,Dominant,CT_enriched,Canonical
NF1-229,NF1,Inhibitory_neuron,Dominant,CT_enriched,Alternate
NHLRC3-201,NHLRC3,Inhibitory_neuron,Dominant,CT_enriched,Alternate
NINL-201,NINL,Inhibitory_neuron,Dominant,AD_enriched,Canonical
NISCH-202,NISCH,Inhibitory_neuron,Minor,AD_enriched,Alternate
NISCH-212,NISCH,Inhibitory_neuron,Dominant,CT_enriched,Alternate
NLGN4X-203,NLGN4X,Inhibitory_neuron,Dominant,CT_enriched,Alternate
NLGN4X-204,NLGN4X,Inhibitory_neuron,Minor,AD_enriched,Canonical
NONO-230,NONO,Inhibitory_neuron,Minor,CT_enriched,Alternate
transcript249261.chr1.nic,NOS1AP,Inhibitory_neuron,Minor,CT_enriched,Alternate
NOVA1-206,NOVA1,Inhibitory_neuron,Dominant,CT_enriched,Canonical
transcript151351.chr4.nic,NPNT,Inhibitory_neuron,Minor,AD_enriched,Alternate
NPNT-202,NPNT,Inhibitory_neuron,Dominant,CT_enriched,Canonical
NREP-201,NREP,Inhibitory_neuron,Dominant,AD_enriched,Canonical
NUMB-211,NUMB,Inhibitory_neuron,Dominant,CT_enriched,Alternate
NUP214-232,NUP214,Inhibitory_neuron,Dominant,CT_enriched,Alternate
NUP58-209,NUP58,Inhibitory_neuron,Minor,AD_enriched,Alternate
NUP98-231,NUP98,Inhibitory_neuron,Minor,AD_enriched,Alternate
OBSCN-201,OBSCN,Inhibitory_neuron,Dominant,CT_enriched,Alternate
OFD1-201,OFD1,Inhibitory_neuron,Dominant,CT_enriched,Canonical
OFD1-210,OFD1,Inhibitory_neuron,Minor,AD_enriched,Alternate
OGFOD3-201,OGFOD3,Inhibitory_neuron,Dominant,CT_enriched,Canonical
ORC3-202,ORC3,Inhibitory_neuron,Dominant,CT_enriched,Canonical
ORC3-201,ORC3,Inhibitory_neuron,Minor,AD_enriched,Alternate
PACS1-205,PACS1,Inhibitory_neuron,Dominant,CT_enriched,Alternate
PACS1-201,PACS1,Inhibitory_neuron,Minor,AD_enriched,Canonical
transcript124956.chr14.nic,PACS2,Inhibitory_neuron,Minor,CT_enriched,Alternate
PAFAH1B1-202,PAFAH1B1,Inhibitory_neuron,Dominant,CT_enriched,Canonical
PAK3-206,PAK3,Inhibitory_neuron,Dominant,CT_enriched,Alternate
PAK3-203,PAK3,Inhibitory_neuron,Minor,AD_enriched,Canonical
transcript15286.chr20.nnic,PAK5,Inhibitory_neuron,Minor,CT_enriched,Alternate
PALS1-209,PALS1,Inhibitory_neuron,Minor,AD_enriched,Alternate
PALS1-208,PALS1,Inhibitory_neuron,Minor,AD_enriched,Alternate
PAQR8-202,PAQR8,Inhibitory_neuron,Dominant,CT_enriched,Canonical
PAX8-AS1-213,PAX8-AS1,Inhibitory_neuron,Dominant,CT_enriched,no_MANE_coverage
PAX8-AS1-211,PAX8-AS1,Inhibitory_neuron,Minor,AD_enriched,no_MANE_coverage
PAXBP1-202,PAXBP1,Inhibitory_neuron,Minor,CT_enriched,Canonical
PCDHGC3-201,PCDHGC3,Inhibitory_neuron,Minor,CT_enriched,Canonical
PCDHGC3-202,PCDHGC3,Inhibitory_neuron,Dominant,AD_enriched,Alternate
PDCD6-201,PDCD6,Inhibitory_neuron,Dominant,CT_enriched,Canonical
PDCD6-209,PDCD6,Inhibitory_neuron,Minor,AD_enriched,Alternate
transcript14612.chr1.nic,PER3,Inhibitory_neuron,Dominant,CT_enriched,Alternate
PEX10-202,PEX10,Inhibitory_neuron,Dominant,CT_enriched,Canonical
PEX10-201,PEX10,Inhibitory_neuron,Minor,AD_enriched,Alternate
PGM3-248,PGM3,Inhibitory_neuron,Minor,AD_enriched,Alternate
PHF12-205,PHF12,Inhibitory_neuron,Dominant,CT_enriched,Alternate
PHF12-202,PHF12,Inhibitory_neuron,Minor,AD_enriched,Canonical
PHF8-202,PHF8,Inhibitory_neuron,Dominant,CT_enriched,Canonical
PHLDB2-207,PHLDB2,Inhibitory_neuron,Minor,CT_enriched,Alternate
PIK3CA-201,PIK3CA,Inhibitory_neuron,Dominant,CT_enriched,Canonical
PLCB4-214,PLCB4,Inhibitory_neuron,Minor,AD_enriched,Alternate
PLEC-210,PLEC,Inhibitory_neuron,Minor,AD_enriched,Alternate
PPARGC1A-201,PPARGC1A,Inhibitory_neuron,Dominant,CT_enriched,Canonical
PPARGC1A-204,PPARGC1A,Inhibitory_neuron,Minor,AD_enriched,Alternate
PPFIA1-222,PPFIA1,Inhibitory_neuron,Minor,AD_enriched,Alternate
PPIP5K1-208,PPIP5K1,Inhibitory_neuron,Minor,AD_enriched,Canonical
PPM1K-209,PPM1K,Inhibitory_neuron,Dominant,CT_enriched,Alternate
PPP1R10-201,PPP1R10,Inhibitory_neuron,Minor,AD_enriched,Canonical
transcript39631.chr6.nic,PPP1R10,Inhibitory_neuron,Dominant,CT_enriched,Alternate
PRKAR2B-201,PRKAR2B,Inhibitory_neuron,Minor,AD_enriched,Canonical
PRKD1-202,PRKD1,Inhibitory_neuron,Minor,AD_enriched,Alternate
PRKD1-201,PRKD1,Inhibitory_neuron,Dominant,CT_enriched,Canonical
PRKN-211,PRKN,Inhibitory_neuron,Minor,AD_enriched,Alternate
PRKRIP1-208,PRKRIP1,Inhibitory_neuron,Minor,AD_enriched,Alternate
PRKRIP1-201,PRKRIP1,Inhibitory_neuron,Dominant,CT_enriched,Canonical
PRUNE2-202,PRUNE2,Inhibitory_neuron,Dominant,CT_enriched,Alternate
PSKH1-201,PSKH1,Inhibitory_neuron,Dominant,CT_enriched,Canonical
PSKH1-202,PSKH1,Inhibitory_neuron,Minor,AD_enriched,Alternate
PSMD1-215,PSMD1,Inhibitory_neuron,Minor,AD_enriched,Alternate
PTBP1-221,PTBP1,Inhibitory_neuron,Minor,AD_enriched,Alternate
PTBP3-205,PTBP3,Inhibitory_neuron,Dominant,AD_enriched,Canonical
transcript14640.chr18.nic,PTPRM,Inhibitory_neuron,Dominant,CT_enriched,Alternate
PTPRM-205,PTPRM,Inhibitory_neuron,Minor,AD_enriched,Alternate
PWWP2A-201,PWWP2A,Inhibitory_neuron,Dominant,CT_enriched,Canonical
transcript883.chr16.nic,RAB40C,Inhibitory_neuron,Dominant,CT_enriched,Alternate
RABGGTA-201,RABGGTA,Inhibitory_neuron,Minor,AD_enriched,Canonical
RAD21-212,RAD21,Inhibitory_neuron,Minor,AD_enriched,Alternate
RAD51C-219,RAD51C,Inhibitory_neuron,Minor,AD_enriched,Alternate
transcript7592.chr22.nic,RANBP1,Inhibitory_neuron,Dominant,CT_enriched,Alternate
RANBP2-206,RANBP2,Inhibitory_neuron,Minor,CT_enriched,Alternate
RANBP2-201,RANBP2,Inhibitory_neuron,Dominant,AD_enriched,Canonical
RARS2-246,RARS2,Inhibitory_neuron,Dominant,CT_enriched,Alternate
RBL2-201,RBL2,Inhibitory_neuron,Dominant,CT_enriched,Canonical
RBL2-209,RBL2,Inhibitory_neuron,Minor,AD_enriched,Alternate
RBM33-207,RBM33,Inhibitory_neuron,Minor,AD_enriched,Canonical
RBM33-201,RBM33,Inhibitory_neuron,Dominant,CT_enriched,Alternate
RBM41-209,RBM41,Inhibitory_neuron,Dominant,CT_enriched,Canonical
REL-204,REL,Inhibitory_neuron,Minor,AD_enriched,Alternate
REL-202,REL,Inhibitory_neuron,Dominant,CT_enriched,Canonical
RETREG2-201,RETREG2,Inhibitory_neuron,Minor,AD_enriched,Alternate
RETREG2-203,RETREG2,Inhibitory_neuron,Dominant,CT_enriched,Canonical
RGS12-220,RGS12,Inhibitory_neuron,Dominant,CT_enriched,Alternate
RIC8B-205,RIC8B,Inhibitory_neuron,Dominant,CT_enriched,Alternate
RIMBP2-216,RIMBP2,Inhibitory_neuron,Minor,AD_enriched,Alternate
RIMS2-219,RIMS2,Inhibitory_neuron,Dominant,CT_enriched,Alternate
RIOK3-205,RIOK3,Inhibitory_neuron,Minor,AD_enriched,Alternate
RIOK3-201,RIOK3,Inhibitory_neuron,Dominant,CT_enriched,Canonical
RNASEH2B-208,RNASEH2B,Inhibitory_neuron,Dominant,CT_enriched,Alternate
transcript125102.chrX.nic,RNF128,Inhibitory_neuron,Minor,AD_enriched,Alternate
RNF128-201,RNF128,Inhibitory_neuron,Dominant,CT_enriched,Canonical
RNF144A-201,RNF144A,Inhibitory_neuron,Dominant,CT_enriched,Canonical
transcript9298.chr2.nic,RNF144A,Inhibitory_neuron,Minor,AD_enriched,Alternate
RNGTT-204,RNGTT,Inhibitory_neuron,Minor,AD_enriched,Alternate
RNGTT-202,RNGTT,Inhibitory_neuron,Dominant,CT_enriched,Canonical
RNPEPL1-201,RNPEPL1,Inhibitory_neuron,Minor,AD_enriched,Canonical
ROBO2-202,ROBO2,Inhibitory_neuron,Minor,AD_enriched,Alternate
ROBO2-204,ROBO2,Inhibitory_neuron,Dominant,CT_enriched,Alternate
transcript60195.chr3.nnic,RPL14,Inhibitory_neuron,Dominant,CT_enriched,Alternate
transcript68086.chr17.nnic,RPL19,Inhibitory_neuron,Minor,AD_enriched,Alternate
transcript38859.chr14.nnic,RPS29,Inhibitory_neuron,Minor,AD_enriched,Alternate
RPS3-217,RPS3,Inhibitory_neuron,Dominant,CT_enriched,Canonical
RPS3-209,RPS3,Inhibitory_neuron,Minor,AD_enriched,Alternate
RSPH3-201,RSPH3,Inhibitory_neuron,Dominant,AD_enriched,Canonical
transcript213042.chr6.nnic,RSPH3,Inhibitory_neuron,Minor,CT_enriched,Alternate
transcript48755.chr9.nnic,RUSC2,Inhibitory_neuron,Minor,AD_enriched,Alternate
transcript44036.chr6.nnic,RXRB,Inhibitory_neuron,Dominant,CT_enriched,Alternate
SACM1L-206,SACM1L,Inhibitory_neuron,Dominant,CT_enriched,Alternate
SAMHD1-225,SAMHD1,Inhibitory_neuron,Minor,AD_enriched,Alternate
SAMHD1-221,SAMHD1,Inhibitory_neuron,Dominant,CT_enriched,Canonical
SAP130-201,SAP130,Inhibitory_neuron,Minor,AD_enriched,Alternate
SATB1-204,SATB1,Inhibitory_neuron,Minor,AD_enriched,Alternate
SCAF4-203,SCAF4,Inhibitory_neuron,Minor,AD_enriched,Alternate
SCAF4-201,SCAF4,Inhibitory_neuron,Dominant,CT_enriched,Canonical
SCAP-206,SCAP,Inhibitory_neuron,Minor,AD_enriched,Alternate
SCAP-201,SCAP,Inhibitory_neuron,Dominant,CT_enriched,Canonical
transcript313984.chr2.nnic,SCN1A-AS1,Inhibitory_neuron,Dominant,CT_enriched,no_MANE_coverage
SCRN1-201,SCRN1,Inhibitory_neuron,Dominant,CT_enriched,Canonical
SEC24B-203,SEC24B,Inhibitory_neuron,Minor,AD_enriched,Alternate
SEC31B-202,SEC31B,Inhibitory_neuron,Minor,CT_enriched,Alternate
SEPTIN11-203,SEPTIN11,Inhibitory_neuron,Dominant,AD_enriched,Alternate
transcript61327.chr1.nnic,SFPQ,Inhibitory_neuron,Dominant,CT_enriched,Alternate
SFPQ-205,SFPQ,Inhibitory_neuron,Minor,AD_enriched,Alternate
SGIP1-243,SGIP1,Inhibitory_neuron,Dominant,CT_enriched,Alternate
SGIP1-231,SGIP1,Inhibitory_neuron,Minor,AD_enriched,Alternate
SHOC2-217,SHOC2,Inhibitory_neuron,Minor,AD_enriched,Alternate
SHOC2-202,SHOC2,Inhibitory_neuron,Dominant,CT_enriched,Canonical
SIRT7-201,SIRT7,Inhibitory_neuron,Dominant,CT_enriched,Canonical
SKIC3-236,SKIC3,Inhibitory_neuron,Dominant,CT_enriched,Alternate
SLC11A2-201,SLC11A2,Inhibitory_neuron,Dominant,CT_enriched,Canonical
transcript65498.chr6.nnic,SLC25A27,Inhibitory_neuron,Minor,CT_enriched,Alternate
SLC25A40-201,SLC25A40,Inhibitory_neuron,Minor,AD_enriched,Canonical
SLC39A1-204,SLC39A1,Inhibitory_neuron,Minor,CT_enriched,Alternate
transcript30158.chr2.nic,SLC5A6,Inhibitory_neuron,Dominant,CT_enriched,Alternate
SLITRK3-201,SLITRK3,Inhibitory_neuron,Minor,CT_enriched,Alternate
SLITRK3-202,SLITRK3,Inhibitory_neuron,Dominant,AD_enriched,Canonical
transcript49800.chr18.nic,SMAD2,Inhibitory_neuron,Dominant,CT_enriched,Alternate
transcript168145.chr10.nnic,SORBS1,Inhibitory_neuron,Minor,AD_enriched,Alternate
SORBS1-223,SORBS1,Inhibitory_neuron,Dominant,CT_enriched,Alternate
SPEF2-205,SPEF2,Inhibitory_neuron,Minor,AD_enriched,Alternate
SPEF2-211,SPEF2,Inhibitory_neuron,Dominant,CT_enriched,Alternate
SPEN-201,SPEN,Inhibitory_neuron,Dominant,CT_enriched,Canonical
SPIDR-225,SPIDR,Inhibitory_neuron,Minor,AD_enriched,Alternate
SPIN3-201,SPIN3,Inhibitory_neuron,Minor,AD_enriched,Canonical
transcript21611.chr11.nnic,SPON1,Inhibitory_neuron,Minor,AD_enriched,Alternate
SSR1-204,SSR1,Inhibitory_neuron,Minor,AD_enriched,Alternate
SSR1-201,SSR1,Inhibitory_neuron,Dominant,CT_enriched,Canonical
ST3GAL3-277,ST3GAL3,Inhibitory_neuron,Dominant,CT_enriched,Alternate
ST3GAL5-222,ST3GAL5,Inhibitory_neuron,Dominant,CT_enriched,Canonical
ST6GALNAC6-204,ST6GALNAC6,Inhibitory_neuron,Dominant,AD_enriched,Alternate
STAMBP-202,STAMBP,Inhibitory_neuron,Dominant,CT_enriched,Canonical
STAT3-238,STAT3,Inhibitory_neuron,Minor,AD_enriched,Alternate
STAU1-206,STAU1,Inhibitory_neuron,Dominant,CT_enriched,Alternate
STAU1-207,STAU1,Inhibitory_neuron,Minor,AD_enriched,Canonical
STK11-201,STK11,Inhibitory_neuron,Dominant,AD_enriched,Canonical
STK11-202,STK11,Inhibitory_neuron,Minor,CT_enriched,Alternate
STPG1-201,STPG1,Inhibitory_neuron,Dominant,CT_enriched,Alternate
SVEP1-202,SVEP1,Inhibitory_neuron,Minor,AD_enriched,Canonical
TACC2-209,TACC2,Inhibitory_neuron,Minor,AD_enriched,Alternate
transcript7493.chr22.nic,TANGO2,Inhibitory_neuron,Dominant,CT_enriched,Alternate
TBC1D10B-201,TBC1D10B,Inhibitory_neuron,Minor,AD_enriched,Canonical
TBC1D10B-203,TBC1D10B,Inhibitory_neuron,Dominant,CT_enriched,Alternate
TBC1D23-202,TBC1D23,Inhibitory_neuron,Dominant,CT_enriched,Canonical
TBC1D23-201,TBC1D23,Inhibitory_neuron,Minor,AD_enriched,Alternate
TBC1D4-202,TBC1D4,Inhibitory_neuron,Dominant,CT_enriched,Canonical
TBC1D4-201,TBC1D4,Inhibitory_neuron,Minor,AD_enriched,Alternate
TBC1D9B-202,TBC1D9B,Inhibitory_neuron,Dominant,CT_enriched,Alternate
transcript144400.chr17.nic,TBCD,Inhibitory_neuron,Dominant,CT_enriched,Alternate
TBL2-201,TBL2,Inhibitory_neuron,Dominant,CT_enriched,Canonical
TCTN1-205,TCTN1,Inhibitory_neuron,Minor,AD_enriched,Alternate
transcript225805.chr2.nic,TGFBRAP1,Inhibitory_neuron,Minor,AD_enriched,Alternate
TGFBRAP1-201,TGFBRAP1,Inhibitory_neuron,Dominant,CT_enriched,Canonical
THOC5-216,THOC5,Inhibitory_neuron,Dominant,CT_enriched,Canonical
THOC5-204,THOC5,Inhibitory_neuron,Minor,AD_enriched,Alternate
THRB-219,THRB,Inhibitory_neuron,Minor,AD_enriched,Alternate
TLN2-209,TLN2,Inhibitory_neuron,Dominant,CT_enriched,Alternate
TMCC1-203,TMCC1,Inhibitory_neuron,Dominant,CT_enriched,Alternate
TMCC1-201,TMCC1,Inhibitory_neuron,Minor,AD_enriched,Canonical
TMEM161A-205,TMEM161A,Inhibitory_neuron,Dominant,CT_enriched,Alternate
TMEM181-201,TMEM181,Inhibitory_neuron,Dominant,AD_enriched,Alternate
TMEM196-201,TMEM196,Inhibitory_neuron,Dominant,CT_enriched,Alternate
TMEM196-202,TMEM196,Inhibitory_neuron,Minor,AD_enriched,Canonical
transcript127143.chr17.nic,TMEM94,Inhibitory_neuron,Dominant,CT_enriched,Alternate
TOP3B-201,TOP3B,Inhibitory_neuron,Minor,AD_enriched,Canonical
TRANK1-207,TRANK1,Inhibitory_neuron,Minor,AD_enriched,Alternate
TRANK1-205,TRANK1,Inhibitory_neuron,Dominant,CT_enriched,Canonical
TRIM2-267,TRIM2,Inhibitory_neuron,Dominant,CT_enriched,Alternate
TRIQK-214,TRIQK,Inhibitory_neuron,Minor,AD_enriched,Canonical
TRMU-209,TRMU,Inhibitory_neuron,Minor,AD_enriched,Alternate
transcript192671.chr8.nnic,TSNARE1,Inhibitory_neuron,Minor,AD_enriched,Alternate
transcript192840.chr8.nic,TSNARE1,Inhibitory_neuron,Dominant,CT_enriched,Alternate
TTLL3-202,TTLL3,Inhibitory_neuron,Dominant,AD_enriched,Alternate
TTLL3-228,TTLL3,Inhibitory_neuron,Minor,CT_enriched,Alternate
TXLNGY-202,TXLNGY,Inhibitory_neuron,Minor,AD_enriched,no_MANE_coverage
TXLNGY-218,TXLNGY,Inhibitory_neuron,Dominant,CT_enriched,no_MANE_coverage
transcript100378.chr1.nnic,TXNDC12,Inhibitory_neuron,Minor,AD_enriched,Alternate
TXNDC12-201,TXNDC12,Inhibitory_neuron,Dominant,CT_enriched,Canonical
TYW3-201,TYW3,Inhibitory_neuron,Dominant,CT_enriched,Canonical
transcript133689.chr1.nic,TYW3,Inhibitory_neuron,Minor,AD_enriched,Alternate
UBE2B-206,UBE2B,Inhibitory_neuron,Minor,CT_enriched,Alternate
UBE2B-201,UBE2B,Inhibitory_neuron,Dominant,AD_enriched,Canonical
UBE2W-203,UBE2W,Inhibitory_neuron,Minor,AD_enriched,Alternate
UBE2W-202,UBE2W,Inhibitory_neuron,Dominant,CT_enriched,Alternate
UNC79-201,UNC79,Inhibitory_neuron,Dominant,CT_enriched,Alternate
USP28-213,USP28,Inhibitory_neuron,Minor,CT_enriched,Alternate
USP48-201,USP48,Inhibitory_neuron,Minor,CT_enriched,Canonical
USP48-205,USP48,Inhibitory_neuron,Dominant,AD_enriched,Alternate
USP9Y-207,USP9Y,Inhibitory_neuron,Minor,CT_enriched,Alternate
UTP25-202,UTP25,Inhibitory_neuron,Dominant,CT_enriched,Canonical
transcript306238.chr1.nic,UTP25,Inhibitory_neuron,Minor,AD_enriched,Alternate
UTP6-201,UTP6,Inhibitory_neuron,Dominant,CT_enriched,Canonical
UTP6-209,UTP6,Inhibitory_neuron,Minor,AD_enriched,Alternate
UXS1-215,UXS1,Inhibitory_neuron,Minor,AD_enriched,Alternate
UXS1-201,UXS1,Inhibitory_neuron,Dominant,CT_enriched,Canonical
VCAN-209,VCAN,Inhibitory_neuron,Minor,AD_enriched,Alternate
VGLL4-211,VGLL4,Inhibitory_neuron,Minor,AD_enriched,Canonical
VPS13A-202,VPS13A,Inhibitory_neuron,Minor,CT_enriched,Canonical
VPS13B-221,VPS13B,Inhibitory_neuron,Dominant,CT_enriched,Alternate
WAC-205,WAC,Inhibitory_neuron,Dominant,CT_enriched,Alternate
transcript9421.chr7.nic,WIPI2,Inhibitory_neuron,Dominant,CT_enriched,Alternate
WWP2-201,WWP2,Inhibitory_neuron,Dominant,CT_enriched,Alternate
XPO1-233,XPO1,Inhibitory_neuron,Dominant,CT_enriched,Alternate
YTHDC1-202,YTHDC1,Inhibitory_neuron,Minor,AD_enriched,Alternate
ZBTB11-202,ZBTB11,Inhibitory_neuron,Minor,AD_enriched,Alternate
ZBTB25-204,ZBTB25,Inhibitory_neuron,Dominant,CT_enriched,Canonical
transcript59950.chr14.nnic,ZBTB25,Inhibitory_neuron,Minor,AD_enriched,Alternate
ZDHHC16-206,ZDHHC16,Inhibitory_neuron,Dominant,CT_enriched,Alternate
ZDHHC16-202,ZDHHC16,Inhibitory_neuron,Minor,AD_enriched,Alternate
ZFP62-207,ZFP62,Inhibitory_neuron,Minor,CT_enriched,Alternate
ZFPL1-215,ZFPL1,Inhibitory_neuron,Dominant,AD_enriched,Alternate
ZFPL1-201,ZFPL1,Inhibitory_neuron,Minor,CT_enriched,Canonical
ZKSCAN5-201,ZKSCAN5,Inhibitory_neuron,Minor,AD_enriched,Canonical
ZMYM2-210,ZMYM2,Inhibitory_neuron,Minor,CT_enriched,Canonical
ZNF148-201,ZNF148,Inhibitory_neuron,Dominant,CT_enriched,Canonical
ZNF148-206,ZNF148,Inhibitory_neuron,Minor,AD_enriched,Alternate
ZNF197-204,ZNF197,Inhibitory_neuron,Minor,AD_enriched,Alternate
ZNF23-202,ZNF23,Inhibitory_neuron,Minor,CT_enriched,Alternate
ZNF248-208,ZNF248,Inhibitory_neuron,Minor,AD_enriched,Alternate
ZNF253-201,ZNF253,Inhibitory_neuron,Minor,AD_enriched,Alternate
ZNF253-203,ZNF253,Inhibitory_neuron,Dominant,CT_enriched,Canonical
ZNF286A-202,ZNF286A,Inhibitory_neuron,Dominant,CT_enriched,Alternate
ZNF334-207,ZNF334,Inhibitory_neuron,Dominant,CT_enriched,Canonical
ZNF334-202,ZNF334,Inhibitory_neuron,Minor,AD_enriched,Alternate
ZNF382-201,ZNF382,Inhibitory_neuron,Dominant,CT_enriched,Canonical
ZNF382-203,ZNF382,Inhibitory_neuron,Minor,AD_enriched,Alternate
ZNF426-204,ZNF426,Inhibitory_neuron,Minor,CT_enriched,Alternate
ZNF451-207,ZNF451,Inhibitory_neuron,Dominant,AD_enriched,Alternate
ZNF532-224,ZNF532,Inhibitory_neuron,Minor,AD_enriched,Canonical
ZNF532-222,ZNF532,Inhibitory_neuron,Dominant,CT_enriched,Alternate
ZNF549-202,ZNF549,Inhibitory_neuron,Dominant,CT_enriched,Canonical
ZNF549-201,ZNF549,Inhibitory_neuron,Minor,AD_enriched,Alternate
ZNF550-208,ZNF550,Inhibitory_neuron,Dominant,CT_enriched,Canonical
ZNF550-204,ZNF550,Inhibitory_neuron,Minor,AD_enriched,Alternate
ZNF571-202,ZNF571,Inhibitory_neuron,Dominant,CT_enriched,Canonical
transcript99320.chr19.nic,ZNF571,Inhibitory_neuron,Minor,AD_enriched,Alternate
ZNF596-203,ZNF596,Inhibitory_neuron,Minor,AD_enriched,Canonical
ZNF682-203,ZNF682,Inhibitory_neuron,Minor,CT_enriched,Canonical
ZNF7-202,ZNF7,Inhibitory_neuron,Minor,AD_enriched,Alternate
ZNF7-216,ZNF7,Inhibitory_neuron,Dominant,CT_enriched,Canonical
ZNF75A-211,ZNF75A,Inhibitory_neuron,Minor,AD_enriched,Canonical
transcript98913.chr19.nic,ZNF875,Inhibitory_neuron,Minor,AD_enriched,Alternate
ZNG1B-201,ZNG1B,Inhibitory_neuron,Dominant,CT_enriched,Canonical
ZSCAN32-202,ZSCAN32,Inhibitory_neuron,Dominant,CT_enriched,Canonical
ZSCAN32-213,ZSCAN32,Inhibitory_neuron,Minor,AD_enriched,Alternate
ZSWIM8-221,ZSWIM8,Inhibitory_neuron,Dominant,CT_enriched,Canonical
ZZEF1-201,ZZEF1,Inhibitory_neuron,Dominant,CT_enriched,Canonical
N4BP2L2-229,N4BP2L2,Lymphocyte,Dominant,CT_enriched,Alternate
AFF4-201,AFF4,Microglia,Minor,AD_enriched,Canonical
AKAP9-212,AKAP9,Microglia,Minor,AD_enriched,Alternate
ANKRD44-209,ANKRD44,Microglia,Dominant,CT_enriched,Alternate
ANO6-202,ANO6,Microglia,Dominant,CT_enriched,Alternate
ATP6V1B2-206,ATP6V1B2,Microglia,Minor,AD_enriched,Alternate
ATP6V1B2-201,ATP6V1B2,Microglia,Dominant,CT_enriched,Canonical
BTK-206,BTK,Microglia,Minor,AD_enriched,Alternate
BTK-207,BTK,Microglia,Dominant,CT_enriched,Alternate
C3-201,C3,Microglia,Dominant,AD_enriched,Canonical
CRELD1-243,CRELD1,Microglia,Minor,AD_enriched,Alternate
CSDE1-202,CSDE1,Microglia,Dominant,CT_enriched,Alternate
DOCK10-201,DOCK10,Microglia,Dominant,CT_enriched,Canonical
DOCK10-202,DOCK10,Microglia,Minor,AD_enriched,Alternate
EIF4G2-208,EIF4G2,Microglia,Minor,CT_enriched,Alternate
ERC1-204,ERC1,Microglia,Dominant,CT_enriched,Alternate
ERC2-211,ERC2,Microglia,Dominant,CT_enriched,Alternate
ERCC6L2-211,ERCC6L2,Microglia,Dominant,CT_enriched,Alternate
EZH1-208,EZH1,Microglia,Dominant,CT_enriched,Alternate
FGD4-211,FGD4,Microglia,Dominant,CT_enriched,Alternate
FGD4-216,FGD4,Microglia,Minor,AD_enriched,Alternate
FOXP1-249,FOXP1,Microglia,Minor,AD_enriched,Alternate
FOXP1-266,FOXP1,Microglia,Dominant,CT_enriched,Alternate
transcript164377.chrX.nnic,GAB3,Microglia,Dominant,CT_enriched,Alternate
GDAP1-217,GDAP1,Microglia,Minor,AD_enriched,Alternate
HLA-DMA-208,HLA-DMA,Microglia,Dominant,CT_enriched,Alternate
HLA-DMA-201,HLA-DMA,Microglia,Minor,AD_enriched,Canonical
HSPA5-201,HSPA5,Microglia,Dominant,AD_enriched,Canonical
IL6ST-204,IL6ST,Microglia,Dominant,CT_enriched,Canonical
transcript131979.chr16.nic,IRF8,Microglia,Minor,AD_enriched,Alternate
transcript131729.chr16.nic,IRF8,Microglia,Dominant,CT_enriched,Alternate
ITPRID2-205,ITPRID2,Microglia,Minor,AD_enriched,Canonical
LAMP2-201,LAMP2,Microglia,Minor,AD_enriched,Canonical
LAMP2-202,LAMP2,Microglia,Dominant,CT_enriched,Alternate
LCOR-222,LCOR,Microglia,Minor,AD_enriched,Alternate
LINC01094-202,LINC01094,Microglia,Minor,AD_enriched,no_MANE_coverage
LRRK2-201,LRRK2,Microglia,Minor,AD_enriched,Canonical
LRRK2-210,LRRK2,Microglia,Dominant,CT_enriched,Alternate
MYCBP2-207,MYCBP2,Microglia,Dominant,CT_enriched,Canonical
NAV3-207,NAV3,Microglia,Dominant,CT_enriched,Alternate
NOL8-208,NOL8,Microglia,Minor,AD_enriched,Canonical
transcript176161.chr8.nnic,NSMCE2,Microglia,Minor,AD_enriched,Alternate
transcript176277.chr8.nic,NSMCE2,Microglia,Dominant,CT_enriched,Alternate
NUMA1-212,NUMA1,Microglia,Dominant,CT_enriched,Alternate
NUP210-202,NUP210,Microglia,Dominant,CT_enriched,Alternate
NUP210-201,NUP210,Microglia,Minor,AD_enriched,Canonical
NUP62-202,NUP62,Microglia,Minor,AD_enriched,Alternate
PALD1-211,PALD1,Microglia,Minor,CT_enriched,Alternate
PALD1-201,PALD1,Microglia,Dominant,AD_enriched,Canonical
PCNT-209,PCNT,Microglia,Dominant,CT_enriched,Alternate
PHC3-214,PHC3,Microglia,Dominant,CT_enriched,Alternate
PHF3-204,PHF3,Microglia,Minor,AD_enriched,Alternate
transcript251349.chr3.nic,PLSCR1,Microglia,Minor,CT_enriched,Alternate
POMK-201,POMK,Microglia,Minor,AD_enriched,Canonical
RALGAPA1-219,RALGAPA1,Microglia,Dominant,AD_enriched,Alternate
RALGAPA1-201,RALGAPA1,Microglia,Minor,CT_enriched,Alternate
RPL32-204,RPL32,Microglia,Minor,AD_enriched,Canonical
transcript24581.chr3.nic,RPL32,Microglia,Dominant,CT_enriched,Alternate
SARAF-203,SARAF,Microglia,Dominant,CT_enriched,Alternate
SPEN-201,SPEN,Microglia,Dominant,CT_enriched,Canonical
SRRM2-225,SRRM2,Microglia,Dominant,CT_enriched,Alternate
SRSF11-202,SRSF11,Microglia,Dominant,CT_enriched,Alternate
TET2-201,TET2,Microglia,Dominant,CT_enriched,Alternate
TPP2-218,TPP2,Microglia,Dominant,CT_enriched,Alternate
TPP2-202,TPP2,Microglia,Minor,AD_enriched,Alternate
TRIM38-201,TRIM38,Microglia,Dominant,CT_enriched,Canonical
TSC1-246,TSC1,Microglia,Minor,AD_enriched,Alternate
TUT4-220,TUT4,Microglia,Minor,AD_enriched,Alternate
TUT4-204,TUT4,Microglia,Dominant,CT_enriched,Alternate
VCP-201,VCP,Microglia,Dominant,CT_enriched,Canonical
VPS13C-207,VPS13C,Microglia,Minor,CT_enriched,Alternate
VSIG4-204,VSIG4,Microglia,Dominant,CT_enriched,Alternate
YWHAB-201,YWHAB,Microglia,Dominant,CT_enriched,Canonical
ZNF267-206,ZNF267,Microglia,Minor,CT_enriched,Alternate
ZNF267-201,ZNF267,Microglia,Dominant,AD_enriched,Canonical
ZNF268-209,ZNF268,Microglia,Minor,AD_enriched,Alternate
ZNF268-205,ZNF268,Microglia,Dominant,CT_enriched,Canonical
AAR2-201,AAR2,Oligodendrocyte,Minor,AD_enriched,Canonical
ABCB7-215,ABCB7,Oligodendrocyte,Minor,AD_enriched,Alternate
ABCD4-214,ABCD4,Oligodendrocyte,Minor,AD_enriched,Alternate
ABCD4-201,ABCD4,Oligodendrocyte,Dominant,CT_enriched,Canonical
ABHD6-201,ABHD6,Oligodendrocyte,Dominant,AD_enriched,Alternate
ABHD6-205,ABHD6,Oligodendrocyte,Minor,CT_enriched,Canonical
ABI1-210,ABI1,Oligodendrocyte,Minor,AD_enriched,Alternate
ACAD11-208,ACAD11,Oligodendrocyte,Minor,AD_enriched,Alternate
ACAD11-202,ACAD11,Oligodendrocyte,Dominant,CT_enriched,Alternate
ACAP3-206,ACAP3,Oligodendrocyte,Minor,AD_enriched,Alternate
ACSL4-204,ACSL4,Oligodendrocyte,Minor,CT_enriched,Alternate
ADAM22-207,ADAM22,Oligodendrocyte,Minor,AD_enriched,Canonical
ADAM22-204,ADAM22,Oligodendrocyte,Dominant,CT_enriched,Alternate
ADAP1-201,ADAP1,Oligodendrocyte,Dominant,AD_enriched,Canonical
ADSL-232,ADSL,Oligodendrocyte,Minor,CT_enriched,Alternate
AGAP3-212,AGAP3,Oligodendrocyte,Dominant,CT_enriched,Alternate
transcript25226.chr7.nic,AGMO,Oligodendrocyte,Minor,AD_enriched,Alternate
AKAP8L-234,AKAP8L,Oligodendrocyte,Dominant,CT_enriched,Alternate
AKAP8L-201,AKAP8L,Oligodendrocyte,Minor,AD_enriched,Canonical
ALMS1-219,ALMS1,Oligodendrocyte,Dominant,CT_enriched,Alternate
AMD1-210,AMD1,Oligodendrocyte,Minor,CT_enriched,Alternate
AMMECR1-201,AMMECR1,Oligodendrocyte,Minor,CT_enriched,Canonical
AMPD3-203,AMPD3,Oligodendrocyte,Dominant,CT_enriched,Alternate
ANKRD11-229,ANKRD11,Oligodendrocyte,Dominant,CT_enriched,Alternate
ANKRD50-202,ANKRD50,Oligodendrocyte,Dominant,CT_enriched,Alternate
ANKRD50-201,ANKRD50,Oligodendrocyte,Minor,AD_enriched,Canonical
ARHGAP22-210,ARHGAP22,Oligodendrocyte,Minor,AD_enriched,Alternate
ARHGAP22-201,ARHGAP22,Oligodendrocyte,Dominant,CT_enriched,Canonical
ARID4B-201,ARID4B,Oligodendrocyte,Dominant,CT_enriched,Canonical
transcript149637.chr7.nic,ARMC10,Oligodendrocyte,Minor,CT_enriched,Alternate
ARMC6-202,ARMC6,Oligodendrocyte,Dominant,CT_enriched,Alternate
transcript36472.chr6.nic,ATAT1,Oligodendrocyte,Dominant,CT_enriched,Alternate
ATG14-202,ATG14,Oligodendrocyte,Minor,AD_enriched,Alternate
ATG14-201,ATG14,Oligodendrocyte,Dominant,CT_enriched,Canonical
ATG7-201,ATG7,Oligodendrocyte,Dominant,CT_enriched,Alternate
ATL1-221,ATL1,Oligodendrocyte,Minor,AD_enriched,Alternate
transcript158596.chr12.nic,ATP2A2,Oligodendrocyte,Minor,AD_enriched,Alternate
ATP2A2-201,ATP2A2,Oligodendrocyte,Dominant,CT_enriched,Alternate
ATP2C1-218,ATP2C1,Oligodendrocyte,Minor,AD_enriched,Canonical
ATP6V0B-203,ATP6V0B,Oligodendrocyte,Minor,CT_enriched,Alternate
ATP6V0B-205,ATP6V0B,Oligodendrocyte,Dominant,AD_enriched,Canonical
transcript41287.chr6.nnic,ATP6V1G2,Oligodendrocyte,Minor,AD_enriched,Alternate
ATP6V1G2-205,ATP6V1G2,Oligodendrocyte,Dominant,CT_enriched,Canonical
BEST1-204,BEST1,Oligodendrocyte,Minor,CT_enriched,Alternate
BEST1-202,BEST1,Oligodendrocyte,Dominant,AD_enriched,Alternate
BICD2-201,BICD2,Oligodendrocyte,Dominant,CT_enriched,Canonical
BICD2-202,BICD2,Oligodendrocyte,Minor,AD_enriched,Alternate
BTF3L4-201,BTF3L4,Oligodendrocyte,Dominant,AD_enriched,Canonical
BTF3L4-202,BTF3L4,Oligodendrocyte,Minor,CT_enriched,Alternate
transcript89852.chr2.nic,C2orf42,Oligodendrocyte,Dominant,CT_enriched,Alternate
transcript15300.chr22.nic,CABIN1,Oligodendrocyte,Minor,CT_enriched,Alternate
CALCOCO1-218,CALCOCO1,Oligodendrocyte,Minor,AD_enriched,Canonical
CAPN10-207,CAPN10,Oligodendrocyte,Dominant,CT_enriched,Canonical
CASC3-203,CASC3,Oligodendrocyte,Minor,AD_enriched,Alternate
CASC3-201,CASC3,Oligodendrocyte,Dominant,CT_enriched,Canonical
CDK13-202,CDK13,Oligodendrocyte,Dominant,CT_enriched,Alternate
CDK14-203,CDK14,Oligodendrocyte,Dominant,CT_enriched,Alternate
CDK14-202,CDK14,Oligodendrocyte,Minor,AD_enriched,Canonical
CDK5RAP2-223,CDK5RAP2,Oligodendrocyte,Minor,CT_enriched,Alternate
CDK5RAP3-237,CDK5RAP3,Oligodendrocyte,Minor,AD_enriched,Alternate
CEP83-201,CEP83,Oligodendrocyte,Minor,AD_enriched,Alternate
CEP95-201,CEP95,Oligodendrocyte,Minor,AD_enriched,Alternate
CHD1-205,CHD1,Oligodendrocyte,Minor,AD_enriched,Alternate
CHD1-212,CHD1,Oligodendrocyte,Minor,AD_enriched,Alternate
CHD1-211,CHD1,Oligodendrocyte,Dominant,CT_enriched,Canonical
transcript224122.chr1.nic,CHD1L,Oligodendrocyte,Minor,AD_enriched,Alternate
CHN2-208,CHN2,Oligodendrocyte,Dominant,CT_enriched,Alternate
transcript116487.chr19.nnic,CIC,Oligodendrocyte,Dominant,CT_enriched,Alternate
CIT-220,CIT,Oligodendrocyte,Dominant,CT_enriched,Alternate
CLASP1-217,CLASP1,Oligodendrocyte,Minor,AD_enriched,Alternate
CLCC1-203,CLCC1,Oligodendrocyte,Minor,AD_enriched,Alternate
CLCN7-204,CLCN7,Oligodendrocyte,Minor,CT_enriched,Alternate
CLINT1-206,CLINT1,Oligodendrocyte,Dominant,CT_enriched,Alternate
CLK4-201,CLK4,Oligodendrocyte,Dominant,CT_enriched,Canonical
transcript111775.chr16.nnic,CMTR2,Oligodendrocyte,Minor,CT_enriched,Alternate
transcript223081.chr2.nic,CNOT11,Oligodendrocyte,Dominant,CT_enriched,Alternate
CNOT11-201,CNOT11,Oligodendrocyte,Minor,AD_enriched,Canonical
CNOT4-205,CNOT4,Oligodendrocyte,Minor,AD_enriched,Alternate
CNTN1-204,CNTN1,Oligodendrocyte,Minor,AD_enriched,Alternate
CNTN2-208,CNTN2,Oligodendrocyte,Dominant,CT_enriched,Alternate
CNTN2-201,CNTN2,Oligodendrocyte,Minor,AD_enriched,Canonical
COG4-222,COG4,Oligodendrocyte,Minor,AD_enriched,Alternate
COL4A5-202,COL4A5,Oligodendrocyte,Minor,AD_enriched,Alternate
COPS7A-210,COPS7A,Oligodendrocyte,Minor,CT_enriched,Alternate
transcript177239.chr10.nic,CRTAC1,Oligodendrocyte,Minor,AD_enriched,Alternate
CRTAC1-203,CRTAC1,Oligodendrocyte,Dominant,CT_enriched,Canonical
CRTAP-201,CRTAP,Oligodendrocyte,Dominant,CT_enriched,Canonical
transcript48800.chr3.nnic,CRTAP,Oligodendrocyte,Minor,AD_enriched,Alternate
CTNND1-250,CTNND1,Oligodendrocyte,Minor,AD_enriched,Alternate
CTTN-202,CTTN,Oligodendrocyte,Dominant,CT_enriched,Alternate
CYBC1-241,CYBC1,Oligodendrocyte,Minor,AD_enriched,Alternate
transcript3160.chr19.nic,DAZAP1,Oligodendrocyte,Dominant,CT_enriched,Alternate
DCAF11-217,DCAF11,Oligodendrocyte,Minor,AD_enriched,Alternate
DDX55-209,DDX55,Oligodendrocyte,Dominant,CT_enriched,Alternate
DENND4A-202,DENND4A,Oligodendrocyte,Dominant,CT_enriched,Canonical
DIS3-201,DIS3,Oligodendrocyte,Minor,AD_enriched,Canonical
DIS3-202,DIS3,Oligodendrocyte,Dominant,CT_enriched,Alternate
DMAP1-214,DMAP1,Oligodendrocyte,Minor,AD_enriched,Alternate
DMTF1-229,DMTF1,Oligodendrocyte,Dominant,CT_enriched,Alternate
DMTF1-227,DMTF1,Oligodendrocyte,Minor,AD_enriched,Alternate
DNAJC27-201,DNAJC27,Oligodendrocyte,Minor,AD_enriched,Canonical
DOCK1-201,DOCK1,Oligodendrocyte,Dominant,AD_enriched,Alternate
DOCK1-206,DOCK1,Oligodendrocyte,Minor,CT_enriched,Canonical
DOCK4-212,DOCK4,Oligodendrocyte,Dominant,CT_enriched,Alternate
DOCK7-229,DOCK7,Oligodendrocyte,Minor,CT_enriched,Alternate
DPF3-209,DPF3,Oligodendrocyte,Minor,AD_enriched,Canonical
DPH3-204,DPH3,Oligodendrocyte,Minor,AD_enriched,Canonical
DPH3-202,DPH3,Oligodendrocyte,Dominant,CT_enriched,Alternate
DPP3-209,DPP3,Oligodendrocyte,Dominant,CT_enriched,Canonical
DPP3-211,DPP3,Oligodendrocyte,Minor,AD_enriched,Alternate
transcript31963.chr2.nic,DPYSL5,Oligodendrocyte,Minor,AD_enriched,Alternate
DRG2-203,DRG2,Oligodendrocyte,Dominant,CT_enriched,Alternate
DUSP18-201,DUSP18,Oligodendrocyte,Minor,AD_enriched,Canonical
EIF2AK2-213,EIF2AK2,Oligodendrocyte,Minor,AD_enriched,Alternate
EIF2AK2-201,EIF2AK2,Oligodendrocyte,Dominant,CT_enriched,Canonical
ELF2-201,ELF2,Oligodendrocyte,Dominant,CT_enriched,Alternate
transcript91335.chr17.nic,EME1,Oligodendrocyte,Dominant,CT_enriched,Alternate
transcript50202.chr2.nnic,EML4,Oligodendrocyte,Minor,AD_enriched,Alternate
EMSY-219,EMSY,Oligodendrocyte,Minor,AD_enriched,Canonical
EMSY-201,EMSY,Oligodendrocyte,Dominant,CT_enriched,Alternate
ENAH-203,ENAH,Oligodendrocyte,Dominant,CT_enriched,Canonical
transcript325983.chr1.nnic,ENAH,Oligodendrocyte,Minor,AD_enriched,Alternate
ENPP5-201,ENPP5,Oligodendrocyte,Dominant,CT_enriched,Alternate
ENST00000422473,ENSG00000233393,Oligodendrocyte,Minor,AD_enriched,no_MANE_coverage
ENST00000522841,ENSG00000291073,Oligodendrocyte,Dominant,CT_enriched,no_MANE_coverage
transcript98107.chr19.nnic,ENSG00000291089,Oligodendrocyte,Minor,AD_enriched,no_MANE_coverage
ERCC4-215,ERCC4,Oligodendrocyte,Minor,AD_enriched,Alternate
ERCC6-219,ERCC6,Oligodendrocyte,Minor,CT_enriched,Alternate
ERCC6-201,ERCC6,Oligodendrocyte,Minor,AD_enriched,Canonical
ERCC6-214,ERCC6,Oligodendrocyte,Dominant,CT_enriched,Alternate
FAAH-201,FAAH,Oligodendrocyte,Dominant,AD_enriched,Canonical
transcript83711.chr1.nnic,FAAH,Oligodendrocyte,Minor,CT_enriched,Alternate
transcript67394.chr11.nic,FADS2,Oligodendrocyte,Dominant,AD_enriched,Alternate
FAM124A-202,FAM124A,Oligodendrocyte,Minor,AD_enriched,Canonical
FAM124A-204,FAM124A,Oligodendrocyte,Dominant,CT_enriched,Alternate
FAM13C-204,FAM13C,Oligodendrocyte,Minor,AD_enriched,Alternate
FAM50B-201,FAM50B,Oligodendrocyte,Dominant,CT_enriched,Alternate
FAM50B-202,FAM50B,Oligodendrocyte,Minor,AD_enriched,Canonical
FAM76B-201,FAM76B,Oligodendrocyte,Dominant,CT_enriched,Canonical
transcript151399.chr11.nnic,FAM76B,Oligodendrocyte,Minor,AD_enriched,Alternate
FAT4-204,FAT4,Oligodendrocyte,Dominant,CT_enriched,Alternate
FAT4-202,FAT4,Oligodendrocyte,Minor,AD_enriched,Canonical
FBXW7-204,FBXW7,Oligodendrocyte,Minor,AD_enriched,Alternate
FBXW7-203,FBXW7,Oligodendrocyte,Dominant,CT_enriched,Alternate
transcript108478.chr11.nic,FCHSD2,Oligodendrocyte,Minor,AD_enriched,Alternate
FGD5-AS1-208,FGD5-AS1,Oligodendrocyte,Dominant,CT_enriched,no_MANE_coverage
FGFR2-204,FGFR2,Oligodendrocyte,Dominant,CT_enriched,Alternate
FHL1-205,FHL1,Oligodendrocyte,Minor,CT_enriched,Alternate
FIGNL1-212,FIGNL1,Oligodendrocyte,Dominant,CT_enriched,Alternate
FKBP15-215,FKBP15,Oligodendrocyte,Minor,CT_enriched,Alternate
FLNB-227,FLNB,Oligodendrocyte,Minor,AD_enriched,Alternate
FXR1-203,FXR1,Oligodendrocyte,Dominant,AD_enriched,Alternate
G2E3-201,G2E3,Oligodendrocyte,Dominant,AD_enriched,Canonical
GABPB1-AS1-208,GABPB1-AS1,Oligodendrocyte,Dominant,CT_enriched,no_MANE_coverage
GABPB1-AS1-206,GABPB1-AS1,Oligodendrocyte,Minor,AD_enriched,no_MANE_coverage
GAN-203,GAN,Oligodendrocyte,Dominant,CT_enriched,Canonical
GAN-202,GAN,Oligodendrocyte,Minor,AD_enriched,Alternate
GAPVD1-219,GAPVD1,Oligodendrocyte,Minor,AD_enriched,Alternate
GAPVD1-201,GAPVD1,Oligodendrocyte,Dominant,CT_enriched,Canonical
GARS1-DT-216,GARS1-DT,Oligodendrocyte,Dominant,CT_enriched,no_MANE_coverage
GATM-201,GATM,Oligodendrocyte,Dominant,CT_enriched,Canonical
GIGYF2-201,GIGYF2,Oligodendrocyte,Dominant,CT_enriched,Canonical
GIGYF2-205,GIGYF2,Oligodendrocyte,Minor,AD_enriched,Alternate
transcript104560.chr15.nic,GLCE,Oligodendrocyte,Minor,AD_enriched,Alternate
GMPR2-201,GMPR2,Oligodendrocyte,Minor,AD_enriched,Alternate
GOLGA3-220,GOLGA3,Oligodendrocyte,Dominant,CT_enriched,Alternate
GOLGA3-202,GOLGA3,Oligodendrocyte,Minor,AD_enriched,Canonical
GOLGA8A-202,GOLGA8A,Oligodendrocyte,Dominant,CT_enriched,Alternate
GOLGA8A-205,GOLGA8A,Oligodendrocyte,Minor,AD_enriched,Alternate
GORASP1-215,GORASP1,Oligodendrocyte,Minor,AD_enriched,Alternate
GPBP1L1-202,GPBP1L1,Oligodendrocyte,Minor,AD_enriched,Canonical
transcript25823.chr18.nnic,GREB1L,Oligodendrocyte,Minor,AD_enriched,Alternate
HBS1L-205,HBS1L,Oligodendrocyte,Dominant,CT_enriched,Canonical
HBS1L-203,HBS1L,Oligodendrocyte,Minor,AD_enriched,Alternate
transcript11931.chrX.nic,HCCS,Oligodendrocyte,Dominant,CT_enriched,Alternate
HECW2-214,HECW2,Oligodendrocyte,Dominant,CT_enriched,Alternate
HELB-202,HELB,Oligodendrocyte,Minor,AD_enriched,Alternate
HERC4-202,HERC4,Oligodendrocyte,Minor,AD_enriched,Canonical
HGSNAT-201,HGSNAT,Oligodendrocyte,Minor,AD_enriched,Canonical
HM13-223,HM13,Oligodendrocyte,Dominant,CT_enriched,Alternate
HNRNPH1-203,HNRNPH1,Oligodendrocyte,Minor,AD_enriched,Canonical
HPS5-201,HPS5,Oligodendrocyte,Dominant,CT_enriched,Canonical
transcript26405.chr11.nnic,HPS5,Oligodendrocyte,Minor,AD_enriched,Alternate
transcript150699.chrX.nic,HTATSF1,Oligodendrocyte,Minor,AD_enriched,Alternate
HYCC1-204,HYCC1,Oligodendrocyte,Minor,AD_enriched,Canonical
HYCC1-207,HYCC1,Oligodendrocyte,Dominant,CT_enriched,Alternate
IARS1-227,IARS1,Oligodendrocyte,Minor,AD_enriched,Alternate
ICE2-201,ICE2,Oligodendrocyte,Dominant,CT_enriched,Canonical
ICE2-203,ICE2,Oligodendrocyte,Minor,AD_enriched,Alternate
ILF3-216,ILF3,Oligodendrocyte,Dominant,CT_enriched,Alternate
ILF3-207,ILF3,Oligodendrocyte,Minor,AD_enriched,Alternate
INTS14-217,INTS14,Oligodendrocyte,Minor,AD_enriched,Alternate
transcript158592.chr5.nic,ISOC1,Oligodendrocyte,Minor,AD_enriched,Alternate
ISOC1-201,ISOC1,Oligodendrocyte,Dominant,CT_enriched,Canonical
transcript13360.chr2.nic,ITGB1BP1,Oligodendrocyte,Dominant,CT_enriched,Alternate
JRK-209,JRK,Oligodendrocyte,Minor,CT_enriched,Canonical
JRK-203,JRK,Oligodendrocyte,Dominant,AD_enriched,Alternate
KAT6A-211,KAT6A,Oligodendrocyte,Minor,CT_enriched,Alternate
KCNK10-203,KCNK10,Oligodendrocyte,Dominant,CT_enriched,Alternate
KIAA0319L-201,KIAA0319L,Oligodendrocyte,Dominant,CT_enriched,Canonical
KIAA1755-201,KIAA1755,Oligodendrocyte,Dominant,CT_enriched,Canonical
KIAA2026-201,KIAA2026,Oligodendrocyte,Dominant,CT_enriched,Alternate
KIF2A-220,KIF2A,Oligodendrocyte,Minor,AD_enriched,Alternate
KIF5A-204,KIF5A,Oligodendrocyte,Minor,AD_enriched,Alternate
KIF5A-202,KIF5A,Oligodendrocyte,Dominant,CT_enriched,Canonical
KIF5C-234,KIF5C,Oligodendrocyte,Dominant,CT_enriched,Alternate
KLF3-AS1-201,KLF3-AS1,Oligodendrocyte,Dominant,CT_enriched,no_MANE_coverage
KLF3-AS1-214,KLF3-AS1,Oligodendrocyte,Minor,AD_enriched,no_MANE_coverage
LAMTOR3-202,LAMTOR3,Oligodendrocyte,Dominant,CT_enriched,Canonical
LAP3-201,LAP3,Oligodendrocyte,Dominant,CT_enriched,Canonical
transcript31883.chr4.nic,LAP3,Oligodendrocyte,Minor,AD_enriched,Alternate
LATS1-202,LATS1,Oligodendrocyte,Dominant,CT_enriched,Alternate
LEMD3-201,LEMD3,Oligodendrocyte,Dominant,CT_enriched,Canonical
transcript90801.chr12.nic,LEMD3,Oligodendrocyte,Minor,AD_enriched,Alternate
LIG1-201,LIG1,Oligodendrocyte,Dominant,CT_enriched,Canonical
LIG4-213,LIG4,Oligodendrocyte,Dominant,CT_enriched,Alternate
LIG4-201,LIG4,Oligodendrocyte,Minor,AD_enriched,Alternate
LINC00877-215,LINC00877,Oligodendrocyte,Dominant,CT_enriched,no_MANE_coverage
LINC02610-207,LINC02610,Oligodendrocyte,Dominant,CT_enriched,no_MANE_coverage
LINC02610-205,LINC02610,Oligodendrocyte,Minor,AD_enriched,no_MANE_coverage
LRCH3-204,LRCH3,Oligodendrocyte,Dominant,CT_enriched,Alternate
transcript9764.chr1.nnic,LRRC47,Oligodendrocyte,Dominant,CT_enriched,Alternate
LRRC4C-201,LRRC4C,Oligodendrocyte,Minor,AD_enriched,Alternate
LRRC4C-202,LRRC4C,Oligodendrocyte,Dominant,CT_enriched,Alternate
LTBP3-202,LTBP3,Oligodendrocyte,Dominant,AD_enriched,Alternate
LTBP3-222,LTBP3,Oligodendrocyte,Minor,CT_enriched,Alternate
transcript1117.chr16.nnic,LUC7L,Oligodendrocyte,Dominant,CT_enriched,Alternate
MAGI2-212,MAGI2,Oligodendrocyte,Dominant,CT_enriched,Alternate
MAN1B1-209,MAN1B1,Oligodendrocyte,Minor,AD_enriched,Alternate
MAN2B1-203,MAN2B1,Oligodendrocyte,Dominant,CT_enriched,Canonical
MAP3K1-201,MAP3K1,Oligodendrocyte,Dominant,CT_enriched,Canonical
MATN2-216,MATN2,Oligodendrocyte,Minor,AD_enriched,Alternate
MBD5-210,MBD5,Oligodendrocyte,Minor,CT_enriched,Alternate
MBD5-233,MBD5,Oligodendrocyte,Dominant,AD_enriched,Canonical
MCCC2-231,MCCC2,Oligodendrocyte,Minor,CT_enriched,Alternate
MCM3AP-204,MCM3AP,Oligodendrocyte,Minor,CT_enriched,Alternate
MCM4-216,MCM4,Oligodendrocyte,Minor,CT_enriched,Alternate
MEAF6-204,MEAF6,Oligodendrocyte,Dominant,CT_enriched,Alternate
MEF2C-217,MEF2C,Oligodendrocyte,Minor,AD_enriched,Alternate
MEGF10-203,MEGF10,Oligodendrocyte,Dominant,AD_enriched,Canonical
transcript156309.chr5.nnic,MEGF10,Oligodendrocyte,Minor,CT_enriched,Alternate
MIGA2-203,MIGA2,Oligodendrocyte,Minor,AD_enriched,Alternate
MIR100HG-297,MIR100HG,Oligodendrocyte,Minor,AD_enriched,no_MANE_coverage
MIR100HG-209,MIR100HG,Oligodendrocyte,Minor,AD_enriched,no_MANE_coverage
MOB3C-202,MOB3C,Oligodendrocyte,Dominant,CT_enriched,Canonical
transcript124454.chrX.nnic,MORC4,Oligodendrocyte,Minor,AD_enriched,Alternate
MORC4-202,MORC4,Oligodendrocyte,Dominant,CT_enriched,Canonical
MPRIP-219,MPRIP,Oligodendrocyte,Minor,CT_enriched,Alternate
MRFAP1-201,MRFAP1,Oligodendrocyte,Minor,AD_enriched,Alternate
MRFAP1-202,MRFAP1,Oligodendrocyte,Dominant,CT_enriched,Canonical
transcript228230.chr3.nnic,MRPL3,Oligodendrocyte,Minor,CT_enriched,Alternate
MRPS22-210,MRPS22,Oligodendrocyte,Minor,CT_enriched,Alternate
transcript11591.chr13.nnic,MTIF3,Oligodendrocyte,Minor,AD_enriched,Alternate
MTO1-212,MTO1,Oligodendrocyte,Dominant,CT_enriched,Canonical
MTO1-252,MTO1,Oligodendrocyte,Minor,AD_enriched,Alternate
MVP-202,MVP,Oligodendrocyte,Minor,AD_enriched,Alternate
MVP-201,MVP,Oligodendrocyte,Dominant,CT_enriched,Canonical
MZF1-201,MZF1,Oligodendrocyte,Minor,CT_enriched,Canonical
MZF1-207,MZF1,Oligodendrocyte,Dominant,AD_enriched,Alternate
NAA60-203,NAA60,Oligodendrocyte,Minor,CT_enriched,Alternate
NAA60-202,NAA60,Oligodendrocyte,Minor,AD_enriched,Canonical
NAMPT-245,NAMPT,Oligodendrocyte,Minor,AD_enriched,Alternate
NARF-224,NARF,Oligodendrocyte,Minor,AD_enriched,Alternate
NCOA6-201,NCOA6,Oligodendrocyte,Dominant,CT_enriched,Canonical
NDUFA10-201,NDUFA10,Oligodendrocyte,Dominant,CT_enriched,Canonical
NET1-201,NET1,Oligodendrocyte,Dominant,CT_enriched,Canonical
NFAT5-201,NFAT5,Oligodendrocyte,Minor,AD_enriched,Canonical
NHLRC3-204,NHLRC3,Oligodendrocyte,Dominant,AD_enriched,Alternate
NPHP3-201,NPHP3,Oligodendrocyte,Dominant,CT_enriched,Canonical
NRCAM-201,NRCAM,Oligodendrocyte,Minor,AD_enriched,Alternate
NRDC-201,NRDC,Oligodendrocyte,Dominant,CT_enriched,Canonical
NRXN1-219,NRXN1,Oligodendrocyte,Dominant,CT_enriched,Alternate
NSD1-223,NSD1,Oligodendrocyte,Minor,AD_enriched,Alternate
NUBP2-211,NUBP2,Oligodendrocyte,Dominant,CT_enriched,Alternate
NUBP2-215,NUBP2,Oligodendrocyte,Minor,AD_enriched,Alternate
NUP62-223,NUP62,Oligodendrocyte,Minor,AD_enriched,Alternate
NXF1-201,NXF1,Oligodendrocyte,Dominant,CT_enriched,Canonical
NXF1-211,NXF1,Oligodendrocyte,Minor,AD_enriched,Alternate
OGT-210,OGT,Oligodendrocyte,Dominant,CT_enriched,Alternate
OLFM1-201,OLFM1,Oligodendrocyte,Dominant,CT_enriched,Alternate
OPHN1-212,OPHN1,Oligodendrocyte,Dominant,CT_enriched,Alternate
OSBPL5-208,OSBPL5,Oligodendrocyte,Minor,AD_enriched,Alternate
OSBPL5-201,OSBPL5,Oligodendrocyte,Dominant,CT_enriched,Canonical
OSBPL9-203,OSBPL9,Oligodendrocyte,Minor,CT_enriched,Canonical
OSTM1-216,OSTM1,Oligodendrocyte,Minor,CT_enriched,Alternate
P4HB-220,P4HB,Oligodendrocyte,Minor,AD_enriched,Alternate
transcript127065.chr8.nnic,PAG1,Oligodendrocyte,Minor,AD_enriched,Alternate
PAG1-201,PAG1,Oligodendrocyte,Dominant,CT_enriched,Canonical
transcript363799.chr2.nic,PARD3B,Oligodendrocyte,Dominant,CT_enriched,Alternate
PARP2-201,PARP2,Oligodendrocyte,Minor,AD_enriched,Alternate
PCCA-202,PCCA,Oligodendrocyte,Dominant,CT_enriched,Canonical
PDE12-202,PDE12,Oligodendrocyte,Minor,CT_enriched,Alternate
PDE12-201,PDE12,Oligodendrocyte,Dominant,AD_enriched,Canonical
PDE4DIP-245,PDE4DIP,Oligodendrocyte,Minor,AD_enriched,Alternate
transcript134425.chr7.nnic,PEG10,Oligodendrocyte,Minor,AD_enriched,no_MANE_coverage
PELI3-202,PELI3,Oligodendrocyte,Minor,AD_enriched,Alternate
PELI3-201,PELI3,Oligodendrocyte,Dominant,CT_enriched,Canonical
PHACTR3-209,PHACTR3,Oligodendrocyte,Minor,CT_enriched,Alternate
transcript42261.chr6.nic,PHF1,Oligodendrocyte,Minor,CT_enriched,Alternate
PHF1-202,PHF1,Oligodendrocyte,Dominant,AD_enriched,Canonical
transcript41581.chr20.nic,PIGU,Oligodendrocyte,Dominant,CT_enriched,Alternate
PIGU-201,PIGU,Oligodendrocyte,Minor,AD_enriched,Canonical
PIGV-206,PIGV,Oligodendrocyte,Minor,AD_enriched,Canonical
PINX1-203,PINX1,Oligodendrocyte,Minor,AD_enriched,Alternate
transcript30796.chr22.nic,PISD,Oligodendrocyte,Minor,CT_enriched,Alternate
PLPP5-203,PLPP5,Oligodendrocyte,Minor,CT_enriched,Canonical
POR-201,POR,Oligodendrocyte,Minor,AD_enriched,Alternate
POR-218,POR,Oligodendrocyte,Dominant,CT_enriched,Canonical
PPP1CA-212,PPP1CA,Oligodendrocyte,Dominant,CT_enriched,Alternate
PRIM2-203,PRIM2,Oligodendrocyte,Dominant,CT_enriched,Alternate
PRIM2-207,PRIM2,Oligodendrocyte,Minor,AD_enriched,Canonical
PRKAB1-207,PRKAB1,Oligodendrocyte,Dominant,CT_enriched,Alternate
PRPF39-202,PRPF39,Oligodendrocyte,Minor,AD_enriched,Alternate
PSD3-201,PSD3,Oligodendrocyte,Minor,AD_enriched,Alternate
PSD3-203,PSD3,Oligodendrocyte,Dominant,CT_enriched,Alternate
PSMD8-213,PSMD8,Oligodendrocyte,Dominant,CT_enriched,Alternate
PSME4-209,PSME4,Oligodendrocyte,Minor,CT_enriched,Alternate
PSME4-202,PSME4,Oligodendrocyte,Dominant,AD_enriched,Canonical
PTPMT1-202,PTPMT1,Oligodendrocyte,Dominant,CT_enriched,Canonical
RAB3IP-201,RAB3IP,Oligodendrocyte,Dominant,CT_enriched,Canonical
RAB3IP-204,RAB3IP,Oligodendrocyte,Minor,AD_enriched,Alternate
RARS1-207,RARS1,Oligodendrocyte,Minor,AD_enriched,Alternate
RARS1-201,RARS1,Oligodendrocyte,Dominant,CT_enriched,Canonical
RARS2-233,RARS2,Oligodendrocyte,Dominant,CT_enriched,Alternate
RASSF2-202,RASSF2,Oligodendrocyte,Dominant,CT_enriched,Canonical
transcript8576.chr20.nnic,RASSF2,Oligodendrocyte,Minor,AD_enriched,Alternate
RBBP8-204,RBBP8,Oligodendrocyte,Dominant,CT_enriched,Alternate
RBBP8-201,RBBP8,Oligodendrocyte,Minor,AD_enriched,Canonical
RBCK1-202,RBCK1,Oligodendrocyte,Dominant,CT_enriched,Canonical
transcript240716.chr7.nnic,RBM33,Oligodendrocyte,Dominant,CT_enriched,Alternate
RBM4-201,RBM4,Oligodendrocyte,Dominant,CT_enriched,Canonical
RBMXL1-202,RBMXL1,Oligodendrocyte,Minor,AD_enriched,Alternate
transcript62901.chr17.nnic,RFFL,Oligodendrocyte,Minor,CT_enriched,Alternate
RIC3-204,RIC3,Oligodendrocyte,Minor,AD_enriched,Alternate
RICTOR-209,RICTOR,Oligodendrocyte,Dominant,CT_enriched,Alternate
RIF1-201,RIF1,Oligodendrocyte,Minor,CT_enriched,Alternate
RIF1-203,RIF1,Oligodendrocyte,Dominant,AD_enriched,Alternate
transcript10099.chr2.nnic,RNF144A,Oligodendrocyte,Dominant,CT_enriched,Alternate
RNF157-201,RNF157,Oligodendrocyte,Dominant,CT_enriched,Canonical
RNF157-206,RNF157,Oligodendrocyte,Minor,AD_enriched,Alternate
RNF216-202,RNF216,Oligodendrocyte,Minor,AD_enriched,Canonical
RNF216-205,RNF216,Oligodendrocyte,Dominant,CT_enriched,Alternate
RNMT-202,RNMT,Oligodendrocyte,Dominant,CT_enriched,Canonical
RNMT-203,RNMT,Oligodendrocyte,Minor,AD_enriched,Alternate
RNPC3-201,RNPC3,Oligodendrocyte,Dominant,CT_enriched,Canonical
RNPS1-221,RNPS1,Oligodendrocyte,Minor,CT_enriched,Alternate
RPL9-213,RPL9,Oligodendrocyte,Minor,CT_enriched,Alternate
RPS23-209,RPS23,Oligodendrocyte,Minor,AD_enriched,Alternate
RPS23-201,RPS23,Oligodendrocyte,Dominant,CT_enriched,Canonical
transcript344469.chr1.nnic,RYR2,Oligodendrocyte,Minor,AD_enriched,Alternate
SACM1L-201,SACM1L,Oligodendrocyte,Dominant,CT_enriched,Canonical
SBF2-213,SBF2,Oligodendrocyte,Dominant,AD_enriched,Alternate
SCAF4-201,SCAF4,Oligodendrocyte,Dominant,CT_enriched,Canonical
SCAMP3-202,SCAMP3,Oligodendrocyte,Minor,AD_enriched,Alternate
SCAMP3-201,SCAMP3,Oligodendrocyte,Dominant,CT_enriched,Canonical
SEC24C-203,SEC24C,Oligodendrocyte,Minor,AD_enriched,Alternate
SEC61A1-221,SEC61A1,Oligodendrocyte,Minor,AD_enriched,Alternate
transcript138624.chr7.nic,SEM1,Oligodendrocyte,Minor,AD_enriched,Alternate
transcript65664.chr12.nic,SENP1,Oligodendrocyte,Dominant,CT_enriched,Alternate
SENP7-207,SENP7,Oligodendrocyte,Minor,AD_enriched,Canonical
SENP7-206,SENP7,Oligodendrocyte,Dominant,CT_enriched,Alternate
SETD4-206,SETD4,Oligodendrocyte,Minor,CT_enriched,Alternate
SHMT1-205,SHMT1,Oligodendrocyte,Minor,CT_enriched,Alternate
SKIC3-247,SKIC3,Oligodendrocyte,Minor,AD_enriched,Alternate
transcript113962.chr14.nic,SLC25A29,Oligodendrocyte,Minor,AD_enriched,Alternate
transcript171246.chr5.nnic,SLC25A48,Oligodendrocyte,Minor,AD_enriched,Alternate
SLC35D2-201,SLC35D2,Oligodendrocyte,Dominant,CT_enriched,Canonical
SLC6A1-211,SLC6A1,Oligodendrocyte,Dominant,CT_enriched,Alternate
SLC6A15-221,SLC6A15,Oligodendrocyte,Minor,AD_enriched,Alternate
SLITRK2-201,SLITRK2,Oligodendrocyte,Minor,AD_enriched,Canonical
SMARCAD1-201,SMARCAD1,Oligodendrocyte,Minor,AD_enriched,Canonical
SNHG29-227,SNHG29,Oligodendrocyte,Minor,CT_enriched,no_MANE_coverage
SNX14-226,SNX14,Oligodendrocyte,Minor,AD_enriched,Alternate
SPATA2-202,SPATA2,Oligodendrocyte,Minor,CT_enriched,Alternate
SPATA2-201,SPATA2,Oligodendrocyte,Dominant,AD_enriched,Canonical
SPATA20-202,SPATA20,Oligodendrocyte,Minor,CT_enriched,Alternate
SPATA20-205,SPATA20,Oligodendrocyte,Minor,AD_enriched,Alternate
SPINT2-201,SPINT2,Oligodendrocyte,Dominant,CT_enriched,Canonical
SPINT2-203,SPINT2,Oligodendrocyte,Minor,AD_enriched,Alternate
SRBD1-201,SRBD1,Oligodendrocyte,Dominant,CT_enriched,Canonical
transcript54232.chr2.nnic,SRBD1,Oligodendrocyte,Minor,AD_enriched,Alternate
SRGAP2-203,SRGAP2,Oligodendrocyte,Dominant,AD_enriched,Canonical
SRGAP2-215,SRGAP2,Oligodendrocyte,Minor,CT_enriched,Alternate
transcript63184.chr11.nic,SSRP1,Oligodendrocyte,Minor,AD_enriched,Alternate
SSRP1-201,SSRP1,Oligodendrocyte,Dominant,CT_enriched,Canonical
transcript158638.chr3.nnic,ST3GAL6,Oligodendrocyte,Minor,AD_enriched,Alternate
STAU1-205,STAU1,Oligodendrocyte,Dominant,CT_enriched,Alternate
STAU1-203,STAU1,Oligodendrocyte,Minor,AD_enriched,Alternate
STPG1-201,STPG1,Oligodendrocyte,Dominant,CT_enriched,Alternate
STXBP1-201,STXBP1,Oligodendrocyte,Dominant,CT_enriched,Canonical
SUCLG2-201,SUCLG2,Oligodendrocyte,Minor,AD_enriched,Canonical
transcript114796.chr3.nnic,SUCLG2,Oligodendrocyte,Dominant,CT_enriched,Alternate
SUGP2-214,SUGP2,Oligodendrocyte,Minor,CT_enriched,Alternate
transcript41441.chr17.nic,SUPT6H,Oligodendrocyte,Dominant,CT_enriched,Alternate
SYNJ2-201,SYNJ2,Oligodendrocyte,Dominant,CT_enriched,Canonical
SYNRG-217,SYNRG,Oligodendrocyte,Dominant,AD_enriched,Canonical
transcript35572.chr1.nnic,SZRD1,Oligodendrocyte,Minor,AD_enriched,Alternate
TAF5-205,TAF5,Oligodendrocyte,Minor,AD_enriched,Alternate
TANGO2-210,TANGO2,Oligodendrocyte,Minor,AD_enriched,Alternate
TARS2-213,TARS2,Oligodendrocyte,Minor,AD_enriched,Alternate
TARS2-204,TARS2,Oligodendrocyte,Dominant,CT_enriched,Canonical
TBC1D14-208,TBC1D14,Oligodendrocyte,Minor,AD_enriched,Alternate
transcript16738.chr4.nnic,TBC1D14,Oligodendrocyte,Minor,AD_enriched,Alternate
TBCEL-202,TBCEL,Oligodendrocyte,Dominant,CT_enriched,Alternate
TBL3-206,TBL3,Oligodendrocyte,Minor,AD_enriched,Alternate
TBL3-205,TBL3,Oligodendrocyte,Dominant,CT_enriched,Canonical
TCERG1-202,TCERG1,Oligodendrocyte,Dominant,CT_enriched,Alternate
TCERG1-207,TCERG1,Oligodendrocyte,Minor,AD_enriched,Alternate
TERF1-201,TERF1,Oligodendrocyte,Dominant,CT_enriched,Alternate
TGOLN2-202,TGOLN2,Oligodendrocyte,Minor,AD_enriched,Alternate
TGOLN2-201,TGOLN2,Oligodendrocyte,Dominant,CT_enriched,Canonical
THOC2-220,THOC2,Oligodendrocyte,Dominant,CT_enriched,Alternate
TIAM1-207,TIAM1,Oligodendrocyte,Dominant,CT_enriched,Alternate
TIGD6-201,TIGD6,Oligodendrocyte,Dominant,CT_enriched,Canonical
TIGD6-202,TIGD6,Oligodendrocyte,Minor,AD_enriched,Alternate
transcript149227.chr9.nic,TLE4,Oligodendrocyte,Minor,AD_enriched,Alternate
TMC6-229,TMC6,Oligodendrocyte,Minor,AD_enriched,Alternate
TMCC1-203,TMCC1,Oligodendrocyte,Dominant,CT_enriched,Alternate
TMCC1-201,TMCC1,Oligodendrocyte,Minor,AD_enriched,Canonical
TMEM127-201,TMEM127,Oligodendrocyte,Dominant,AD_enriched,Canonical
TMEM127-202,TMEM127,Oligodendrocyte,Minor,CT_enriched,Alternate
transcript212767.chr6.nic,TMEM181,Oligodendrocyte,Minor,AD_enriched,Alternate
TMEM181-202,TMEM181,Oligodendrocyte,Dominant,CT_enriched,Canonical
transcript190990.chr11.nic,TMEM218,Oligodendrocyte,Minor,AD_enriched,Alternate
transcript191742.chr11.nic,TMEM218,Oligodendrocyte,Dominant,CT_enriched,Alternate
TMEM255A-203,TMEM255A,Oligodendrocyte,Dominant,AD_enriched,Canonical
TNIK-201,TNIK,Oligodendrocyte,Minor,AD_enriched,Alternate
TNIK-204,TNIK,Oligodendrocyte,Dominant,CT_enriched,Canonical
TNPO1-204,TNPO1,Oligodendrocyte,Dominant,CT_enriched,Alternate
TOM1L2-202,TOM1L2,Oligodendrocyte,Minor,AD_enriched,Canonical
transcript58754.chr20.nic,TOMM34,Oligodendrocyte,Dominant,CT_enriched,Alternate
transcript160367.chr3.nic,TOMM70,Oligodendrocyte,Minor,CT_enriched,Alternate
TOP2B-212,TOP2B,Oligodendrocyte,Dominant,CT_enriched,Alternate
TRAK1-206,TRAK1,Oligodendrocyte,Minor,AD_enriched,Alternate
TRAPPC9-201,TRAPPC9,Oligodendrocyte,Dominant,CT_enriched,Canonical
TRHDE-AS1-218,TRHDE-AS1,Oligodendrocyte,Dominant,CT_enriched,no_MANE_coverage
transcript219031.chr2.nnic,TSGA10,Oligodendrocyte,Minor,CT_enriched,Alternate
TSGA10-207,TSGA10,Oligodendrocyte,Dominant,AD_enriched,Alternate
TTC19-202,TTC19,Oligodendrocyte,Dominant,CT_enriched,Alternate
TTC21B-214,TTC21B,Oligodendrocyte,Dominant,CT_enriched,Alternate
TUBGCP2-201,TUBGCP2,Oligodendrocyte,Dominant,CT_enriched,Canonical
UBE3B-202,UBE3B,Oligodendrocyte,Minor,AD_enriched,Canonical
UPF2-202,UPF2,Oligodendrocyte,Dominant,CT_enriched,Canonical
USB1-201,USB1,Oligodendrocyte,Dominant,AD_enriched,Canonical
USB1-219,USB1,Oligodendrocyte,Minor,CT_enriched,Alternate
USP1-202,USP1,Oligodendrocyte,Minor,AD_enriched,Alternate
USP1-201,USP1,Oligodendrocyte,Dominant,CT_enriched,Canonical
USP11-201,USP11,Oligodendrocyte,Dominant,CT_enriched,Alternate
USP11-206,USP11,Oligodendrocyte,Minor,AD_enriched,Alternate
UTY-205,UTY,Oligodendrocyte,Minor,CT_enriched,Alternate
VPS13B-219,VPS13B,Oligodendrocyte,Dominant,CT_enriched,Alternate
VPS39-205,VPS39,Oligodendrocyte,Dominant,CT_enriched,Alternate
VPS39-201,VPS39,Oligodendrocyte,Minor,AD_enriched,Canonical
WASHC2A-209,WASHC2A,Oligodendrocyte,Minor,CT_enriched,Alternate
WDR47-203,WDR47,Oligodendrocyte,Minor,AD_enriched,Alternate
XPNPEP1-213,XPNPEP1,Oligodendrocyte,Minor,AD_enriched,Alternate
transcript114140.chr5.nic,XRCC4,Oligodendrocyte,Dominant,CT_enriched,Alternate
YTHDF2-206,YTHDF2,Oligodendrocyte,Minor,AD_enriched,Alternate
ZBTB20-201,ZBTB20,Oligodendrocyte,Minor,CT_enriched,Alternate
ZBTB44-201,ZBTB44,Oligodendrocyte,Dominant,CT_enriched,Canonical
ZC3H13-206,ZC3H13,Oligodendrocyte,Dominant,CT_enriched,Canonical
ZDHHC20-210,ZDHHC20,Oligodendrocyte,Dominant,CT_enriched,Alternate
ZDHHC6-202,ZDHHC6,Oligodendrocyte,Dominant,CT_enriched,Canonical
ZDHHC6-210,ZDHHC6,Oligodendrocyte,Minor,AD_enriched,Alternate
ZFPL1-215,ZFPL1,Oligodendrocyte,Dominant,CT_enriched,Alternate
ZFPL1-201,ZFPL1,Oligodendrocyte,Minor,AD_enriched,Canonical
ZNF131-221,ZNF131,Oligodendrocyte,Minor,AD_enriched,Canonical
ZNF160-202,ZNF160,Oligodendrocyte,Minor,AD_enriched,Alternate
ZNF197-204,ZNF197,Oligodendrocyte,Minor,AD_enriched,Alternate
ZNF197-202,ZNF197,Oligodendrocyte,Dominant,CT_enriched,Canonical
ZNF207-201,ZNF207,Oligodendrocyte,Dominant,CT_enriched,Alternate
ZNF224-201,ZNF224,Oligodendrocyte,Minor,AD_enriched,Alternate
ZNF224-209,ZNF224,Oligodendrocyte,Minor,CT_enriched,Canonical
ZNF254-202,ZNF254,Oligodendrocyte,Dominant,CT_enriched,Canonical
ZNF266-201,ZNF266,Oligodendrocyte,Dominant,CT_enriched,Alternate
ZNF266-206,ZNF266,Oligodendrocyte,Minor,AD_enriched,Canonical
ZNF37A-207,ZNF37A,Oligodendrocyte,Minor,AD_enriched,Canonical
ZNF37A-201,ZNF37A,Oligodendrocyte,Dominant,CT_enriched,Alternate
ZNF502-203,ZNF502,Oligodendrocyte,Minor,AD_enriched,Canonical
ZNF502-204,ZNF502,Oligodendrocyte,Dominant,CT_enriched,Alternate
ZNF514-201,ZNF514,Oligodendrocyte,Minor,AD_enriched,Canonical
ZNF514-205,ZNF514,Oligodendrocyte,Dominant,CT_enriched,Alternate
ZNF558-207,ZNF558,Oligodendrocyte,Dominant,AD_enriched,Canonical
transcript102246.chr19.nnic,ZNF571,Oligodendrocyte,Dominant,CT_enriched,Alternate
ZNF7-218,ZNF7,Oligodendrocyte,Minor,AD_enriched,Alternate
ZNF738-206,ZNF738,Oligodendrocyte,Dominant,CT_enriched,Canonical
ZNF738-201,ZNF738,Oligodendrocyte,Minor,AD_enriched,Alternate
ZNHIT6-201,ZNHIT6,Oligodendrocyte,Dominant,CT_enriched,Canonical
transcript148113.chr1.nnic,ZNHIT6,Oligodendrocyte,Minor,AD_enriched,Alternate
AARS1-225,AARS1,OPC,Minor,AD_enriched,Alternate
AARS1-201,AARS1,OPC,Dominant,CT_enriched,Canonical
ABCC8-269,ABCC8,OPC,Minor,AD_enriched,Alternate
ACAP2-206,ACAP2,OPC,Dominant,CT_enriched,Alternate
ACAP2-201,ACAP2,OPC,Minor,AD_enriched,Canonical
ACER3-219,ACER3,OPC,Minor,AD_enriched,Alternate
ACSL6-205,ACSL6,OPC,Minor,CT_enriched,Alternate
ADD1-201,ADD1,OPC,Dominant,CT_enriched,Alternate
ADGRB2-206,ADGRB2,OPC,Dominant,CT_enriched,Alternate
AK2-214,AK2,OPC,Dominant,CT_enriched,Canonical
AKAP8L-239,AKAP8L,OPC,Dominant,CT_enriched,Alternate
ALDH1L1-203,ALDH1L1,OPC,Dominant,CT_enriched,Canonical
AMPH-201,AMPH,OPC,Minor,AD_enriched,Alternate
AMPH-202,AMPH,OPC,Dominant,CT_enriched,Canonical
AMT-242,AMT,OPC,Minor,AD_enriched,Alternate
AMZ1-207,AMZ1,OPC,Minor,AD_enriched,Canonical
AMZ1-202,AMZ1,OPC,Dominant,CT_enriched,Alternate
ANAPC5-201,ANAPC5,OPC,Dominant,CT_enriched,Canonical
ANKRD18A-201,ANKRD18A,OPC,Dominant,CT_enriched,Canonical
ANTXR1-201,ANTXR1,OPC,Minor,AD_enriched,Canonical
ANTXR1-210,ANTXR1,OPC,Dominant,CT_enriched,Alternate
transcript2998.chr11.nic,AP2A2,OPC,Minor,AD_enriched,Alternate
transcript3042.chr11.nic,AP2A2,OPC,Dominant,CT_enriched,Alternate
AP3D1-202,AP3D1,OPC,Minor,AD_enriched,Alternate
AP4E1-202,AP4E1,OPC,Minor,CT_enriched,Alternate
APBB1-204,APBB1,OPC,Minor,AD_enriched,Alternate
ARF5-201,ARF5,OPC,Dominant,CT_enriched,Canonical
ARF5-204,ARF5,OPC,Minor,AD_enriched,Alternate
ARID1B-226,ARID1B,OPC,Dominant,CT_enriched,Alternate
ARID1B-221,ARID1B,OPC,Minor,CT_enriched,Alternate
ARID4A-204,ARID4A,OPC,Minor,AD_enriched,Alternate
ARMC8-210,ARMC8,OPC,Minor,CT_enriched,Canonical
ARMCX4-201,ARMCX4,OPC,Dominant,CT_enriched,Alternate
ASH1L-210,ASH1L,OPC,Minor,AD_enriched,Alternate
ATF7IP-222,ATF7IP,OPC,Minor,AD_enriched,Alternate
ATL1-209,ATL1,OPC,Dominant,CT_enriched,Alternate
ATM-241,ATM,OPC,Minor,AD_enriched,Alternate
ATP6V1B2-206,ATP6V1B2,OPC,Minor,AD_enriched,Alternate
ATP6V1B2-201,ATP6V1B2,OPC,Dominant,CT_enriched,Canonical
ATP7A-229,ATP7A,OPC,Minor,AD_enriched,Alternate
AUP1-201,AUP1,OPC,Minor,AD_enriched,Canonical
transcript196245.chr3.nnic,B4GALT4,OPC,Minor,AD_enriched,Alternate
BPTF-215,BPTF,OPC,Dominant,CT_enriched,Alternate
BPTF-207,BPTF,OPC,Minor,AD_enriched,Alternate
BSCL2-236,BSCL2,OPC,Dominant,CT_enriched,Alternate
BSCL2-203,BSCL2,OPC,Minor,AD_enriched,Canonical
transcript52007.chr6.nnic,BTBD9,OPC,Minor,AD_enriched,Alternate
BUB3-201,BUB3,OPC,Minor,AD_enriched,Alternate
BUB3-203,BUB3,OPC,Dominant,CT_enriched,Canonical
C6orf89-201,C6orf89,OPC,Minor,AD_enriched,Alternate
C6orf89-204,C6orf89,OPC,Dominant,CT_enriched,Canonical
C7orf50-204,C7orf50,OPC,Dominant,AD_enriched,Alternate
CACNB4-265,CACNB4,OPC,Dominant,CT_enriched,Alternate
CALCOCO1-217,CALCOCO1,OPC,Minor,AD_enriched,Alternate
CAMTA1-215,CAMTA1,OPC,Minor,AD_enriched,Alternate
transcript610.chr5.nnic,CCDC127,OPC,Minor,AD_enriched,Alternate
CDK13-214,CDK13,OPC,Minor,AD_enriched,Alternate
CDK13-217,CDK13,OPC,Minor,AD_enriched,Alternate
CDK13-202,CDK13,OPC,Dominant,CT_enriched,Alternate
CEP126-203,CEP126,OPC,Minor,AD_enriched,Alternate
CEP350-202,CEP350,OPC,Minor,AD_enriched,Canonical
CERT1-216,CERT1,OPC,Dominant,CT_enriched,Alternate
CGGBP1-201,CGGBP1,OPC,Minor,AD_enriched,Alternate
transcript96920.chr4.nnic,CHIC2,OPC,Dominant,CT_enriched,Alternate
CHORDC1-201,CHORDC1,OPC,Dominant,CT_enriched,Canonical
CHTOP-203,CHTOP,OPC,Minor,AD_enriched,Alternate
CHTOP-206,CHTOP,OPC,Dominant,CT_enriched,Alternate
CIAO1-201,CIAO1,OPC,Minor,AD_enriched,Alternate
CIAO1-203,CIAO1,OPC,Dominant,CT_enriched,Canonical
transcript3047.chr19.nic,CIRBP,OPC,Minor,CT_enriched,Alternate
CLINT1-206,CLINT1,OPC,Dominant,CT_enriched,Alternate
CLINT1-201,CLINT1,OPC,Minor,AD_enriched,Canonical
CNDP2-209,CNDP2,OPC,Minor,AD_enriched,Alternate
CNDP2-201,CNDP2,OPC,Dominant,CT_enriched,Canonical
CNKSR2-225,CNKSR2,OPC,Minor,AD_enriched,Alternate
CNKSR2-226,CNKSR2,OPC,Dominant,CT_enriched,Alternate
COG8-202,COG8,OPC,Minor,AD_enriched,Alternate
COG8-201,COG8,OPC,Dominant,CT_enriched,Canonical
CRB1-203,CRB1,OPC,Minor,CT_enriched,Canonical
transcript202838.chr7.nic,CREB3L2,OPC,Minor,AD_enriched,Alternate
CREB3L2-201,CREB3L2,OPC,Minor,CT_enriched,Canonical
CRELD1-234,CRELD1,OPC,Dominant,CT_enriched,Alternate
CSGALNACT1-203,CSGALNACT1,OPC,Dominant,CT_enriched,Alternate
CTNNB1-202,CTNNB1,OPC,Minor,CT_enriched,Alternate
CTPS1-210,CTPS1,OPC,Minor,CT_enriched,Alternate
CTTNBP2-201,CTTNBP2,OPC,Dominant,CT_enriched,Canonical
CTTNBP2-206,CTTNBP2,OPC,Minor,AD_enriched,Alternate
CYB5R3-201,CYB5R3,OPC,Dominant,AD_enriched,Canonical
CYB5R3-204,CYB5R3,OPC,Minor,CT_enriched,Alternate
CYFIP2-221,CYFIP2,OPC,Minor,AD_enriched,Alternate
CYP4V2-203,CYP4V2,OPC,Dominant,AD_enriched,Alternate
DAAM1-201,DAAM1,OPC,Minor,AD_enriched,Canonical
DBNL-210,DBNL,OPC,Minor,AD_enriched,Canonical
DBNL-217,DBNL,OPC,Dominant,CT_enriched,Alternate
DCTN5-203,DCTN5,OPC,Minor,AD_enriched,Alternate
DCTN5-201,DCTN5,OPC,Dominant,CT_enriched,Canonical
DDX54-202,DDX54,OPC,Minor,AD_enriched,Alternate
DDX54-201,DDX54,OPC,Dominant,CT_enriched,Canonical
DENND4A-201,DENND4A,OPC,Dominant,CT_enriched,Alternate
DENND4C-201,DENND4C,OPC,Minor,AD_enriched,Alternate
DICER1-225,DICER1,OPC,Minor,AD_enriched,Alternate
DIPK1A-202,DIPK1A,OPC,Dominant,CT_enriched,Alternate
DIPK1A-201,DIPK1A,OPC,Minor,AD_enriched,Canonical
transcript319159.chr3.nic,DLG1,OPC,Minor,AD_enriched,Alternate
DMD-252,DMD,OPC,Dominant,AD_enriched,Alternate
DMPK-223,DMPK,OPC,Minor,AD_enriched,Alternate
DMXL2-201,DMXL2,OPC,Minor,AD_enriched,Alternate
DMXL2-205,DMXL2,OPC,Dominant,CT_enriched,Alternate
DNAJB6-204,DNAJB6,OPC,Minor,AD_enriched,Alternate
DOCK4-212,DOCK4,OPC,Dominant,CT_enriched,Alternate
DPAGT1-201,DPAGT1,OPC,Minor,AD_enriched,Canonical
DYNC1H1-212,DYNC1H1,OPC,Minor,AD_enriched,Alternate
DYNC1H1-249,DYNC1H1,OPC,Dominant,CT_enriched,Alternate
ECHDC1-210,ECHDC1,OPC,Dominant,CT_enriched,Canonical
EDEM3-201,EDEM3,OPC,Dominant,CT_enriched,Canonical
EDEM3-207,EDEM3,OPC,Minor,AD_enriched,Alternate
EDEM3-215,EDEM3,OPC,Minor,AD_enriched,Alternate
EFR3A-201,EFR3A,OPC,Dominant,AD_enriched,Canonical
transcript181031.chr8.nnic,EFR3A,OPC,Minor,CT_enriched,Alternate
EIF4E2-207,EIF4E2,OPC,Dominant,CT_enriched,Alternate
EIF4E2-202,EIF4E2,OPC,Minor,AD_enriched,Alternate
ELMO1-203,ELMO1,OPC,Dominant,CT_enriched,Alternate
ENTPD6-201,ENTPD6,OPC,Dominant,CT_enriched,Alternate
ERBB4-204,ERBB4,OPC,Minor,AD_enriched,Alternate
ERCC4-215,ERCC4,OPC,Dominant,CT_enriched,Alternate
ERCC6L2-201,ERCC6L2,OPC,Minor,AD_enriched,Alternate
ERGIC1-211,ERGIC1,OPC,Minor,AD_enriched,Alternate
ETNK1-201,ETNK1,OPC,Dominant,CT_enriched,Canonical
ETNK1-207,ETNK1,OPC,Minor,AD_enriched,Alternate
ETV1-205,ETV1,OPC,Dominant,CT_enriched,Alternate
EVL-217,EVL,OPC,Minor,AD_enriched,Alternate
EVL-203,EVL,OPC,Dominant,CT_enriched,Alternate
EXOC4-201,EXOC4,OPC,Dominant,CT_enriched,Canonical
FAM13A-202,FAM13A,OPC,Minor,AD_enriched,Alternate
FAM13A-201,FAM13A,OPC,Dominant,CT_enriched,Canonical
FARP1-222,FARP1,OPC,Minor,AD_enriched,Alternate
FASTKD5-202,FASTKD5,OPC,Minor,AD_enriched,Alternate
FASTKD5-201,FASTKD5,OPC,Dominant,CT_enriched,Canonical
FCHSD2-204,FCHSD2,OPC,Dominant,CT_enriched,Canonical
FGFR1OP2-202,FGFR1OP2,OPC,Dominant,CT_enriched,Alternate
transcript241388.chr1.nic,FLAD1,OPC,Minor,AD_enriched,Alternate
FLYWCH1-212,FLYWCH1,OPC,Minor,AD_enriched,Alternate
FMO5-201,FMO5,OPC,Dominant,CT_enriched,Canonical
FTX-260,FTX,OPC,Dominant,CT_enriched,no_MANE_coverage
GCC2-218,GCC2,OPC,Minor,AD_enriched,Alternate
GDAP1-233,GDAP1,OPC,Dominant,CT_enriched,Alternate
GFRA1-209,GFRA1,OPC,Minor,AD_enriched,Alternate
GMDS-DT-220,GMDS-DT,OPC,Dominant,CT_enriched,no_MANE_coverage
GOLIM4-201,GOLIM4,OPC,Minor,AD_enriched,Alternate
GOLIM4-202,GOLIM4,OPC,Dominant,CT_enriched,Canonical
GON4L-204,GON4L,OPC,Dominant,CT_enriched,Alternate
GORASP1-201,GORASP1,OPC,Minor,AD_enriched,Canonical
GPAA1-216,GPAA1,OPC,Minor,CT_enriched,Alternate
GPBP1-208,GPBP1,OPC,Minor,AD_enriched,Alternate
transcript81872.chr1.nnic,GPBP1L1,OPC,Minor,AD_enriched,Alternate
GPR17-206,GPR17,OPC,Minor,CT_enriched,Alternate
GPR17-204,GPR17,OPC,Dominant,AD_enriched,Canonical
GRAMD1C-201,GRAMD1C,OPC,Dominant,AD_enriched,Canonical
GRAMD1C-205,GRAMD1C,OPC,Minor,CT_enriched,Alternate
GRIA4-201,GRIA4,OPC,Minor,CT_enriched,Canonical
transcript27348.chr7.nic,HDAC9,OPC,Dominant,CT_enriched,Alternate
HDLBP-204,HDLBP,OPC,Minor,AD_enriched,Alternate
HECTD4-202,HECTD4,OPC,Dominant,CT_enriched,Alternate
HERPUD1-203,HERPUD1,OPC,Minor,AD_enriched,Alternate
transcript47646.chr7.nic,HERPUD2,OPC,Minor,AD_enriched,Alternate
HIF3A-218,HIF3A,OPC,Minor,AD_enriched,Alternate
HNRNPD-210,HNRNPD,OPC,Minor,CT_enriched,Alternate
HNRNPR-210,HNRNPR,OPC,Dominant,AD_enriched,Alternate
HNRNPR-201,HNRNPR,OPC,Minor,CT_enriched,Canonical
HPS4-248,HPS4,OPC,Minor,AD_enriched,Alternate
HSD17B12-201,HSD17B12,OPC,Dominant,AD_enriched,Canonical
HSD17B12-203,HSD17B12,OPC,Minor,CT_enriched,Alternate
HSPA1A-201,HSPA1A,OPC,Dominant,AD_enriched,Canonical
HTRA1-201,HTRA1,OPC,Dominant,CT_enriched,Canonical
HTRA1-202,HTRA1,OPC,Minor,AD_enriched,Alternate
IARS1-241,IARS1,OPC,Dominant,CT_enriched,Alternate
ICE2-203,ICE2,OPC,Minor,AD_enriched,Alternate
IFIT3-202,IFIT3,OPC,Minor,AD_enriched,Canonical
ITGB4-203,ITGB4,OPC,Dominant,CT_enriched,Alternate
ITSN2-206,ITSN2,OPC,Minor,CT_enriched,Alternate
JAKMIP3-206,JAKMIP3,OPC,Minor,AD_enriched,Alternate
KCNIP4-204,KCNIP4,OPC,Dominant,CT_enriched,Canonical
transcript35436.chr4.nnic,KCNIP4,OPC,Minor,AD_enriched,Alternate
KDM5B-239,KDM5B,OPC,Minor,CT_enriched,Alternate
KIF16B-204,KIF16B,OPC,Dominant,CT_enriched,Alternate
KIF3A-203,KIF3A,OPC,Dominant,CT_enriched,Canonical
KLHL4-202,KLHL4,OPC,Minor,AD_enriched,Canonical
KLHL4-203,KLHL4,OPC,Dominant,CT_enriched,Alternate
KLHL42-201,KLHL42,OPC,Dominant,CT_enriched,Canonical
transcript44618.chr12.nnic,KLHL42,OPC,Minor,AD_enriched,Alternate
KMT5B-201,KMT5B,OPC,Dominant,CT_enriched,Canonical
KRBA2-202,KRBA2,OPC,Minor,AD_enriched,Alternate
KRBA2-201,KRBA2,OPC,Dominant,CT_enriched,Canonical
LCOR-203,LCOR,OPC,Dominant,CT_enriched,Alternate
LINC00662-233,LINC00662,OPC,Dominant,CT_enriched,no_MANE_coverage
LINC00667-204,LINC00667,OPC,Dominant,CT_enriched,no_MANE_coverage
LINC00667-229,LINC00667,OPC,Minor,AD_enriched,no_MANE_coverage
LINC02930-201,LINC02930,OPC,Dominant,CT_enriched,no_MANE_coverage
LINC02981-229,LINC02981,OPC,Minor,AD_enriched,no_MANE_coverage
LINC02981-211,LINC02981,OPC,Minor,AD_enriched,no_MANE_coverage
LMF1-201,LMF1,OPC,Dominant,CT_enriched,Canonical
LMF1-212,LMF1,OPC,Minor,AD_enriched,Alternate
LRRFIP2-205,LRRFIP2,OPC,Minor,AD_enriched,Alternate
LRRFIP2-219,LRRFIP2,OPC,Dominant,CT_enriched,Alternate
LRRN3-203,LRRN3,OPC,Dominant,CT_enriched,Alternate
LRRN3-201,LRRN3,OPC,Minor,AD_enriched,Canonical
MAEA-202,MAEA,OPC,Dominant,CT_enriched,Canonical
transcript160612.chrX.nic,MAMLD1,OPC,Dominant,CT_enriched,Alternate
MAPT-223,MAPT,OPC,Minor,AD_enriched,Alternate
transcript303166.chr3.nic,MASP1,OPC,Dominant,CT_enriched,Alternate
transcript302998.chr3.nic,MASP1,OPC,Minor,AD_enriched,Alternate
MATN2-216,MATN2,OPC,Minor,AD_enriched,Alternate
MBIP-201,MBIP,OPC,Minor,AD_enriched,Alternate
MGA-210,MGA,OPC,Dominant,CT_enriched,Alternate
MGRN1-202,MGRN1,OPC,Minor,AD_enriched,Alternate
MGRN1-203,MGRN1,OPC,Dominant,CT_enriched,Alternate
MIR124-1HG-201,MIR124-1HG,OPC,Dominant,CT_enriched,no_MANE_coverage
MIR9-1HG-220,MIR9-1HG,OPC,Dominant,AD_enriched,no_MANE_coverage
MIR9-1HG-228,MIR9-1HG,OPC,Minor,CT_enriched,no_MANE_coverage
MIR9-3HG-212,MIR9-3HG,OPC,Minor,AD_enriched,no_MANE_coverage
MIR9-3HG-233,MIR9-3HG,OPC,Dominant,CT_enriched,no_MANE_coverage
MOCS1-203,MOCS1,OPC,Dominant,AD_enriched,Alternate
transcript55281.chr6.nic,MOCS1,OPC,Minor,CT_enriched,Alternate
MTFR1L-210,MTFR1L,OPC,Minor,AD_enriched,Alternate
MTHFD1-223,MTHFD1,OPC,Minor,AD_enriched,Alternate
MTHFD1-220,MTHFD1,OPC,Dominant,CT_enriched,Canonical
MTMR2-219,MTMR2,OPC,Dominant,CT_enriched,Alternate
MYSM1-212,MYSM1,OPC,Dominant,CT_enriched,Alternate
MYSM1-220,MYSM1,OPC,Minor,AD_enriched,Alternate
MZF1-201,MZF1,OPC,Minor,CT_enriched,Canonical
MZF1-207,MZF1,OPC,Minor,AD_enriched,Alternate
NAA60-214,NAA60,OPC,Minor,CT_enriched,Alternate
NAP1L1-215,NAP1L1,OPC,Minor,AD_enriched,Alternate
NAP1L1-226,NAP1L1,OPC,Dominant,CT_enriched,Canonical
NCAM1-225,NCAM1,OPC,Dominant,CT_enriched,Alternate
NCOA1-206,NCOA1,OPC,Minor,AD_enriched,Alternate
transcript184301.chr8.nic,NDRG1,OPC,Dominant,CT_enriched,Alternate
NDUFA10-217,NDUFA10,OPC,Minor,AD_enriched,Alternate
NDUFA5-208,NDUFA5,OPC,Dominant,CT_enriched,Alternate
NELFCD-213,NELFCD,OPC,Dominant,CT_enriched,Alternate
NFAT5-208,NFAT5,OPC,Minor,AD_enriched,Alternate
NFAT5-202,NFAT5,OPC,Dominant,CT_enriched,Alternate
transcript6722.chrY.nic,NLGN4Y,OPC,Minor,AD_enriched,Alternate
NOL8-205,NOL8,OPC,Dominant,CT_enriched,Alternate
NONO-216,NONO,OPC,Minor,AD_enriched,Alternate
transcript70613.chr20.nic,NPEPL1,OPC,Dominant,CT_enriched,Alternate
NPM1-220,NPM1,OPC,Minor,AD_enriched,Alternate
transcript80547.chr3.nic,NPRL2,OPC,Dominant,CT_enriched,Alternate
NPRL2-212,NPRL2,OPC,Minor,AD_enriched,Alternate
NRBP1-201,NRBP1,OPC,Dominant,AD_enriched,Alternate
NRDC-211,NRDC,OPC,Minor,AD_enriched,Alternate
NUMA1-205,NUMA1,OPC,Minor,CT_enriched,Canonical
NUP88-222,NUP88,OPC,Minor,CT_enriched,Alternate
OSBPL9-205,OSBPL9,OPC,Minor,CT_enriched,Alternate
OTUD6B-AS1-204,OTUD6B-AS1,OPC,Minor,CT_enriched,no_MANE_coverage
P3H1-207,P3H1,OPC,Dominant,AD_enriched,Alternate
P3H1-214,P3H1,OPC,Minor,CT_enriched,Alternate
PABPN1-201,PABPN1,OPC,Minor,AD_enriched,Canonical
PABPN1-202,PABPN1,OPC,Dominant,CT_enriched,Alternate
PALS1-208,PALS1,OPC,Minor,AD_enriched,Alternate
PAPOLA-223,PAPOLA,OPC,Minor,AD_enriched,Alternate
PAPOLA-201,PAPOLA,OPC,Dominant,CT_enriched,Canonical
PARP10-207,PARP10,OPC,Minor,AD_enriched,Alternate
transcript71512.chr4.nnic,PCDH7,OPC,Dominant,CT_enriched,Alternate
PCNT-205,PCNT,OPC,Dominant,CT_enriched,Alternate
PCNT-209,PCNT,OPC,Minor,AD_enriched,Alternate
PCYOX1L-201,PCYOX1L,OPC,Minor,AD_enriched,Canonical
PDCD10-218,PDCD10,OPC,Dominant,CT_enriched,Alternate
PDE1C-203,PDE1C,OPC,Dominant,CT_enriched,Alternate
PDE1C-202,PDE1C,OPC,Minor,AD_enriched,Alternate
PDS5A-201,PDS5A,OPC,Dominant,CT_enriched,Canonical
PDS5A-202,PDS5A,OPC,Minor,AD_enriched,Alternate
PHYHIP-202,PHYHIP,OPC,Dominant,CT_enriched,Canonical
PHYHIP-201,PHYHIP,OPC,Minor,AD_enriched,Alternate
transcript42403.chr22.nic,PICK1,OPC,Dominant,CT_enriched,Alternate
PIK3CA-208,PIK3CA,OPC,Dominant,CT_enriched,Alternate
PIK3IP1-201,PIK3IP1,OPC,Dominant,AD_enriched,Canonical
PIK3IP1-203,PIK3IP1,OPC,Minor,CT_enriched,Alternate
PLEKHB2-212,PLEKHB2,OPC,Dominant,CT_enriched,Canonical
PLOD2-219,PLOD2,OPC,Dominant,CT_enriched,Alternate
PLOD2-229,PLOD2,OPC,Minor,AD_enriched,Alternate
PMPCA-201,PMPCA,OPC,Minor,AD_enriched,Canonical
PMPCB-207,PMPCB,OPC,Minor,CT_enriched,Alternate
POMT2-202,POMT2,OPC,Minor,AD_enriched,Alternate
POMT2-201,POMT2,OPC,Dominant,CT_enriched,Canonical
PPM1B-207,PPM1B,OPC,Minor,AD_enriched,Alternate
PPP4R3A-206,PPP4R3A,OPC,Minor,CT_enriched,Canonical
PRKCA-202,PRKCA,OPC,Dominant,CT_enriched,Canonical
PRKCA-201,PRKCA,OPC,Minor,AD_enriched,Alternate
PRKRA-218,PRKRA,OPC,Minor,CT_enriched,Alternate
PRORP-203,PRORP,OPC,Dominant,CT_enriched,Canonical
PRUNE2-203,PRUNE2,OPC,Dominant,CT_enriched,Canonical
PRUNE2-213,PRUNE2,OPC,Minor,AD_enriched,Alternate
PTGES2-213,PTGES2,OPC,Dominant,CT_enriched,Alternate
transcript181955.chr1.nic,PTGFRN,OPC,Minor,CT_enriched,Alternate
PXK-211,PXK,OPC,Minor,AD_enriched,Alternate
PXK-202,PXK,OPC,Dominant,CT_enriched,Canonical
R3HDM1-202,R3HDM1,OPC,Minor,AD_enriched,Alternate
RBMX-212,RBMX,OPC,Minor,CT_enriched,Alternate
RBMX-207,RBMX,OPC,Dominant,AD_enriched,Alternate
RGS12-201,RGS12,OPC,Dominant,CT_enriched,Canonical
RIMS2-215,RIMS2,OPC,Minor,AD_enriched,Alternate
RIPK1-214,RIPK1,OPC,Minor,AD_enriched,Alternate
RIPK2-DT-212,RIPK2-DT,OPC,Minor,AD_enriched,no_MANE_coverage
RIPK2-DT-210,RIPK2-DT,OPC,Dominant,CT_enriched,no_MANE_coverage
RNH1-202,RNH1,OPC,Dominant,CT_enriched,Alternate
RNPS1-221,RNPS1,OPC,Minor,CT_enriched,Alternate
RORA-204,RORA,OPC,Minor,AD_enriched,Alternate
transcript222695.chr9.nic,RPL7A,OPC,Dominant,CT_enriched,Alternate
transcript43910.chr14.nnic,RTRAF,OPC,Minor,AD_enriched,Alternate
SAMHD1-225,SAMHD1,OPC,Minor,AD_enriched,Alternate
SCFD1-203,SCFD1,OPC,Dominant,CT_enriched,Canonical
transcript164634.chr5.nnic,SEPTIN8,OPC,Minor,AD_enriched,Alternate
SEPTIN8-207,SEPTIN8,OPC,Dominant,CT_enriched,Canonical
SERBP1-203,SERBP1,OPC,Minor,AD_enriched,Alternate
SERBP1-204,SERBP1,OPC,Dominant,CT_enriched,Alternate
SFSWAP-209,SFSWAP,OPC,Dominant,CT_enriched,Alternate
SGMS1-202,SGMS1,OPC,Dominant,CT_enriched,Canonical
transcript102277.chr10.nic,SGMS1,OPC,Minor,AD_enriched,Alternate
transcript159022.chr10.nic,SHLD2,OPC,Minor,AD_enriched,Alternate
SHLD2-201,SHLD2,OPC,Dominant,CT_enriched,Alternate
SHPRH-204,SHPRH,OPC,Minor,CT_enriched,Alternate
SLAIN2-201,SLAIN2,OPC,Dominant,CT_enriched,Canonical
SLC25A3-204,SLC25A3,OPC,Dominant,CT_enriched,Alternate
SLC25A36-201,SLC25A36,OPC,Dominant,CT_enriched,Canonical
SLC25A36-208,SLC25A36,OPC,Minor,AD_enriched,Alternate
SLC44A2-203,SLC44A2,OPC,Dominant,CT_enriched,Alternate
SLC44A2-201,SLC44A2,OPC,Minor,AD_enriched,Canonical
transcript50057.chr2.nnic,SLC8A1,OPC,Minor,AD_enriched,Alternate
SMAD1-201,SMAD1,OPC,Dominant,CT_enriched,Canonical
transcript49719.chr18.nic,SMAD2,OPC,Minor,AD_enriched,Alternate
SMARCA4-235,SMARCA4,OPC,Dominant,CT_enriched,Alternate
SNRPN-202,SNRPN,OPC,Dominant,CT_enriched,Canonical
SNRPN-208,SNRPN,OPC,Minor,AD_enriched,Alternate
SNX22-204,SNX22,OPC,Minor,AD_enriched,Alternate
SOD2-206,SOD2,OPC,Minor,AD_enriched,Alternate
SOD2-210,SOD2,OPC,Dominant,CT_enriched,Canonical
SPAG9-201,SPAG9,OPC,Minor,CT_enriched,Canonical
SPART-209,SPART,OPC,Minor,AD_enriched,Alternate
SPPL2B-212,SPPL2B,OPC,Minor,AD_enriched,Alternate
SPSB3-208,SPSB3,OPC,Minor,AD_enriched,Canonical
SPSB3-209,SPSB3,OPC,Dominant,CT_enriched,Alternate
STARD7-204,STARD7,OPC,Minor,AD_enriched,Alternate
transcript347372.chr2.nic,STAT1,OPC,Minor,CT_enriched,Alternate
STAU2-229,STAU2,OPC,Minor,CT_enriched,Canonical
STAU2-201,STAU2,OPC,Dominant,AD_enriched,Alternate
transcript47762.chr3.nic,STT3B,OPC,Minor,CT_enriched,Alternate
SUGP2-215,SUGP2,OPC,Minor,AD_enriched,Alternate
SUPT16H-201,SUPT16H,OPC,Dominant,CT_enriched,Canonical
SUPT16H-207,SUPT16H,OPC,Minor,AD_enriched,Alternate
SUPT20H-222,SUPT20H,OPC,Minor,AD_enriched,Alternate
SYT14-208,SYT14,OPC,Minor,AD_enriched,Alternate
TARS2-213,TARS2,OPC,Minor,AD_enriched,Alternate
TBL1XR1-214,TBL1XR1,OPC,Minor,AD_enriched,Canonical
TBL3-206,TBL3,OPC,Minor,CT_enriched,Alternate
TBL3-205,TBL3,OPC,Dominant,AD_enriched,Canonical
TGS1-203,TGS1,OPC,Minor,AD_enriched,Alternate
TGS1-201,TGS1,OPC,Dominant,CT_enriched,Canonical
transcript43436.chr3.nic,THRB,OPC,Minor,AD_enriched,Alternate
TIAM1-208,TIAM1,OPC,Minor,AD_enriched,Alternate
TIAM1-207,TIAM1,OPC,Dominant,CT_enriched,Alternate
TM9SF2-207,TM9SF2,OPC,Minor,AD_enriched,Alternate
TM9SF2-201,TM9SF2,OPC,Dominant,CT_enriched,Canonical
transcript8744.chr4.nnic,TMEM129,OPC,Minor,CT_enriched,Alternate
TMEM130-203,TMEM130,OPC,Minor,AD_enriched,Alternate
TMEM94-216,TMEM94,OPC,Dominant,CT_enriched,Alternate
TMUB2-202,TMUB2,OPC,Minor,AD_enriched,Alternate
TMUB2-201,TMUB2,OPC,Dominant,CT_enriched,Alternate
transcript58754.chr20.nic,TOMM34,OPC,Dominant,CT_enriched,Alternate
transcript103408.chr11.nic,TPCN2,OPC,Minor,AD_enriched,Alternate
TPCN2-201,TPCN2,OPC,Dominant,CT_enriched,Canonical
TSC2-225,TSC2,OPC,Minor,CT_enriched,Alternate
TTC17-208,TTC17,OPC,Minor,AD_enriched,Alternate
TTC21B-220,TTC21B,OPC,Minor,AD_enriched,Alternate
transcript149302.chr4.nic,UBE2D3,OPC,Minor,AD_enriched,Alternate
UGP2-202,UGP2,OPC,Dominant,CT_enriched,Alternate
UGP2-211,UGP2,OPC,Minor,AD_enriched,Alternate
UTY-205,UTY,OPC,Dominant,CT_enriched,Alternate
VEZT-213,VEZT,OPC,Minor,AD_enriched,Alternate
VLDLR-224,VLDLR,OPC,Dominant,CT_enriched,Alternate
VPS45-227,VPS45,OPC,Minor,AD_enriched,Alternate
WAC-203,WAC,OPC,Minor,AD_enriched,Canonical
WARS1-202,WARS1,OPC,Dominant,CT_enriched,Alternate
WARS1-204,WARS1,OPC,Minor,AD_enriched,Canonical
WDFY3-212,WDFY3,OPC,Minor,CT_enriched,Alternate
XPO1-255,XPO1,OPC,Minor,AD_enriched,Alternate
YARS1-203,YARS1,OPC,Minor,AD_enriched,Alternate
YTHDC2-202,YTHDC2,OPC,Minor,AD_enriched,Alternate
YTHDC2-201,YTHDC2,OPC,Dominant,CT_enriched,Canonical
ZC3H13-206,ZC3H13,OPC,Dominant,CT_enriched,Canonical
transcript205194.chr7.nic,ZC3HAV1,OPC,Minor,AD_enriched,Alternate
ZDHHC14-209,ZDHHC14,OPC,Dominant,CT_enriched,Alternate
ZEB1-204,ZEB1,OPC,Dominant,CT_enriched,Alternate
transcript52114.chr6.nic,ZFAND3,OPC,Minor,AD_enriched,Alternate
ZFHX4-204,ZFHX4,OPC,Minor,AD_enriched,Alternate
ZGRF1-205,ZGRF1,OPC,Minor,CT_enriched,Alternate
ZGRF1-201,ZGRF1,OPC,Dominant,AD_enriched,Alternate
ZHX1-201,ZHX1,OPC,Dominant,CT_enriched,Alternate
ZHX1-202,ZHX1,OPC,Minor,AD_enriched,Canonical
ZNF160-213,ZNF160,OPC,Minor,AD_enriched,Alternate
ZNF160-202,ZNF160,OPC,Dominant,CT_enriched,Alternate
ZNF207-201,ZNF207,OPC,Dominant,CT_enriched,Alternate
ZNF23-206,ZNF23,OPC,Minor,AD_enriched,Alternate
ZNF512-201,ZNF512,OPC,Dominant,CT_enriched,Canonical
ZNF558-201,ZNF558,OPC,Minor,AD_enriched,Alternate
ZNF568-204,ZNF568,OPC,Dominant,CT_enriched,Alternate
ZNF577-214,ZNF577,OPC,Minor,CT_enriched,Alternate
ZNF585A-202,ZNF585A,OPC,Minor,AD_enriched,Alternate
ZNF585A-201,ZNF585A,OPC,Dominant,CT_enriched,Canonical
ZNF675-206,ZNF675,OPC,Dominant,CT_enriched,Alternate
ZNF675-201,ZNF675,OPC,Minor,AD_enriched,Canonical
ZNF765-201,ZNF765,OPC,Minor,AD_enriched,Canonical
ZRANB2-201,ZRANB2,OPC,Minor,AD_enriched,Alternate
ZSCAN12-202,ZSCAN12,OPC,Minor,AD_enriched,Alternate
ZSCAN18-217,ZSCAN18,OPC,Dominant,CT_enriched,Canonical
ACTG1-206,ACTG1,Vascular_cell,Dominant,CT_enriched,Alternate
transcript194351.chr12.nnic,ADGRD1,Vascular_cell,Minor,CT_enriched,Alternate
AP2M1-202,AP2M1,Vascular_cell,Minor,AD_enriched,Alternate
AP2M1-208,AP2M1,Vascular_cell,Dominant,CT_enriched,Alternate
CALD1-220,CALD1,Vascular_cell,Dominant,CT_enriched,Alternate
CCDC186-207,CCDC186,Vascular_cell,Minor,AD_enriched,Alternate
CCDC186-203,CCDC186,Vascular_cell,Dominant,CT_enriched,Canonical
CCSER2-203,CCSER2,Vascular_cell,Dominant,AD_enriched,Canonical
CPT1A-201,CPT1A,Vascular_cell,Minor,AD_enriched,Canonical
CPT1A-202,CPT1A,Vascular_cell,Dominant,CT_enriched,Alternate
CTNNB1-201,CTNNB1,Vascular_cell,Dominant,CT_enriched,Canonical
transcript45371.chr2.nnic,CYP1B1,Vascular_cell,Minor,AD_enriched,Alternate
DIDO1-202,DIDO1,Vascular_cell,Minor,AD_enriched,Alternate
DLC1-201,DLC1,Vascular_cell,Minor,CT_enriched,Canonical
DLC1-203,DLC1,Vascular_cell,Minor,AD_enriched,Alternate
DST-223,DST,Vascular_cell,Minor,AD_enriched,Alternate
transcript53453.chr16.nnic,ENSG00000291073,Vascular_cell,Minor,AD_enriched,no_MANE_coverage
EPAS1-201,EPAS1,Vascular_cell,Dominant,AD_enriched,Canonical
transcript56778.chr2.nnic,EPAS1,Vascular_cell,Minor,CT_enriched,Alternate
FLT1-204,FLT1,Vascular_cell,Minor,CT_enriched,Alternate
GCC2-223,GCC2,Vascular_cell,Dominant,CT_enriched,Alternate
GCC2-218,GCC2,Vascular_cell,Minor,AD_enriched,Alternate
GOLGB1-208,GOLGB1,Vascular_cell,Dominant,CT_enriched,Alternate
HNRNPA3-205,HNRNPA3,Vascular_cell,Minor,AD_enriched,Alternate
HNRNPU-209,HNRNPU,Vascular_cell,Minor,CT_enriched,Alternate
HSPD1-202,HSPD1,Vascular_cell,Dominant,CT_enriched,Canonical
LAMA2-209,LAMA2,Vascular_cell,Minor,AD_enriched,Alternate
MAOA-206,MAOA,Vascular_cell,Minor,AD_enriched,Alternate
MAOA-203,MAOA,Vascular_cell,Dominant,CT_enriched,Alternate
NAMPT-203,NAMPT,Vascular_cell,Minor,CT_enriched,Alternate
NFKBIA-217,NFKBIA,Vascular_cell,Minor,CT_enriched,Alternate
NKTR-205,NKTR,Vascular_cell,Minor,CT_enriched,Alternate
PHLDB2-204,PHLDB2,Vascular_cell,Dominant,CT_enriched,Canonical
PPP1R12A-203,PPP1R12A,Vascular_cell,Minor,AD_enriched,Canonical
PPP1R12A-213,PPP1R12A,Vascular_cell,Dominant,CT_enriched,Alternate
PRKAR1A-216,PRKAR1A,Vascular_cell,Dominant,CT_enriched,Canonical
RNF144B-201,RNF144B,Vascular_cell,Minor,AD_enriched,Canonical
RNF213-210,RNF213,Vascular_cell,Dominant,CT_enriched,Alternate
RTN3-208,RTN3,Vascular_cell,Dominant,CT_enriched,Alternate
SF3B1-208,SF3B1,Vascular_cell,Dominant,CT_enriched,Alternate
SLC6A1-201,SLC6A1,Vascular_cell,Dominant,CT_enriched,Canonical
SLCO4A1-208,SLCO4A1,Vascular_cell,Dominant,CT_enriched,Alternate
transcript75716.chr20.nic,SLCO4A1,Vascular_cell,Minor,AD_enriched,Alternate
SOD2-206,SOD2,Vascular_cell,Minor,AD_enriched,Alternate
SOD2-210,SOD2,Vascular_cell,Dominant,CT_enriched,Canonical
SRRM1-223,SRRM1,Vascular_cell,Minor,CT_enriched,Alternate
SYNE1-211,SYNE1,Vascular_cell,Dominant,CT_enriched,Alternate
SYNE1-206,SYNE1,Vascular_cell,Minor,AD_enriched,Canonical
TGM2-201,TGM2,Vascular_cell,Dominant,CT_enriched,Canonical
TTC3-209,TTC3,Vascular_cell,Minor,CT_enriched,Alternate
transcript12043.chr12.nic,VWF,Vascular_cell,Minor,CT_enriched,Alternate
VWF-201,VWF,Vascular_cell,Dominant,AD_enriched,Canonical
WDFY3-203,WDFY3,Vascular_cell,Minor,AD_enriched,Alternate
ZNF462-201,ZNF462,Vascular_cell,Dominant,CT_enriched,Canonical
ZNF462-204,ZNF462,Vascular_cell,Minor,AD_enriched,Alternate
ZZEF1-201,ZZEF1,Vascular_cell,Minor,AD_enriched,Canonical
