cell_type,transcript_name,gene_name,AD,Control,chi_pval,chi_padj,chi_significant,delta_usage,usage_direction,permutation_pval,permutation_significant,n_valid_permutations,total_counts_AD,total_counts_CT,mean_CPM_AD,mean_CPM_CT,log2FC,isoform_role,gene_log2FC,gene_padj,dge_class,scenario_code,scenario_name,priority,dge_source
Astrocyte,ACAD9-201,ACAD9,0.55,0.9081803005008348,7.329248194165798e-49,5.512641677468985e-47,True,-0.3581803005008347,CT_enriched,0.0404040404040404,True,792.0,22,544,25.2895,908.2117,-5.1121,Dominant,0.430402158479667,0.463934730975591,flat,DIEr,Dominant Isoform Erosion,trial_failure_explanation,SR
Astrocyte,ACSF3-218,ACSF3,0.032258064516129,0.6290322580645161,3.913650590533071e-12,2.2096911913304687e-11,True,-0.5967741935483871,CT_enriched,0.0357142857142857,True,84.0,2,39,2.3872,45.9502,-3.7929,Dominant,-0.162334882164786,0.784948632588732,flat,DIEr,Dominant Isoform Erosion,trial_failure_explanation,SR
Astrocyte,ACSF3-203,ACSF3,0.9193548387096774,0.3064516129032258,3.913650590533071e-12,2.2096911913304687e-11,True,0.6129032258064515,AD_enriched,0.0357142857142857,True,84.0,57,19,74.3822,19.1403,1.9041,Minor,-0.162334882164786,0.784948632588732,flat,MIR,Minor Isoform Redistribution,new_target_candidate,SR
Astrocyte,ADAM15-201,ADAM15,0.0,0.2368421052631578,0.0003997638976396,0.0009161074738075,True,-0.2368421052631578,CT_enriched,0.0178571428571428,True,56.0,0,9,0.0,8.9427,-3.3136,Minor,0.393257955374629,0.79662319451367,flat,MIEr,Minor Isoform Erosion,,SR
Astrocyte,ADAR-227,ADAR,0.1764705882352941,0.46875,6.923696347325095e-12,3.827114043954501e-11,True,-0.2922794117647059,CT_enriched,0.0471,True,10000.0,42,75,49.2983,206.7194,-2.0461,Minor,0.053318179395823,0.90894174412274,flat,MIEr,Minor Isoform Erosion,,SR
Astrocyte,ADGRA3-203,ADGRA3,0.8404669260700389,0.2268041237113402,2.1163409087653547e-27,4.285590340249844e-26,True,0.6136628023586987,AD_enriched,0.0319680319680319,True,2002.0,216,22,217.3338,55.6992,1.9451,Minor,0.26008790227797,0.352588769058204,flat,MIR,Minor Isoform Redistribution,new_target_candidate,SR
Astrocyte,ADGRA3-202,ADGRA3,0.159533073929961,0.7731958762886598,2.1163409087653547e-27,4.285590340249844e-26,True,-0.6136628023586989,CT_enriched,0.0309690309690309,True,2002.0,41,75,61.1181,68.2576,-0.157,Dominant,0.26008790227797,0.352588769058204,flat,DIEr,Dominant Isoform Erosion,trial_failure_explanation,SR
Astrocyte,AFDN-205,AFDN,0.1020408163265306,0.3055555555555556,0.0023865724534313,0.0048561561226341,True,-0.2035147392290249,CT_enriched,0.0363636363636363,True,55.0,5,11,4.8217,9.6327,-0.869,Minor,0.162943921035438,0.555789408102042,flat,MIEr,Minor Isoform Erosion,,SR
Astrocyte,AKAP8L-239,AKAP8L,0.0747422680412371,0.5673076923076923,2.870462857723094e-42,1.40585925078252e-40,True,-0.4925654242664552,CT_enriched,0.0464646464646464,True,495.0,29,59,33.6743,39.626,-0.2285,Dominant,0.445200592905641,0.270928086331919,flat,DIEr,Dominant Isoform Erosion,trial_failure_explanation,SR
Astrocyte,ALDH3A2-201,ALDH3A2,0.3714285714285714,0.9659090909090908,1.469009148539404e-11,7.852114890416204e-11,True,-0.5944805194805194,CT_enriched,0.0178571428571428,True,56.0,13,85,14.8771,164.8372,-3.3848,Dominant,0.350431369718673,0.505736222456783,flat,DIEr,Dominant Isoform Erosion,trial_failure_explanation,SR
Astrocyte,ALDH3A2-202,ALDH3A2,0.3714285714285714,0.0227272727272727,1.469009148539404e-11,7.852114890416204e-11,True,0.3487012987012987,AD_enriched,0.0178571428571428,True,56.0,13,2,35.609,5.3902,2.5183,Minor,0.350431369718673,0.505736222456783,flat,MIR,Minor Isoform Redistribution,new_target_candidate,SR
Astrocyte,AMT-212,AMT,0.0082644628099173,0.2651515151515151,2.287026306199047e-12,1.3159774319276483e-11,True,-0.2568870523415978,CT_enriched,0.0444444444444444,True,45.0,1,35,0.2329,16.0173,-3.7868,Minor,-0.187750910472724,0.862673903656695,flat,MIEr,Minor Isoform Erosion,,SR
Astrocyte,ANAPC5-201,ANAPC5,0.3676470588235294,0.8483606557377049,3.378574483882997e-16,2.834772056995057e-15,True,-0.4807135969141755,CT_enriched,0.0215617715617715,True,1716.0,25,207,31.4515,308.5809,-3.254,Dominant,-0.0545324782715434,0.912789456454816,flat,DIEr,Dominant Isoform Erosion,trial_failure_explanation,SR
Astrocyte,ANKRD44-204,ANKRD44,0.2631578947368421,0.0,7.276415563779133e-13,4.441777152846045e-12,True,0.2631578947368421,AD_enriched,0.0,True,6.0,10,0,9.9743,0.0,3.4561,Minor,-0.0466109003501714,0.937455246370907,flat,MIR,Minor Isoform Redistribution,new_target_candidate,SR
Astrocyte,ANKRD44-201,ANKRD44,0.2105263157894736,0.967741935483871,7.276415563779133e-13,4.441777152846045e-12,True,-0.7572156196943974,CT_enriched,0.0,True,6.0,8,60,9.1027,20.9355,-1.1185,Dominant,-0.0466109003501714,0.937455246370907,flat,DIEr,Dominant Isoform Erosion,trial_failure_explanation,SR
Astrocyte,ANXA11-203,ANXA11,0.0505050505050505,0.8064516129032258,2.3827484682571305e-17,2.181768814847616e-16,True,-0.7559465623981753,CT_enriched,0.0357142857142857,True,28.0,5,25,7.1818,20.1484,-1.3701,Dominant,0.542537217894396,0.411063813199007,flat,DIEr,Dominant Isoform Erosion,trial_failure_explanation,SR
Astrocyte,ANXA11-202,ANXA11,0.9494949494949496,0.1935483870967742,2.3827484682571305e-17,2.181768814847616e-16,True,0.7559465623981754,AD_enriched,0.0357142857142857,True,28.0,94,6,70.0368,20.5215,1.7228,Minor,0.542537217894396,0.411063813199007,flat,MIR,Minor Isoform Redistribution,new_target_candidate,SR
Astrocyte,transcript88841.chr2.nic,APLF,0.1875,0.8857142857142857,9.226903060766676e-12,5.0735921268863246e-11,True,-0.6982142857142857,CT_enriched,0.0,True,6.0,9,31,9.2948,171.3053,-4.065,Dominant,0.225242978522663,0.727026839369497,flat,DIEr,Dominant Isoform Erosion,trial_failure_explanation,SR
Astrocyte,ARHGAP29-201,ARHGAP29,0.5363636363636364,0.9302325581395348,3.368561736500021e-05,8.878837317983784e-05,True,-0.3938689217758984,CT_enriched,0.0,True,495.0,118,40,52.1338,65.0027,-0.3129,Dominant,0.0930047499227451,0.912993723712056,flat,DIEr,Dominant Isoform Erosion,trial_failure_explanation,SR
Astrocyte,ARHGAP29-202,ARHGAP29,0.3909090909090909,0.0697674418604651,3.368561736500021e-05,8.878837317983784e-05,True,0.3211416490486257,AD_enriched,0.0404040404040404,True,495.0,86,3,59.928,1.0468,4.8957,Minor,0.0930047499227451,0.912993723712056,flat,MIR,Minor Isoform Redistribution,new_target_candidate,SR
Astrocyte,ARHGEF10L-203,ARHGEF10L,0.8188405797101449,0.0053475935828877,6.945295828570074e-66,1.4626793014968577e-63,True,0.8134929861272572,AD_enriched,0.0277777777777777,True,36.0,113,1,45.5957,1.9811,3.9663,Minor,0.164366187649286,0.733133048358041,flat,MIR,Minor Isoform Redistribution,new_target_candidate,SR
Astrocyte,ARHGEF26-202,ARHGEF26,0.8532110091743119,0.2588235294117647,4.958141177070142e-19,5.438461103598811e-18,True,0.5943874797625472,AD_enriched,0.0329670329670329,True,364.0,93,22,142.9076,36.0211,1.9587,Minor,0.0778374309764642,0.761114157693088,flat,MIR,Minor Isoform Redistribution,new_target_candidate,SR
Astrocyte,ARHGEF26-204,ARHGEF26,0.0458715596330275,0.6470588235294118,4.958141177070142e-19,5.438461103598811e-18,True,-0.6011872638963843,CT_enriched,0.0137362637362637,True,364.0,5,55,1.1647,27.3518,-3.7112,Dominant,0.0778374309764642,0.761114157693088,flat,DIEr,Dominant Isoform Erosion,trial_failure_explanation,SR
Astrocyte,ARID1B-226,ARID1B,0.3777777777777777,0.1142857142857142,5.401881584516415e-07,1.7692632374792488e-06,True,0.2634920634920635,AD_enriched,0.0476190476190476,True,84.0,17,4,18.2192,50.8715,-1.4324,Minor,-0.0100581758641626,0.975004793254505,flat,MIR,Minor Isoform Redistribution,new_target_candidate,SR
Astrocyte,ARID4A-202,ARID4A,0.2125,0.8461538461538461,1.9129766498050868e-09,8.340559636694771e-09,True,-0.6336538461538461,CT_enriched,0.0202020202020202,True,495.0,17,33,17.9832,38.8206,-1.0688,Dominant,-0.0046414407536968,0.992033431301278,flat,DIEr,Dominant Isoform Erosion,trial_failure_explanation,SR
Astrocyte,ARID4B-208,ARID4B,0.0689655172413793,0.4782608695652174,1.7437280914464222e-27,3.565331418044821e-26,True,-0.4092953523238381,CT_enriched,0.0079920079920079,True,5005.0,30,55,24.1033,48.0791,-0.9672,Dominant,0.255248596487144,0.267280964285563,flat,DIEr,Dominant Isoform Erosion,trial_failure_explanation,SR
Astrocyte,ARID4B-202,ARID4B,0.335632183908046,0.0956521739130434,1.7437280914464222e-27,3.565331418044821e-26,True,0.2399800099950026,AD_enriched,0.0417582417582417,True,5005.0,146,11,137.9965,44.8173,1.6011,Minor,0.255248596487144,0.267280964285563,flat,MIR,Minor Isoform Redistribution,new_target_candidate,SR
Astrocyte,ASB3-202,ASB3,0.0179640718562874,0.2774193548387096,1.925068500789991e-20,2.427661235127977e-19,True,-0.2594552829824222,CT_enriched,0.0333333333333333,True,120.0,3,43,4.5409,20.7112,-1.9703,Minor,-0.103154841655153,0.830231857081325,flat,MIEr,Minor Isoform Erosion,,SR
Astrocyte,transcript141883.chr17.nic,ASPSCR1,0.0153846153846153,0.7567567567567568,3.317220087015038e-23,4.954656385286291e-22,True,-0.7413721413721415,CT_enriched,0.0174825174825174,True,286.0,2,28,5.2928,22.0104,-1.8705,Dominant,0.17917512885638,0.720251855556557,flat,DIEr,Dominant Isoform Erosion,trial_failure_explanation,SR
Astrocyte,ATF6-210,ATF6,0.3191489361702128,0.0,8.477204254225835e-11,4.1908432299060117e-10,True,0.3191489361702128,AD_enriched,0.002020202020202,True,495.0,15,0,21.351,0.0,4.4823,Minor,0.148498444266964,0.71025285499486,flat,MIR,Minor Isoform Redistribution,new_target_candidate,SR
Astrocyte,ATF6-201,ATF6,0.4468085106382978,0.975609756097561,8.477204254225835e-11,4.1908432299060117e-10,True,-0.5288012454592632,CT_enriched,0.008080808080808,True,495.0,21,80,25.4937,77.7352,-1.5714,Dominant,0.148498444266964,0.71025285499486,flat,DIEr,Dominant Isoform Erosion,trial_failure_explanation,SR
Astrocyte,ATOSA-216,ATOSA,0.056,0.4166666666666667,1.2927140289428817e-07,4.499926851163155e-07,True,-0.3606666666666667,CT_enriched,0.029040404040404,True,792.0,7,20,6.6306,228.6493,-4.9115,Dominant,0.0355715158257002,0.957552396075369,flat,DIEr,Dominant Isoform Erosion,trial_failure_explanation,SR
Astrocyte,ATP6V0B-203,ATP6V0B,0.037037037037037,0.4561403508771929,2.867962154522545e-08,1.0882753689053117e-07,True,-0.4191033138401559,CT_enriched,0.0476190476190476,True,210.0,2,26,1.4266,10.7042,-2.27,Dominant,-0.741124718455309,0.567336439290455,down,DIDe,Dominant Isoform Depletion,trial_failure_explanation,SR
Astrocyte,ATP9B-201,ATP9B,0.0196078431372549,0.6875,2.1705484150278006e-10,1.0508448188617356e-09,True,-0.6678921568627451,CT_enriched,0.0,True,15.0,1,22,0.9472,7.6764,-2.1557,Dominant,0.184811469345614,0.485906782167149,flat,DIEr,Dominant Isoform Erosion,trial_failure_explanation,SR
Astrocyte,BBS2-211,BBS2,0.0,0.2129186602870813,2.7956000205724512e-42,1.401793724601329e-40,True,-0.2129186602870813,CT_enriched,0.0326,True,10000.0,0,89,0.0,48.4378,-5.6275,Minor,0.0566514147685906,0.883215411709951,flat,MIEr,Minor Isoform Erosion,,SR
Astrocyte,BIRC6-201,BIRC6,0.4409448818897638,0.8872180451127819,4.156884777008909e-13,2.613253534442018e-12,True,-0.4462731632230181,CT_enriched,0.0489510489510489,True,5005.0,56,118,65.3577,768.6508,-3.5359,Dominant,0.104910747513262,0.687641982672256,flat,DIEr,Dominant Isoform Erosion,trial_failure_explanation,SR
Astrocyte,BLTP1-219,BLTP1,0.0915492957746478,0.5277777777777778,2.114927338309445e-20,2.6512124848093404e-19,True,-0.43622848200313,CT_enriched,0.0434565434565434,True,2002.0,26,38,42.1802,120.8619,-1.4968,Dominant,0.144909615593254,0.655583376307339,flat,DIEr,Dominant Isoform Erosion,trial_failure_explanation,SR
Astrocyte,BRAF-204,BRAF,0.032258064516129,0.85,1.916823772155873e-09,8.340559636694771e-09,True,-0.817741935483871,CT_enriched,0.019047619047619,True,210.0,1,34,1.0328,28.9857,-3.8828,Dominant,0.113844691933304,0.665932947367656,flat,DIEr,Dominant Isoform Erosion,trial_failure_explanation,SR
Astrocyte,BTBD8-205,BTBD8,0.6991150442477876,0.2131147540983606,1.7016859565408688e-10,8.295719038136736e-10,True,0.486000290149427,AD_enriched,0.0378787878787878,True,792.0,158,13,146.7804,27.46,2.3764,Minor,-0.0725281578534493,0.890536518712324,flat,MIR,Minor Isoform Redistribution,new_target_candidate,SR
Astrocyte,CCAR1-201,CCAR1,0.6842105263157895,0.95,8.831447213048051e-06,2.5270418248205428e-05,True,-0.2657894736842104,CT_enriched,0.0194805194805194,True,462.0,65,114,79.4604,192.5404,-1.2663,Dominant,0.387048298449939,0.336958258997819,flat,DIEr,Dominant Isoform Erosion,trial_failure_explanation,SR
Astrocyte,CCDC82-206,CCDC82,0.0210526315789473,0.84375,6.652880958319108e-27,1.2854098438733982e-25,True,-0.8226973684210527,CT_enriched,0.0476190476190476,True,21.0,2,54,1.1802,105.3477,-5.6082,Dominant,0.178502564945103,0.624789446214132,flat,DIEr,Dominant Isoform Erosion,trial_failure_explanation,SR
Astrocyte,CCDC88A-247,CCDC88A,0.0226415094339622,0.3647058823529411,8.684097311512315e-34,2.3447062741083248e-32,True,-0.3420643729189789,CT_enriched,0.0233516483516483,True,8008.0,12,31,10.4921,184.6513,-4.0139,Dominant,0.390541612340063,0.267280964285563,flat,DIEr,Dominant Isoform Erosion,trial_failure_explanation,SR
Astrocyte,CELF2-209,CELF2,0.7127659574468085,0.282258064516129,8.150743309342481e-11,4.0389330375235927e-10,True,0.4305078929306795,AD_enriched,0.0313020313020313,True,3003.0,67,35,80.7476,147.687,-0.863,Minor,-0.0363807250616738,0.920934129892572,flat,MIR,Minor Isoform Redistribution,new_target_candidate,SR
Astrocyte,CELF2-204,CELF2,0.1276595744680851,0.3467741935483871,8.150743309342481e-11,4.0389330375235927e-10,True,-0.219114619080302,CT_enriched,0.0476190476190476,True,3003.0,12,43,15.5152,108.2861,-2.7262,Dominant,-0.0363807250616738,0.920934129892572,flat,DIEr,Dominant Isoform Erosion,trial_failure_explanation,SR
Astrocyte,CEP68-219,CEP68,0.0,0.3418367346938775,5.155191365174744e-19,5.625302080340938e-18,True,-0.3418367346938775,CT_enriched,0.0367965367965368,True,462.0,0,67,0.0,23.378,-4.6075,Dominant,-0.0364884507646439,0.942935632820354,flat,DIEr,Dominant Isoform Erosion,trial_failure_explanation,SR
Astrocyte,CLASP2-207,CLASP2,0.5932203389830508,0.1058823529411764,7.924664617486674e-15,5.897294588136727e-14,True,0.4873379860418744,AD_enriched,0.0233100233100233,True,1287.0,35,9,44.9661,13.8314,1.6319,Minor,0.0863930390667779,0.82116017741969,flat,MIR,Minor Isoform Redistribution,new_target_candidate,SR
Astrocyte,CLASP2-205,CLASP2,0.1525423728813559,0.8235294117647058,7.924664617486674e-15,5.897294588136727e-14,True,-0.67098703888335,CT_enriched,0.0069930069930069,True,1287.0,9,70,11.7896,63.429,-2.3327,Dominant,0.0863930390667779,0.82116017741969,flat,DIEr,Dominant Isoform Erosion,trial_failure_explanation,SR
Astrocyte,CLINT1-201,CLINT1,0.5918367346938775,0.913793103448276,0.0013987126151529,0.0029694443220889,True,-0.3219563687543985,CT_enriched,0.0242424242424242,True,165.0,29,53,35.487,89.2975,-1.3073,Dominant,0.241261334780175,0.602967649352332,flat,DIEr,Dominant Isoform Erosion,trial_failure_explanation,SR
Astrocyte,COG4-201,COG4,0.1724137931034483,0.624113475177305,1.1294077917421604e-32,3.0108010245683416e-31,True,-0.4516996820738567,CT_enriched,0.0153846153846153,True,715.0,35,176,32.9688,103.546,-1.6219,Dominant,-0.111577484448224,0.778379930917476,flat,DIEr,Dominant Isoform Erosion,trial_failure_explanation,SR
Astrocyte,COG4-222,COG4,0.3891625615763547,0.0390070921985815,1.1294077917421604e-32,3.0108010245683416e-31,True,0.3501554693777732,AD_enriched,0.0419580419580419,True,715.0,79,11,69.989,39.0548,0.8256,Minor,-0.111577484448224,0.778379930917476,flat,MIR,Minor Isoform Redistribution,new_target_candidate,SR
Astrocyte,COL9A1-201,COL9A1,0.6521739130434783,1.0,0.0029013371078042,0.0057971688321023,True,-0.3478260869565217,CT_enriched,0.0,True,36.0,30,32,32.5106,39.7027,-0.2805,Dominant,0.0045215587832996,,flat,DIEr,Dominant Isoform Erosion,trial_failure_explanation,SR
Astrocyte,COPS7A-202,COPS7A,0.0169491525423728,0.6341463414634146,3.9517659029835214e-10,1.857682810643593e-09,True,-0.6171971889210418,CT_enriched,0.0427350427350427,True,1287.0,1,26,0.2329,58.5364,-5.5936,Dominant,-0.303152921765356,0.669490813301212,flat,DIEr,Dominant Isoform Erosion,trial_failure_explanation,SR
Astrocyte,CPT2-201,CPT2,0.9121621621621622,0.56,2.6641357411083164e-15,2.070357885894507e-14,True,0.3521621621621621,AD_enriched,0.0238095238095238,True,126.0,135,112,64.4207,102.0235,-0.6552,Dominant,-0.3461501114351,0.626160973413924,flat,DIR,Dominant Isoform Redistribution,,SR
Astrocyte,CPT2-207,CPT2,0.027027027027027,0.42,2.6641357411083164e-15,2.070357885894507e-14,True,-0.3929729729729729,CT_enriched,0.0238095238095238,True,126.0,4,84,2.614,54.5356,-3.9417,Minor,-0.3461501114351,0.626160973413924,flat,MIEr,Minor Isoform Erosion,,SR
Astrocyte,CRAT-201,CRAT,0.1212121212121212,0.9655172413793104,2.2209293775342206e-32,5.703996669618377e-31,True,-0.8443051201671892,CT_enriched,0.0,True,8.0,24,56,47.7036,21.172,1.1353,Dominant,-0.233674633370196,0.758893938298176,flat,DIEr,Dominant Isoform Erosion,trial_failure_explanation,SR
Astrocyte,CREBZF-204,CREBZF,0.5608695652173913,0.84375,0.0005345945386339,0.001205413381545,True,-0.2828804347826087,CT_enriched,0.0411,True,10000.0,129,54,286.0353,162.278,0.8139,Dominant,-0.152493945725284,0.648965403365354,flat,DIEr,Dominant Isoform Erosion,trial_failure_explanation,SR
Astrocyte,CRELD1-259,CRELD1,0.0,0.2826855123674912,1.4015908666097372e-23,2.1704046802059604e-22,True,-0.2826855123674912,CT_enriched,0.0198,True,10000.0,0,80,0.0,136.2134,-7.1003,Dominant,-0.348611017093325,0.502061790466179,flat,DIEr,Dominant Isoform Erosion,trial_failure_explanation,SR
Astrocyte,CRELD1-207,CRELD1,0.3157894736842105,0.0494699646643109,1.4015908666097372e-23,2.1704046802059604e-22,True,0.2663195090198996,AD_enriched,0.0055,True,10000.0,30,14,35.1689,23.3129,0.573,Minor,-0.348611017093325,0.502061790466179,flat,MIR,Minor Isoform Redistribution,new_target_candidate,SR
Astrocyte,CSDE1-202,CSDE1,0.3684210526315789,0.8105590062111802,4.382584116157709e-45,2.63706347103661e-43,True,-0.4421379535796012,CT_enriched,0.0139860139860139,True,1287.0,98,261,126.443,313.9876,-1.3054,Dominant,-0.0530088377953894,0.903616348432971,flat,DIEr,Dominant Isoform Erosion,trial_failure_explanation,SR
Astrocyte,CSDE1-224,CSDE1,0.3421052631578947,0.0217391304347826,4.382584116157709e-45,2.63706347103661e-43,True,0.3203661327231121,AD_enriched,0.0411810411810411,True,1287.0,91,7,86.1973,23.8634,1.8103,Minor,-0.0530088377953894,0.903616348432971,flat,MIR,Minor Isoform Redistribution,new_target_candidate,SR
Astrocyte,CSNK1A1-202,CSNK1A1,0.4812030075187969,0.238095238095238,3.921339781711693e-16,3.277119674716201e-15,True,0.2431077694235589,AD_enriched,0.0375,True,10000.0,64,55,58.6654,52.3536,0.1613,Minor,0.0611149255663003,0.834918122967125,flat,MIR,Minor Isoform Redistribution,new_target_candidate,SR
Astrocyte,CSNK1A1-207,CSNK1A1,0.0601503759398496,0.5151515151515151,3.921339781711693e-16,3.277119674716201e-15,True,-0.4550011392116655,CT_enriched,0.0094,True,10000.0,8,119,14.737,96.4432,-2.6304,Dominant,0.0611149255663003,0.834918122967125,flat,DIEr,Dominant Isoform Erosion,trial_failure_explanation,SR
Astrocyte,CSNK2A1-226,CSNK2A1,0.2954545454545454,0.0,5.938004806669125e-11,2.9917316083361667e-10,True,0.2954545454545454,AD_enriched,0.0151515151515151,True,462.0,13,0,13.6226,0.0,3.8701,Minor,-0.116561516459282,0.643220826317768,flat,MIR,Minor Isoform Redistribution,new_target_candidate,SR
Astrocyte,CTNNB1-202,CTNNB1,0.0617977528089887,0.5615384615384615,1.2909744176052809e-21,1.7769883159978568e-20,True,-0.4997407087294728,CT_enriched,0.0386280386280386,True,3003.0,11,73,5.0927,64.9803,-3.4369,Dominant,0.139323238303973,0.794230947348761,flat,DIEr,Dominant Isoform Erosion,trial_failure_explanation,SR
Astrocyte,CTSB-240,CTSB,0.0,0.5588235294117647,4.265547697051661e-58,5.988828966660532e-56,True,-0.5588235294117647,CT_enriched,0.0237762237762237,True,715.0,0,76,0.0,26.5183,-4.7823,Dominant,-0.195115574001185,0.685680159525882,flat,DIEr,Dominant Isoform Erosion,trial_failure_explanation,SR
Astrocyte,CUL4B-202,CUL4B,0.6065573770491803,0.0,2.931665121440857e-10,1.394085014508485e-09,True,0.6065573770491803,AD_enriched,0.0,True,28.0,37,0,70.979,0.0,6.1695,Minor,0.0804134904015513,0.886151665969968,flat,MIR,Minor Isoform Redistribution,new_target_candidate,SR
Astrocyte,CYP4V2-201,CYP4V2,0.2554744525547445,0.7163120567375887,1.426305507060339e-13,9.445910056192056e-13,True,-0.4608376041828442,CT_enriched,0.0458430458430458,True,1287.0,35,101,38.5078,120.613,-1.6221,Dominant,-0.261187875338955,0.64567510489555,flat,DIEr,Dominant Isoform Erosion,trial_failure_explanation,SR
Astrocyte,transcript134055.chr17.nic,CYTH1,0.0,0.3157894736842105,1.974820835792066e-09,8.505056605681168e-09,True,-0.3157894736842105,CT_enriched,0.031080031080031,True,1287.0,0,24,0.0,19.7891,-4.3778,Minor,0.0896360780114087,0.822344227676962,flat,MIEr,Minor Isoform Erosion,,SR
Astrocyte,DCLRE1C-222,DCLRE1C,0.0318181818181818,0.3252032520325203,3.439934205609766e-18,3.4497625890543654e-17,True,-0.2933850702143385,CT_enriched,0.0163170163170163,True,1287.0,7,40,8.7311,36.7107,-1.9543,Minor,-0.062387070130251,0.890423788252012,flat,MIEr,Minor Isoform Erosion,,SR
Astrocyte,DDX19A-209,DDX19A,0.7037037037037037,0.0,2.6332334909585202e-24,4.33249197809269e-23,True,0.7037037037037037,AD_enriched,0.0432900432900432,True,462.0,38,0,9.6516,0.0,3.413,Minor,0.498153596533159,0.51890272101072,flat,MIR,Minor Isoform Redistribution,new_target_candidate,SR
Astrocyte,DDX19A-201,DDX19A,0.2592592592592592,0.991304347826087,2.6332334909585202e-24,4.33249197809269e-23,True,-0.7320450885668278,CT_enriched,0.0476190476190476,True,462.0,14,114,19.2244,179.0703,-3.1544,Dominant,0.498153596533159,0.51890272101072,flat,DIEr,Dominant Isoform Erosion,trial_failure_explanation,SR
Astrocyte,DDX3X-239,DDX3X,0.0077519379844961,0.3,7.139017196930494e-13,4.383314931992892e-12,True,-0.2922480620155039,CT_enriched,0.0016,True,10000.0,1,15,0.9545,5.2339,-1.6733,Dominant,-0.0859453867425417,0.852011863524642,flat,DIEr,Dominant Isoform Erosion,trial_failure_explanation,SR
Astrocyte,DICER1-201,DICER1,0.037037037037037,0.5882352941176471,1.1093890777156117e-13,7.464451749741462e-13,True,-0.5511982570806101,CT_enriched,0.0037878787878787,True,792.0,4,30,1.8925,83.2476,-4.8643,Dominant,0.341039495318013,0.346320852942729,flat,DIEr,Dominant Isoform Erosion,trial_failure_explanation,SR
Astrocyte,DKC1-201,DKC1,0.0519480519480519,0.9154929577464788,2.454098907611681e-59,3.947548143369032e-57,True,-0.8635449057984269,CT_enriched,0.0277777777777777,True,36.0,16,65,16.1644,82.6492,-2.2849,Dominant,-0.400038316392661,0.567342958790751,flat,DIEr,Dominant Isoform Erosion,trial_failure_explanation,SR
Astrocyte,DPH2-201,DPH2,0.9894736842105264,0.2087912087912088,5.960977869637761e-27,1.1732541489212265e-25,True,0.7806824754193176,AD_enriched,0.0,True,36.0,94,19,894.1075,10.4345,6.2906,Minor,-0.623686213496192,,down,MIC,Minor Isoform Concentration,new_target_candidate,SR
Astrocyte,DPH2-209,DPH2,0.0105263157894736,0.7912087912087912,5.960977869637761e-27,1.1732541489212265e-25,True,-0.7806824754193176,CT_enriched,0.0,True,36.0,1,72,1.1936,32.7325,-3.9428,Dominant,-0.623686213496192,,down,DIDe,Dominant Isoform Depletion,trial_failure_explanation,SR
Astrocyte,transcript90257.chr19.nnic,DPY19L3,0.5136363636363637,0.0,2.2323107503756607e-26,4.160395079903666e-25,True,0.5136363636363637,AD_enriched,0.0101010101010101,True,495.0,113,0,26.3225,0.0,4.772,Minor,0.355586780398274,0.539367675557939,flat,MIR,Minor Isoform Redistribution,new_target_candidate,SR
Astrocyte,EFCAB14-203,EFCAB14,0.0126582278481012,0.6676136363636364,5.266794547440052e-52,5.041758780413068e-50,True,-0.6549554085155351,CT_enriched,0.0363636363636363,True,495.0,1,235,1.4429,81.9974,-5.0864,Dominant,-0.22532308774011,0.559322386040854,flat,DIEr,Dominant Isoform Erosion,trial_failure_explanation,SR
Astrocyte,EHBP1-209,EHBP1,0.078125,0.5614035087719298,1.4380315775573658e-08,5.6187282047046615e-08,True,-0.4832785087719298,CT_enriched,0.0279720279720279,True,2002.0,5,32,4.7506,19.3265,-1.8216,Dominant,0.0536629188651581,0.87015932100328,flat,DIEr,Dominant Isoform Erosion,trial_failure_explanation,SR
Astrocyte,EIF2B5-226,EIF2B5,0.2568807339449541,0.6063829787234043,2.3789780086351312e-18,2.42035153922009e-17,True,-0.3495022447784502,CT_enriched,0.0124320124320124,True,1287.0,28,57,32.177,59.0488,-0.856,Dominant,-0.188676052679866,0.759242988698225,flat,DIEr,Dominant Isoform Erosion,trial_failure_explanation,SR
Astrocyte,EMSY-201,EMSY,0.4615384615384615,0.9906542056074766,7.5375661239811325e-28,1.6198075772555374e-26,True,-0.5291157440690151,CT_enriched,0.0238095238095238,True,210.0,42,212,55.8592,137.4409,-1.2838,Dominant,-0.0984679239397794,0.80129009288196,flat,DIEr,Dominant Isoform Erosion,trial_failure_explanation,SR
Astrocyte,ENO2-211,ENO2,0.2459016393442623,0.5614035087719298,6.997899444146333e-07,2.260364452357696e-06,True,-0.3155018694276675,CT_enriched,0.0278,True,10000.0,30,64,45.3733,133.2303,-1.5333,Dominant,-0.0033024842423019,0.997515641259758,flat,DIEr,Dominant Isoform Erosion,trial_failure_explanation,SR
Astrocyte,ENO2-201,ENO2,0.7377049180327869,0.3947368421052631,6.997899444146333e-07,2.260364452357696e-06,True,0.3429680759275238,AD_enriched,0.012,True,10000.0,90,45,205.8468,166.7843,0.302,Minor,-0.0033024842423019,0.997515641259758,flat,MIR,Minor Isoform Redistribution,new_target_candidate,SR
Astrocyte,EPM2A-DT-216,EPM2A-DT,0.0,0.4,7.422638234785123e-09,2.9833238837321175e-08,True,-0.4,CT_enriched,0.0285714285714285,True,210.0,0,12,0.0,15.7761,-4.0683,Dominant,0.0045567511549703,0.993779008788402,flat,DIEr,Dominant Isoform Erosion,trial_failure_explanation,SR
Astrocyte,ERCC6L2-211,ERCC6L2,0.0575396825396825,0.4029850746268656,2.0047949778849976e-41,9.178474398751752e-40,True,-0.3454453920871831,CT_enriched,0.0012,True,10000.0,29,81,39.0874,186.3634,-2.2246,Dominant,0.232676148665949,0.5378073243827,flat,DIEr,Dominant Isoform Erosion,trial_failure_explanation,SR
Astrocyte,transcript154759.chr4.nic,ETNPPL,0.0137362637362637,0.4949290060851927,1.4448584482678557e-62,2.5357265767100864e-60,True,-0.481192742348929,CT_enriched,0.0058,True,10000.0,5,244,8.1345,88.1979,-3.2876,Minor,-0.310349661456043,0.669498057106158,flat,MIEr,Minor Isoform Erosion,,SR
Astrocyte,EXOC4-205,EXOC4,0.4214285714285714,0.1012658227848101,3.15337649469924e-12,1.7948678102261075e-11,True,0.3201627486437612,AD_enriched,0.0377622377622377,True,5005.0,59,8,46.7861,42.4146,0.1384,Minor,-0.0496379524404001,0.89827222014123,flat,MIR,Minor Isoform Redistribution,new_target_candidate,SR
Astrocyte,EXOC4-201,EXOC4,0.2928571428571428,0.810126582278481,3.15337649469924e-12,1.7948678102261075e-11,True,-0.5172694394213382,CT_enriched,0.0329670329670329,True,5005.0,41,64,52.8463,195.9313,-1.8708,Dominant,-0.0496379524404001,0.89827222014123,flat,DIEr,Dominant Isoform Erosion,trial_failure_explanation,SR
Astrocyte,EZR-201,EZR,0.7212643678160919,0.2938931297709923,2.109655460786431e-25,3.75746155757792e-24,True,0.4273712380450996,AD_enriched,0.0407092907092907,True,8008.0,251,77,277.6673,153.142,0.8543,Minor,0.10664604567795,0.784948632588732,flat,MIR,Minor Isoform Redistribution,new_target_candidate,SR
Astrocyte,FAM234A-203,FAM234A,0.4078947368421052,0.9523809523809524,2.954742548502426e-17,2.6706814622944673e-16,True,-0.5444862155388472,CT_enriched,0.0489510489510489,True,1287.0,62,100,63.2203,171.8575,-1.4285,Dominant,0.0730473290789717,0.918719836601418,flat,DIEr,Dominant Isoform Erosion,trial_failure_explanation,SR
Astrocyte,FAS-225,FAS,0.2361111111111111,0.0,4.689036097616728e-11,2.3968713644613663e-10,True,0.2361111111111111,AD_enriched,0.0101010101010101,True,495.0,17,0,19.3625,0.0,4.3478,Minor,0.309661020022572,0.833777167125104,flat,MIR,Minor Isoform Redistribution,new_target_candidate,SR
Astrocyte,FBXO3-208,FBXO3,0.0256410256410256,0.2711864406779661,4.284519223361809e-05,0.0001115351975821,True,-0.2455454150369405,CT_enriched,0.0476190476190476,True,210.0,2,32,1.98,16.3324,-2.5401,Minor,-0.104109209560629,0.807428367938824,flat,MIEr,Minor Isoform Erosion,,SR
Astrocyte,FKBP15-203,FKBP15,0.099009900990099,0.6470588235294118,8.957919120128318e-16,7.255914487303938e-15,True,-0.5480489225393128,CT_enriched,0.0333333333333333,True,120.0,10,33,10.9882,83.6426,-2.8198,Dominant,0.0067802833525953,0.989349505961142,flat,DIEr,Dominant Isoform Erosion,trial_failure_explanation,SR
Astrocyte,FXR1-203,FXR1,0.7578125,0.2016460905349794,1.2783642611261852e-37,4.3423147321479774e-36,True,0.5561664094650206,AD_enriched,0.0093,True,10000.0,97,49,144.0514,21.9939,2.6572,Minor,-0.145719173055453,0.705950227235665,flat,MIR,Minor Isoform Redistribution,new_target_candidate,SR
Astrocyte,FXR1-223,FXR1,0.015625,0.4691358024691358,1.2783642611261852e-37,4.3423147321479774e-36,True,-0.4535108024691358,CT_enriched,0.0208,True,10000.0,2,114,4.3313,96.7823,-4.197,Dominant,-0.145719173055453,0.705950227235665,flat,DIEr,Dominant Isoform Erosion,trial_failure_explanation,SR
Astrocyte,G3BP1-237,G3BP1,0.2763157894736842,0.0,1.1170543415728853e-12,6.5896819141526505e-12,True,0.2763157894736842,AD_enriched,0.0186480186480186,True,3432.0,21,0,21.9185,0.0,4.5184,Minor,0.10874418474686,0.842524991576345,flat,MIR,Minor Isoform Redistribution,new_target_candidate,SR
Astrocyte,GAA-202,GAA,0.0131578947368421,0.7083333333333334,1.1293923961583774e-34,3.2582197072733464e-33,True,-0.6951754385964912,CT_enriched,0.0285714285714285,True,35.0,1,136,1.0211,131.9884,-6.04,Dominant,0.0902989313629169,0.920131854056697,flat,DIEr,Dominant Isoform Erosion,trial_failure_explanation,SR
Astrocyte,GABRA2-202,GABRA2,0.6442048517520216,0.9302325581395348,4.5964542378283425e-34,1.2906843499821982e-32,True,-0.2860277063875132,CT_enriched,0.0022,True,10000.0,239,680,332.9161,1450.4742,-2.12,Dominant,-0.336926799458396,0.383621057252783,flat,DIEr,Dominant Isoform Erosion,trial_failure_explanation,SR
Astrocyte,GASK1A-213,GASK1A,0.5522388059701493,0.0531914893617021,1.0636495762683024e-11,5.788232577832157e-11,True,0.4990473166084472,AD_enriched,0.0239898989898989,True,792.0,37,5,39.0229,30.7171,0.3356,Minor,0.187285071264868,0.750565913509828,flat,MIR,Minor Isoform Redistribution,new_target_candidate,SR
Astrocyte,GDAP1-201,GDAP1,0.25,0.7823834196891192,2.6353262881997404e-19,2.967912921362916e-18,True,-0.5323834196891192,CT_enriched,0.0223776223776223,True,5005.0,25,151,30.888,723.7697,-4.5064,Dominant,-0.387482494155501,0.62225033534125,flat,DIEr,Dominant Isoform Erosion,trial_failure_explanation,SR
Astrocyte,GDAP1-233,GDAP1,0.5,0.0984455958549222,2.6353262881997404e-19,2.967912921362916e-18,True,0.4015544041450778,AD_enriched,0.0107892107892107,True,5005.0,50,19,69.9164,10.7998,2.5874,Minor,-0.387482494155501,0.62225033534125,flat,MIR,Minor Isoform Redistribution,new_target_candidate,SR
Astrocyte,transcript1348.chr17.nic,GLOD4,0.0,0.9482758620689656,3.5033790934821624e-18,3.496737616527694e-17,True,-0.9482758620689656,CT_enriched,0.0,True,5.0,0,55,0.0,21.0934,-4.4655,Dominant,-0.0219458653019626,0.975845199823912,flat,DIEr,Dominant Isoform Erosion,trial_failure_explanation,SR
Astrocyte,GMDS-DT-220,GMDS-DT,0.0,0.4,2.0697357135639915e-16,1.7647220294598244e-15,True,-0.4,CT_enriched,0.0113636363636363,True,792.0,0,12,0.0,41.7192,-5.4168,Dominant,0.306268109592277,0.366061026660378,flat,DIEr,Dominant Isoform Erosion,trial_failure_explanation,SR
Astrocyte,GON4L-203,GON4L,0.0188679245283018,0.2333333333333333,1.8472556476431446e-09,8.087984186978095e-09,True,-0.2144654088050315,CT_enriched,0.0085470085470085,True,1287.0,4,7,5.2758,17.614,-1.5685,Minor,0.218983826751662,0.607771268926626,flat,MIEr,Minor Isoform Erosion,,SR
Astrocyte,GORASP1-201,GORASP1,0.0507246376811594,0.6477272727272727,2.3891382858294323e-38,8.67504349992549e-37,True,-0.5970026350461133,CT_enriched,0.0,True,21.0,7,57,17.0721,36.0063,-1.034,Dominant,-0.166702647519308,0.821200246474663,flat,DIEr,Dominant Isoform Erosion,trial_failure_explanation,SR
Astrocyte,GTF3C1-201,GTF3C1,0.9761904761904762,0.65625,4.336213453904742e-12,2.4287408334902625e-11,True,0.3199404761904761,AD_enriched,0.0209790209790209,True,1287.0,246,21,412.8201,84.7258,2.2712,Dominant,0.136663825548324,0.675975990550366,flat,DIR,Dominant Isoform Redistribution,,SR
Astrocyte,HARS1-218,HARS1,0.2230215827338129,0.7727272727272727,6.159837600382169e-15,4.600219144115194e-14,True,-0.5497056899934598,CT_enriched,0.0083916083916083,True,715.0,31,68,28.4872,87.5482,-1.5864,Dominant,-0.0995355065517997,0.840960053536017,flat,DIEr,Dominant Isoform Erosion,trial_failure_explanation,SR
Astrocyte,HAUS5-206,HAUS5,0.59,0.0204081632653061,1.0673862766446541e-13,7.204857367351415e-13,True,0.5695918367346938,AD_enriched,0.0,True,10.0,59,1,68.691,0.3489,5.6911,Minor,0.0348332295053014,0.977614369967093,flat,MIR,Minor Isoform Redistribution,new_target_candidate,SR
Astrocyte,HCFC2-201,HCFC2,0.7058823529411765,1.0,9.271227164320644e-05,0.0002305218938377,True,-0.2941176470588235,CT_enriched,0.0,True,126.0,24,65,41.7058,168.0607,-1.985,Dominant,-0.0890895407663526,0.85562047745441,flat,DIEr,Dominant Isoform Erosion,trial_failure_explanation,SR
Astrocyte,HDAC6-206,HDAC6,0.0,0.3939393939393939,1.0159367616643218e-17,9.769693242306215e-17,True,-0.3939393939393939,CT_enriched,0.0476190476190476,True,21.0,0,13,0.0,4.536,-2.4689,Minor,0.0762625403696885,0.882104909947736,flat,MIEr,Minor Isoform Erosion,,SR
Astrocyte,HDAC6-268,HDAC6,0.0,0.5151515151515151,1.0159367616643218e-17,9.769693242306215e-17,True,-0.5151515151515151,CT_enriched,0.0476190476190476,True,21.0,0,17,0.0,5.9317,-2.7932,Dominant,0.0762625403696885,0.882104909947736,flat,DIEr,Dominant Isoform Erosion,trial_failure_explanation,SR
Astrocyte,HERPUD1-201,HERPUD1,0.0160427807486631,0.7371794871794872,8.217583232859917e-54,9.108542257054204e-52,True,-0.7211367064308242,CT_enriched,0.0279720279720279,True,715.0,3,230,2.7613,93.0295,-4.6438,Dominant,-0.702168714301951,0.319648460822454,down,DIDe,Dominant Isoform Depletion,trial_failure_explanation,SR
Astrocyte,HERPUD1-204,HERPUD1,0.9679144385026738,0.2564102564102564,8.217583232859917e-54,9.108542257054204e-52,True,0.7115041820924174,AD_enriched,0.0181818181818181,True,715.0,181,80,214.016,74.8619,1.503,Minor,-0.702168714301951,0.319648460822454,down,MIC,Minor Isoform Concentration,new_target_candidate,SR
Astrocyte,HGF-209,HGF,0.26878612716763,0.4851485148514851,0.0002593690772344,0.0006116811608687,True,-0.216362387683855,CT_enriched,0.0461538461538461,True,5005.0,93,49,88.4972,149.154,-0.7465,Dominant,0.0101577706647629,0.992197235005234,flat,DIEr,Dominant Isoform Erosion,trial_failure_explanation,SR
Astrocyte,HNRNPA1-237,HNRNPA1,0.0096153846153846,0.5031446540880503,5.3896250493962056e-46,3.439560713341942e-44,True,-0.4935292694726657,CT_enriched,0.0249084249084249,True,1365.0,3,80,1.487,29.5462,-3.6185,Dominant,-0.0548904075411081,0.927978131874629,flat,DIEr,Dominant Isoform Erosion,trial_failure_explanation,SR
Astrocyte,HNRNPM-202,HNRNPM,0.3934426229508196,0.0514705882352941,2.086985654362307e-09,8.969779159361261e-09,True,0.3419720347155255,AD_enriched,0.0053946053946053,True,5005.0,24,7,44.2758,11.6846,1.8357,Minor,0.233929530659913,0.563392273755583,flat,MIR,Minor Isoform Redistribution,new_target_candidate,SR
Astrocyte,HPS1-257,HPS1,0.2580645161290322,0.0303030303030303,6.717364338712184e-10,3.068713513520144e-09,True,0.2277614858260019,AD_enriched,0.0476190476190476,True,21.0,8,1,29.3532,1.9811,3.3479,Minor,-0.214485960525112,0.745984129779561,flat,MIR,Minor Isoform Redistribution,new_target_candidate,SR
Astrocyte,HSP90B1-201,HSP90B1,0.2692307692307692,0.5512465373961218,3.5377218541876115e-14,2.483480741639703e-13,True,-0.2820157681653526,CT_enriched,0.0193,True,10000.0,70,199,100.454,380.3668,-1.9104,Dominant,-0.375535382040553,0.533408553257362,flat,DIEr,Dominant Isoform Erosion,trial_failure_explanation,SR
Astrocyte,HSPD1-221,HSPD1,0.2545454545454545,0.0313479623824451,2.9687986461829183e-16,2.5009159795444904e-15,True,0.2231974921630094,AD_enriched,0.0416,True,10000.0,42,10,48.8578,11.7162,1.9711,Minor,0.0342084257303943,0.955414529866648,flat,MIR,Minor Isoform Redistribution,new_target_candidate,SR
Astrocyte,IFNAR1-201,IFNAR1,0.0769230769230769,0.4931506849315068,3.83564028925295e-07,1.280167741547815e-06,True,-0.4162276080084299,CT_enriched,0.0012626262626262,True,792.0,4,36,7.6859,104.3498,-3.6004,Dominant,-0.205435827995966,0.658095979211109,flat,DIEr,Dominant Isoform Erosion,trial_failure_explanation,SR
Astrocyte,ILF3-216,ILF3,0.0102249488752556,0.2894736842105263,1.558901473974989e-42,8.007430498027621e-41,True,-0.2792487353352707,CT_enriched,0.0083250083250083,True,3003.0,5,22,6.9651,24.7979,-1.6955,Minor,0.243658233796788,0.532594244786053,flat,MIEr,Minor Isoform Erosion,,SR
Astrocyte,INTU-201,INTU,0.2054794520547945,0.717948717948718,1.7492274206761963e-08,6.747020051179617e-08,True,-0.5124692658939234,CT_enriched,0.0109890109890109,True,1001.0,30,28,50.3312,107.5699,-1.0807,Dominant,-0.0557654747886179,0.875632723294317,flat,DIEr,Dominant Isoform Erosion,trial_failure_explanation,SR
Astrocyte,JAKMIP3-205,JAKMIP3,0.2592592592592592,0.043010752688172,2.401905650603643e-13,1.5564348615911608e-12,True,0.2162485065710871,AD_enriched,0.0,True,10.0,14,4,16.7971,1.3957,2.8931,Minor,-0.0727667559999838,0.944533192529171,flat,MIR,Minor Isoform Redistribution,new_target_candidate,SR
Astrocyte,KANSL1-221,KANSL1,0.2209302325581395,0.5130434782608696,2.105165221008606e-06,6.519820522711947e-06,True,-0.2921132457027301,CT_enriched,0.0439560439560439,True,2002.0,19,59,31.2162,115.8049,-1.8582,Dominant,0.0804222398026698,0.746557585731847,flat,DIEr,Dominant Isoform Erosion,trial_failure_explanation,SR
Astrocyte,KIAA1191-202,KIAA1191,0.4848484848484848,0.2121212121212121,4.191766763725339e-06,1.2665510479778428e-05,True,0.2727272727272727,AD_enriched,0.0151515151515151,True,462.0,16,21,37.2174,29.7591,0.3132,Minor,0.0112624073948814,0.986115048963739,flat,MIR,Minor Isoform Redistribution,new_target_candidate,SR
Astrocyte,transcript17860.chr22.nnic,KIAA1671,0.3428571428571428,0.1428571428571428,0.001334410892799,0.0028357914634053,True,0.2,AD_enriched,0.0142857142857142,True,210.0,12,8,15.592,13.7927,0.1656,Minor,-0.0968181253432635,0.864001699640892,flat,MIR,Minor Isoform Redistribution,new_target_candidate,SR
Astrocyte,transcript49941.chr20.nnic,KIAA1755,0.032258064516129,0.7540983606557377,9.232712401224276e-17,8.00168408106104e-16,True,-0.7218402961396087,CT_enriched,0.0416666666666666,True,120.0,2,46,3.6675,23.6605,-2.4015,Dominant,0.0358768964166646,0.937455246370907,flat,DIEr,Dominant Isoform Erosion,trial_failure_explanation,SR
Astrocyte,KIDINS220-218,KIDINS220,0.6842105263157895,0.9006410256410257,5.748182757874265e-12,3.194108941446755e-11,True,-0.2164304993252361,CT_enriched,0.0383616383616383,True,5005.0,338,281,442.9173,769.5907,-0.7957,Dominant,0.0382828918190831,0.901044317936355,flat,DIEr,Dominant Isoform Erosion,trial_failure_explanation,SR
Astrocyte,KLHL24-205,KLHL24,0.040590405904059,0.4865591397849462,7.281139942866468e-34,1.9914390545034767e-32,True,-0.4459687338808872,CT_enriched,0.0025974025974025,True,5005.0,11,181,22.2808,467.0623,-4.3295,Minor,-0.0599927204979204,0.89258198499928,flat,MIEr,Minor Isoform Erosion,,SR
Astrocyte,KLHL24-201,KLHL24,0.940959409594096,0.5134408602150538,7.281139942866468e-34,1.9914390545034767e-32,True,0.4275185493790422,AD_enriched,0.0033966033966033,True,5005.0,255,191,280.4083,271.9591,0.044,Dominant,-0.0599927204979204,0.89258198499928,flat,DIR,Dominant Isoform Redistribution,,SR
Astrocyte,KMT2C-234,KMT2C,0.0511363636363636,0.2882882882882883,2.582319617837253e-24,4.282177256035634e-23,True,-0.2371519246519247,CT_enriched,0.0105,True,10000.0,18,32,21.0441,113.1537,-2.3725,Minor,0.149938532834316,0.522373356089606,flat,MIEr,Minor Isoform Erosion,,SR
Astrocyte,KMT2C-222,KMT2C,0.0852272727272727,0.3693693693693693,2.582319617837253e-24,4.282177256035634e-23,True,-0.2841420966420966,CT_enriched,0.0091,True,10000.0,30,41,35.5627,173.434,-2.2542,Dominant,0.149938532834316,0.522373356089606,flat,DIEr,Dominant Isoform Erosion,trial_failure_explanation,SR
Astrocyte,KNDC1-201,KNDC1,0.9950980392156864,0.1736111111111111,6.4034804384321395e-56,8.428581127086303e-54,True,0.8214869281045754,AD_enriched,0.0363636363636363,True,495.0,203,25,121.4522,89.1503,0.4418,Minor,-0.130674832588338,0.860655157235785,flat,MIR,Minor Isoform Redistribution,new_target_candidate,SR
Astrocyte,KNDC1-223,KNDC1,0.0,0.8194444444444444,6.4034804384321395e-56,8.428581127086303e-54,True,-0.8194444444444444,CT_enriched,0.0363636363636363,True,495.0,0,118,0.0,107.7598,-6.765,Dominant,-0.130674832588338,0.860655157235785,flat,DIEr,Dominant Isoform Erosion,trial_failure_explanation,SR
Astrocyte,LINC01094-218,LINC01094,0.2592592592592592,0.6071428571428571,9.135457953952183e-05,0.0002279534887562,True,-0.3478835978835979,CT_enriched,0.006060606060606,True,495.0,21,34,21.4962,78.8328,-1.8273,Dominant,0.756872121055275,0.267280964285563,up,DIDi,Dominant Isoform Dilution,trial_failure_explanation,SR
Astrocyte,LMNA-242,LMNA,0.3754512635379061,0.054054054054054,5.1987636582829455e-11,2.643133991669292e-10,True,0.3213972094838521,AD_enriched,0.0347,True,10000.0,104,6,140.4023,10.9561,3.564,Minor,0.52214206243758,0.539367675557939,flat,MIR,Minor Isoform Redistribution,new_target_candidate,SR
Astrocyte,LPIN1-209,LPIN1,0.1081081081081081,0.5542168674698795,1.4585553840297702e-05,4.068500183796948e-05,True,-0.4461087593617714,CT_enriched,0.0396825396825396,True,252.0,4,46,4.2962,76.7707,-3.8762,Dominant,-0.257677475240281,0.571382644055191,flat,DIEr,Dominant Isoform Erosion,trial_failure_explanation,SR
Astrocyte,LRSAM1-202,LRSAM1,0.5476190476190477,0.0,2.177036402924016e-11,1.132058929520488e-10,True,0.5476190476190477,AD_enriched,0.0363636363636363,True,55.0,69,0,96.3685,0.0,6.6054,Minor,0.249961131174118,0.648965403365354,flat,MIR,Minor Isoform Redistribution,new_target_candidate,SR
Astrocyte,MACROH2A1-202,MACROH2A1,0.5609756097560976,0.8780487804878049,0.0106248118446077,0.0191246613202939,True,-0.3170731707317072,CT_enriched,0.0333333333333333,True,210.0,23,36,24.1115,61.1872,-1.3083,Dominant,-0.213140841057479,0.506892435149356,flat,DIEr,Dominant Isoform Erosion,trial_failure_explanation,SR
Astrocyte,MAGED1-204,MAGED1,0.104,0.3309352517985611,1.0249150053454662e-05,2.901170700614989e-05,True,-0.2269352517985611,CT_enriched,0.0454545454545454,True,792.0,13,46,23.6694,41.0998,-0.7711,Minor,-0.245768241216688,0.632231367572479,flat,MIEr,Minor Isoform Erosion,,SR
Astrocyte,MAPK8IP3-216,MAPK8IP3,0.6412213740458015,0.0566037735849056,7.83525239485645e-13,4.728092132827417e-12,True,0.5846176004608958,AD_enriched,0.0238095238095238,True,462.0,84,3,31.3225,1.0468,3.9811,Minor,0.0515087656597722,0.902825032368883,flat,MIR,Minor Isoform Redistribution,new_target_candidate,SR
Astrocyte,MAPK8IP3-207,MAPK8IP3,0.3358778625954198,0.9433962264150944,7.83525239485645e-13,4.728092132827417e-12,True,-0.6075183638196746,CT_enriched,0.0238095238095238,True,462.0,44,50,28.5534,81.4794,-1.4807,Dominant,0.0515087656597722,0.902825032368883,flat,DIEr,Dominant Isoform Erosion,trial_failure_explanation,SR
Astrocyte,MBIP-203,MBIP,0.7674418604651163,0.1388888888888889,1.932759888717785e-08,7.427723221970169e-08,True,0.6285529715762275,AD_enriched,0.0285714285714285,True,210.0,33,5,34.2029,10.6072,1.6007,Minor,-0.368617041539833,0.383552483530026,flat,MIR,Minor Isoform Redistribution,new_target_candidate,SR
Astrocyte,MED16-203,MED16,0.9681274900398408,0.4437869822485207,2.7153056837308703e-34,7.727613202617855e-33,True,0.5243405077913201,AD_enriched,0.0359640359640359,True,1001.0,243,75,333.3118,91.8746,1.8478,Minor,0.223196316918345,0.835803063372084,flat,MIR,Minor Isoform Redistribution,new_target_candidate,SR
Astrocyte,MED16-202,MED16,0.0278884462151394,0.5562130177514792,2.7153056837308703e-34,7.727613202617855e-33,True,-0.5283245715363398,CT_enriched,0.0359640359640359,True,1001.0,7,94,8.3554,35.8591,-1.9782,Dominant,0.223196316918345,0.835803063372084,flat,DIEr,Dominant Isoform Erosion,trial_failure_explanation,SR
Astrocyte,MEF2C-217,MEF2C,0.0350877192982456,0.3333333333333333,1.6744206857496547e-08,6.470330209520685e-08,True,-0.2982456140350877,CT_enriched,0.0183982683982684,True,924.0,4,18,3.9483,12.0751,-1.4018,Dominant,-0.225548935484958,0.538852666919132,flat,DIEr,Dominant Isoform Erosion,trial_failure_explanation,SR
Astrocyte,MEG3-228,MEG3,0.0,0.2177419354838709,4.679320454495952e-21,6.276846418578646e-20,True,-0.2177419354838709,CT_enriched,0.0157,True,10000.0,0,27,0.0,9.421,-3.3814,Minor,0.269572663337074,0.89258198499928,flat,MIEr,Minor Isoform Erosion,,SR
Astrocyte,MROH1-207,MROH1,0.5694444444444444,0.0082644628099173,1.2551032162765504e-27,2.6699468418973894e-26,True,0.5611799816345271,AD_enriched,0.0303030303030303,True,330.0,41,1,17.2222,3.4091,2.0472,Minor,0.194674748977568,0.729370730202742,flat,MIR,Minor Isoform Redistribution,new_target_candidate,SR
Astrocyte,MROH1-208,MROH1,0.0416666666666666,0.8099173553719008,1.2551032162765504e-27,2.6699468418973894e-26,True,-0.7682506887052342,CT_enriched,0.006060606060606,True,330.0,3,98,2.93,95.7357,-4.6214,Dominant,0.194674748977568,0.729370730202742,flat,DIEr,Dominant Isoform Erosion,trial_failure_explanation,SR
Astrocyte,MYH10-214,MYH10,0.7259615384615384,0.0597014925373134,8.191350357259674e-22,1.1349331481834786e-20,True,0.666260045924225,AD_enriched,0.0176767676767676,True,792.0,151,4,132.2594,18.0766,2.8044,Minor,-0.045988316223679,0.902097716497843,flat,MIR,Minor Isoform Redistribution,new_target_candidate,SR
Astrocyte,MYLK-224,MYLK,0.0,0.3658536585365853,2.588972892449023e-40,1.0485340214418543e-38,True,-0.3658536585365853,CT_enriched,0.0239316239316239,True,6435.0,0,45,0.0,92.7107,-6.5501,Dominant,-0.193453378545799,0.764189251180939,flat,DIEr,Dominant Isoform Erosion,trial_failure_explanation,SR
Astrocyte,MYLK-242,MYLK,0.3567251461988304,0.032520325203252,2.588972892449023e-40,1.0485340214418543e-38,True,0.3242048209955784,AD_enriched,0.0211344211344211,True,6435.0,61,4,80.8254,15.8564,2.2792,Minor,-0.193453378545799,0.764189251180939,flat,MIR,Minor Isoform Redistribution,new_target_candidate,SR
Astrocyte,MYO5A-234,MYO5A,0.0,0.2,4.3443610176714765e-16,3.6020568122898145e-15,True,-0.2,CT_enriched,0.025,True,120.0,0,7,0.0,27.4639,-4.8311,Minor,0.0651600417693569,0.896481103466261,flat,MIEr,Minor Isoform Erosion,,SR
Astrocyte,NAMPT-216,NAMPT,0.0555555555555555,0.7368421052631579,3.185676117077108e-09,1.3471955627639336e-08,True,-0.6812865497076024,CT_enriched,0.0238095238095238,True,84.0,3,28,6.9706,21.1952,-1.4775,Dominant,1.66748396669782,0.155960297814295,up,DIDi,Dominant Isoform Dilution,trial_failure_explanation,SR
Astrocyte,NAPB-201,NAPB,0.5054945054945055,0.9620253164556962,8.460272576428534e-17,7.372842868581244e-16,True,-0.4565308109611907,CT_enriched,0.006060606060606,True,495.0,46,152,51.6426,503.6891,-3.2611,Dominant,-0.0404852838721946,0.936095672436927,flat,DIEr,Dominant Isoform Erosion,trial_failure_explanation,SR
Astrocyte,NAPB-202,NAPB,0.4725274725274725,0.0379746835443038,8.460272576428534e-17,7.372842868581244e-16,True,0.4345527889831687,AD_enriched,0.0101010101010101,True,495.0,43,6,42.6358,19.0264,1.1236,Minor,-0.0404852838721946,0.936095672436927,flat,MIR,Minor Isoform Redistribution,new_target_candidate,SR
Astrocyte,transcript106850.chr13.nnic,NAXD,0.6746031746031746,0.0920245398773006,1.0933811150900324e-35,3.3862656299700123e-34,True,0.582578634725874,AD_enriched,0.0202020202020202,True,1287.0,85,15,548.6056,19.3293,4.7568,Minor,-0.522859022016423,0.266062855460098,flat,MIR,Minor Isoform Redistribution,new_target_candidate,SR
Astrocyte,NECAP1-202,NECAP1,0.4242424242424242,0.0,3.2945787836437284e-08,1.2389969497060165e-07,True,0.4242424242424242,AD_enriched,0.0119047619047619,True,84.0,14,0,15.1034,0.0,4.0093,Minor,-0.329205415748379,0.61415741079424,flat,MIR,Minor Isoform Redistribution,new_target_candidate,SR
Astrocyte,NELL2-203,NELL2,0.927710843373494,0.0176991150442477,4.547642702689455e-38,1.5962225886439987e-36,True,0.9100117283292464,AD_enriched,0.0357142857142857,True,56.0,77,2,82.3905,3.9622,4.0708,Minor,0.492886848851369,0.45699565048562,flat,MIR,Minor Isoform Redistribution,new_target_candidate,SR
Astrocyte,NINL-201,NINL,0.6608695652173913,0.1192660550458715,6.417795357482624e-24,1.0086475390192838e-22,True,0.5416035101715198,AD_enriched,0.0351648351648351,True,1365.0,76,13,114.0333,54.3357,1.0558,Minor,-0.124349886418574,0.832574253333984,flat,MIR,Minor Isoform Redistribution,new_target_candidate,SR
Astrocyte,NINL-213,NINL,0.0260869565217391,0.6422018348623854,6.417795357482624e-24,1.0086475390192838e-22,True,-0.6161148783406463,CT_enriched,0.0417582417582417,True,1365.0,3,70,2.8417,24.4248,-2.7264,Dominant,-0.124349886418574,0.832574253333984,flat,DIEr,Dominant Isoform Erosion,trial_failure_explanation,SR
Astrocyte,NOTCH2NLA-208,NOTCH2NLA,0.0148514851485148,0.2804878048780488,9.67564337760202e-13,5.772494321028288e-12,True,-0.265636319729534,CT_enriched,0.0001,True,10000.0,3,23,2.2751,63.4682,-4.299,Minor,-0.10144734915654,0.867397493692727,flat,MIEr,Minor Isoform Erosion,,SR
Astrocyte,NRBP1-203,NRBP1,0.0218978102189781,0.3684210526315789,9.437526734598519e-11,4.6329676697120005e-10,True,-0.3465232424126008,CT_enriched,0.0333333333333333,True,210.0,3,28,0.6988,11.4021,-2.868,Minor,0.103786570593087,0.866139767486146,flat,MIEr,Minor Isoform Erosion,,SR
Astrocyte,NSD1-224,NSD1,0.0573770491803278,0.6875,1.6182223734939097e-19,1.882859844518329e-18,True,-0.6301229508196722,CT_enriched,0.0363636363636363,True,330.0,7,33,21.0124,161.9071,-2.8877,Dominant,0.133909495425358,0.600543358569957,flat,DIEr,Dominant Isoform Erosion,trial_failure_explanation,SR
Astrocyte,ODR4-201,ODR4,0.9873417721518988,0.7777777777777778,0.000187219503234,0.000448560038465,True,0.209563994374121,AD_enriched,0.0047452547452547,True,8008.0,78,77,83.3507,100.1583,-0.2621,Dominant,-0.063878518162984,0.881999416691507,flat,DIR,Dominant Isoform Redistribution,,SR
Astrocyte,OGT-215,OGT,0.6208530805687204,0.175,2.3828591607095727e-10,1.1457309115192604e-09,True,0.4458530805687203,AD_enriched,0.031080031080031,True,1287.0,131,14,241.4579,51.3273,2.2121,Minor,-0.248838031530104,0.538852666919132,flat,MIR,Minor Isoform Redistribution,new_target_candidate,SR
Astrocyte,P4HTM-205,P4HTM,0.4693877551020408,0.777292576419214,4.748632519518066e-17,4.2375508839428167e-16,True,-0.3079048213171732,CT_enriched,0.0015,True,10000.0,92,178,104.3272,526.2445,-2.3236,Dominant,-0.198129043767458,0.822755856146428,flat,DIEr,Dominant Isoform Erosion,trial_failure_explanation,SR
Astrocyte,P4HTM-202,P4HTM,0.4897959183673469,0.1135371179039301,4.748632519518066e-17,4.2375508839428167e-16,True,0.3762588004634168,AD_enriched,0.0049,True,10000.0,96,26,65.8845,86.149,-0.3818,Minor,-0.198129043767458,0.822755856146428,flat,MIR,Minor Isoform Redistribution,new_target_candidate,SR
Astrocyte,PADI2-202,PADI2,0.3529411764705882,0.9032258064516128,8.670381871724753e-06,2.484329826102357e-05,True,-0.5502846299810246,CT_enriched,0.0317460317460317,True,126.0,12,28,10.5877,73.1955,-2.6787,Dominant,0.65876045263043,0.358206609571462,up,DIDi,Dominant Isoform Dilution,trial_failure_explanation,SR
Astrocyte,PAN2-203,PAN2,0.2424242424242424,0.8809523809523809,4.715711869153111e-10,2.1971878753178004e-09,True,-0.6385281385281385,CT_enriched,0.0357142857142857,True,84.0,16,37,19.5513,85.0383,-2.0657,Dominant,5.63087949370883e-05,0.999984510582829,flat,DIEr,Dominant Isoform Erosion,trial_failure_explanation,SR
Astrocyte,PCDH9-204,PCDH9,0.1193415637860082,0.5072463768115942,1.5140266130485196e-11,8.072253283747297e-11,True,-0.387904813025586,CT_enriched,0.0314685314685314,True,1716.0,29,35,50.8471,154.7188,-1.5866,Dominant,0.0380061018686467,0.874133911632277,flat,DIEr,Dominant Isoform Erosion,trial_failure_explanation,SR
Astrocyte,PCDH9-201,PCDH9,0.8024691358024691,0.463768115942029,1.5140266130485196e-11,8.072253283747297e-11,True,0.3387010198604401,AD_enriched,0.0489510489510489,True,1716.0,195,32,288.5262,141.169,1.0261,Minor,0.0380061018686467,0.874133911632277,flat,MIR,Minor Isoform Redistribution,new_target_candidate,SR
Astrocyte,PCM1-217,PCM1,0.0515463917525773,0.3061224489795918,2.278790492340878e-18,2.3296761052766453e-17,True,-0.2545760572270145,CT_enriched,0.0278471528471528,True,8008.0,25,30,15.8848,14.0024,0.1705,Dominant,0.132550167618559,0.601235830564471,flat,DIEr,Dominant Isoform Erosion,trial_failure_explanation,SR
Astrocyte,transcript141239.chr8.nnic,PDP1,0.0422535211267605,0.3,1.7540354991630042e-07,6.045824486476738e-07,True,-0.2577464788732395,CT_enriched,0.0095238095238095,True,210.0,3,9,2.9894,26.9383,-2.808,Minor,-0.143323177691025,0.831148948868933,flat,MIEr,Minor Isoform Erosion,,SR
Astrocyte,PDP1-201,PDP1,0.943661971830986,0.4333333333333333,1.7540354991630042e-07,6.045824486476738e-07,True,0.5103286384976526,AD_enriched,0.0,True,210.0,67,13,79.7724,35.7501,1.1361,Dominant,-0.143323177691025,0.831148948868933,flat,DIR,Dominant Isoform Redistribution,,SR
Astrocyte,PIGQ-203,PIGQ,0.8596491228070176,0.0512820512820512,1.0913505363435043e-26,2.0894402086722004e-25,True,0.8083670715249663,AD_enriched,0.0,True,36.0,98,2,55.054,3.9622,3.4978,Minor,-0.110461552365406,0.91777065257085,flat,MIR,Minor Isoform Redistribution,new_target_candidate,SR
Astrocyte,PIGQ-201,PIGQ,0.0175438596491228,0.8974358974358975,1.0913505363435043e-26,2.0894402086722004e-25,True,-0.8798920377867747,CT_enriched,0.0,True,36.0,2,35,5.2928,26.7728,-2.1419,Dominant,-0.110461552365406,0.91777065257085,flat,DIEr,Dominant Isoform Erosion,trial_failure_explanation,SR
Astrocyte,PISD-202,PISD,0.0,0.4473684210526316,2.616758818848374e-20,3.2608840665648973e-19,True,-0.4473684210526316,CT_enriched,0.0396825396825396,True,126.0,0,17,0.0,9.7367,-3.4245,Minor,0.0252362750989726,0.967487275397938,flat,MIEr,Minor Isoform Erosion,,SR
Astrocyte,PLA2G4C-201,PLA2G4C,0.2916666666666667,0.0,1.7123813393520553e-05,4.714085098922129e-05,True,0.2916666666666667,AD_enriched,0.0476190476190476,True,21.0,14,0,22.5689,0.0,4.5588,Minor,0.621869075875082,0.352588769058204,up,MIEx,Minor Isoform Expansion,new_target_candidate,SR
Astrocyte,PLA2G4C-222,PLA2G4C,0.6666666666666666,0.9838709677419356,1.7123813393520553e-05,4.714085098922129e-05,True,-0.317204301075269,CT_enriched,0.0,True,21.0,32,61,32.4976,66.6735,-1.0145,Dominant,0.621869075875082,0.352588769058204,up,DIDi,Dominant Isoform Dilution,trial_failure_explanation,SR
Astrocyte,PLEC-201,PLEC,0.0,0.495575221238938,4.416633349043028e-37,1.4093075504673662e-35,True,-0.495575221238938,CT_enriched,0.0277777777777777,True,36.0,0,56,0.0,30.5411,-4.9792,Dominant,0.519431866821767,0.338874885557547,flat,DIEr,Dominant Isoform Erosion,trial_failure_explanation,SR
Astrocyte,transcript81375.chr8.nnic,PLPP5,0.9417808219178082,0.6428571428571429,1.4286175023990009e-12,8.334261662194725e-12,True,0.2989236790606653,AD_enriched,0.0466200466200466,True,1287.0,275,45,163.5579,84.7595,0.9402,Dominant,0.229326939663417,0.758092410044667,flat,DIR,Dominant Isoform Redistribution,,SR
Astrocyte,PMPCB-201,PMPCB,0.2957746478873239,0.8,5.42799656523627e-06,1.6010309196621266e-05,True,-0.5042253521126762,CT_enriched,0.0346320346320346,True,3003.0,21,24,29.1559,71.9629,-1.2747,Dominant,-0.307866534332152,0.515638928175421,flat,DIEr,Dominant Isoform Erosion,trial_failure_explanation,SR
Astrocyte,POGZ-212,POGZ,0.0342555994729907,0.4102564102564102,6.485441819311938e-45,3.691443370667822e-43,True,-0.3760008107834195,CT_enriched,0.0159840159840159,True,2002.0,52,16,25.7409,55.2449,-1.0727,Dominant,0.165957384154617,0.414608142409031,flat,DIEr,Dominant Isoform Erosion,trial_failure_explanation,SR
Astrocyte,POLA1-213,POLA1,0.15625,1.0,1.261148351037732e-29,3.018157303733481e-28,True,-0.84375,CT_enriched,0.0,True,5.0,5,137,1.1647,47.8027,-4.4947,Dominant,0.348756940094953,0.440421793581268,flat,DIEr,Dominant Isoform Erosion,trial_failure_explanation,SR
Astrocyte,PPP1R12B-204,PPP1R12B,0.2238805970149253,0.7305389221556886,5.856516039170104e-17,5.182278478358088e-16,True,-0.5066583251407633,CT_enriched,0.0277777777777777,True,36.0,30,122,32.3666,251.5935,-2.9203,Dominant,-0.0055662452994105,0.989349505961142,flat,DIEr,Dominant Isoform Erosion,trial_failure_explanation,SR
Astrocyte,PRPF38B-203,PRPF38B,0.7394366197183099,0.9598214285714286,1.4253131740669446e-11,7.637937772480879e-11,True,-0.2203848088531187,CT_enriched,0.0489510489510489,True,1287.0,105,215,66.589,199.2333,-1.5668,Dominant,0.24662751429584,0.514233008282419,flat,DIEr,Dominant Isoform Erosion,trial_failure_explanation,SR
Astrocyte,PRPF40A-215,PRPF40A,0.25,0.875,5.150807689547965e-13,3.209349406564501e-12,True,-0.625,CT_enriched,0.0416666666666666,True,120.0,28,42,46.4257,120.5429,-1.3577,Dominant,0.269028122996035,0.44468204092007,flat,DIEr,Dominant Isoform Erosion,trial_failure_explanation,SR
Astrocyte,PTAR1-202,PTAR1,0.0566666666666666,0.4271844660194174,1.2674538986831651e-18,1.327989010262062e-17,True,-0.3705177993527508,CT_enriched,0.0178710178710178,True,1287.0,17,44,16.778,37.8838,-1.1291,Minor,-0.15039519760703,0.711352840711041,flat,MIEr,Minor Isoform Erosion,,SR
Astrocyte,PTAR1-201,PTAR1,0.9333333333333332,0.5728155339805825,1.2674538986831651e-18,1.327989010262062e-17,True,0.3605177993527507,AD_enriched,0.0178710178710178,True,1287.0,280,59,206.3668,89.3758,1.1982,Dominant,-0.15039519760703,0.711352840711041,flat,DIR,Dominant Isoform Redistribution,,SR
Astrocyte,PTPRS-205,PTPRS,0.0087719298245614,0.7674418604651163,1.3551721768776317e-29,3.206733263487969e-28,True,-0.7586699306405549,CT_enriched,0.0,True,4.0,1,33,1.4429,30.2452,-3.677,Dominant,-0.0262973585384453,0.962577552673213,flat,DIEr,Dominant Isoform Erosion,trial_failure_explanation,SR
Astrocyte,PUF60-202,PUF60,0.4223433242506812,0.1885714285714285,7.254130701230635e-45,4.020315593892557e-43,True,0.2337718956792527,AD_enriched,0.0181818181818181,True,495.0,155,33,152.5114,33.1443,2.1686,Minor,-0.158953427051377,0.835689252632475,flat,MIR,Minor Isoform Redistribution,new_target_candidate,SR
Astrocyte,transcript41732.chr17.nic,RAB34,0.0303030303030303,0.8571428571428571,2.9166617214467135e-22,4.1503308009235e-21,True,-0.8268398268398268,CT_enriched,0.0083333333333333,True,120.0,3,42,0.6988,16.5573,-3.3695,Dominant,-0.184834557798834,0.855828811888468,flat,DIEr,Dominant Isoform Erosion,trial_failure_explanation,SR
Astrocyte,RANBP2-201,RANBP2,0.6859504132231405,0.927461139896373,4.1884625311139855e-08,1.5529757201630377e-07,True,-0.2415107266732324,CT_enriched,0.0143190143190143,True,3003.0,83,179,124.3934,507.5654,-2.02,Dominant,0.252101044198967,0.629289816649247,flat,DIEr,Dominant Isoform Erosion,trial_failure_explanation,SR
Astrocyte,RANGAP1-201,RANGAP1,0.9428571428571428,0.1842105263157894,1.5953271989486888e-18,1.6469407259734996e-17,True,0.7586466165413535,AD_enriched,0.0428571428571428,True,70.0,66,14,86.878,44.5856,0.9469,Minor,-0.245678512345683,0.731831499823136,flat,MIR,Minor Isoform Redistribution,new_target_candidate,SR
Astrocyte,RBL2-201,RBL2,0.1111111111111111,0.5221238938053098,1.3198544542021916e-09,5.876561269661343e-09,True,-0.4110127826941986,CT_enriched,0.0134865134865134,True,2002.0,11,59,11.1966,75.0529,-2.6405,Dominant,-0.0131687620765089,0.975258329986306,flat,DIEr,Dominant Isoform Erosion,trial_failure_explanation,SR
Astrocyte,RBL2-209,RBL2,0.8787878787878788,0.4778761061946903,1.3198544542021916e-09,5.876561269661343e-09,True,0.4009117725931885,AD_enriched,0.0159840159840159,True,2002.0,87,54,104.2918,86.4463,0.2679,Minor,-0.0131687620765089,0.975258329986306,flat,MIR,Minor Isoform Redistribution,new_target_candidate,SR
Astrocyte,RBM25-201,RBM25,0.3490566037735849,0.7419354838709677,6.161870910207986e-32,1.5448690639164309e-30,True,-0.3928788800973828,CT_enriched,0.0282,True,10000.0,185,299,205.9772,2151.7843,-3.3787,Dominant,0.517391596481768,0.156526352564374,flat,DIEr,Dominant Isoform Erosion,trial_failure_explanation,SR
Astrocyte,RBM25-212,RBM25,0.4867924528301887,0.1637717121588089,6.161870910207986e-32,1.5448690639164309e-30,True,0.3230207406713797,AD_enriched,0.0114,True,10000.0,258,66,364.9653,284.0133,0.3607,Minor,0.517391596481768,0.156526352564374,flat,MIR,Minor Isoform Redistribution,new_target_candidate,SR
Astrocyte,RFX3-212,RFX3,0.3072289156626506,0.717948717948718,2.4260318209753105e-05,6.516866090528065e-05,True,-0.4107198022860673,CT_enriched,0.0214785214785214,True,2002.0,51,28,56.5346,107.7769,-0.9189,Dominant,0.0534427399611214,0.867778484815375,flat,DIEr,Dominant Isoform Erosion,trial_failure_explanation,SR
Astrocyte,transcript151070.chr12.nic,RFX4,0.1125827814569536,0.673469387755102,2.6438807582039372e-14,1.8874619921279642e-13,True,-0.5608866062981483,CT_enriched,0.0182,True,10000.0,17,33,31.9663,57.2674,-0.8217,Dominant,0.172773009502945,0.492793942412872,flat,DIEr,Dominant Isoform Erosion,trial_failure_explanation,SR
Astrocyte,transcript151198.chr12.nic,RFX4,0.8675496688741722,0.3061224489795918,2.6438807582039372e-14,1.8874619921279642e-13,True,0.5614272198945804,AD_enriched,0.03,True,10000.0,131,15,95.7419,54.1996,0.8095,Minor,0.172773009502945,0.492793942412872,flat,MIR,Minor Isoform Redistribution,new_target_candidate,SR
Astrocyte,RGS3-231,RGS3,0.0161290322580645,0.627906976744186,1.0785933942986196e-10,5.28259927533231e-10,True,-0.6117779444861215,CT_enriched,0.0,True,6.0,1,27,0.2329,9.421,-3.0793,Dominant,-0.420320895422276,0.556514636733167,flat,DIEr,Dominant Isoform Erosion,trial_failure_explanation,SR
Astrocyte,RIC8A-203,RIC8A,0.9367088607594936,0.6813186813186813,2.9721917619953323e-08,1.1257978148852824e-07,True,0.2553901794408122,AD_enriched,0.0467171717171717,True,792.0,74,124,86.9667,118.7353,-0.4448,Dominant,-0.492130145358169,0.494180987604223,flat,DIR,Dominant Isoform Redistribution,,SR
Astrocyte,RIC8A-201,RIC8A,0.0,0.3076923076923077,2.9721917619953323e-08,1.1257978148852824e-07,True,-0.3076923076923077,CT_enriched,0.0088383838383838,True,792.0,0,56,0.0,42.2935,-5.4361,Minor,-0.492130145358169,0.494180987604223,flat,MIEr,Minor Isoform Erosion,,SR
Astrocyte,RNASEH2C-205,RNASEH2C,0.3225806451612903,0.0,0.0001399027363879,0.0003410129199456,True,0.3225806451612903,AD_enriched,0.0,True,56.0,10,0,7.1073,0.0,3.0192,Minor,-0.858045610066133,0.421666258748753,down,MIC,Minor Isoform Concentration,new_target_candidate,SR
Astrocyte,RNF6-203,RNF6,0.5714285714285714,0.1176470588235294,7.457344951641211e-05,0.0001883113725198,True,0.453781512605042,AD_enriched,0.0380952380952381,True,210.0,32,4,45.6449,8.465,2.301,Minor,-0.8318480515687,0.258808608084456,down,MIC,Minor Isoform Concentration,new_target_candidate,SR
Astrocyte,RNF6-201,RNF6,0.4285714285714285,0.8529411764705882,7.457344951641211e-05,0.0001883113725198,True,-0.4243697478991597,CT_enriched,0.0380952380952381,True,210.0,24,29,28.3097,59.7195,-1.0508,Dominant,-0.8318480515687,0.258808608084456,down,DIDe,Dominant Isoform Depletion,trial_failure_explanation,SR
Astrocyte,RNPS1-203,RNPS1,0.1735849056603773,0.5811965811965812,4.809371907518089e-15,3.617334727583248e-14,True,-0.4076116755362039,CT_enriched,0.0489510489510489,True,1287.0,46,68,18.8189,41.3475,-1.0954,Dominant,-0.146138604912939,0.766483577215921,flat,DIEr,Dominant Isoform Erosion,trial_failure_explanation,SR
Astrocyte,RORA-207,RORA,0.0597014925373134,0.2682926829268293,1.599217414126885e-05,4.425692344482549e-05,True,-0.2085911903895159,CT_enriched,0.0336330336330336,True,3003.0,16,11,15.4473,42.3437,-1.398,Minor,-0.0249337723398386,0.951753533256034,flat,MIEr,Minor Isoform Erosion,,SR
Astrocyte,RSPRY1-202,RSPRY1,0.3611111111111111,0.0,3.1364194494422977e-07,1.0568478976840767e-06,True,0.3611111111111111,AD_enriched,0.0238095238095238,True,126.0,13,0,12.3212,0.0,3.7356,Minor,0.208141380986128,0.703266199003704,flat,MIR,Minor Isoform Redistribution,new_target_candidate,SR
Astrocyte,RSPRY1-201,RSPRY1,0.5277777777777778,0.9701492537313432,3.1364194494422977e-07,1.0568478976840767e-06,True,-0.4423714759535654,CT_enriched,0.0317460317460317,True,126.0,19,65,26.2918,129.6345,-2.259,Dominant,0.208141380986128,0.703266199003704,flat,DIEr,Dominant Isoform Erosion,trial_failure_explanation,SR
Astrocyte,SATB1-201,SATB1,0.4090909090909091,0.0083333333333333,4.284363249131646e-23,6.354133100472709e-22,True,0.4007575757575758,AD_enriched,0.0242424242424242,True,165.0,27,1,29.5546,0.3489,4.5015,Minor,-0.094945964176715,0.887356617071591,flat,MIR,Minor Isoform Redistribution,new_target_candidate,SR
Astrocyte,SCAPER-207,SCAPER,0.3800223214285714,0.6602809706257982,2.166849250611597e-38,8.00593775752285e-37,True,-0.2802586491972267,CT_enriched,0.0153,True,10000.0,681,517,666.7418,848.2609,-0.3469,Dominant,0.224222256415238,0.398003864586498,flat,DIEr,Dominant Isoform Erosion,trial_failure_explanation,SR
Astrocyte,SEC14L2-214,SEC14L2,0.7037037037037037,0.9700598802395208,1.2624024064227964e-08,4.988774706880756e-08,True,-0.2663561765358171,CT_enriched,0.0176767676767676,True,792.0,38,162,74.061,292.5424,-1.9674,Dominant,0.332256762766918,0.58773394698434,flat,DIEr,Dominant Isoform Erosion,trial_failure_explanation,SR
Astrocyte,SERPINB6-211,SERPINB6,0.0806451612903225,0.8793103448275862,7.408705153642757e-17,6.50113877232152e-16,True,-0.7986651835372637,CT_enriched,0.0,True,21.0,5,51,8.2381,19.4274,-1.1448,Dominant,-0.0530690373229394,0.913826416713887,flat,DIEr,Dominant Isoform Erosion,trial_failure_explanation,SR
Astrocyte,SHOC2-214,SHOC2,0.3220338983050847,0.0,6.486800637193901e-10,2.969826552593554e-09,True,0.3220338983050847,AD_enriched,0.0166666666666666,True,120.0,19,0,18.0711,0.0,4.2533,Minor,0.171907097203106,0.695627808911731,flat,MIR,Minor Isoform Redistribution,new_target_candidate,SR
Astrocyte,SLC14A1-203,SLC14A1,0.0,0.2336769759450171,4.3921016967175245e-25,7.459488849425085e-24,True,-0.2336769759450171,CT_enriched,0.043,True,10000.0,0,136,0.0,47.4538,-5.5985,Minor,-0.188719019159924,0.82116017741969,flat,MIEr,Minor Isoform Erosion,,SR
Astrocyte,SLC14A1-201,SLC14A1,0.9177377892030848,0.6615120274914089,4.3921016967175245e-25,7.459488849425085e-24,True,0.2562257617116759,AD_enriched,0.0066,True,10000.0,357,385,457.6446,264.9814,0.7861,Dominant,-0.188719019159924,0.82116017741969,flat,DIR,Dominant Isoform Redistribution,,SR
Astrocyte,transcript46624.chr21.nic,SLC19A1,0.0916666666666666,0.75,8.420500775324442e-21,1.0879493639775015e-19,True,-0.6583333333333334,CT_enriched,0.0,True,15.0,11,48,2.5624,16.7484,-2.3168,Dominant,-0.793050592358756,0.369109782158629,down,DIDe,Dominant Isoform Depletion,trial_failure_explanation,SR
Astrocyte,transcript236530.chr1.nic,SLC27A3,0.0048076923076923,0.6779661016949152,1.6451534030440155e-47,1.1947217471761025e-45,True,-0.6731584093872229,CT_enriched,0.0212121212121212,True,330.0,1,80,0.9472,34.4427,-4.186,Dominant,0.871349818122978,0.424349470621034,up,DIDi,Dominant Isoform Dilution,trial_failure_explanation,SR
Astrocyte,SLC2A1-208,SLC2A1,0.0,0.4444444444444444,7.397109931187657e-09,2.9833238837321175e-08,True,-0.4444444444444444,CT_enriched,0.0393939393939393,True,330.0,0,40,0.0,13.957,-3.9027,Minor,-0.122100845081294,0.91213397736461,flat,MIEr,Minor Isoform Erosion,,SR
Astrocyte,SLC2A11-220,SLC2A11,0.3055555555555556,0.0142857142857142,2.038942461110655e-29,4.771125358998931e-28,True,0.2912698412698414,AD_enriched,0.0,True,21.0,11,3,71.1298,4.8517,3.6237,Minor,0.110296827633674,0.873068689439683,flat,MIR,Minor Isoform Redistribution,new_target_candidate,SR
Astrocyte,SNX14-235,SNX14,0.0,0.4444444444444444,1.733832396866057e-17,1.6301120659821054e-16,True,-0.4444444444444444,CT_enriched,0.0222222222222222,True,45.0,0,20,0.0,39.8925,-5.3538,Minor,0.105028767271597,0.699974370660557,flat,MIEr,Minor Isoform Erosion,,SR
Astrocyte,SPATA20-205,SPATA20,0.1809523809523809,0.5777777777777777,3.449186050206915e-29,7.982402001907431e-28,True,-0.3968253968253968,CT_enriched,0.0081918081918081,True,5005.0,76,130,91.9354,139.8022,-0.5994,Dominant,0.233585473729399,0.716444124135925,flat,DIEr,Dominant Isoform Erosion,trial_failure_explanation,SR
Astrocyte,SPECC1L-201,SPECC1L,0.8432055749128919,0.5924657534246576,6.733860794774578e-18,6.626874221399654e-17,True,0.2507398214882343,AD_enriched,0.022,True,10000.0,726,173,855.2589,641.9399,0.4134,Dominant,0.0902112277634391,0.800256296239401,flat,DIR,Dominant Isoform Redistribution,,SR
Astrocyte,SPG7-268,SPG7,0.2275641025641025,0.936,9.279535227875966e-123,6.514233729968927e-120,True,-0.7084358974358975,CT_enriched,0.0111888111888111,True,715.0,71,702,80.8756,536.9827,-2.7161,Dominant,0.287592795264692,0.469444319146404,flat,DIEr,Dominant Isoform Erosion,trial_failure_explanation,SR
Astrocyte,SPG7-223,SPG7,0.2339743589743589,0.0253333333333333,9.279535227875966e-123,6.514233729968927e-120,True,0.2086410256410256,AD_enriched,0.0265734265734265,True,715.0,73,19,59.5456,27.7187,1.076,Minor,0.287592795264692,0.469444319146404,flat,MIR,Minor Isoform Redistribution,new_target_candidate,SR
Astrocyte,SPG7-250,SPG7,0.2147435897435897,0.0013333333333333,9.279535227875966e-123,6.514233729968927e-120,True,0.2134102564102564,AD_enriched,0.0167832167832167,True,715.0,67,1,21.1987,2.2514,2.7713,Minor,0.287592795264692,0.469444319146404,flat,MIR,Minor Isoform Redistribution,new_target_candidate,SR
Astrocyte,SPTAN1-206,SPTAN1,0.4932735426008968,0.0928270042194092,5.68221833249697e-28,1.2465366466915227e-26,True,0.4004465383814876,AD_enriched,0.0269730269730269,True,1001.0,110,22,124.1017,14.9067,2.9754,Minor,0.32222628532655,0.326292994552496,flat,MIR,Minor Isoform Redistribution,new_target_candidate,SR
Astrocyte,SPTAN1-210,SPTAN1,0.2197309417040358,0.6919831223628692,5.68221833249697e-28,1.2465366466915227e-26,True,-0.4722521806588334,CT_enriched,0.0119880119880119,True,1001.0,49,164,56.8016,242.3464,-2.0738,Dominant,0.32222628532655,0.326292994552496,flat,DIEr,Dominant Isoform Erosion,trial_failure_explanation,SR
Astrocyte,SRRM2-225,SRRM2,0.2994555353901996,0.5982142857142857,1.5443119042630597e-14,1.12148995530276e-13,True,-0.2987587503240861,CT_enriched,0.0233100233100233,True,6435.0,165,67,65.0841,159.6573,-1.2816,Dominant,0.14417959816118,0.7508592277047,flat,DIEr,Dominant Isoform Erosion,trial_failure_explanation,SR
Astrocyte,SRSF10-214,SRSF10,0.1272727272727272,0.6144578313253012,2.054748762667256e-08,7.88215099121537e-08,True,-0.487185104052574,CT_enriched,0.031080031080031,True,1287.0,7,51,10.2241,152.8966,-3.7773,Dominant,-0.0174612279581184,0.982118819096699,flat,DIEr,Dominant Isoform Erosion,trial_failure_explanation,SR
Astrocyte,ST3GAL1-206,ST3GAL1,0.7796610169491526,0.0,1.7891800544832828e-19,2.0703369201877992e-18,True,0.7796610169491526,AD_enriched,0.0357142857142857,True,56.0,46,0,14.6376,0.0,3.9669,Minor,0.146403861294273,0.821955382470653,flat,MIR,Minor Isoform Redistribution,new_target_candidate,SR
Astrocyte,ST3GAL1-210,ST3GAL1,0.2203389830508474,1.0,1.7891800544832828e-19,2.0703369201877992e-18,True,-0.7796610169491526,CT_enriched,0.0357142857142857,True,56.0,13,70,25.8631,87.6667,-1.7228,Dominant,0.146403861294273,0.821955382470653,flat,DIEr,Dominant Isoform Erosion,trial_failure_explanation,SR
Astrocyte,ST3GAL5-222,ST3GAL5,0.2439024390243902,0.75,3.290336759404389e-09,1.3858898430611289e-08,True,-0.5060975609756098,CT_enriched,0.0303030303030303,True,165.0,10,39,13.2351,33.7905,-1.2892,Dominant,-0.435365175294855,0.372365187824044,flat,DIEr,Dominant Isoform Erosion,trial_failure_explanation,SR
Astrocyte,STAT3-201,STAT3,0.0116731517509727,0.3856209150326797,1.977914697805635e-65,3.786807594162425e-63,True,-0.373947763281707,CT_enriched,0.0366300366300366,True,1365.0,6,59,15.8784,22.2188,-0.4601,Dominant,0.389859294950934,0.495713911740804,flat,DIEr,Dominant Isoform Erosion,trial_failure_explanation,SR
Astrocyte,STMN1-207,STMN1,0.0515463917525773,0.3461538461538461,1.2602509266473602e-05,3.529372940850187e-05,True,-0.2946074544012688,CT_enriched,0.0349650349650349,True,1287.0,5,18,4.8434,56.3242,-3.2943,Minor,-0.501388322934073,0.643331451319398,flat,MIEr,Minor Isoform Erosion,,SR
Astrocyte,STX16-206,STX16,0.22508038585209,0.0125786163522012,4.040671351833552e-09,1.688423386301877e-08,True,0.2125017694998888,AD_enriched,0.0281,True,10000.0,70,2,123.2492,14.7593,2.979,Minor,0.0028196573362753,0.99358328701353,flat,MIR,Minor Isoform Redistribution,new_target_candidate,SR
Astrocyte,STXBP5-211,STXBP5,0.3975903614457831,0.0196078431372549,3.800863043379549e-11,1.947595515658718e-10,True,0.3779825183085282,AD_enriched,0.0346320346320346,True,462.0,33,1,41.3256,1.9811,3.8276,Minor,-0.0033369483705637,0.992860819192798,flat,MIR,Minor Isoform Redistribution,new_target_candidate,SR
Astrocyte,SYT1-201,SYT1,0.647239263803681,0.8892508143322475,2.0715348684981844e-17,1.9050883987149241e-16,True,-0.2420115505285665,CT_enriched,0.0223110223110223,True,3003.0,211,273,259.1329,707.3327,-1.4452,Dominant,0.0746262362886534,0.949043725398988,flat,DIEr,Dominant Isoform Erosion,trial_failure_explanation,SR
Astrocyte,SYT1-202,SYT1,0.205521472392638,0.0,2.0715348684981844e-17,1.9050883987149241e-16,True,0.205521472392638,AD_enriched,0.0279720279720279,True,3003.0,67,0,67.3412,0.0,6.0947,Minor,0.0746262362886534,0.949043725398988,flat,MIR,Minor Isoform Redistribution,new_target_candidate,SR
Astrocyte,TAF1-219,TAF1,0.0555555555555555,0.7931034482758621,1.3626315607555723e-20,1.7392133739098396e-19,True,-0.7375478927203066,CT_enriched,0.0333333333333333,True,210.0,6,46,5.94,16.0506,-1.2968,Dominant,0.562619539403827,0.173467976973087,flat,DIEr,Dominant Isoform Erosion,trial_failure_explanation,SR
Astrocyte,TKT-207,TKT,0.960698689956332,0.7403314917127072,7.39841853387135e-31,1.811752259573612e-29,True,0.2203671982436248,AD_enriched,0.0054,True,10000.0,660,402,565.3394,426.0383,0.4073,Dominant,-0.228697483012597,0.669817421636241,flat,DIR,Dominant Isoform Redistribution,,SR
Astrocyte,TNKS1BP1-202,TNKS1BP1,0.75,0.0571428571428571,4.259988768971334e-12,2.3924096926543007e-11,True,0.692857142857143,AD_enriched,0.0357142857142857,True,28.0,75,2,31.6398,15.2583,1.0055,Minor,0.518968591647782,0.44954111491029,flat,MIR,Minor Isoform Redistribution,new_target_candidate,SR
Astrocyte,TNKS1BP1-201,TNKS1BP1,0.25,0.9428571428571428,4.259988768971334e-12,2.3924096926543007e-11,True,-0.6928571428571428,CT_enriched,0.0357142857142857,True,28.0,25,33,44.0751,228.8138,-2.3501,Dominant,0.518968591647782,0.44954111491029,flat,DIEr,Dominant Isoform Erosion,trial_failure_explanation,SR
Astrocyte,TNPO1-204,TNPO1,0.0555555555555555,0.2795698924731182,1.798088255890175e-09,7.889112222718143e-09,True,-0.2240143369175627,CT_enriched,0.05,True,220.0,16,26,19.6193,50.5537,-1.3221,Minor,-0.0782389673908438,0.834223906609681,flat,MIEr,Minor Isoform Erosion,,SR
Astrocyte,TNPO2-203,TNPO2,0.3086419753086419,0.0,3.681354798307072e-07,1.2306243182912212e-06,True,0.3086419753086419,AD_enriched,0.0444444444444444,True,45.0,25,0,31.7818,0.0,5.0348,Minor,0.0786824464937359,0.871218356978148,flat,MIR,Minor Isoform Redistribution,new_target_candidate,SR
Astrocyte,TNPO2-218,TNPO2,0.6790123456790124,0.9876543209876544,3.681354798307072e-07,1.2306243182912212e-06,True,-0.308641975308642,CT_enriched,0.0444444444444444,True,45.0,55,80,56.0768,63.3162,-0.1723,Dominant,0.0786824464937359,0.871218356978148,flat,DIEr,Dominant Isoform Erosion,trial_failure_explanation,SR
Astrocyte,transcript166032.chr8.nic,TRPS1,0.8845360824742268,0.5914634146341463,1.4308657154508699e-27,2.9543168595485613e-26,True,0.2930726678400804,AD_enriched,0.0145,True,10000.0,429,97,762.7379,265.2231,1.5204,Dominant,-0.109753810614717,0.723122421810957,flat,DIR,Dominant Isoform Redistribution,,SR
Astrocyte,TSC1-226,TSC1,0.0,0.4146341463414634,3.648069028477093e-18,3.623978006590924e-17,True,-0.4146341463414634,CT_enriched,0.0349650349650349,True,1287.0,0,34,0.0,11.8635,-3.6852,Dominant,0.155896351490897,0.7421461344563,flat,DIEr,Dominant Isoform Erosion,trial_failure_explanation,SR
Astrocyte,TUT7-206,TUT7,0.3023255813953488,0.9111111111111112,9.75241527237301e-13,5.8018606111914015e-12,True,-0.6087855297157624,CT_enriched,0.0202020202020202,True,792.0,39,41,52.5925,394.4273,-2.8833,Dominant,-0.0510984233157321,0.897878370304329,flat,DIEr,Dominant Isoform Erosion,trial_failure_explanation,SR
Astrocyte,TUT7-201,TUT7,0.627906976744186,0.0,9.75241527237301e-13,5.8018606111914015e-12,True,0.627906976744186,AD_enriched,0.0126262626262626,True,792.0,81,0,50.8319,0.0,5.6958,Minor,-0.0510984233157321,0.897878370304329,flat,MIR,Minor Isoform Redistribution,new_target_candidate,SR
Astrocyte,UBE3A-227,UBE3A,0.0,0.5411764705882353,2.036509254458349e-17,1.881091442933896e-16,True,-0.5411764705882353,CT_enriched,0.0007,True,10000.0,0,46,0.0,132.2562,-7.0581,Dominant,0.20174049053886,0.482846528683139,flat,DIEr,Dominant Isoform Erosion,trial_failure_explanation,SR
Astrocyte,UBR2-202,UBR2,0.987603305785124,0.5428571428571428,7.107821771125367e-21,9.297560652167716e-20,True,0.4447461629279812,AD_enriched,0.0147630147630147,True,1287.0,239,19,319.2769,56.4115,2.4799,Dominant,0.199447034404815,0.419428754061271,flat,DIR,Dominant Isoform Redistribution,,SR
Astrocyte,UBR2-201,UBR2,0.012396694214876,0.4571428571428571,7.107821771125367e-21,9.297560652167716e-20,True,-0.4447461629279811,CT_enriched,0.0147630147630147,True,1287.0,3,16,6.5676,35.2068,-2.2583,Minor,0.199447034404815,0.419428754061271,flat,MIEr,Minor Isoform Erosion,,SR
Astrocyte,UBR4-204,UBR4,0.9463667820069204,0.6923076923076923,1.4463530676782563e-40,6.092039121060815e-39,True,0.2540590896992281,AD_enriched,0.0126,True,10000.0,1094,189,834.0583,779.4427,0.0976,Dominant,0.226071520341751,0.633098781331401,flat,DIR,Dominant Isoform Redistribution,,SR
Astrocyte,UGP2-202,UGP2,0.1814345991561181,0.664,1.1146696536355822e-18,1.173747145278268e-17,True,-0.4825654008438819,CT_enriched,0.0318223443223443,True,4368.0,43,83,153.9772,94.3786,0.7003,Dominant,-0.245326663879607,0.567565929127143,flat,DIEr,Dominant Isoform Erosion,trial_failure_explanation,SR
Astrocyte,USP47-202,USP47,0.093167701863354,0.5268817204301075,3.4840179707441524e-13,2.2167195910535288e-12,True,-0.4337140185667535,CT_enriched,0.0326340326340326,True,3003.0,15,49,21.6429,49.1944,-1.1485,Dominant,0.148839250852654,0.630747852386726,flat,DIEr,Dominant Isoform Erosion,trial_failure_explanation,SR
Astrocyte,VEZT-213,VEZT,0.0175438596491228,0.2285714285714285,3.935219814360923e-14,2.7351725838429386e-13,True,-0.2110275689223057,CT_enriched,0.0404040404040404,True,495.0,3,16,4.3286,5.5828,-0.305,Minor,0.0980973055951285,0.697527357948306,flat,MIEr,Minor Isoform Erosion,,SR
Astrocyte,VEZT-233,VEZT,0.0116959064327485,0.2142857142857142,3.935219814360923e-14,2.7351725838429386e-13,True,-0.2025898078529656,CT_enriched,0.0181818181818181,True,495.0,2,15,1.909,9.4041,-1.8386,Minor,0.0980973055951285,0.697527357948306,flat,MIEr,Minor Isoform Erosion,,SR
Astrocyte,VPS13C-201,VPS13C,0.6632653061224489,0.3333333333333333,1.4609859346112152e-06,4.592293101927193e-06,True,0.3299319727891156,AD_enriched,0.0325674325674325,True,5005.0,195,11,360.7392,11.0685,4.9056,Minor,0.0171376803746271,0.968197054658785,flat,MIR,Minor Isoform Redistribution,new_target_candidate,SR
Astrocyte,VPS45-245,VPS45,0.293103448275862,0.0238095238095238,2.700602058143557e-06,8.290769583746839e-06,True,0.2692939244663382,AD_enriched,0.0484848484848484,True,330.0,17,2,16.2045,6.8181,1.1379,Minor,0.121649268297879,0.626160973413924,flat,MIR,Minor Isoform Redistribution,new_target_candidate,SR
Astrocyte,ZBTB20-201,ZBTB20,0.0140237324703344,0.280593325092707,2.329375177604832e-74,7.008091605765392e-72,True,-0.2665695926223726,CT_enriched,0.0024,True,10000.0,13,227,13.1143,146.315,-3.3837,Minor,0.0082824969824089,0.9822607135817,flat,MIEr,Minor Isoform Erosion,,SR
Astrocyte,ZDHHC3-205,ZDHHC3,0.4857142857142857,1.0,4.7638368989948976e-08,1.750897122038962e-07,True,-0.5142857142857142,CT_enriched,0.0333333333333333,True,210.0,17,52,22.4628,101.179,-2.1227,Dominant,0.516199435120203,0.551110526841448,flat,DIEr,Dominant Isoform Erosion,trial_failure_explanation,SR
Astrocyte,ZDHHC3-202,ZDHHC3,0.2571428571428571,0.0,4.7638368989948976e-08,1.750897122038962e-07,True,0.2571428571428571,AD_enriched,0.0476190476190476,True,210.0,9,0,22.1185,0.0,4.531,Minor,0.516199435120203,0.551110526841448,flat,MIR,Minor Isoform Redistribution,new_target_candidate,SR
Astrocyte,ZEB1-201,ZEB1,0.6216216216216216,0.0677966101694915,3.1415533479437263e-12,1.7929841058995903e-11,True,0.5538250114521301,AD_enriched,0.019047619047619,True,210.0,23,4,14.05,7.7202,0.7873,Minor,0.127664584100482,0.735018581518494,flat,MIR,Minor Isoform Redistribution,new_target_candidate,SR
Astrocyte,ZGPAT-202,ZGPAT,0.6470588235294118,0.0317460317460317,3.2567201834280173e-13,2.0910526543595746e-12,True,0.61531279178338,AD_enriched,0.0,True,28.0,33,2,27.6614,0.6979,4.0773,Minor,0.317483685969672,0.685863282591829,flat,MIR,Minor Isoform Redistribution,new_target_candidate,SR
Astrocyte,ZGPAT-209,ZGPAT,0.2549019607843137,0.9365079365079364,3.2567201834280173e-13,2.0910526543595746e-12,True,-0.6816059757236227,CT_enriched,0.0,True,28.0,13,59,12.8168,64.3435,-2.2416,Dominant,0.317483685969672,0.685863282591829,flat,DIEr,Dominant Isoform Erosion,trial_failure_explanation,SR
Astrocyte,ZNF106-202,ZNF106,0.5143338954468802,0.8723404255319149,1.243420829616801e-17,1.1795694897175598e-16,True,-0.3580065300850347,CT_enriched,0.007,True,10000.0,305,164,384.1977,418.5774,-0.1233,Dominant,-0.0511009866191037,0.910743984647613,flat,DIEr,Dominant Isoform Erosion,trial_failure_explanation,SR
Astrocyte,ZNF106-201,ZNF106,0.4569983136593591,0.1063829787234042,1.243420829616801e-17,1.1795694897175598e-16,True,0.3506153349359549,AD_enriched,0.0077,True,10000.0,271,20,321.803,111.1663,1.525,Minor,-0.0511009866191037,0.910743984647613,flat,MIR,Minor Isoform Redistribution,new_target_candidate,SR
Astrocyte,ZNF274-206,ZNF274,0.6363636363636364,0.2105263157894736,5.2119165746616016e-06,1.5481377018670427e-05,True,0.4258373205741628,AD_enriched,0.0277777777777777,True,36.0,21,20,28.2307,6.9785,1.8733,Minor,0.344644695045002,0.676154371752024,flat,MIR,Minor Isoform Redistribution,new_target_candidate,SR
Astrocyte,ZNF274-212,ZNF274,0.3333333333333333,0.7894736842105263,5.2119165746616016e-06,1.5481377018670427e-05,True,-0.456140350877193,CT_enriched,0.0277777777777777,True,36.0,11,75,13.9477,32.6981,-1.1727,Dominant,0.344644695045002,0.676154371752024,flat,DIEr,Dominant Isoform Erosion,trial_failure_explanation,SR
Astrocyte,ZNF397-209,ZNF397,0.2535211267605634,0.0303030303030303,0.0005876624251131,0.0013194211804779,True,0.223218096457533,AD_enriched,0.0189810189810189,True,3003.0,18,2,8.189,0.6979,2.4362,Minor,-0.202398595951957,0.60128097041128,flat,MIR,Minor Isoform Redistribution,new_target_candidate,SR
Astrocyte,ZNF397-202,ZNF397,0.7323943661971831,0.9696969696969696,0.0005876624251131,0.0013194211804779,True,-0.2373026034997865,CT_enriched,0.0056610056610056,True,3003.0,52,64,55.1585,149.2934,-1.4202,Dominant,-0.202398595951957,0.60128097041128,flat,DIEr,Dominant Isoform Erosion,trial_failure_explanation,SR
Astrocyte,ZNF514-208,ZNF514,0.0,0.5526315789473685,1.383603716298094e-22,2.0235204350859626e-21,True,-0.5526315789473685,CT_enriched,0.0178571428571428,True,56.0,0,21,0.0,10.3876,-3.5094,Dominant,-0.0762164625870838,0.912993723712056,flat,DIEr,Dominant Isoform Erosion,trial_failure_explanation,SR
Astrocyte,ZNF587-201,ZNF587,0.5769230769230769,1.0,2.3959628939715834e-05,6.452554801411962e-05,True,-0.4230769230769231,CT_enriched,0.0277777777777777,True,36.0,30,38,61.1484,156.4413,-1.341,Dominant,0.253168841298635,0.624789446214132,flat,DIEr,Dominant Isoform Erosion,trial_failure_explanation,SR
Astrocyte,ZNF706-209,ZNF706,0.5263157894736842,0.0303030303030303,1.6564015418763288e-05,4.565944564386844e-05,True,0.4960127591706539,AD_enriched,0.0317460317460317,True,126.0,20,1,17.9203,4.5192,1.7774,Minor,-0.370739495806738,0.301078329684225,flat,MIR,Minor Isoform Redistribution,new_target_candidate,SR
Astrocyte,ZNF706-201,ZNF706,0.4736842105263157,0.9696969696969696,1.6564015418763288e-05,4.565944564386844e-05,True,-0.4960127591706539,CT_enriched,0.0317460317460317,True,126.0,18,32,17.4455,76.2413,-2.0661,Dominant,-0.370739495806738,0.301078329684225,flat,DIEr,Dominant Isoform Erosion,trial_failure_explanation,SR
Astrocyte,ZRANB2-204,ZRANB2,0.3977272727272727,0.0555555555555555,1.780174675691723e-06,5.562385559357223e-06,True,0.3421717171717172,AD_enriched,0.0344322344322344,True,1365.0,35,4,49.2797,13.3184,1.8121,Minor,0.222661154262229,0.601380964013623,flat,MIR,Minor Isoform Redistribution,new_target_candidate,SR
Astrocyte,ZSCAN12-202,ZSCAN12,0.1823899371069182,0.7142857142857143,7.85019437858575e-10,3.547748789978884e-09,True,-0.5318957771787961,CT_enriched,0.0285714285714285,True,35.0,29,25,41.16,16.333,1.2824,Dominant,0.173901953121638,0.835803063372084,flat,DIEr,Dominant Isoform Erosion,trial_failure_explanation,SR
Astrocyte,ZSCAN12-203,ZSCAN12,0.8176100628930818,0.2857142857142857,7.85019437858575e-10,3.547748789978884e-09,True,0.5318957771787961,AD_enriched,0.0285714285714285,True,35.0,130,10,203.9285,43.8527,2.1919,Minor,0.173901953121638,0.835803063372084,flat,MIR,Minor Isoform Redistribution,new_target_candidate,SR
Excitatory_neuron,ABCA8-208,ABCA8,0.0309278350515463,0.28125,1.476687710520863e-06,5.589192065487983e-06,True,-0.2503221649484537,CT_enriched,0.0454545454545454,True,462.0,3,9,0.7878,3.8557,-1.4414,Dominant,0.446739028275312,0.693838076980232,flat,DIEr,Dominant Isoform Erosion,trial_failure_explanation,SR
Excitatory_neuron,ACADVL-203,ACADVL,0.8385093167701864,0.5339805825242718,8.911497321054202e-16,9.295478014446683e-15,True,0.3045287342459145,AD_enriched,0.0499,True,10000.0,405,55,79.0819,16.9572,2.1569,Dominant,-0.0922803151576664,0.873561348453295,flat,DIR,Dominant Isoform Redistribution,,SR
Excitatory_neuron,ACADVL-206,ACADVL,0.0579710144927536,0.3398058252427184,8.911497321054202e-16,9.295478014446683e-15,True,-0.2818348107499648,CT_enriched,0.0191,True,10000.0,28,35,8.1114,17.4464,-1.0176,Minor,-0.0922803151576664,0.873561348453295,flat,MIEr,Minor Isoform Erosion,,SR
Excitatory_neuron,ACAP3-212,ACAP3,0.3111954459203036,0.1012048192771084,4.9632847622885545e-15,4.8558039750224445e-14,True,0.2099906266431952,AD_enriched,0.0361,True,10000.0,164,42,46.9134,18.5134,1.296,Minor,-0.0535838206427376,0.948925211189042,flat,MIR,Minor Isoform Redistribution,new_target_candidate,SR
Excitatory_neuron,ACIN1-205,ACIN1,0.975,0.7083333333333334,2.6784750386351684e-11,1.8215171092079807e-10,True,0.2666666666666666,AD_enriched,0.0429570429570429,True,8008.0,156,51,48.1935,18.5967,1.3279,Dominant,0.0766286172957048,0.73267647448972,flat,DIR,Dominant Isoform Redistribution,,SR
Excitatory_neuron,ACIN1-213,ACIN1,0.0,0.2777777777777778,2.6784750386351684e-11,1.8215171092079807e-10,True,-0.2777777777777778,CT_enriched,0.0404595404595404,True,8008.0,0,20,0.0,4.5003,-2.4595,Minor,0.0766286172957048,0.73267647448972,flat,MIEr,Minor Isoform Erosion,,SR
Excitatory_neuron,transcript59248.chr20.nnic,ACOT8,0.5851528384279476,0.0089285714285714,2.5759146896998997e-29,7.774877827251654e-28,True,0.5762242669993762,AD_enriched,0.0236430236430236,True,3003.0,134,1,6.6285,0.243,2.6176,Minor,-0.0794827119068066,0.793091002182912,flat,MIR,Minor Isoform Redistribution,new_target_candidate,SR
Excitatory_neuron,ACTR10-201,ACTR10,0.7935103244837758,0.9946524064171124,8.540593025599e-10,4.893249299723239e-09,True,-0.2011420819333366,CT_enriched,0.0014652014652014,True,1365.0,269,186,42.5069,42.1463,0.012,Dominant,-0.0724390156058624,0.741146990876664,flat,DIEr,Dominant Isoform Erosion,trial_failure_explanation,SR
Excitatory_neuron,ACVR2B-201,ACVR2B,0.0588235294117647,0.3703703703703703,2.5420958028699134e-08,1.2085177969005558e-07,True,-0.3115468409586056,CT_enriched,0.0043290043290043,True,462.0,5,20,0.4829,4.1781,-1.804,Minor,0.342991572516511,0.167926827739768,flat,MIEr,Minor Isoform Erosion,,SR
Excitatory_neuron,transcript17744.chr19.nnic,ADAMTS10,0.8846153846153846,0.0363636363636363,8.762363138283065e-27,2.3453374241449727e-25,True,0.8482517482517483,AD_enriched,0.0142857142857142,True,210.0,115,2,31.641,0.475,4.4679,Minor,0.0846467266253269,0.835587965765139,flat,MIR,Minor Isoform Redistribution,new_target_candidate,SR
Excitatory_neuron,transcript222311.chr9.nnic,ADAMTS13,0.9340277777777778,0.65,1.7512010755466683e-11,1.214200315625857e-10,True,0.2840277777777777,AD_enriched,0.0445804195804195,True,3432.0,269,52,27.1923,16.4482,0.6922,Dominant,-0.362494343408465,0.109254792693895,flat,DIR,Dominant Isoform Redistribution,,SR
Excitatory_neuron,ADGRV1-232,ADGRV1,0.0432432432432432,0.4574468085106383,2.163322768593348e-31,7.521788430212068e-30,True,-0.4142035652673951,CT_enriched,0.0154,True,10000.0,16,86,4.8399,14.7777,-1.4339,Dominant,0.266900327310227,0.570142688317747,flat,DIEr,Dominant Isoform Erosion,trial_failure_explanation,SR
Excitatory_neuron,ADNP-204,ADNP,0.0218579234972677,0.2352941176470588,1.310672268097631e-07,5.74928781547093e-07,True,-0.2134361941497911,CT_enriched,0.0494505494505494,True,2002.0,4,8,5.4634,1.9776,1.1181,Minor,0.0953799320526777,0.448145681733085,flat,MIEr,Minor Isoform Erosion,,SR
Excitatory_neuron,AGBL5-209,AGBL5,0.0131578947368421,0.2830188679245283,2.063869618779897e-06,7.684528717063418e-06,True,-0.2698609731876862,CT_enriched,0.014069264069264,True,924.0,1,15,0.3625,14.2496,-3.4845,Minor,-0.381853893958167,0.578650961557421,flat,MIEr,Minor Isoform Erosion,,SR
Excitatory_neuron,AMD1-209,AMD1,0.1294117647058823,0.6567164179104478,1.9774148256477144e-12,1.5033015389409685e-11,True,-0.5273046532045654,CT_enriched,0.0124875124875124,True,2002.0,11,44,7.2268,11.1001,-0.5566,Dominant,0.159453118430994,0.766206143816852,flat,DIEr,Dominant Isoform Erosion,trial_failure_explanation,SR
Excitatory_neuron,transcript130800.chrX.nnic,AMOT,0.238095238095238,0.0,4.188632141395378e-05,0.0001272375493743,True,0.238095238095238,AD_enriched,0.0179820179820179,True,5005.0,30,0,6.5754,0.0,2.9213,Minor,0.0223103929852475,0.965493813769217,flat,MIR,Minor Isoform Redistribution,new_target_candidate,SR
Excitatory_neuron,AMOT-203,AMOT,0.746031746031746,0.9565217391304348,4.188632141395378e-05,0.0001272375493743,True,-0.2104899930986887,CT_enriched,0.0431568431568431,True,5005.0,94,66,15.1417,21.8589,-0.502,Dominant,0.0223103929852475,0.965493813769217,flat,DIEr,Dominant Isoform Erosion,trial_failure_explanation,SR
Excitatory_neuron,AMZ1-201,AMZ1,0.4285714285714285,0.8717948717948718,5.687272162979894e-07,2.3112216468827955e-06,True,-0.4432234432234433,CT_enriched,0.0285714285714285,True,35.0,30,34,3.9065,7.2851,-0.7558,Dominant,-0.0022524455673266,0.997604496665942,flat,DIEr,Dominant Isoform Erosion,trial_failure_explanation,SR
Excitatory_neuron,AMZ1-207,AMZ1,0.5,0.0,5.687272162979894e-07,2.3112216468827955e-06,True,0.5,AD_enriched,0.0285714285714285,True,35.0,35,0,4.9401,0.0,2.5705,Minor,-0.0022524455673266,0.997604496665942,flat,MIR,Minor Isoform Redistribution,new_target_candidate,SR
Excitatory_neuron,ANKRD13A-201,ANKRD13A,0.1,0.4042553191489361,0.0002095020898682,0.0005654483726924,True,-0.3042553191489361,CT_enriched,0.0378787878787878,True,792.0,7,19,1.1648,4.9873,-1.4676,Minor,0.246008019560719,0.49709765117741,flat,MIEr,Minor Isoform Erosion,,SR
Excitatory_neuron,ANKRD13A-210,ANKRD13A,0.8714285714285714,0.5319148936170213,0.0002095020898682,0.0005654483726924,True,0.3395136778115502,AD_enriched,0.0479797979797979,True,792.0,61,25,15.4484,9.6177,0.6315,Dominant,0.246008019560719,0.49709765117741,flat,DIR,Dominant Isoform Redistribution,,SR
Excitatory_neuron,transcript100227.chr11.nnic,ANKRD13D,0.1707317073170731,0.3924050632911392,0.0036372318097819,0.0077587006902265,True,-0.2216733559740661,CT_enriched,0.0283050283050283,True,3003.0,14,31,4.5304,8.8751,-0.8364,Dominant,-0.307987900663656,0.296427535919593,flat,DIEr,Dominant Isoform Erosion,trial_failure_explanation,SR
Excitatory_neuron,ANKRD6-211,ANKRD6,0.2631578947368421,0.0,1.3934236886260318e-05,4.549320137173533e-05,True,0.2631578947368421,AD_enriched,0.0101010101010101,True,495.0,10,0,2.103,0.0,1.6337,Minor,-0.0132731285613667,0.980268695832911,flat,MIR,Minor Isoform Redistribution,new_target_candidate,SR
Excitatory_neuron,ANO5-208,ANO5,0.5135135135135135,0.0441640378548895,4.117576846533294e-40,2.413716741525674e-38,True,0.469349475658624,AD_enriched,0.0217782217782217,True,5005.0,76,14,16.4108,3.259,2.0314,Minor,0.260934082028603,0.206036771923765,flat,MIR,Minor Isoform Redistribution,new_target_candidate,SR
Excitatory_neuron,AP5S1-203,AP5S1,0.0283687943262411,0.2340425531914893,6.399513268819974e-13,5.1059333651001204e-12,True,-0.2056737588652482,CT_enriched,0.019047619047619,True,210.0,4,11,0.4941,7.7409,-2.5485,Minor,-0.227261487740641,0.621716170296454,flat,MIEr,Minor Isoform Erosion,,SR
Excitatory_neuron,ARHGAP29-201,ARHGAP29,0.6580310880829016,0.8940092165898618,8.693180645400762e-10,4.964632070678553e-09,True,-0.2359781285069602,CT_enriched,0.0434,True,10000.0,254,194,45.7913,54.4572,-0.2451,Dominant,0.404935195006721,0.463872043433798,flat,DIEr,Dominant Isoform Erosion,trial_failure_explanation,SR
Excitatory_neuron,ARL17B-203,ARL17B,0.3928571428571428,0.0862068965517241,8.080033041886708e-05,0.0002338297607756,True,0.3066502463054187,AD_enriched,0.0314685314685314,True,1716.0,44,5,7.8063,2.6766,1.2602,Minor,-0.0407217418957486,0.971486439490643,flat,MIR,Minor Isoform Redistribution,new_target_candidate,SR
Excitatory_neuron,ARMC8-213,ARMC8,0.3174603174603174,0.0424929178470254,8.581055413976012e-32,3.0131399035312797e-30,True,0.274967399613292,AD_enriched,0.0278,True,10000.0,100,15,11.3002,3.4222,1.4758,Minor,0.0345305015460542,0.865224826960597,flat,MIR,Minor Isoform Redistribution,new_target_candidate,SR
Excitatory_neuron,ARPP21-236,ARPP21,0.7635,0.5467248908296943,2.6803061138429464e-34,1.1522067433629104e-32,True,0.2167751091703056,AD_enriched,0.021,True,10000.0,1527,626,467.7873,266.2043,0.811,Dominant,0.0343892609720893,0.889640204462698,flat,DIR,Dominant Isoform Redistribution,,SR
Excitatory_neuron,ASB8-205,ASB8,0.4401041666666667,0.7314814814814815,1.0453882311302591e-14,9.936525569829654e-14,True,-0.2913773148148148,CT_enriched,0.0156,True,10000.0,169,237,26.0892,197.9616,-2.8767,Dominant,-0.119160436868416,0.775690283407915,flat,DIEr,Dominant Isoform Erosion,trial_failure_explanation,SR
Excitatory_neuron,ASB8-201,ASB8,0.5598958333333334,0.2685185185185185,1.0453882311302591e-14,9.936525569829654e-14,True,0.2913773148148149,AD_enriched,0.0156,True,10000.0,215,87,56.6824,28.3225,0.9761,Minor,-0.119160436868416,0.775690283407915,flat,MIR,Minor Isoform Redistribution,new_target_candidate,SR
Excitatory_neuron,transcript274052.chr1.nic,ASTN1,0.2301136363636363,0.7964497041420119,5.919911298511257e-81,1.679597233613614e-78,True,-0.5663360677783755,CT_enriched,0.0464,True,10000.0,81,673,12.9172,161.1289,-3.5422,Dominant,0.128197460599722,0.556909586730185,flat,DIEr,Dominant Isoform Erosion,trial_failure_explanation,SR
Excitatory_neuron,transcript192179.chr9.nic,ASTN2,0.1458333333333333,0.6310679611650486,1.3890620700192382e-08,6.827870590884585e-08,True,-0.4852346278317153,CT_enriched,0.0186480186480186,True,1716.0,7,65,1.2077,17.4372,-3.062,Dominant,-0.108745064159699,0.843554438574169,flat,DIEr,Dominant Isoform Erosion,trial_failure_explanation,SR
Excitatory_neuron,ASTN2-202,ASTN2,0.7291666666666666,0.203883495145631,1.3890620700192382e-08,6.827870590884585e-08,True,0.5252831715210357,AD_enriched,0.0087412587412587,True,1716.0,35,21,8.7609,8.9218,-0.0236,Minor,-0.108745064159699,0.843554438574169,flat,MIR,Minor Isoform Redistribution,new_target_candidate,SR
Excitatory_neuron,ATF4-203,ATF4,0.3353658536585366,0.0982142857142857,1.1238465059546137e-05,3.738950875579772e-05,True,0.2371515679442509,AD_enriched,0.0317,True,10000.0,55,11,17.7143,2.8028,2.299,Minor,0.0088473145426669,0.989577360891477,flat,MIR,Minor Isoform Redistribution,new_target_candidate,SR
Excitatory_neuron,ATF4-201,ATF4,0.6646341463414634,0.9017857142857144,1.1238465059546137e-05,3.738950875579772e-05,True,-0.2371515679442509,CT_enriched,0.0313,True,10000.0,109,101,37.4179,29.6427,0.3262,Dominant,0.0088473145426669,0.989577360891477,flat,DIEr,Dominant Isoform Erosion,trial_failure_explanation,SR
Excitatory_neuron,transcript399236.chr2.nnic,ATG16L1,0.0444444444444444,0.4010695187165775,7.803572270375086e-12,5.5684847196952197e-11,True,-0.3566250742721331,CT_enriched,0.0164724164724164,True,6435.0,6,75,1.2,18.0203,-3.1119,Dominant,-0.107532423807928,0.69848809156855,flat,DIEr,Dominant Isoform Erosion,trial_failure_explanation,SR
Excitatory_neuron,ATP13A3-215,ATP13A3,0.0226244343891402,0.4772727272727273,2.389975536593645e-26,6.054320171806687e-25,True,-0.4546482928835871,CT_enriched,0.0361,True,10000.0,5,63,1.9681,16.6266,-2.5701,Dominant,0.18900068013422,0.330521945114238,flat,DIEr,Dominant Isoform Erosion,trial_failure_explanation,SR
Excitatory_neuron,transcript18595.chr3.nic,ATP2B2,0.0327380952380952,0.2530864197530864,6.0854832996652755e-16,6.432836519303394e-15,True,-0.2203483245149911,CT_enriched,0.0113,True,10000.0,11,82,2.9417,21.9929,-2.5443,Minor,-0.0106464490751063,0.974456761427707,flat,MIEr,Minor Isoform Erosion,,SR
Excitatory_neuron,ATP2B3-208,ATP2B3,0.0446927374301676,0.2589285714285714,1.2620726063680554e-13,1.075947235212574e-12,True,-0.2142358339984038,CT_enriched,0.0412920412920412,True,3003.0,8,29,1.5065,6.0815,-1.4984,Minor,0.0253784596631825,0.964451502297499,flat,MIEr,Minor Isoform Erosion,,SR
Excitatory_neuron,ATP5F1C-202,ATP5F1C,0.5210526315789473,0.8490566037735849,7.639122830508534e-09,3.8838844682342185e-08,True,-0.3280039721946376,CT_enriched,0.0384615384615384,True,8008.0,198,90,25.7882,20.8909,0.2913,Dominant,-0.193240888603903,0.544515539948975,flat,DIEr,Dominant Isoform Erosion,trial_failure_explanation,SR
Excitatory_neuron,ATXN7L2-207,ATXN7L2,0.490566037735849,0.14,0.0008379555173931,0.002027155008482,True,0.350566037735849,AD_enriched,0.0119047619047619,True,924.0,26,7,4.2813,3.3015,0.2961,Minor,-0.20800610941281,0.56388712570361,flat,MIR,Minor Isoform Redistribution,new_target_candidate,SR
Excitatory_neuron,transcript196875.chr3.nic,B4GALT4,0.0,0.5342465753424658,6.733301750097235e-39,3.702272039801528e-37,True,-0.5342465753424658,CT_enriched,0.0265151515151515,True,792.0,0,39,0.0,9.0484,-3.3289,Dominant,-0.115293932869213,0.566602651653084,flat,DIEr,Dominant Isoform Erosion,trial_failure_explanation,SR
Excitatory_neuron,BBS1-210,BBS1,0.194331983805668,0.3956043956043956,1.4315166514156882e-05,4.661959416203616e-05,True,-0.2012724117987276,CT_enriched,0.0176,True,10000.0,48,72,7.0172,25.3067,-1.7143,Minor,-0.0945076078521657,0.773476443567757,flat,MIEr,Minor Isoform Erosion,,SR
Excitatory_neuron,BBS1-201,BBS1,0.7975708502024291,0.5879120879120879,1.4315166514156882e-05,4.661959416203616e-05,True,0.2096587622903412,AD_enriched,0.0191,True,10000.0,197,107,35.4073,42.0595,-0.2421,Dominant,-0.0945076078521657,0.773476443567757,flat,DIR,Dominant Isoform Redistribution,,SR
Excitatory_neuron,BCL11A-219,BCL11A,0.1901279707495429,0.528169014084507,1.91202324841902e-34,8.320233681617245e-33,True,-0.3380410433349641,CT_enriched,0.0342,True,10000.0,104,375,19.7736,99.6296,-2.2762,Dominant,-0.0565717379164974,0.86498088686458,flat,DIEr,Dominant Isoform Erosion,trial_failure_explanation,SR
Excitatory_neuron,transcript171802.chr3.nic,BOC,0.0,0.4933333333333333,1.1364603552635382e-08,5.6488530482720926e-08,True,-0.4933333333333333,CT_enriched,0.0,True,462.0,0,37,0.0,9.8193,-3.4355,Dominant,-0.0946275737048913,0.913354754522859,flat,DIEr,Dominant Isoform Erosion,trial_failure_explanation,SR
Excitatory_neuron,BPTF-215,BPTF,0.2489451476793249,0.6037735849056604,4.135178108830576e-06,1.4881186365263969e-05,True,-0.3548284372263354,CT_enriched,0.0106658047834518,True,6188.0,59,32,14.2531,22.9597,-0.6515,Dominant,0.188028180643856,0.439469292050493,flat,DIEr,Dominant Isoform Erosion,trial_failure_explanation,SR
Excitatory_neuron,BRD9-213,BRD9,0.6557377049180327,0.1710526315789473,1.1061064591343825e-13,9.49832096203411e-13,True,0.4846850733390854,AD_enriched,0.0236430236430236,True,3003.0,80,13,11.8095,3.993,1.3592,Minor,0.0481648581354865,0.943254851335131,flat,MIR,Minor Isoform Redistribution,new_target_candidate,SR
Excitatory_neuron,BROX-201,BROX,0.6666666666666666,0.979591836734694,0.0009743295410471,0.0023269089005546,True,-0.3129251700680273,CT_enriched,0.0126262626262626,True,792.0,28,48,5.4164,13.677,-1.1937,Dominant,-0.191922281353181,0.526695749629588,flat,DIEr,Dominant Isoform Erosion,trial_failure_explanation,SR
Excitatory_neuron,BRPF1-221,BRPF1,0.3943661971830985,0.8,7.2091071811871424e-06,2.4919199432826705e-05,True,-0.4056338028169015,CT_enriched,0.0323232323232323,True,495.0,56,40,8.4323,35.1235,-1.9373,Dominant,-0.0084281573638873,0.988895719891447,flat,DIEr,Dominant Isoform Erosion,trial_failure_explanation,SR
Excitatory_neuron,BRSK2-207,BRSK2,0.4722222222222222,0.0137931034482758,1.1902121072058584e-19,1.8116254241225652e-18,True,0.4584291187739464,AD_enriched,0.0454545454545454,True,330.0,17,2,4.9947,0.5102,1.9889,Minor,0.155804111776964,0.677571847256997,flat,MIR,Minor Isoform Redistribution,new_target_candidate,SR
Excitatory_neuron,transcript4128.chr11.nic,BRSK2,0.3055555555555556,0.8344827586206897,1.1902121072058584e-19,1.8116254241225652e-18,True,-0.5289272030651341,CT_enriched,0.0212121212121212,True,330.0,11,121,2.6136,27.5042,-2.9797,Dominant,0.155804111776964,0.677571847256997,flat,DIEr,Dominant Isoform Erosion,trial_failure_explanation,SR
Excitatory_neuron,BTBD7-202,BTBD7,0.52,0.1428571428571428,0.0002914310772557,0.0007687321052342,True,0.3771428571428572,AD_enriched,0.0273726273726273,True,5005.0,39,6,10.3903,1.8143,2.0169,Minor,0.0155418786982754,0.968969694894389,flat,MIR,Minor Isoform Redistribution,new_target_candidate,SR
Excitatory_neuron,C1S-201,C1S,0.072,0.5838926174496645,3.011140030659299e-29,9.050006880282375e-28,True,-0.5118926174496645,CT_enriched,0.0143190143190143,True,3003.0,9,87,0.8568,20.7914,-3.5529,Dominant,-0.0661462073488321,0.886726410321278,flat,DIEr,Dominant Isoform Erosion,trial_failure_explanation,SR
Excitatory_neuron,C1orf131-206,C1orf131,0.8983050847457628,0.6170212765957447,0.002036392625329,0.004562265600587,True,0.2812838081500181,AD_enriched,0.0252525252525252,True,792.0,53,29,10.4768,7.4501,0.4417,Dominant,-0.192395726239408,0.667333334875287,flat,DIR,Dominant Isoform Redistribution,,SR
Excitatory_neuron,C1orf131-203,C1orf131,0.0677966101694915,0.3191489361702128,0.002036392625329,0.004562265600587,True,-0.2513523260007212,CT_enriched,0.0214646464646464,True,792.0,4,15,1.8495,4.3657,-0.913,Minor,-0.192395726239408,0.667333334875287,flat,MIEr,Minor Isoform Erosion,,SR
Excitatory_neuron,C2CD5-218,C2CD5,0.4587737843551797,0.7210526315789474,1.6633092674252992e-17,2.05180045806046e-16,True,-0.2622788472237677,CT_enriched,0.0173,True,10000.0,217,274,52.2128,80.3499,-0.6124,Dominant,0.131617246485022,0.42924456897431,flat,DIEr,Dominant Isoform Erosion,trial_failure_explanation,SR
Excitatory_neuron,transcript89853.chr2.nic,C2orf42,0.4285714285714285,0.0106382978723404,3.7532842603011524e-17,4.504576185840288e-16,True,0.4179331306990881,AD_enriched,0.0454545454545454,True,462.0,27,1,1.7279,0.243,1.134,Minor,0.147955684454446,0.639252726683242,flat,MIR,Minor Isoform Redistribution,new_target_candidate,SR
Excitatory_neuron,transcript89854.chr2.nic,C2orf42,0.0,0.5531914893617021,3.7532842603011524e-17,4.504576185840288e-16,True,-0.5531914893617021,CT_enriched,0.0194805194805194,True,462.0,0,52,0.0,50.358,-5.6825,Dominant,0.147955684454446,0.639252726683242,flat,DIEr,Dominant Isoform Erosion,trial_failure_explanation,SR
Excitatory_neuron,CADM1-204,CADM1,0.6636363636363637,0.4606741573033708,0.0014630985588155,0.0033825808597387,True,0.2029622063329929,AD_enriched,0.0497502497502497,True,5005.0,73,41,8.8741,12.1261,-0.4107,Dominant,0.172429534317205,0.405816757774158,flat,DIR,Dominant Isoform Redistribution,,SR
Excitatory_neuron,CAMK1G-202,CAMK1G,0.8740661686232657,0.6128404669260701,5.499963924228821e-37,2.7280590289898616e-35,True,0.2612257016971956,AD_enriched,0.0276,True,10000.0,819,315,124.6676,125.6625,-0.0114,Dominant,0.205247274290417,0.379658404723555,flat,DIR,Dominant Isoform Redistribution,,SR
Excitatory_neuron,transcript409071.chr2.nic,CAPN10,0.1005586592178771,0.3333333333333333,1.5074862859600798e-07,6.580061677732214e-07,True,-0.2327746741154562,CT_enriched,0.0359,True,10000.0,18,37,3.2747,24.6661,-2.586,Minor,-0.0160305393088083,0.976314620290949,flat,MIEr,Minor Isoform Erosion,,SR
Excitatory_neuron,transcript29851.chr6.nnic,CARMIL1,0.05,0.288135593220339,1.693767226670918e-06,6.376799861346508e-06,True,-0.238135593220339,CT_enriched,0.0023310023310023,True,1716.0,6,17,1.0264,6.9027,-1.9634,Minor,0.0440771289910747,0.889640204462698,flat,MIEr,Minor Isoform Erosion,,SR
Excitatory_neuron,CARMIL1-201,CARMIL1,0.9083333333333332,0.576271186440678,1.693767226670918e-06,6.376799861346508e-06,True,0.3320621468926552,AD_enriched,0.0139860139860139,True,1716.0,109,34,25.7979,14.6676,0.7743,Dominant,0.0440771289910747,0.889640204462698,flat,DIR,Dominant Isoform Redistribution,,SR
Excitatory_neuron,CASP3-206,CASP3,0.9553571428571428,0.6866666666666666,4.731118652071586e-11,3.1158611512668304e-10,True,0.2686904761904761,AD_enriched,0.0231,True,10000.0,214,103,94.0471,28.6079,1.6827,Dominant,0.0745454589393372,0.827811960347873,flat,DIR,Dominant Isoform Redistribution,,SR
Excitatory_neuron,CAV1-202,CAV1,0.7384615384615385,0.1818181818181818,1.4759323806506352e-08,7.234822650970944e-08,True,0.5566433566433567,AD_enriched,0.0285714285714285,True,70.0,48,6,5.2184,1.3867,1.3815,Minor,-0.241236769666997,0.779087229549946,flat,MIR,Minor Isoform Redistribution,new_target_candidate,SR
Excitatory_neuron,CCDC107-202,CCDC107,0.4423076923076923,0.1694915254237288,0.0216397489147796,0.0390759532885232,True,0.2728161668839635,AD_enriched,0.0285714285714285,True,210.0,23,10,5.4345,2.2459,0.9872,Minor,-0.190204064870542,0.841592834169008,flat,MIR,Minor Isoform Redistribution,new_target_candidate,SR
Excitatory_neuron,CCDC138-208,CCDC138,0.831858407079646,0.4677419354838709,2.4388791387899044e-06,9.00050454289115e-06,True,0.3641164715957751,AD_enriched,0.0477,True,10000.0,94,29,19.4979,9.5967,0.9519,Dominant,0.0767685000940837,0.780602410241618,flat,DIR,Dominant Isoform Redistribution,,SR
Excitatory_neuron,transcript213419.chr3.nic,CCDC14,0.2689655172413793,0.0375,7.186255624070095e-07,2.8652114188605497e-06,True,0.2314655172413793,AD_enriched,0.0221,True,10000.0,39,3,6.7089,0.8709,2.0428,Minor,0.0580572223479372,0.919001634241588,flat,MIR,Minor Isoform Redistribution,new_target_candidate,SR
Excitatory_neuron,transcript69178.chr4.nic,CCDC149,0.0489510489510489,0.4161849710982659,6.557343473478955e-13,5.2142642665231194e-12,True,-0.367233922147217,CT_enriched,0.0109,True,10000.0,7,72,1.0319,18.6971,-3.2771,Minor,0.266170353889115,0.19260676113599,flat,MIEr,Minor Isoform Erosion,,SR
Excitatory_neuron,CCNB1IP1-201,CCNB1IP1,0.0,0.2238805970149253,7.786361170133573e-07,3.0923101780379304e-06,True,-0.2238805970149253,CT_enriched,0.0158730158730158,True,252.0,0,15,0.0,2.8292,-1.937,Minor,-0.516464546223945,0.080844096648776,flat,MIEr,Minor Isoform Erosion,,SR
Excitatory_neuron,CCNB1IP1-202,CCNB1IP1,0.9912280701754386,0.7611940298507462,7.786361170133573e-07,3.0923101780379304e-06,True,0.2300340403246923,AD_enriched,0.0119047619047619,True,252.0,113,51,17.8122,16.4125,0.1115,Dominant,-0.516464546223945,0.080844096648776,flat,DIR,Dominant Isoform Redistribution,,SR
Excitatory_neuron,CDC42BPA-204,CDC42BPA,0.3111111111111111,0.0367647058823529,9.672794310393737e-14,8.346609494358005e-13,True,0.2743464052287582,AD_enriched,0.0081918081918081,True,5005.0,28,5,12.4593,2.514,1.9374,Minor,0.0782320661881296,0.678497837378212,flat,MIR,Minor Isoform Redistribution,new_target_candidate,SR
Excitatory_neuron,CDH7-202,CDH7,0.8205128205128205,0.6046511627906976,0.0063949165220195,0.0130080708031787,True,0.2158616577221228,AD_enriched,0.0333333333333333,True,330.0,128,26,23.609,9.1572,1.2767,Dominant,0.281116420454273,0.557275956747471,flat,DIR,Dominant Isoform Redistribution,,SR
Excitatory_neuron,CDK11B-204,CDK11B,0.0,0.3584905660377358,8.057422505577475e-10,4.635141754425063e-09,True,-0.3584905660377358,CT_enriched,0.0179820179820179,True,2002.0,0,19,0.0,4.5846,-2.4814,Minor,0.195522302561208,0.662941217756435,flat,MIEr,Minor Isoform Erosion,,SR
Excitatory_neuron,transcript156732.chr9.nic,CDK20,0.0072463768115942,0.33125,4.93893838740777e-23,9.758186624480029e-22,True,-0.3240036231884058,CT_enriched,0.0254745254745254,True,8008.0,2,53,0.0939,13.0568,-3.6837,Minor,-0.432258181033711,0.424970477219378,flat,MIEr,Minor Isoform Erosion,,SR
Excitatory_neuron,transcript152239.chr6.nic,CEP57L1,0.3369565217391304,0.0379746835443038,2.6283547541009567e-10,1.605764019882694e-09,True,0.2989818381948266,AD_enriched,0.0329670329670329,True,3003.0,31,3,3.4198,0.7422,1.3431,Minor,0.0162766626155745,0.962116171042123,flat,MIR,Minor Isoform Redistribution,new_target_candidate,SR
Excitatory_neuron,CEP97-201,CEP97,0.1226053639846743,0.4734982332155477,5.123842250693791e-30,1.615262803740936e-28,True,-0.3508928692308733,CT_enriched,0.0221,True,10000.0,64,134,14.7172,33.6399,-1.1401,Dominant,0.0944020297169796,0.674244260691015,flat,DIEr,Dominant Isoform Erosion,trial_failure_explanation,SR
Excitatory_neuron,CEP97-213,CEP97,0.7241379310344828,0.3533568904593639,5.123842250693791e-30,1.615262803740936e-28,True,0.3707810405751188,AD_enriched,0.0161,True,10000.0,378,100,119.1867,62.738,0.9151,Minor,0.0944020297169796,0.674244260691015,flat,MIR,Minor Isoform Redistribution,new_target_candidate,SR
Excitatory_neuron,CEROX1-201,CEROX1,0.4511494252873563,0.7178947368421053,7.567105512423335e-15,7.31246313346304e-14,True,-0.2667453115547489,CT_enriched,0.0127,True,10000.0,157,341,46.5811,79.2414,-0.754,Dominant,-0.15114099604728,0.936378624658267,flat,DIEr,Dominant Isoform Erosion,trial_failure_explanation,SR
Excitatory_neuron,transcript3776.chr16.nnic,CEROX1,0.4568965517241379,0.2294736842105263,7.567105512423335e-15,7.31246313346304e-14,True,0.2274228675136116,AD_enriched,0.0291,True,10000.0,159,109,27.4036,27.452,-0.0025,Minor,-0.15114099604728,0.936378624658267,flat,MIR,Minor Isoform Redistribution,new_target_candidate,SR
Excitatory_neuron,CFAP44-202,CFAP44,0.90625,0.5631067961165048,6.4181855413363685e-15,6.210667127516898e-14,True,0.3431432038834952,AD_enriched,0.0251,True,10000.0,290,58,82.0429,35.7946,1.1744,Dominant,-0.0959765717645091,0.861644814587179,flat,DIR,Dominant Isoform Redistribution,,SR
Excitatory_neuron,transcript170749.chr3.nic,CFAP44,0.078125,0.4077669902912621,6.4181855413363685e-15,6.210667127516898e-14,True,-0.3296419902912621,CT_enriched,0.0267,True,10000.0,25,42,5.0262,12.455,-1.1588,Minor,-0.0959765717645091,0.861644814587179,flat,MIEr,Minor Isoform Erosion,,SR
Excitatory_neuron,CFAP54-209,CFAP54,0.4923076923076923,0.1549295774647887,4.912030837138065e-05,0.0001475689738577,True,0.3373781148429036,AD_enriched,0.0484848484848484,True,495.0,32,11,10.8041,4.3082,1.153,Minor,0.0990522527561188,0.87024317287996,flat,MIR,Minor Isoform Redistribution,new_target_candidate,SR
Excitatory_neuron,transcript220719.chr3.nic,CHCHD6,0.1987179487179487,0.5620915032679739,3.0210272714979047e-10,1.833032201602621e-09,True,-0.3633735545500252,CT_enriched,0.013,True,10000.0,31,86,4.9305,22.9801,-2.0156,Dominant,-0.0103271470875777,0.982676130741013,flat,DIEr,Dominant Isoform Erosion,trial_failure_explanation,SR
Excitatory_neuron,CHCHD7-202,CHCHD7,0.5686274509803921,0.88,0.0002565866924465,0.0006836849772816,True,-0.3113725490196078,CT_enriched,0.0476190476190476,True,252.0,58,44,8.0731,11.8488,-0.502,Dominant,-0.411736477081295,0.533152602413352,flat,DIEr,Dominant Isoform Erosion,trial_failure_explanation,SR
Excitatory_neuron,CHD1-205,CHD1,0.6239316239316239,0.2470588235294117,1.2494828339782493e-17,1.5685985383022516e-16,True,0.3768728004022122,AD_enriched,0.0491,True,10000.0,292,42,108.6965,19.8428,2.3959,Minor,0.215930351505604,0.122463549422236,flat,MIR,Minor Isoform Redistribution,new_target_candidate,SR
Excitatory_neuron,CHD1-211,CHD1,0.188034188034188,0.5117647058823529,1.2494828339782493e-17,1.5685985383022516e-16,True,-0.3237305178481648,CT_enriched,0.037,True,10000.0,88,87,22.2408,77.7421,-1.7605,Dominant,0.215930351505604,0.122463549422236,flat,DIEr,Dominant Isoform Erosion,trial_failure_explanation,SR
Excitatory_neuron,CHFR-205,CHFR,0.73,0.3191489361702128,1.8128380462748497e-06,6.8034181281627045e-06,True,0.4108510638297872,AD_enriched,0.0273060273060273,True,3003.0,73,15,7.8534,4.6476,0.6486,Minor,0.0150090730646186,0.968745632909762,flat,MIR,Minor Isoform Redistribution,new_target_candidate,SR
Excitatory_neuron,CHFR-203,CHFR,0.11,0.4893617021276595,1.8128380462748497e-06,6.8034181281627045e-06,True,-0.3793617021276595,CT_enriched,0.0066600066600066,True,3003.0,11,23,0.7321,5.6719,-1.9456,Dominant,0.0150090730646186,0.968745632909762,flat,DIEr,Dominant Isoform Erosion,trial_failure_explanation,SR
Excitatory_neuron,CHRNA7-201,CHRNA7,0.3132530120481928,0.0625,1.4170301633800333e-05,4.616901676093052e-05,True,0.2507530120481928,AD_enriched,0.0075757575757575,True,792.0,26,4,2.7141,0.9011,0.9662,Minor,0.0681144039050083,0.912699633310137,flat,MIR,Minor Isoform Redistribution,new_target_candidate,SR
Excitatory_neuron,transcript238402.chr1.nnic,CHRNB2,0.0793650793650793,0.8604651162790697,3.516589684852783e-15,3.493441265358654e-14,True,-0.7811000369139904,CT_enriched,0.0357142857142857,True,56.0,5,37,0.3343,11.4924,-3.2269,Dominant,0.15321816553292,0.680643318021323,flat,DIEr,Dominant Isoform Erosion,trial_failure_explanation,SR
Excitatory_neuron,CHRNB2-201,CHRNB2,0.9206349206349206,0.1395348837209302,3.516589684852783e-15,3.493441265358654e-14,True,0.7811000369139904,AD_enriched,0.0178571428571428,True,56.0,58,6,16.5971,1.6692,2.7209,Minor,0.15321816553292,0.680643318021323,flat,MIR,Minor Isoform Redistribution,new_target_candidate,SR
Excitatory_neuron,CHTOP-203,CHTOP,0.4104046242774566,0.16,1.1109464259246707e-09,6.258890388469968e-09,True,0.2504046242774566,AD_enriched,0.0429570429570429,True,3003.0,71,20,9.8775,5.0097,0.856,Minor,0.125890239325069,0.765165171202766,flat,MIR,Minor Isoform Redistribution,new_target_candidate,SR
Excitatory_neuron,CHTOP-206,CHTOP,0.3930635838150289,0.768,1.1109464259246707e-09,6.258890388469968e-09,True,-0.3749364161849711,CT_enriched,0.0259740259740259,True,3003.0,68,96,8.2978,23.7775,-1.4141,Dominant,0.125890239325069,0.765165171202766,flat,DIEr,Dominant Isoform Erosion,trial_failure_explanation,SR
Excitatory_neuron,CLASP1-202,CLASP1,0.1342465753424657,0.3685714285714285,1.8661294634689552e-14,1.719020296673416e-13,True,-0.2343248532289628,CT_enriched,0.0422688422688422,True,6435.0,49,129,6.935,30.1443,-1.9727,Minor,0.0365300864521286,0.859805460235243,flat,MIEr,Minor Isoform Erosion,,SR
Excitatory_neuron,CLCN3-208,CLCN3,0.1355555555555555,0.418729817007535,1.3142285462540764e-28,3.900344384343166e-27,True,-0.2831742614519794,CT_enriched,0.0179,True,10000.0,61,389,86.5121,88.7867,-0.037,Minor,0.0429690733338611,0.895279657712644,flat,MIEr,Minor Isoform Erosion,,SR
Excitatory_neuron,CLCN3-205,CLCN3,0.8066666666666666,0.5468245425188375,1.3142285462540764e-28,3.900344384343166e-27,True,0.2598421241478291,AD_enriched,0.0341,True,10000.0,363,508,63.3121,118.3139,-0.8916,Dominant,0.0429690733338611,0.895279657712644,flat,DIR,Dominant Isoform Redistribution,,SR
Excitatory_neuron,CLINT1-206,CLINT1,0.4051724137931034,0.6731707317073171,2.06560243719164e-08,9.946583901561645e-08,True,-0.2679983179142137,CT_enriched,0.0017094017094017,True,6435.0,94,138,12.0704,43.3755,-1.7635,Dominant,0.0502362600589939,0.849589488449118,flat,DIEr,Dominant Isoform Erosion,trial_failure_explanation,SR
Excitatory_neuron,CLK3-203,CLK3,0.2291666666666666,0.6535433070866141,9.928237148628286e-26,2.308884790007228e-24,True,-0.4243766404199475,CT_enriched,0.0026,True,10000.0,88,166,9.6178,54.002,-2.373,Dominant,-0.0677905782458587,0.82845778430804,flat,DIEr,Dominant Isoform Erosion,trial_failure_explanation,SR
Excitatory_neuron,CLK4-208,CLK4,0.1031866464339908,0.3162393162393162,9.629509074654056e-23,1.84595465689096e-21,True,-0.2130526698053254,CT_enriched,0.014,True,10000.0,68,148,12.5832,41.1982,-1.6354,Minor,-0.141723976123967,0.740721566042191,flat,MIEr,Minor Isoform Erosion,,SR
Excitatory_neuron,CLUH-215,CLUH,0.0,0.8816568047337278,2.2018602659404104e-30,7.197140491389553e-29,True,-0.8816568047337278,CT_enriched,0.0476190476190476,True,84.0,0,149,0.0,30.3558,-4.9707,Dominant,0.0788743226505267,0.849743355669816,flat,DIEr,Dominant Isoform Erosion,trial_failure_explanation,SR
Excitatory_neuron,transcript4788.chr17.nic,CLUH,1.0,0.1065088757396449,2.2018602659404104e-30,7.197140491389553e-29,True,0.8934911242603552,AD_enriched,0.0476190476190476,True,84.0,45,18,7.121,8.9835,-0.2979,Minor,0.0788743226505267,0.849743355669816,flat,MIR,Minor Isoform Redistribution,new_target_candidate,SR
Excitatory_neuron,transcript124585.chr16.nnic,CMIP,0.2197802197802197,0.6388888888888888,1.4155777516700249e-15,1.4467857338033838e-14,True,-0.4191086691086692,CT_enriched,0.0295,True,10000.0,40,69,7.1859,16.3353,-1.0825,Dominant,-0.0185048274227834,0.967375755830973,flat,DIEr,Dominant Isoform Erosion,trial_failure_explanation,SR
Excitatory_neuron,CNOT4-201,CNOT4,0.1175,0.360655737704918,1.4519274507305254e-19,2.1958467820962933e-18,True,-0.243155737704918,CT_enriched,0.0418,True,10000.0,47,44,11.3102,22.6768,-0.9436,Dominant,-0.027093611787077,0.857082643937979,flat,DIEr,Dominant Isoform Erosion,trial_failure_explanation,SR
Excitatory_neuron,transcript54042.chr8.nnic,CNOT7,0.0928571428571428,0.3733333333333333,2.936559881420125e-07,1.2390850231358083e-06,True,-0.2804761904761905,CT_enriched,0.0209790209790209,True,8008.0,13,28,2.8188,8.5699,-1.3254,Dominant,0.0576403455557238,0.902217676034808,flat,DIEr,Dominant Isoform Erosion,trial_failure_explanation,SR
Excitatory_neuron,CNOT7-201,CNOT7,0.7357142857142858,0.3733333333333333,2.936559881420125e-07,1.2390850231358083e-06,True,0.3623809523809524,AD_enriched,0.0178571428571428,True,8008.0,103,28,20.2017,7.6441,1.2944,Minor,0.0576403455557238,0.902217676034808,flat,MIR,Minor Isoform Redistribution,new_target_candidate,SR
Excitatory_neuron,transcript222220.chr7.nnic,CNTNAP2,0.031322505800464,0.2653061224489796,9.778836952522436e-34,4.032633168851257e-32,True,-0.2339836166485156,CT_enriched,0.0099,True,10000.0,27,78,6.7651,45.4192,-2.5796,Minor,0.076044821715089,0.80543264217311,flat,MIEr,Minor Isoform Erosion,,SR
Excitatory_neuron,CNTROB-202,CNTROB,0.2222222222222222,0.7804878048780488,1.644792940100847e-07,7.139850871563836e-07,True,-0.5582655826558266,CT_enriched,0.0416666666666666,True,120.0,14,32,2.645,9.2702,-1.4945,Dominant,0.0884172059121167,0.835499685441914,flat,DIEr,Dominant Isoform Erosion,trial_failure_explanation,SR
Excitatory_neuron,transcript311985.chr2.nic,COBLL1,0.095,0.7216981132075472,4.153247809100495e-36,1.9771132020100544e-34,True,-0.6266981132075472,CT_enriched,0.0278166278166278,True,6435.0,19,153,4.9958,37.1127,-2.6682,Dominant,0.689405951337107,0.284442011065334,up,DIDi,Dominant Isoform Dilution,trial_failure_explanation,SR
Excitatory_neuron,COG5-203,COG5,0.4178082191780822,0.0575539568345323,2.176704955468868e-13,1.820680218059042e-12,True,0.3602542623435499,AD_enriched,0.0013320013320013,True,3003.0,122,8,31.9309,4.2042,2.6617,Minor,0.104343976815969,0.61026259736867,flat,MIR,Minor Isoform Redistribution,new_target_candidate,SR
Excitatory_neuron,COG5-201,COG5,0.5684931506849316,0.9280575539568344,2.176704955468868e-13,1.820680218059042e-12,True,-0.3595644032719028,CT_enriched,0.0006660006660006,True,3003.0,166,129,34.9524,36.3114,-0.0535,Dominant,0.104343976815969,0.61026259736867,flat,DIEr,Dominant Isoform Erosion,trial_failure_explanation,SR
Excitatory_neuron,CPNE4-213,CPNE4,0.3279352226720647,0.0660377358490566,3.016936296444218e-13,2.48538085373738e-12,True,0.2618974868230081,AD_enriched,0.0497502497502497,True,5005.0,81,14,10.6318,3.5548,1.3526,Minor,0.275143980987401,0.641952455867408,flat,MIR,Minor Isoform Redistribution,new_target_candidate,SR
Excitatory_neuron,transcript290195.chr1.nnic,CRB1,0.8455882352941176,0.3333333333333333,3.1777456368993253e-18,4.25597891391416e-17,True,0.5122549019607843,AD_enriched,0.0454545454545454,True,330.0,115,13,19.8929,4.3515,1.965,Minor,0.498723792530802,0.315810029595087,flat,MIR,Minor Isoform Redistribution,new_target_candidate,SR
Excitatory_neuron,CRB1-209,CRB1,0.0,0.4358974358974359,3.1777456368993253e-18,4.25597891391416e-17,True,-0.4358974358974359,CT_enriched,0.0121212121212121,True,330.0,0,17,0.0,9.8794,-3.4435,Dominant,0.498723792530802,0.315810029595087,flat,DIEr,Dominant Isoform Erosion,trial_failure_explanation,SR
Excitatory_neuron,CSNK1G1-201,CSNK1G1,0.5463917525773195,0.2333333333333333,0.0001334848262328,0.0003726123071504,True,0.3130584192439862,AD_enriched,0.0402097902097902,True,1716.0,53,7,11.1919,1.7134,2.1678,Minor,0.0200278390735187,0.947318268372913,flat,MIR,Minor Isoform Redistribution,new_target_candidate,SR
Excitatory_neuron,CSNK1G1-211,CSNK1G1,0.1752577319587628,0.5,0.0001334848262328,0.0003726123071504,True,-0.3247422680412372,CT_enriched,0.0343822843822843,True,1716.0,17,15,2.8853,5.3622,-0.7115,Dominant,0.0200278390735187,0.947318268372913,flat,DIEr,Dominant Isoform Erosion,trial_failure_explanation,SR
Excitatory_neuron,CTBP1-209,CTBP1,0.3216783216783216,0.04,3.3488286255260317e-09,1.7779372335970165e-08,True,0.2816783216783216,AD_enriched,0.0399600399600399,True,2002.0,46,2,7.1632,0.5102,2.4344,Minor,-0.135297259177897,0.61273518504237,flat,MIR,Minor Isoform Redistribution,new_target_candidate,SR
Excitatory_neuron,CTBP1-203,CTBP1,0.0769230769230769,0.44,3.3488286255260317e-09,1.7779372335970165e-08,True,-0.3630769230769231,CT_enriched,0.0054945054945054,True,2002.0,11,22,2.4966,6.3309,-1.068,Dominant,-0.135297259177897,0.61273518504237,flat,DIEr,Dominant Isoform Erosion,trial_failure_explanation,SR
Excitatory_neuron,transcript78832.chr18.nic,CTDP1,0.0059171597633136,0.2125,2.373652116949144e-17,2.8829305591644307e-16,True,-0.2065828402366863,CT_enriched,0.0378371628371628,True,8008.0,2,17,0.5912,5.2428,-1.9721,Minor,-0.0424701029300212,0.928297385988774,flat,MIEr,Minor Isoform Erosion,,SR
Excitatory_neuron,CTNNA1-243,CTNNA1,0.3581081081081081,0.065359477124183,4.52231318678232e-10,2.6663979579257683e-09,True,0.2927486309839251,AD_enriched,0.0389,True,10000.0,106,10,19.8806,4.2812,1.9832,Minor,-0.160981748991467,0.501231230343046,flat,MIR,Minor Isoform Redistribution,new_target_candidate,SR
Excitatory_neuron,CTTN-210,CTTN,0.2391304347826087,0.0126582278481012,2.6973278123218294e-06,9.898117631050407e-06,True,0.2264722069345075,AD_enriched,0.0378787878787878,True,792.0,11,1,1.4185,0.232,0.9731,Minor,-0.133786030923882,0.465779206209741,flat,MIR,Minor Isoform Redistribution,new_target_candidate,SR
Excitatory_neuron,CYB561D2-205,CYB561D2,0.3478260869565217,0.0416666666666666,7.166816157097274e-05,0.0002096256783599,True,0.3061594202898551,AD_enriched,0.0151515151515151,True,792.0,16,2,5.2468,0.5465,2.0141,Minor,-0.644042786587216,0.0828732526276744,down,MIC,Minor Isoform Concentration,new_target_candidate,SR
Excitatory_neuron,transcript80714.chr3.nic,CYB561D2,0.2608695652173913,0.6041666666666666,7.166816157097274e-05,0.0002096256783599,True,-0.3432971014492753,CT_enriched,0.0404040404040404,True,792.0,12,29,2.2627,8.2605,-1.505,Dominant,-0.644042786587216,0.0828732526276744,down,DIDe,Dominant Isoform Depletion,trial_failure_explanation,SR
Excitatory_neuron,CYBC1-214,CYBC1,0.0298165137614678,0.2954545454545454,3.182762693166456e-21,5.479450432677104e-20,True,-0.2656380316930776,CT_enriched,0.0203,True,10000.0,13,39,1.518,8.855,-1.9686,Dominant,-0.097789363796173,0.824842008443791,flat,DIEr,Dominant Isoform Erosion,trial_failure_explanation,SR
Excitatory_neuron,CYP1B1-205,CYP1B1,0.75,0.9629629629629628,2.5474717850326e-08,1.210262382534242e-07,True,-0.2129629629629628,CT_enriched,0.0181818181818181,True,330.0,141,182,11.5016,48.8328,-1.995,Dominant,-0.518664042102718,0.505895582087653,flat,DIEr,Dominant Isoform Erosion,trial_failure_explanation,SR
Excitatory_neuron,transcript45368.chr2.nic,CYP1B1,0.2393617021276596,0.037037037037037,2.5474717850326e-08,1.210262382534242e-07,True,0.2023246650906225,AD_enriched,0.0181818181818181,True,330.0,45,7,3.4719,1.7031,0.7263,Minor,-0.518664042102718,0.505895582087653,flat,MIR,Minor Isoform Redistribution,new_target_candidate,SR
Excitatory_neuron,DAAM1-209,DAAM1,0.0720961281708945,0.3388157894736842,3.42436202551808e-33,1.3419336932044056e-31,True,-0.2667196613027897,CT_enriched,0.0489,True,10000.0,54,103,15.9204,26.0128,-0.6749,Minor,0.0514258731791981,0.748679198541373,flat,MIEr,Minor Isoform Erosion,,SR
Excitatory_neuron,DCAF11-217,DCAF11,0.3259668508287293,0.1140065146579804,6.47998599674221e-11,4.2054684423290565e-10,True,0.2119603361707489,AD_enriched,0.0239760239760239,True,5005.0,118,35,16.8999,8.5387,0.9081,Minor,-0.103474437019648,0.713047741814461,flat,MIR,Minor Isoform Redistribution,new_target_candidate,SR
Excitatory_neuron,DCAF13-207,DCAF13,0.2448979591836734,0.0240963855421686,0.000313366042296,0.0008241399102728,True,0.2208015736415048,AD_enriched,0.0101010101010101,True,495.0,12,2,2.538,0.8132,0.9644,Minor,-0.204949583538222,0.66427184987789,flat,MIR,Minor Isoform Redistribution,new_target_candidate,SR
Excitatory_neuron,DCAF5-209,DCAF5,0.3208333333333333,0.0543933054393305,1.2253818361424716e-15,1.2633188028718824e-14,True,0.2664400278940028,AD_enriched,0.0,True,792.0,77,13,11.7735,3.1584,1.6191,Minor,0.0926841774509263,0.6257256144493,flat,MIR,Minor Isoform Redistribution,new_target_candidate,SR
Excitatory_neuron,DCAF5-201,DCAF5,0.6166666666666667,0.9330543933054394,1.2253818361424716e-15,1.2633188028718824e-14,True,-0.3163877266387727,CT_enriched,0.0037878787878787,True,792.0,148,223,21.1303,46.1255,-1.0905,Dominant,0.0926841774509263,0.6257256144493,flat,DIEr,Dominant Isoform Erosion,trial_failure_explanation,SR
Excitatory_neuron,transcript164650.chr6.nnic,DCBLD1,0.3666666666666666,0.0434782608695652,1.4734269808592903e-06,5.579827856505578e-06,True,0.3231884057971014,AD_enriched,0.0047619047619047,True,210.0,11,5,2.6261,1.2634,0.68,Minor,-0.215928034104113,0.542690252589729,flat,MIR,Minor Isoform Redistribution,new_target_candidate,SR
Excitatory_neuron,DCBLD1-202,DCBLD1,0.6,0.9478260869565216,1.4734269808592903e-06,5.579827856505578e-06,True,-0.3478260869565216,CT_enriched,0.0095238095238095,True,210.0,18,109,3.0137,47.7928,-3.6037,Dominant,-0.215928034104113,0.542690252589729,flat,DIEr,Dominant Isoform Erosion,trial_failure_explanation,SR
Excitatory_neuron,DCHS2-202,DCHS2,0.6176470588235294,0.1830985915492957,6.199562516244826e-06,2.1566207419188108e-05,True,0.4345484672742337,AD_enriched,0.0214646464646464,True,792.0,42,13,11.1893,4.2587,1.2128,Minor,-0.671464101140782,0.37334654305244,down,MIC,Minor Isoform Concentration,new_target_candidate,SR
Excitatory_neuron,DCLRE1C-223,DCLRE1C,0.0082644628099173,0.2307692307692307,5.1761851700956405e-11,3.399507538100776e-10,True,-0.2225047679593134,CT_enriched,0.0079920079920079,True,3003.0,1,18,0.3,4.8967,-2.1814,Dominant,-0.654817565795188,0.0577122441019041,down,DIDe,Dominant Isoform Depletion,trial_failure_explanation,SR
Excitatory_neuron,transcript214326.chr4.nic,DCTD,0.3934426229508196,0.0476190476190476,6.639457016531308e-05,0.0001950048389989,True,0.345823575331772,AD_enriched,0.0108780108780108,True,1287.0,24,2,5.819,1.3765,1.5207,Minor,-0.123863043463706,0.629616213995595,flat,MIR,Minor Isoform Redistribution,new_target_candidate,SR
Excitatory_neuron,transcript45335.chr9.nnic,DCTN3,0.6086956521739131,0.8341708542713567,1.314725414421021e-06,5.03528475404336e-06,True,-0.2254752020974436,CT_enriched,0.0259740259740259,True,8008.0,84,166,18.0441,38.6981,-1.0597,Dominant,-0.789306437226368,0.287690564638583,down,DIDe,Dominant Isoform Depletion,trial_failure_explanation,SR
Excitatory_neuron,DDHD2-201,DDHD2,0.5958549222797928,0.9393939393939394,3.401229454006055e-27,9.314641126357124e-26,True,-0.3435390171141467,CT_enriched,0.0093,True,10000.0,115,434,23.0454,224.2703,-3.2278,Dominant,0.178089527570782,0.588003512318495,flat,DIEr,Dominant Isoform Erosion,trial_failure_explanation,SR
Excitatory_neuron,DDX54-202,DDX54,0.2866043613707165,0.6826923076923077,7.320467919711894e-19,1.0364087615671945e-17,True,-0.3960879463215912,CT_enriched,0.0349650349650349,True,1716.0,92,142,19.1651,29.5548,-0.5995,Dominant,-0.211677304398724,0.634402599421223,flat,DIEr,Dominant Isoform Erosion,trial_failure_explanation,SR
Excitatory_neuron,DDX54-201,DDX54,0.7133956386292835,0.3173076923076923,7.320467919711894e-19,1.0364087615671945e-17,True,0.3960879463215911,AD_enriched,0.0349650349650349,True,1716.0,229,66,22.764,12.5285,0.8128,Minor,-0.211677304398724,0.634402599421223,flat,MIR,Minor Isoform Redistribution,new_target_candidate,SR
Excitatory_neuron,transcript290066.chr1.nic,DENND1B,0.7037037037037037,0.2372881355932203,4.7064756429920025e-12,3.438005328088803e-11,True,0.4664155681104834,AD_enriched,0.0353535353535353,True,792.0,38,28,7.1941,7.768,-0.0977,Minor,0.165012944554134,0.623637439624331,flat,MIR,Minor Isoform Redistribution,new_target_candidate,SR
Excitatory_neuron,transcript290109.chr1.nic,DENND1B,0.0,0.2288135593220339,4.7064756429920025e-12,3.438005328088803e-11,True,-0.2288135593220339,CT_enriched,0.0202020202020202,True,792.0,0,27,0.0,6.9186,-2.9853,Minor,0.165012944554134,0.623637439624331,flat,MIEr,Minor Isoform Erosion,,SR
Excitatory_neuron,DENND4C-203,DENND4C,0.0,0.4049586776859504,1.6038660460670393e-21,2.851183424750253e-20,True,-0.4049586776859504,CT_enriched,0.0103,True,10000.0,0,49,0.0,15.41,-4.0365,Dominant,0.174896532585592,0.437559221562892,flat,DIEr,Dominant Isoform Erosion,trial_failure_explanation,SR
Excitatory_neuron,DIABLO-215,DIABLO,0.7727272727272727,0.4857142857142857,0.0002015292891616,0.0005447588597651,True,0.287012987012987,AD_enriched,0.0324675324675324,True,462.0,68,17,8.7793,3.8862,1.001,Dominant,-0.169151498133413,0.754217363471056,flat,DIR,Dominant Isoform Redistribution,,SR
Excitatory_neuron,DIMT1-203,DIMT1,0.0625,0.7378640776699029,4.7750752715316256e-17,5.68840774366491e-16,True,-0.6753640776699029,CT_enriched,0.0034965034965034,True,1716.0,5,76,0.4584,33.4552,-4.5623,Dominant,-0.274725715833347,0.441176711963846,flat,DIEr,Dominant Isoform Erosion,trial_failure_explanation,SR
Excitatory_neuron,DIMT1-201,DIMT1,0.65,0.1553398058252427,4.7750752715316256e-17,5.68840774366491e-16,True,0.4946601941747573,AD_enriched,0.0023310023310023,True,1716.0,52,16,7.8988,3.9658,0.8416,Minor,-0.274725715833347,0.441176711963846,flat,MIR,Minor Isoform Redistribution,new_target_candidate,SR
Excitatory_neuron,DIS3L-211,DIS3L,0.2328042328042328,0.0040160642570281,6.9598490857628935e-22,1.2690542304708531e-20,True,0.2287881685472046,AD_enriched,0.0305694305694305,True,5005.0,44,1,7.8264,0.243,2.828,Minor,0.0043021460719498,0.992163808757917,flat,MIR,Minor Isoform Redistribution,new_target_candidate,SR
Excitatory_neuron,DIS3L-202,DIS3L,0.5661375661375662,0.9437751004016064,6.9598490857628935e-22,1.2690542304708531e-20,True,-0.3776375342640402,CT_enriched,0.0131868131868131,True,5005.0,107,235,23.2228,54.8916,-1.2063,Dominant,0.0043021460719498,0.992163808757917,flat,DIEr,Dominant Isoform Erosion,trial_failure_explanation,SR
Excitatory_neuron,DISP2-201,DISP2,0.1170212765957446,0.3513513513513513,8.692775917223856e-07,3.42924691773464e-06,True,-0.2343300747556067,CT_enriched,0.0357142857142857,True,84.0,11,13,1.4424,3.922,-1.0109,Dominant,0.244548947525647,0.35086293306619,flat,DIEr,Dominant Isoform Erosion,trial_failure_explanation,SR
Excitatory_neuron,DLAT-201,DLAT,0.9605263157894736,0.7349397590361446,1.6108239463015328e-11,1.1223550344908424e-10,True,0.2255865567533289,AD_enriched,0.0381701631701631,True,3432.0,219,183,29.9941,50.0696,-0.7205,Dominant,0.0498779769085828,0.878201949105985,flat,DIR,Dominant Isoform Redistribution,,SR
Excitatory_neuron,DMPK-223,DMPK,0.4246575342465753,0.0769230769230769,1.4051128733497351e-08,6.901984494923595e-08,True,0.3477344573234984,AD_enriched,0.0284715284715284,True,2002.0,93,6,21.7549,1.2338,3.3486,Minor,0.0648906776129252,0.918822405623773,flat,MIR,Minor Isoform Redistribution,new_target_candidate,SR
Excitatory_neuron,DMXL2-201,DMXL2,0.5589041095890411,0.7657142857142857,2.817824564679105e-07,1.1925316012690272e-06,True,-0.2068101761252445,CT_enriched,0.0483,True,10000.0,204,134,38.7289,86.4013,-1.1375,Dominant,0.220549203196458,0.306045130089921,flat,DIEr,Dominant Isoform Erosion,trial_failure_explanation,SR
Excitatory_neuron,transcript69536.chr18.nnic,DOK6,0.4302325581395348,0.2208955223880597,7.643561430054689e-18,9.768609229437462e-17,True,0.2093370357514751,AD_enriched,0.0259740259740259,True,2002.0,37,74,4.8197,21.9872,-1.9818,Minor,-0.124316578020394,0.790732006810144,flat,MIR,Minor Isoform Redistribution,new_target_candidate,SR
Excitatory_neuron,transcript69573.chr18.nic,DOK6,0.1511627906976744,0.6388059701492538,7.643561430054689e-18,9.768609229437462e-17,True,-0.4876431794515793,CT_enriched,0.0009990009990009,True,2002.0,13,214,2.7146,62.9964,-4.1067,Dominant,-0.124316578020394,0.790732006810144,flat,DIEr,Dominant Isoform Erosion,trial_failure_explanation,SR
Excitatory_neuron,DPY19L3-209,DPY19L3,0.1318681318681318,0.7636363636363637,9.386047163379761e-14,8.109041721053914e-13,True,-0.6317682317682318,CT_enriched,0.0026223776223776,True,3432.0,12,42,4.3964,13.5403,-1.43,Dominant,0.696482005127055,0.0024188510720204,up,DIDi,Dominant Isoform Dilution,trial_failure_explanation,SR
Excitatory_neuron,transcript90266.chr19.nic,DPY19L3,0.5824175824175825,0.0909090909090909,9.386047163379761e-14,8.109041721053914e-13,True,0.4915084915084916,AD_enriched,0.0075757575757575,True,3432.0,53,5,10.4727,1.5876,2.1485,Minor,0.696482005127055,0.0024188510720204,up,MIEx,Minor Isoform Expansion,new_target_candidate,SR
Excitatory_neuron,DRG2-203,DRG2,0.6293279022403259,0.8644859813084113,2.7263273249696713e-16,3.002770142237559e-15,True,-0.2351580790680854,CT_enriched,0.0196,True,10000.0,309,370,41.2501,138.0883,-1.719,Dominant,-0.366850600472205,0.134173298775469,flat,DIEr,Dominant Isoform Erosion,trial_failure_explanation,SR
Excitatory_neuron,transcript29256.chr22.nic,DUSP18,0.2539682539682539,0.0491803278688524,6.043964896922768e-19,8.625722940417135e-18,True,0.2047879260994015,AD_enriched,0.0253,True,10000.0,32,6,5.1778,2.882,0.6703,Minor,-0.346534867103926,0.230400793349974,flat,MIR,Minor Isoform Redistribution,new_target_candidate,SR
Excitatory_neuron,transcript29671.chr22.nnic,DUSP18,0.4841269841269841,0.0901639344262295,6.043964896922768e-19,8.625722940417135e-18,True,0.3939630497007546,AD_enriched,0.0414,True,10000.0,61,11,18.0528,2.6747,2.3743,Minor,-0.346534867103926,0.230400793349974,flat,MIR,Minor Isoform Redistribution,new_target_candidate,SR
Excitatory_neuron,transcript338301.chr2.nic,DUSP19,0.396551724137931,0.782051282051282,1.098372587485834e-05,3.6610699074422086e-05,True,-0.385499557913351,CT_enriched,0.0366161616161616,True,792.0,23,61,5.8803,13.5078,-1.0763,Dominant,-0.732326109005594,0.0628153736948082,down,DIDe,Dominant Isoform Depletion,trial_failure_explanation,SR
Excitatory_neuron,DUSP19-202,DUSP19,0.603448275862069,0.2179487179487179,1.098372587485834e-05,3.6610699074422086e-05,True,0.385499557913351,AD_enriched,0.0366161616161616,True,792.0,35,17,7.6854,4.5041,0.6581,Minor,-0.732326109005594,0.0628153736948082,down,MIC,Minor Isoform Concentration,new_target_candidate,SR
Excitatory_neuron,DUSP22-202,DUSP22,0.9393939393939394,0.5178571428571429,9.577711808107845e-05,0.000273930281673,True,0.4215367965367965,AD_enriched,0.0476190476190476,True,126.0,31,29,6.5387,7.791,-0.2217,Dominant,-0.119678936459168,0.734553974474108,flat,DIR,Dominant Isoform Redistribution,,SR
Excitatory_neuron,DXO-210,DXO,0.5897435897435898,0.0227272727272727,3.668235331536689e-13,2.9975568210356838e-12,True,0.567016317016317,AD_enriched,0.0357142857142857,True,84.0,69,1,50.8489,0.232,5.3952,Minor,-0.695257606886535,0.288325006697796,down,MIC,Minor Isoform Concentration,new_target_candidate,SR
Excitatory_neuron,DYRK1A-210,DYRK1A,0.4166666666666667,0.0,2.032978420331327e-05,6.46053581335578e-05,True,0.4166666666666667,AD_enriched,0.0181818181818181,True,330.0,20,0,5.7894,0.0,2.7633,Minor,0.0636641495721145,0.758296975038862,flat,MIR,Minor Isoform Redistribution,new_target_candidate,SR
Excitatory_neuron,transcript303824.chr1.nnic,DYRK3,0.15,0.4444444444444444,1.3583379098446234e-05,4.446096351881824e-05,True,-0.2944444444444444,CT_enriched,0.0324675324675324,True,462.0,15,16,1.0168,4.5325,-1.4559,Minor,0.0369455401392157,0.945351415741663,flat,MIEr,Minor Isoform Erosion,,SR
Excitatory_neuron,ECPAS-205,ECPAS,0.6923076923076923,0.3028571428571429,2.979561377981222e-17,3.5881203487301877e-16,True,0.3894505494505494,AD_enriched,0.0045,True,10000.0,243,53,48.8508,21.9066,1.1219,Minor,0.160840481583947,0.138842062555024,flat,MIR,Minor Isoform Redistribution,new_target_candidate,SR
Excitatory_neuron,ECPAS-202,ECPAS,0.1396011396011396,0.3771428571428571,2.979561377981222e-17,3.5881203487301877e-16,True,-0.2375417175417175,CT_enriched,0.0037,True,10000.0,49,66,7.171,25.0253,-1.6713,Dominant,0.160840481583947,0.138842062555024,flat,DIEr,Dominant Isoform Erosion,trial_failure_explanation,SR
Excitatory_neuron,EDRF1-201,EDRF1,0.0,0.5317460317460317,1.5445032739435212e-23,3.1034452470485535e-22,True,-0.5317460317460317,CT_enriched,0.0429,True,10000.0,0,67,0.0,16.2786,-4.1109,Dominant,0.092629942268405,0.751326822134282,flat,DIEr,Dominant Isoform Erosion,trial_failure_explanation,SR
Excitatory_neuron,EEF1D-254,EEF1D,0.8759342301943199,0.5076923076923077,5.688120889395212e-32,2.0072557944517537e-30,True,0.3682419225020122,AD_enriched,0.0459,True,10000.0,586,99,215.1349,39.1958,2.4268,Dominant,-0.125296190697334,0.700819913548166,flat,DIR,Dominant Isoform Redistribution,,SR
Excitatory_neuron,EFCAB14-210,EFCAB14,0.5165876777251185,0.2841530054644808,2.909908424396381e-07,1.2293019925100376e-06,True,0.2324346722606377,AD_enriched,0.0249,True,10000.0,109,52,29.6464,13.6797,1.0619,Minor,0.080966198085027,0.778791897783581,flat,MIR,Minor Isoform Redistribution,new_target_candidate,SR
Excitatory_neuron,EIF3I-221,EIF3I,0.1388888888888889,0.9449035812672176,6.087128915920506e-63,9.186384127792371e-61,True,-0.8060146923783287,CT_enriched,0.0317460317460317,True,126.0,15,343,1.2675,79.9824,-5.1584,Dominant,-0.266163874655759,0.63706977690778,flat,DIEr,Dominant Isoform Erosion,trial_failure_explanation,SR
Excitatory_neuron,EIF4G1-209,EIF4G1,0.0348837209302325,0.2641509433962264,1.978828942151416e-08,9.554685967787605e-08,True,-0.2292672224659939,CT_enriched,0.0062160062160062,True,1287.0,3,14,0.2918,6.1242,-2.4634,Minor,0.109529630184796,0.764250919036537,flat,MIEr,Minor Isoform Erosion,,SR
Excitatory_neuron,transcript40222.chr1.nnic,EIF4G3,0.3314917127071823,0.0551724137931034,9.474191632379648e-21,1.5737808254910737e-19,True,0.2763192989140789,AD_enriched,0.05,True,10000.0,60,8,31.0557,5.4389,2.3157,Minor,0.0432073485979089,0.848578854376666,flat,MIR,Minor Isoform Redistribution,new_target_candidate,SR
Excitatory_neuron,EIF4G3-221,EIF4G3,0.0,0.3241379310344827,9.474191632379648e-21,1.5737808254910737e-19,True,-0.3241379310344827,CT_enriched,0.0054,True,10000.0,0,47,0.0,12.5381,-3.759,Dominant,0.0432073485979089,0.848578854376666,flat,DIEr,Dominant Isoform Erosion,trial_failure_explanation,SR
Excitatory_neuron,ELP1-219,ELP1,0.0031446540880503,0.3076923076923077,1.0705070612455684e-32,4.017516711859691e-31,True,-0.3045476536042574,CT_enriched,0.0126540126540126,True,3003.0,1,40,0.1465,14.1111,-3.7203,Dominant,-0.0515364163032275,0.835499685441914,flat,DIEr,Dominant Isoform Erosion,trial_failure_explanation,SR
Excitatory_neuron,transcript54283.chr11.nic,ENSG00000254746,0.0,0.3023255813953488,7.153538688015722e-07,2.856984792460333e-06,True,-0.3023255813953488,CT_enriched,0.0285714285714285,True,35.0,0,13,0.0,2.7033,-1.8888,Minor,-0.256416647621876,0.71526304471124,flat,MIEr,Minor Isoform Erosion,,SR
Excitatory_neuron,ENST00000431681,ENSG00000291060,0.9003961516694963,0.4692737430167598,2.921670921627636e-90,9.010179063958618e-88,True,0.4311224086527365,AD_enriched,0.032,True,10000.0,1591,168,473.6009,76.5508,2.6135,Dominant,-0.128349047497765,0.847863679801727,flat,DIR,Dominant Isoform Redistribution,,SR
Excitatory_neuron,ENST00000381231,ENSG00000291060,0.0362195812110922,0.2737430167597765,2.921670921627636e-90,9.010179063958618e-88,True,-0.2375234355486843,CT_enriched,0.0216,True,10000.0,64,98,12.908,34.2373,-1.3412,Minor,-0.128349047497765,0.847863679801727,flat,MIEr,Minor Isoform Erosion,,SR
Excitatory_neuron,ENST00000609841,ENSG00000291065,0.5585585585585585,0.0477453580901856,3.4837901225613733e-51,3.480355399905327e-49,True,0.510813200468373,AD_enriched,0.0077700077700077,True,1287.0,124,18,18.4233,4.3733,1.8539,Minor,0.397970905106111,0.58086813484227,flat,MIR,Minor Isoform Redistribution,new_target_candidate,SR
Excitatory_neuron,EPB41-221,EPB41,0.2453987730061349,0.528,1.7778725174058982e-11,1.2302877820448814e-10,True,-0.2826012269938651,CT_enriched,0.0481,True,10000.0,80,66,20.8019,25.7277,-0.2939,Dominant,0.441537066841476,0.150049941024764,flat,DIEr,Dominant Isoform Erosion,trial_failure_explanation,SR
Excitatory_neuron,ERCC2-204,ERCC2,0.1492537313432835,0.5666666666666667,0.0024755406701948,0.0054503509467989,True,-0.4174129353233831,CT_enriched,0.0,True,252.0,10,17,0.6686,5.3645,-1.9314,Dominant,0.0624723542330033,0.897692771113637,flat,DIEr,Dominant Isoform Erosion,trial_failure_explanation,SR
Excitatory_neuron,ERCC5-212,ERCC5,0.4192799070847851,0.1718464351005484,5.8324815731215646e-33,2.23620496206223e-31,True,0.2474334719842366,AD_enriched,0.0354,True,10000.0,361,94,90.7473,44.167,1.0224,Minor,0.0549938440054599,0.897859306447646,flat,MIR,Minor Isoform Redistribution,new_target_candidate,SR
Excitatory_neuron,EXD2-202,EXD2,0.2989690721649484,0.0075187969924812,2.4085694213242766e-14,2.201544188847049e-13,True,0.2914502751724672,AD_enriched,0.0238095238095238,True,924.0,29,1,7.9175,0.3145,2.7621,Minor,-0.100371442378223,0.602787962395804,flat,MIR,Minor Isoform Redistribution,new_target_candidate,SR
Excitatory_neuron,EXD2-214,EXD2,0.1649484536082474,0.6240601503759399,2.4085694213242766e-14,2.201544188847049e-13,True,-0.4591116967676925,CT_enriched,0.0054112554112554,True,924.0,16,83,2.4702,21.6133,-2.7041,Dominant,-0.100371442378223,0.602787962395804,flat,DIEr,Dominant Isoform Erosion,trial_failure_explanation,SR
Excitatory_neuron,FAM120A-202,FAM120A,0.1514084507042253,0.4371859296482412,2.6296911459252165e-11,1.7900575142080195e-10,True,-0.2857774789440159,CT_enriched,0.0041958041958041,True,5005.0,43,87,10.5241,25.3644,-1.1939,Minor,-0.0060306042203701,0.986961812903535,flat,MIEr,Minor Isoform Erosion,,SR
Excitatory_neuron,FAM120A-201,FAM120A,0.8380281690140845,0.5527638190954773,2.6296911459252165e-11,1.7900575142080195e-10,True,0.2852643499186071,AD_enriched,0.0051948051948051,True,5005.0,238,110,199.3097,29.3652,2.7217,Dominant,-0.0060306042203701,0.986961812903535,flat,DIR,Dominant Isoform Redistribution,,SR
Excitatory_neuron,FAM135A-205,FAM135A,0.2143884892086331,0.5341365461847389,4.986790776841629e-36,2.358087132009178e-34,True,-0.3197480569761058,CT_enriched,0.0127,True,10000.0,149,266,32.0871,70.4065,-1.1098,Dominant,0.150887155562958,0.428103103116711,flat,DIEr,Dominant Isoform Erosion,trial_failure_explanation,SR
Excitatory_neuron,FAM153CP-235,FAM153CP,0.1230283911671924,0.4202127659574468,7.964299152619257e-16,8.331972550077934e-15,True,-0.2971843747902544,CT_enriched,0.0206,True,10000.0,39,79,11.5877,39.2528,-1.6771,Dominant,-0.256768762935292,0.457004915264192,flat,DIEr,Dominant Isoform Erosion,trial_failure_explanation,SR
Excitatory_neuron,FAM153CP-232,FAM153CP,0.3564668769716088,0.1223404255319148,7.964299152619257e-16,8.331972550077934e-15,True,0.2341264514396939,AD_enriched,0.044,True,10000.0,113,23,25.0452,12.2154,0.9788,Minor,-0.256768762935292,0.457004915264192,flat,MIR,Minor Isoform Redistribution,new_target_candidate,SR
Excitatory_neuron,FAM161A-203,FAM161A,0.632,0.4161490683229814,8.567470118839085e-06,2.920185754585566e-05,True,0.2158509316770186,AD_enriched,0.0381,True,10000.0,316,67,126.4632,23.0991,2.403,Dominant,0.311647279881232,0.302381346280564,flat,DIR,Dominant Isoform Redistribution,,SR
Excitatory_neuron,FAM47E-209,FAM47E,0.2264150943396226,0.0178571428571428,0.0007917017385181,0.0019257683234941,True,0.2085579514824798,AD_enriched,0.0,True,792.0,12,1,3.3416,0.232,1.8172,Minor,0.168552068924785,0.54459753744261,flat,MIR,Minor Isoform Redistribution,new_target_candidate,SR
Excitatory_neuron,FARP2-201,FARP2,0.7924528301886793,0.2105263157894736,2.4425308624454653e-13,2.0310517476348977e-12,True,0.5819265143992057,AD_enriched,0.0225330225330225,True,1287.0,84,12,10.4832,4.1983,1.1434,Minor,0.136996154891804,0.772781869524056,flat,MIR,Minor Isoform Redistribution,new_target_candidate,SR
Excitatory_neuron,FARP2-211,FARP2,0.1792452830188679,0.7894736842105263,2.4425308624454653e-13,2.0310517476348977e-12,True,-0.6102284011916584,CT_enriched,0.0101010101010101,True,1287.0,19,45,3.3903,11.3275,-1.4895,Dominant,0.136996154891804,0.772781869524056,flat,DIEr,Dominant Isoform Erosion,trial_failure_explanation,SR
Excitatory_neuron,FAS-236,FAS,0.2368421052631578,0.0158730158730158,8.253248039189953e-07,3.2685811469555742e-06,True,0.220969089390142,AD_enriched,0.0396825396825396,True,126.0,9,1,1.9974,0.3145,1.1892,Minor,-0.174024882101136,0.750035436945973,flat,MIR,Minor Isoform Redistribution,new_target_candidate,SR
Excitatory_neuron,FAT1-208,FAT1,0.0096153846153846,0.419753086419753,4.5870629324217065e-12,3.3542306576976457e-11,True,-0.4101377018043684,CT_enriched,0.0359640359640359,True,3003.0,1,34,0.047,7.4915,-3.0198,Minor,0.188841292842933,0.79266415033171,flat,MIEr,Minor Isoform Erosion,,SR
Excitatory_neuron,FAT1-201,FAT1,0.9519230769230768,0.5185185185185185,4.5870629324217065e-12,3.3542306576976457e-11,True,0.4334045584045582,AD_enriched,0.0243090243090243,True,3003.0,99,42,29.725,17.6617,0.7193,Dominant,0.188841292842933,0.79266415033171,flat,DIR,Dominant Isoform Redistribution,,SR
Excitatory_neuron,transcript186405.chr10.nic,FBXL15,0.435064935064935,0.6891891891891891,0.0004438645066781,0.0011333084758344,True,-0.2541242541242541,CT_enriched,0.0377122877122877,True,8008.0,67,51,19.2909,16.0062,0.2548,Dominant,-0.407996091862784,0.590390285204678,flat,DIEr,Dominant Isoform Erosion,trial_failure_explanation,SR
Excitatory_neuron,transcript9859.chr7.nic,FBXL18,0.625,0.8910891089108911,3.3441701078865616e-05,0.0001033559850772,True,-0.2660891089108911,CT_enriched,0.0476190476190476,True,126.0,20,90,1.9117,52.9545,-4.2118,Dominant,0.235639218340215,0.566217920814886,flat,DIEr,Dominant Isoform Erosion,trial_failure_explanation,SR
Excitatory_neuron,FBXW11-203,FBXW11,0.55,0.073170731707317,2.259897330662626e-28,6.542633374036737e-27,True,0.476829268292683,AD_enriched,0.0023310023310023,True,1287.0,77,12,7.338,3.7776,0.8034,Minor,0.0161101994359024,0.928297385988774,flat,MIR,Minor Isoform Redistribution,new_target_candidate,SR
Excitatory_neuron,FDXR-203,FDXR,0.0375,0.6829268292682927,5.584263403552911e-13,4.480676506945792e-12,True,-0.6454268292682928,CT_enriched,0.003030303030303,True,330.0,3,28,0.1409,4.8715,-2.3636,Dominant,0.015137159653925,0.986894760896825,flat,DIEr,Dominant Isoform Erosion,trial_failure_explanation,SR
Excitatory_neuron,FECH-212,FECH,0.2394366197183098,0.0,9.982807598685082e-05,0.0002842555371235,True,0.2394366197183098,AD_enriched,0.0285714285714285,True,70.0,17,0,0.7982,0.0,0.8465,Minor,-0.041738304718492,0.838842035475118,flat,MIR,Minor Isoform Redistribution,new_target_candidate,SR
Excitatory_neuron,FGD1-201,FGD1,0.8918918918918919,0.3157894736842105,1.351950009906274e-09,7.550694031704883e-09,True,0.5761024182076814,AD_enriched,0.0029137529137529,True,1716.0,66,12,162.8011,4.0485,5.02,Minor,0.0726382701398979,0.786077789064055,flat,MIR,Minor Isoform Redistribution,new_target_candidate,SR
Excitatory_neuron,transcript58666.chrX.nic,FGD1,0.1081081081081081,0.6842105263157895,1.351950009906274e-09,7.550694031704883e-09,True,-0.5761024182076814,CT_enriched,0.0029137529137529,True,1716.0,8,26,1.3126,8.5998,-2.0535,Dominant,0.0726382701398979,0.786077789064055,flat,DIEr,Dominant Isoform Erosion,trial_failure_explanation,SR
Excitatory_neuron,FGF5-201,FGF5,0.4285714285714285,0.1475409836065573,9.903831335481504e-07,3.857653798054382e-06,True,0.2810304449648712,AD_enriched,0.0376290376290376,True,3003.0,63,18,13.6819,6.2722,1.0136,Minor,-0.143271333422361,0.825736895995975,flat,MIR,Minor Isoform Redistribution,new_target_candidate,SR
Excitatory_neuron,FIGNL1-206,FIGNL1,0.0221238938053097,0.2765957446808511,5.608367761230835e-20,8.820432933572131e-19,True,-0.2544718508755413,CT_enriched,0.0416250416250416,True,3003.0,5,39,2.7435,8.8354,-1.3936,Minor,-0.229865868900613,0.614040549741915,flat,MIEr,Minor Isoform Erosion,,SR
Excitatory_neuron,FIGNL1-211,FIGNL1,0.7477876106194691,0.3475177304964539,5.608367761230835e-20,8.820432933572131e-19,True,0.4002698801230152,AD_enriched,0.0299700299700299,True,3003.0,169,49,20.9365,10.4771,0.9346,Dominant,-0.229865868900613,0.614040549741915,flat,DIR,Dominant Isoform Redistribution,,SR
Excitatory_neuron,FKBP1A-204,FKBP1A,0.3592233009708738,0.1544715447154471,2.4255532663708143e-06,8.960650686650097e-06,True,0.2047517562554267,AD_enriched,0.0186480186480186,True,1287.0,37,19,9.6695,6.8945,0.4346,Minor,-0.270789312817433,0.549342499553742,flat,MIR,Minor Isoform Redistribution,new_target_candidate,SR
Excitatory_neuron,transcript239484.chr1.nic,FLAD1,0.1548117154811715,0.4230769230769231,1.04373986615038e-07,4.609742758782469e-07,True,-0.2682652075957515,CT_enriched,0.0353535353535353,True,792.0,37,66,4.4302,20.3186,-1.973,Dominant,-0.363555813977708,0.330465919107725,flat,DIEr,Dominant Isoform Erosion,trial_failure_explanation,SR
Excitatory_neuron,FMNL2-202,FMNL2,0.8424657534246576,0.559748427672956,1.119190789705006e-10,7.062651486990755e-10,True,0.2827173257517016,AD_enriched,0.0102,True,10000.0,246,89,67.8289,28.0371,1.2451,Dominant,0.0041817923990072,0.989973504118966,flat,DIR,Dominant Isoform Redistribution,,SR
Excitatory_neuron,FMNL2-201,FMNL2,0.1575342465753424,0.440251572327044,1.119190789705006e-10,7.062651486990755e-10,True,-0.2827173257517016,CT_enriched,0.0102,True,10000.0,46,70,13.2324,25.942,-0.9207,Minor,0.0041817923990072,0.989973504118966,flat,MIEr,Minor Isoform Erosion,,SR
Excitatory_neuron,FOXN3-211,FOXN3,0.0,0.3260869565217391,1.0571532348208662e-14,1.0011198791167428e-13,True,-0.3260869565217391,CT_enriched,0.0126262626262626,True,792.0,0,15,0.0,3.4801,-2.1635,Minor,0.113223661350469,0.724263160189575,flat,MIEr,Minor Isoform Erosion,,SR
Excitatory_neuron,FOXO3-201,FOXO3,0.1025641025641025,0.7804878048780488,1.4260192311214269e-21,2.547797079683698e-20,True,-0.6779237023139463,CT_enriched,0.0281385281385281,True,462.0,8,96,1.5123,27.2246,-3.4898,Dominant,0.126738424883988,0.563010479233063,flat,DIEr,Dominant Isoform Erosion,trial_failure_explanation,SR
Excitatory_neuron,FOXO3-203,FOXO3,0.6666666666666666,0.089430894308943,1.4260192311214269e-21,2.547797079683698e-20,True,0.5772357723577236,AD_enriched,0.0064935064935064,True,462.0,52,11,6.2585,3.4357,0.7105,Minor,0.126738424883988,0.563010479233063,flat,MIR,Minor Isoform Redistribution,new_target_candidate,SR
Excitatory_neuron,FOXP2-226,FOXP2,0.37,0.0085470085470085,2.1224432701446093e-15,2.1414637432625484e-14,True,0.3614529914529915,AD_enriched,0.0399378399378399,True,6435.0,74,1,7.3742,0.3145,2.6714,Minor,0.328493202800214,0.653586599565526,flat,MIR,Minor Isoform Redistribution,new_target_candidate,SR
Excitatory_neuron,transcript182362.chr9.nnic,FRRS1L,0.2888888888888888,0.5952380952380952,5.722515400694996e-07,2.323400213916978e-06,True,-0.3063492063492064,CT_enriched,0.0431568431568431,True,5005.0,26,50,11.0795,13.9564,-0.3082,Dominant,0.0022570875508367,0.990976760414843,flat,DIEr,Dominant Isoform Erosion,trial_failure_explanation,SR
Excitatory_neuron,FRRS1L-201,FRRS1L,0.2888888888888888,0.0238095238095238,5.722515400694996e-07,2.323400213916978e-06,True,0.265079365079365,AD_enriched,0.0161838161838161,True,5005.0,26,2,9.504,0.5212,2.7877,Minor,0.0022570875508367,0.990976760414843,flat,MIR,Minor Isoform Redistribution,new_target_candidate,SR
Excitatory_neuron,transcript160449.chr6.nic,FYN,0.58,0.021505376344086,4.376924560049193e-13,3.5602667321592788e-12,True,0.558494623655914,AD_enriched,0.0378787878787878,True,1716.0,29,2,4.9542,2.289,0.8563,Minor,0.0745257102135019,0.710267554723633,flat,MIR,Minor Isoform Redistribution,new_target_candidate,SR
Excitatory_neuron,GALNS-203,GALNS,0.072992700729927,0.4571428571428571,6.915830037925874e-11,4.4716483554246325e-10,True,-0.38415015641293,CT_enriched,0.0252525252525252,True,792.0,10,32,2.6693,8.5973,-1.3871,Dominant,-0.067094276226979,0.854966921525857,flat,DIEr,Dominant Isoform Erosion,trial_failure_explanation,SR
Excitatory_neuron,transcript37256.chr2.nic,GALNT14,0.0235294117647058,0.2771084337349397,1.7489411426391536e-16,1.9628543551803028e-15,True,-0.2535790219702339,CT_enriched,0.0178571428571428,True,56.0,2,23,0.0939,4.7597,-2.3965,Dominant,-0.135864059069362,0.820552281786422,flat,DIEr,Dominant Isoform Erosion,trial_failure_explanation,SR
Excitatory_neuron,GATAD1-203,GATAD1,0.5411764705882353,0.1549295774647887,2.8705663506516574e-06,1.0462963579225182e-05,True,0.3862468931234465,AD_enriched,0.0009,True,10000.0,46,11,21.4237,3.3983,2.35,Minor,-0.100292973942894,0.653868226795604,flat,MIR,Minor Isoform Redistribution,new_target_candidate,SR
Excitatory_neuron,GATAD1-201,GATAD1,0.4588235294117647,0.8309859154929577,2.8705663506516574e-06,1.0462963579225182e-05,True,-0.372162386081193,CT_enriched,0.0009,True,10000.0,39,59,10.0981,22.4727,-1.0807,Dominant,-0.100292973942894,0.653868226795604,flat,DIEr,Dominant Isoform Erosion,trial_failure_explanation,SR
Excitatory_neuron,GBAP1-213,GBAP1,0.2242990654205607,0.0,1.7028899115340215e-09,9.370518341746173e-09,True,0.2242990654205607,AD_enriched,0.0145687645687645,True,1716.0,24,0,2.5551,0.0,1.8299,Minor,-0.659960824529844,0.23023917664192,down,MIC,Minor Isoform Concentration,new_target_candidate,SR
Excitatory_neuron,GEMIN4-207,GEMIN4,0.4903846153846153,0.0958904109589041,6.751597739814877e-12,4.8569049460960375e-11,True,0.3944942044257112,AD_enriched,0.0355477855477855,True,1716.0,51,14,7.0383,5.203,0.3739,Minor,-0.0132604245193939,0.987619099635481,flat,MIR,Minor Isoform Redistribution,new_target_candidate,SR
Excitatory_neuron,GEMIN4-201,GEMIN4,0.5096153846153846,0.9041095890410958,6.751597739814877e-12,4.8569049460960375e-11,True,-0.3944942044257112,CT_enriched,0.0355477855477855,True,1716.0,53,132,4.8954,26.8678,-2.2409,Dominant,-0.0132604245193939,0.987619099635481,flat,DIEr,Dominant Isoform Erosion,trial_failure_explanation,SR
Excitatory_neuron,GIHCG-209,GIHCG,0.3636363636363636,0.0625,0.0039079411023136,0.0082768068792806,True,0.3011363636363636,AD_enriched,0.0271950271950271,True,1287.0,16,2,7.0525,1.459,1.7114,Minor,-0.418929709724838,0.229332907580307,flat,MIR,Minor Isoform Redistribution,new_target_candidate,SR
Excitatory_neuron,GLOD4-202,GLOD4,0.7528735632183908,0.4222222222222222,5.950670190445433e-13,4.758523524332521e-12,True,0.3306513409961686,AD_enriched,0.0364635364635364,True,8008.0,131,57,18.6007,12.9518,0.4905,Dominant,-0.009976229793764,0.986517923050909,flat,DIR,Dominant Isoform Redistribution,,SR
Excitatory_neuron,GLYR1-201,GLYR1,0.2605042016806723,0.8117647058823529,9.937451375320366e-20,1.5356501656894849e-18,True,-0.5512605042016807,CT_enriched,0.0117,True,10000.0,31,138,3.9842,26.9931,-2.4896,Dominant,0.140108761271612,0.50926957323058,flat,DIEr,Dominant Isoform Erosion,trial_failure_explanation,SR
Excitatory_neuron,GNPTG-212,GNPTG,0.0218978102189781,0.3055555555555556,1.3985017240361087e-06,5.324515688989865e-06,True,-0.2836577453365775,CT_enriched,0.0189810189810189,True,2002.0,3,11,0.456,4.4596,-1.9068,Dominant,-0.11505333896461,0.748679198541373,flat,DIEr,Dominant Isoform Erosion,trial_failure_explanation,SR
Excitatory_neuron,GOSR2-239,GOSR2,0.4852320675105485,0.1413427561837456,2.987288718889152e-51,3.0269769832972497e-49,True,0.3438893113268029,AD_enriched,0.0073,True,10000.0,345,80,33.4929,24.3901,0.442,Minor,0.190652727464316,0.571005777011577,flat,MIR,Minor Isoform Redistribution,new_target_candidate,SR
Excitatory_neuron,GPNMB-201,GPNMB,0.6357142857142857,0.9402985074626866,3.882123274124593e-05,0.0001186380886831,True,-0.3045842217484009,CT_enriched,0.0248640248640248,True,1287.0,89,63,58.765,37.3163,0.6413,Dominant,0.214551721769162,0.859834520633355,flat,DIEr,Dominant Isoform Erosion,trial_failure_explanation,SR
Excitatory_neuron,GPR108-202,GPR108,0.5,0.1587301587301587,5.586725539417446e-06,1.9595100817764725e-05,True,0.3412698412698413,AD_enriched,0.0418026418026418,True,6435.0,102,10,42.2296,2.5963,3.5874,Minor,-0.596620416187571,0.104846381262262,down,MIC,Minor Isoform Concentration,new_target_candidate,SR
Excitatory_neuron,transcript74075.chr11.nic,GPR137,0.1262135922330097,0.5161290322580645,4.983319677500413e-05,0.0001495206703574,True,-0.3899154400250548,CT_enriched,0.0383616383616383,True,5005.0,13,16,1.2903,5.0285,-1.3962,Dominant,-0.336516021077885,0.611775900695423,flat,DIEr,Dominant Isoform Erosion,trial_failure_explanation,SR
Excitatory_neuron,GPR162-201,GPR162,0.3884297520661157,0.1029411764705882,2.5128829979800254e-07,1.069860690556562e-06,True,0.2854885755955275,AD_enriched,0.0466,True,10000.0,47,14,13.6881,4.086,1.53,Minor,-0.342566523212519,0.386560934491039,flat,MIR,Minor Isoform Redistribution,new_target_candidate,SR
Excitatory_neuron,GPR162-203,GPR162,0.6033057851239669,0.8970588235294118,2.5128829979800254e-07,1.069860690556562e-06,True,-0.2937530384054448,CT_enriched,0.0438,True,10000.0,73,122,18.3164,28.9694,-0.6337,Dominant,-0.342566523212519,0.386560934491039,flat,DIEr,Dominant Isoform Erosion,trial_failure_explanation,SR
Excitatory_neuron,GPRASP1-201,GPRASP1,0.1720430107526881,0.7810810810810811,3.7376597404228186e-55,4.346101727675255e-53,True,-0.609038070328393,CT_enriched,0.0225774225774225,True,5005.0,32,578,5.0927,107.96,-4.1606,Dominant,0.0414540941375864,0.89491327781017,flat,DIEr,Dominant Isoform Erosion,trial_failure_explanation,SR
Excitatory_neuron,transcript50500.chr9.nic,GRHPR,0.1782945736434108,0.7484276729559748,2.32451343967692e-21,4.0710552660810844e-20,True,-0.570133099312564,CT_enriched,0.0149850149850149,True,3003.0,23,119,10.2089,26.1686,-1.2773,Dominant,-0.326722853589248,0.320039362574268,flat,DIEr,Dominant Isoform Erosion,trial_failure_explanation,SR
Excitatory_neuron,GRM7-214,GRM7,0.0507246376811594,0.2611806797853309,1.9184982544597107e-29,5.890869315533648e-28,True,-0.2104560421041715,CT_enriched,0.0201,True,10000.0,42,146,8.5243,41.466,-2.1566,Minor,0.157110975286342,0.56786081960078,flat,MIEr,Minor Isoform Erosion,,SR
Excitatory_neuron,GSTK1-207,GSTK1,0.3469387755102041,0.7007874015748031,1.730612593086976e-09,9.515686141679009e-09,True,-0.353848626064599,CT_enriched,0.0432067932067932,True,8008.0,85,89,23.0521,38.5851,-0.7188,Dominant,-0.50049564716677,0.0926054455634228,flat,DIEr,Dominant Isoform Erosion,trial_failure_explanation,SR
Excitatory_neuron,GTF3C1-201,GTF3C1,0.46875,0.6711711711711712,2.1133296087147613e-08,1.0148846929325524e-07,True,-0.2024211711711712,CT_enriched,0.028,True,10000.0,225,149,40.5793,55.0768,-0.4315,Dominant,0.178682479538187,0.306045130089921,flat,DIEr,Dominant Isoform Erosion,trial_failure_explanation,SR
Excitatory_neuron,GTF3C1-202,GTF3C1,0.5083333333333333,0.2702702702702703,2.1133296087147613e-08,1.0148846929325524e-07,True,0.238063063063063,AD_enriched,0.0144,True,10000.0,244,60,90.0578,18.5377,2.2205,Minor,0.178682479538187,0.306045130089921,flat,MIR,Minor Isoform Redistribution,new_target_candidate,SR
Excitatory_neuron,GTPBP1-201,GTPBP1,0.8712121212121212,0.3296703296703296,5.245088280784794e-16,5.5777228149335145e-15,True,0.5415417915417916,AD_enriched,0.0446220446220446,True,3003.0,115,30,26.6607,9.6502,1.377,Minor,0.330572701622842,0.312953473718277,flat,MIR,Minor Isoform Redistribution,new_target_candidate,SR
Excitatory_neuron,GTPBP3-222,GTPBP3,0.2307692307692307,0.0204081632653061,0.0003528971355694,0.0009192432547169,True,0.2103610675039246,AD_enriched,0.0126262626262626,True,792.0,33,1,5.8226,0.1718,2.5416,Minor,0.046832332058945,0.951805997287432,flat,MIR,Minor Isoform Redistribution,new_target_candidate,SR
Excitatory_neuron,GUCD1-204,GUCD1,0.0957446808510638,0.7575757575757576,7.339538718385343e-20,1.1466816768613933e-18,True,-0.6618310767246938,CT_enriched,0.0037878787878787,True,792.0,9,50,0.7664,13.8413,-3.0708,Dominant,0.17311015858908,0.632700149117179,flat,DIEr,Dominant Isoform Erosion,trial_failure_explanation,SR
Excitatory_neuron,GUCD1-206,GUCD1,0.8936170212765957,0.1515151515151515,7.339538718385343e-20,1.1466816768613933e-18,True,0.7421018697614442,AD_enriched,0.0012626262626262,True,792.0,84,10,10.3385,2.7295,1.6042,Minor,0.17311015858908,0.632700149117179,flat,MIR,Minor Isoform Redistribution,new_target_candidate,SR
Excitatory_neuron,HDAC5-211,HDAC5,0.0602836879432624,0.3142857142857143,1.3969986633669814e-12,1.0749012698520333e-11,True,-0.2540020263424519,CT_enriched,0.0415,True,10000.0,17,33,2.8944,10.2233,-1.527,Minor,0.264783980500449,0.335210663611617,flat,MIEr,Minor Isoform Erosion,,SR
Excitatory_neuron,HDDC3-205,HDDC3,0.0892857142857142,0.753968253968254,2.631192979311939e-14,2.389635313989704e-13,True,-0.6646825396825398,CT_enriched,0.0212121212121212,True,330.0,5,95,0.4339,16.6962,-3.6255,Dominant,-0.496128087369579,0.376735442855436,flat,DIEr,Dominant Isoform Erosion,trial_failure_explanation,SR
Excitatory_neuron,HERC4-205,HERC4,0.3869565217391304,0.0081632653061224,1.6525290434172095e-32,6.041952837607355e-31,True,0.378793256433008,AD_enriched,0.0496170496170496,True,3003.0,89,2,5.3075,0.5212,2.0519,Minor,0.154635608432014,0.517939898646952,flat,MIR,Minor Isoform Redistribution,new_target_candidate,SR
Excitatory_neuron,HIVEP2-202,HIVEP2,0.3,0.0617283950617283,0.0007342227315839,0.0017970468720237,True,0.2382716049382716,AD_enriched,0.0324675324675324,True,462.0,21,5,4.6478,1.2043,1.3574,Minor,-0.0576551472609237,0.833925089273195,flat,MIR,Minor Isoform Redistribution,new_target_candidate,SR
Excitatory_neuron,HLA-A-204,HLA-A,0.3870967741935484,0.7777777777777778,0.000465151717249,0.0011834006924129,True,-0.3906810035842294,CT_enriched,0.0476190476190476,True,21.0,12,28,4.8686,34.4183,-2.5934,Dominant,0.410681086377456,0.761548576846869,flat,DIEr,Dominant Isoform Erosion,trial_failure_explanation,SR
Excitatory_neuron,HLA-L-223,HLA-L,0.0666666666666666,0.396551724137931,4.54776695926151e-09,2.366640575351569e-08,True,-0.3298850574712644,CT_enriched,0.0031080031080031,True,1287.0,14,23,1.0319,5.1822,-1.6053,Minor,-0.0391866879534248,0.927321178391507,flat,MIEr,Minor Isoform Erosion,,SR
Excitatory_neuron,HSD17B12-201,HSD17B12,0.8812785388127854,0.5833333333333334,1.8091140620950025e-12,1.3783078455896723e-11,True,0.297945205479452,AD_enriched,0.0235,True,10000.0,193,161,49.7459,45.3393,0.1311,Dominant,-0.104510677272522,0.751552309192458,flat,DIR,Dominant Isoform Redistribution,,SR
Excitatory_neuron,HSD17B12-203,HSD17B12,0.1050228310502283,0.394927536231884,1.8091140620950025e-12,1.3783078455896723e-11,True,-0.2899047051816557,CT_enriched,0.0275,True,10000.0,23,109,6.5469,30.4982,-2.0613,Minor,-0.104510677272522,0.751552309192458,flat,MIEr,Minor Isoform Erosion,,SR
Excitatory_neuron,HSF4-215,HSF4,0.043859649122807,0.323943661971831,1.6187210929402236e-14,1.506770172208006e-13,True,-0.280084012849024,CT_enriched,0.0442890442890442,True,1287.0,10,23,3.0885,8.5578,-1.2251,Minor,-0.219961604090023,0.593767241936463,flat,MIEr,Minor Isoform Erosion,,SR
Excitatory_neuron,HTR5A-AS1-202,HTR5A-AS1,0.1485148514851485,0.5818181818181818,6.175266456400678e-08,2.8077669855929495e-07,True,-0.4333033303330332,CT_enriched,0.0043290043290043,True,462.0,15,32,1.1346,8.0921,-2.0907,Dominant,-0.882260210027065,0.171561642082253,down,DIDe,Dominant Isoform Depletion,trial_failure_explanation,SR
Excitatory_neuron,HYCC2-202,HYCC2,0.35,0.8036529680365296,1.274864081760474e-16,1.4426225662737622e-15,True,-0.4536529680365296,CT_enriched,0.0479520479520479,True,3003.0,42,176,9.5426,36.4141,-1.8274,Dominant,0.136546712739513,0.37711882139953,flat,DIEr,Dominant Isoform Erosion,trial_failure_explanation,SR
Excitatory_neuron,IFRD1-202,IFRD1,0.9210342417889588,0.6801152737752162,1.7336228665017915e-53,1.891782614168801e-51,True,0.2409189680137425,AD_enriched,0.0494,True,10000.0,1318,472,203.4901,155.9894,0.3814,Dominant,-0.308093785779039,0.374759402265638,flat,DIR,Dominant Isoform Redistribution,,SR
Excitatory_neuron,IFTAP-227,IFTAP,0.3602484472049689,0.0062111801242236,1.9565047916200977e-22,3.642385429648649e-21,True,0.3540372670807453,AD_enriched,0.0035,True,10000.0,58,1,17.3315,0.2782,3.8421,Minor,-0.101848239209074,0.845219007533417,flat,MIR,Minor Isoform Redistribution,new_target_candidate,SR
Excitatory_neuron,IGHMBP2-246,IGHMBP2,0.0052356020942408,0.2384615384615384,3.6326640077790674e-11,2.4330959213575945e-10,True,-0.2332259363672976,CT_enriched,0.0369630369630369,True,8008.0,1,31,0.3,7.0549,-2.6313,Minor,-0.0097853828953736,0.983321480282156,flat,MIEr,Minor Isoform Erosion,,SR
Excitatory_neuron,ILK-201,ILK,0.4375,0.037037037037037,2.473557258105092e-10,1.5137999682260063e-09,True,0.400462962962963,AD_enriched,0.0492424242424242,True,792.0,77,3,7.1241,0.8008,2.1736,Minor,-0.395033363394198,0.403603940973007,flat,MIR,Minor Isoform Redistribution,new_target_candidate,SR
Excitatory_neuron,ILK-203,ILK,0.5454545454545454,0.9629629629629628,2.473557258105092e-10,1.5137999682260063e-09,True,-0.4175084175084174,CT_enriched,0.0454545454545454,True,792.0,96,78,21.6652,61.146,-1.4552,Dominant,-0.395033363394198,0.403603940973007,flat,DIEr,Dominant Isoform Erosion,trial_failure_explanation,SR
Excitatory_neuron,INO80-211,INO80,0.0061728395061728,0.2363636363636363,6.136535251595111e-08,2.791946410491605e-07,True,-0.2301907968574635,CT_enriched,0.0214785214785214,True,8008.0,1,13,0.047,2.294,-1.6537,Minor,0.182398757051856,0.259910616900145,flat,MIEr,Minor Isoform Erosion,,SR
Excitatory_neuron,INPP1-201,INPP1,0.8790322580645161,0.5172413793103449,4.692498726831932e-07,1.927266558738789e-06,True,0.3617908787541712,AD_enriched,0.0476190476190476,True,210.0,109,30,9.7538,9.8799,-0.0168,Dominant,-0.441735194591947,0.22060455837853,flat,DIR,Dominant Isoform Redistribution,,SR
Excitatory_neuron,transcript149382.chrX.nic,INTS6L,0.0875576036866359,0.3225806451612903,1.5841382460223976e-05,5.121373098922911e-05,True,-0.2350230414746544,CT_enriched,0.0229770229770229,True,3003.0,19,20,4.7125,4.9811,-0.0663,Minor,0.388202547183373,0.27732787206824,flat,MIEr,Minor Isoform Erosion,,SR
Excitatory_neuron,IQSEC3-201,IQSEC3,0.3947368421052631,0.0256410256410256,0.0002071655561424,0.0005595678940284,True,0.3690958164642375,AD_enriched,0.0476190476190476,True,210.0,15,1,1.0481,0.243,0.7205,Minor,0.0909255841752268,0.804024176853255,flat,MIR,Minor Isoform Redistribution,new_target_candidate,SR
Excitatory_neuron,IQSEC3-203,IQSEC3,0.6052631578947368,0.9743589743589745,0.0002071655561424,0.0005595678940284,True,-0.3690958164642376,CT_enriched,0.0476190476190476,True,210.0,23,38,10.1706,11.3817,-0.1485,Dominant,0.0909255841752268,0.804024176853255,flat,DIEr,Dominant Isoform Erosion,trial_failure_explanation,SR
Excitatory_neuron,ITCH-214,ITCH,0.2686567164179104,0.0343347639484978,6.710636729472496e-11,4.3508726071433647e-10,True,0.2343219524694126,AD_enriched,0.0158730158730158,True,252.0,18,8,3.4076,1.6237,0.7484,Minor,0.0475697266860385,0.75167896934718,flat,MIR,Minor Isoform Redistribution,new_target_candidate,SR
Excitatory_neuron,JAG2-201,JAG2,0.51440329218107,0.1276595744680851,4.421156362050737e-06,1.584601418697619e-05,True,0.3867437177129849,AD_enriched,0.0,True,56.0,125,6,31.1648,1.6339,3.6102,Minor,0.050372981658091,0.912001743271583,flat,MIR,Minor Isoform Redistribution,new_target_candidate,SR
Excitatory_neuron,JAG2-202,JAG2,0.4814814814814814,0.851063829787234,4.421156362050737e-06,1.584601418697619e-05,True,-0.3695823483057526,CT_enriched,0.0178571428571428,True,56.0,117,40,29.0629,11.3488,1.2836,Dominant,0.050372981658091,0.912001743271583,flat,DIEr,Dominant Isoform Erosion,trial_failure_explanation,SR
Excitatory_neuron,JARID2-202,JARID2,0.375,0.0,6.293959022207172e-19,8.946503275454002e-18,True,0.375,AD_enriched,0.0267,True,10000.0,45,0,6.2868,0.0,2.8653,Minor,-0.0247091541618146,0.926787727863394,flat,MIR,Minor Isoform Redistribution,new_target_candidate,SR
Excitatory_neuron,JMJD6-202,JMJD6,0.71875,0.025,6.2439497253867825e-15,6.050319044012086e-14,True,0.69375,AD_enriched,0.0317460317460317,True,126.0,23,2,2.2206,2.0407,0.0829,Minor,-0.158071044389977,0.691765103325017,flat,MIR,Minor Isoform Redistribution,new_target_candidate,SR
Excitatory_neuron,KBTBD3-205,KBTBD3,0.6352941176470588,0.9195402298850576,4.332303598124362e-05,0.0001313137650517,True,-0.2842461122379988,CT_enriched,0.0104895104895104,True,1716.0,54,80,8.6559,21.7568,-1.2368,Dominant,0.0455343799856169,0.910627224854218,flat,DIEr,Dominant Isoform Erosion,trial_failure_explanation,SR
Excitatory_neuron,KCNK9-210,KCNK9,0.4411764705882353,0.010204081632653,1.5685731980686103e-11,1.0939911203442136e-10,True,0.4309723889555822,AD_enriched,0.0036630036630036,True,3003.0,30,1,5.7015,0.2782,2.3904,Minor,-0.0979076969220226,0.867846618002617,flat,MIR,Minor Isoform Redistribution,new_target_candidate,SR
Excitatory_neuron,KCNK9-204,KCNK9,0.5147058823529411,0.9489795918367347,1.5685731980686103e-11,1.0939911203442136e-10,True,-0.4342737094837936,CT_enriched,0.0213120213120213,True,3003.0,35,93,12.893,24.3593,-0.8682,Dominant,-0.0979076969220226,0.867846618002617,flat,DIEr,Dominant Isoform Erosion,trial_failure_explanation,SR
Excitatory_neuron,KDM4B-208,KDM4B,0.3034482758620689,0.0510204081632653,5.89863094454104e-05,0.0001748390693256,True,0.2524278676988036,AD_enriched,0.0326340326340326,True,3003.0,44,5,24.2427,1.5523,3.306,Minor,0.0254354212114469,0.959783449505027,flat,MIR,Minor Isoform Redistribution,new_target_candidate,SR
Excitatory_neuron,KIAA2026-201,KIAA2026,0.4269081500646831,0.7955555555555556,2.1531741046913702e-24,4.600139736318038e-23,True,-0.3686474054908725,CT_enriched,0.0468,True,10000.0,330,179,99.9858,94.2934,0.0837,Dominant,0.17348147561721,0.335860313013378,flat,DIEr,Dominant Isoform Erosion,trial_failure_explanation,SR
Excitatory_neuron,KIAA2026-202,KIAA2026,0.5239327296248383,0.1333333333333333,2.1531741046913702e-24,4.600139736318038e-23,True,0.390599396291505,AD_enriched,0.0184,True,10000.0,405,30,43.3726,12.2802,1.7404,Minor,0.17348147561721,0.335860313013378,flat,MIR,Minor Isoform Redistribution,new_target_candidate,SR
Excitatory_neuron,KIF5C-210,KIF5C,0.0997566909975669,0.3432432432432432,2.132243629134563e-18,2.89731878571867e-17,True,-0.2434865522456762,CT_enriched,0.0456,True,10000.0,41,127,5.6563,126.3491,-4.2579,Dominant,-0.0712021298704264,0.601158900186446,flat,DIEr,Dominant Isoform Erosion,trial_failure_explanation,SR
Excitatory_neuron,L3MBTL1-223,L3MBTL1,0.59375,0.1666666666666666,0.0020032537198574,0.004497967279186,True,0.4270833333333333,AD_enriched,0.0396825396825396,True,126.0,19,8,2.7884,2.1591,0.2621,Minor,-0.224287342249443,0.557935939428687,flat,MIR,Minor Isoform Redistribution,new_target_candidate,SR
Excitatory_neuron,transcript282100.chr1.nic,LAMC1,0.039647577092511,0.4251968503937008,3.4988759005845505e-19,5.096001388674789e-18,True,-0.3855492733011898,CT_enriched,0.0107808857808857,True,3432.0,9,54,2.0389,17.7923,-2.6285,Minor,0.0064506578181077,0.990151541283709,flat,MIEr,Minor Isoform Erosion,,SR
Excitatory_neuron,LAMC1-201,LAMC1,0.960352422907489,0.5748031496062992,3.4988759005845505e-19,5.096001388674789e-18,True,0.3855492733011898,AD_enriched,0.0107808857808857,True,3432.0,218,73,41.4312,31.8017,0.3714,Dominant,0.0064506578181077,0.990151541283709,flat,DIR,Dominant Isoform Redistribution,,SR
Excitatory_neuron,LARP1B-212,LARP1B,0.0666666666666666,0.4642857142857143,4.591693171741946e-23,9.122935480998774e-22,True,-0.3976190476190477,CT_enriched,0.0012,True,10000.0,21,65,18.3279,24.9724,-0.4263,Dominant,0.0754115218164712,0.66427184987789,flat,DIEr,Dominant Isoform Erosion,trial_failure_explanation,SR
Excitatory_neuron,LARP4-203,LARP4,0.4444444444444444,0.9010989010989012,2.4489442722767e-10,1.500031236896255e-09,True,-0.4566544566544568,CT_enriched,0.0151515151515151,True,1716.0,36,82,4.0955,25.1523,-2.3596,Dominant,0.332653006300663,0.0133308282788322,flat,DIEr,Dominant Isoform Erosion,trial_failure_explanation,SR
Excitatory_neuron,LARP4-202,LARP4,0.382716049382716,0.0219780219780219,2.4489442722767e-10,1.500031236896255e-09,True,0.3607380274046941,AD_enriched,0.0337995337995338,True,1716.0,31,2,4.9961,0.5927,1.9126,Minor,0.332653006300663,0.0133308282788322,flat,MIR,Minor Isoform Redistribution,new_target_candidate,SR
Excitatory_neuron,transcript36491.chr2.nic,LCLAT1,0.0536912751677852,0.7254901960784313,2.418033915910525e-21,4.214033062789522e-20,True,-0.6717989209106462,CT_enriched,0.0129870129870129,True,924.0,8,37,4.0234,9.9408,-1.123,Dominant,-0.0925504517588349,0.769698523278069,flat,DIEr,Dominant Isoform Erosion,trial_failure_explanation,SR
Excitatory_neuron,LDLRAD4-215,LDLRAD4,0.7534246575342466,0.9759036144578314,0.000139338090627,0.0003875784614971,True,-0.2224789569235847,CT_enriched,0.0079,True,10000.0,55,81,16.8735,39.2983,-1.1729,Dominant,0.0804559567792158,0.832790489810281,flat,DIEr,Dominant Isoform Erosion,trial_failure_explanation,SR
Excitatory_neuron,LIG1-201,LIG1,0.1359832635983263,0.6666666666666666,6.300390246787643e-52,6.669950450815636e-50,True,-0.5306834030683403,CT_enriched,0.0069930069930069,True,8008.0,65,106,8.1981,22.1728,-1.333,Dominant,0.325000800205867,0.494995540412972,flat,DIEr,Dominant Isoform Erosion,trial_failure_explanation,SR
Excitatory_neuron,LIG4-201,LIG4,0.3465346534653465,0.1232227488151658,1.8150249481890168e-19,2.693299572699728e-18,True,0.2233119046501807,AD_enriched,0.0086580086580086,True,462.0,35,26,5.9639,6.3886,-0.0854,Minor,-0.341686279076179,0.430284765158463,flat,MIR,Minor Isoform Redistribution,new_target_candidate,SR
Excitatory_neuron,LINC01018-213,LINC01018,0.1694915254237288,0.618421052631579,5.4763251799282056e-12,3.9676787028836316e-11,True,-0.4489295272078502,CT_enriched,0.0216450216450216,True,3003.0,30,47,5.5049,11.4908,-0.9413,Dominant,-0.39064334406516,0.53907684101111,flat,DIEr,Dominant Isoform Erosion,trial_failure_explanation,SR
Excitatory_neuron,LINC02610-207,LINC02610,0.417910447761194,0.9,2.8080708857369293e-06,1.0272123152414669e-05,True,-0.482089552238806,CT_enriched,0.0357420357420357,True,1287.0,28,45,4.8225,12.719,-1.2365,Dominant,-0.334743459370883,0.631420840197471,flat,DIEr,Dominant Isoform Erosion,trial_failure_explanation,SR
Excitatory_neuron,LRPPRC-201,LRPPRC,0.1600719424460431,0.5210970464135021,8.881925958993227e-38,4.532338189002803e-36,True,-0.361025103967459,CT_enriched,0.0315,True,10000.0,89,247,19.3038,64.2884,-1.6851,Dominant,0.0765403061105786,0.700877685800531,flat,DIEr,Dominant Isoform Erosion,trial_failure_explanation,SR
Excitatory_neuron,LRRC27-201,LRRC27,0.3088235294117647,0.0,0.0026384919560625,0.0057690577818593,True,0.3088235294117647,AD_enriched,0.0357142857142857,True,252.0,21,0,1.3337,0.0,1.2226,Minor,-0.044073003224236,0.904456465501649,flat,MIR,Minor Isoform Redistribution,new_target_candidate,SR
Excitatory_neuron,LRRC47-201,LRRC47,0.3333333333333333,0.9576923076923076,1.1045578404078971e-34,4.896642976258259e-33,True,-0.6243589743589744,CT_enriched,0.0119047619047619,True,924.0,27,249,4.7047,73.8112,-3.713,Dominant,-0.0775573233442167,0.863591625053807,flat,DIEr,Dominant Isoform Erosion,trial_failure_explanation,SR
Excitatory_neuron,transcript9764.chr1.nnic,LRRC47,0.5925925925925926,0.0346153846153846,1.1045578404078971e-34,4.896642976258259e-33,True,0.557977207977208,AD_enriched,0.0129870129870129,True,924.0,48,9,7.724,2.3424,1.3841,Minor,-0.0775573233442167,0.863591625053807,flat,MIR,Minor Isoform Redistribution,new_target_candidate,SR
Excitatory_neuron,LRRC49-221,LRRC49,0.1669449081803005,0.4391304347826087,6.814300942810528e-47,5.370426287483898e-45,True,-0.2721855266023082,CT_enriched,0.0404,True,10000.0,100,202,18.1829,74.6874,-1.9802,Dominant,0.231325430648589,0.350209399105206,flat,DIEr,Dominant Isoform Erosion,trial_failure_explanation,SR
Excitatory_neuron,LRRC49-201,LRRC49,0.672787979966611,0.2934782608695652,6.814300942810528e-47,5.370426287483898e-45,True,0.3793097190970458,AD_enriched,0.0031,True,10000.0,403,135,85.4108,41.5404,1.0224,Minor,0.231325430648589,0.350209399105206,flat,MIR,Minor Isoform Redistribution,new_target_candidate,SR
Excitatory_neuron,LRRC8D-202,LRRC8D,0.3870967741935484,0.0,1.0646037513547214e-12,8.281773874152558e-12,True,0.3870967741935484,AD_enriched,0.0047619047619047,True,210.0,12,0,2.6707,0.0,1.8761,Minor,0.179358256254891,0.501085497651685,flat,MIR,Minor Isoform Redistribution,new_target_candidate,SR
Excitatory_neuron,transcript4577.chr12.nnic,LRTM2,0.5473684210526316,0.2589928057553957,3.7875070568606994e-05,0.0001158964087761,True,0.2883756152972359,AD_enriched,0.0484848484848484,True,495.0,52,36,16.2382,7.4649,1.026,Minor,-0.0351832766519088,0.95490779572936,flat,MIR,Minor Isoform Redistribution,new_target_candidate,SR
Excitatory_neuron,LY6H-201,LY6H,0.7368421052631579,0.475,0.0114630244823848,0.0220344803939175,True,0.2618421052631579,AD_enriched,0.0,True,21.0,28,19,6.7992,4.8836,0.4066,Minor,-0.331849059140095,0.650485608460834,flat,MIR,Minor Isoform Redistribution,new_target_candidate,SR
Excitatory_neuron,transcript317173.chr1.nnic,LYPLAL1,0.088235294117647,0.6617647058823529,4.7983903584929124e-08,2.2086296439188986e-07,True,-0.573529411764706,CT_enriched,0.0333333333333333,True,210.0,3,45,0.7003,10.7363,-2.7871,Dominant,-0.0077072728193053,0.986337847473523,flat,DIEr,Dominant Isoform Erosion,trial_failure_explanation,SR
Excitatory_neuron,LYRM9-201,LYRM9,0.6527777777777778,0.2777777777777778,7.322086537843872e-06,2.526048629033394e-05,True,0.375,AD_enriched,0.0437062937062937,True,1716.0,94,15,10.884,3.245,1.4852,Minor,0.18692068581504,0.728072089849663,flat,MIR,Minor Isoform Redistribution,new_target_candidate,SR
Excitatory_neuron,LYRM9-203,LYRM9,0.2638888888888889,0.5185185185185185,7.322086537843872e-06,2.526048629033394e-05,True,-0.2546296296296296,CT_enriched,0.0402097902097902,True,1716.0,38,28,3.8968,7.468,-0.7902,Dominant,0.18692068581504,0.728072089849663,flat,DIEr,Dominant Isoform Erosion,trial_failure_explanation,SR
Excitatory_neuron,MAN2C1-242,MAN2C1,0.3076923076923077,0.0172413793103448,9.958874510944194e-11,6.35236482968769e-10,True,0.2904509283819629,AD_enriched,0.0337995337995338,True,1716.0,20,2,3.0328,0.464,1.4619,Minor,0.0810278149166661,0.825736895995975,flat,MIR,Minor Isoform Redistribution,new_target_candidate,SR
Excitatory_neuron,MAN2C1-201,MAN2C1,0.4615384615384615,0.913793103448276,9.958874510944194e-11,6.35236482968769e-10,True,-0.4522546419098145,CT_enriched,0.0104895104895104,True,1716.0,30,106,5.4962,22.9595,-1.8829,Dominant,0.0810278149166661,0.825736895995975,flat,DIEr,Dominant Isoform Erosion,trial_failure_explanation,SR
Excitatory_neuron,MAP3K21-203,MAP3K21,0.8791208791208791,0.4411764705882353,1.8116133378391595e-08,8.780882604792661e-08,True,0.4379444085326438,AD_enriched,0.0265151515151515,True,792.0,80,30,19.7712,17.068,0.2012,Dominant,0.294415179334102,0.27366589462004,flat,DIR,Dominant Isoform Redistribution,,SR
Excitatory_neuron,MAP4-215,MAP4,0.3303030303030303,0.052863436123348,1.9855876449180887e-28,5.819740977439672e-27,True,0.2774395941796823,AD_enriched,0.0295,True,10000.0,109,24,61.986,7.2598,2.9309,Minor,0.0965168786340835,0.633520434577758,flat,MIR,Minor Isoform Redistribution,new_target_candidate,SR
Excitatory_neuron,MAP7-208,MAP7,0.3526011560693641,0.1397058823529411,3.3921205438822713e-09,1.7995744964664885e-08,True,0.212895273716423,AD_enriched,0.0336,True,10000.0,61,19,12.3689,5.6207,1.0138,Minor,0.0827327222703008,0.707551532987242,flat,MIR,Minor Isoform Redistribution,new_target_candidate,SR
Excitatory_neuron,transcript48416.chr6.nic,MAPK14,0.1937984496124031,0.5175438596491229,1.213351949178076e-14,1.142935640839322e-13,True,-0.3237454100367197,CT_enriched,0.05,True,10000.0,50,177,13.2904,44.4553,-1.6694,Dominant,0.184180859773154,0.557109367287499,flat,DIEr,Dominant Isoform Erosion,trial_failure_explanation,SR
Excitatory_neuron,MAPK8IP3-216,MAPK8IP3,0.512249443207127,0.1666666666666666,4.602125949958063e-27,1.2459114260707075e-25,True,0.3455827765404603,AD_enriched,0.0126,True,10000.0,230,66,54.4089,21.6368,1.2915,Minor,0.16855676300977,0.48840526297132,flat,MIR,Minor Isoform Redistribution,new_target_candidate,SR
Excitatory_neuron,MAPK8IP3-207,MAPK8IP3,0.4276169265033407,0.7954545454545454,4.602125949958063e-27,1.2459114260707075e-25,True,-0.3678376189512047,CT_enriched,0.0069,True,10000.0,192,315,40.4976,87.6359,-1.0949,Dominant,0.16855676300977,0.48840526297132,flat,DIEr,Dominant Isoform Erosion,trial_failure_explanation,SR
Excitatory_neuron,MARK2-201,MARK2,0.0,0.4259259259259259,2.657083715763979e-13,2.199147584120642e-12,True,-0.4259259259259259,CT_enriched,0.0069930069930069,True,3003.0,0,23,0.0,6.3985,-2.8872,Dominant,-0.0482172149180412,0.876670071740659,flat,DIEr,Dominant Isoform Erosion,trial_failure_explanation,SR
Excitatory_neuron,MAST4-202,MAST4,0.2119205298013245,0.7,2.798253385476027e-25,6.300955956565543e-24,True,-0.4880794701986755,CT_enriched,0.016025641025641,True,3432.0,64,126,21.3838,56.4692,-1.3603,Dominant,-0.0360418996482533,0.939221620975992,flat,DIEr,Dominant Isoform Erosion,trial_failure_explanation,SR
Excitatory_neuron,MCM3AP-AS1-205,MCM3AP-AS1,0.2066666666666666,0.4150943396226415,3.565766710545216e-05,0.00010982861122,True,-0.2084276729559748,CT_enriched,0.0407092907092907,True,8008.0,31,22,3.4116,5.1562,-0.4807,Dominant,-0.357398614309419,0.289704998000226,flat,DIEr,Dominant Isoform Erosion,trial_failure_explanation,SR
Excitatory_neuron,MCM7-208,MCM7,0.0,0.2063492063492063,5.593343911996011e-12,4.0441986103759126e-11,True,-0.2063492063492063,CT_enriched,0.0164,True,10000.0,0,13,0.0,3.4192,-2.1438,Minor,-0.213079518745867,0.714168912633927,flat,MIEr,Minor Isoform Erosion,,SR
Excitatory_neuron,MECR-202,MECR,0.3642857142857142,0.794392523364486,3.9868110845410615e-11,2.650276571944681e-10,True,-0.4301068090787717,CT_enriched,0.0467171717171717,True,792.0,51,85,8.9859,18.5436,-0.9687,Dominant,-0.209013896427463,0.565527465615722,flat,DIEr,Dominant Isoform Erosion,trial_failure_explanation,SR
Excitatory_neuron,MECR-201,MECR,0.6357142857142857,0.205607476635514,3.9868110845410615e-11,2.650276571944681e-10,True,0.4301068090787716,AD_enriched,0.0467171717171717,True,792.0,89,22,10.5203,5.1921,0.8957,Minor,-0.209013896427463,0.565527465615722,flat,MIR,Minor Isoform Redistribution,new_target_candidate,SR
Excitatory_neuron,MED1-202,MED1,0.0045662100456621,0.2093023255813953,3.320112130377357e-11,2.23642500861981e-10,True,-0.2047361155357332,CT_enriched,0.0236430236430236,True,3003.0,1,18,0.047,4.3873,-2.3634,Minor,0.0801952126040836,0.691818004130155,flat,MIEr,Minor Isoform Erosion,,SR
Excitatory_neuron,MED1-201,MED1,0.9817351598173516,0.7441860465116279,3.320112130377357e-11,2.23642500861981e-10,True,0.2375491133057237,AD_enriched,0.0153180153180153,True,3003.0,215,64,47.5509,39.0121,0.2791,Dominant,0.0801952126040836,0.691818004130155,flat,DIR,Dominant Isoform Redistribution,,SR
Excitatory_neuron,MED23-201,MED23,0.328125,0.0612244897959183,4.2019172092751904e-06,1.5113691057499455e-05,True,0.2669005102040817,AD_enriched,0.0419580419580419,True,3432.0,21,6,5.9766,1.1733,1.6827,Minor,0.0993064378002359,0.658015146783424,flat,MIR,Minor Isoform Redistribution,new_target_candidate,SR
Excitatory_neuron,MED27-206,MED27,0.35,0.6538461538461539,7.021446875077649e-07,2.808974770723393e-06,True,-0.3038461538461539,CT_enriched,0.0178,True,10000.0,91,68,11.3499,22.4379,-0.9243,Dominant,0.0056405074182403,0.989815188182257,flat,DIEr,Dominant Isoform Erosion,trial_failure_explanation,SR
Excitatory_neuron,MED27-201,MED27,0.6384615384615384,0.3461538461538461,7.021446875077649e-07,2.808974770723393e-06,True,0.2923076923076923,AD_enriched,0.0283,True,10000.0,166,36,17.812,9.5777,0.8306,Minor,0.0056405074182403,0.989815188182257,flat,MIR,Minor Isoform Redistribution,new_target_candidate,SR
Excitatory_neuron,METTL3-204,METTL3,0.0344827586206896,0.3013698630136986,3.242799207907572e-08,1.522248496471768e-07,True,-0.266887104393009,CT_enriched,0.0238,True,10000.0,6,22,1.1119,5.6728,-1.6598,Minor,-0.28690572137011,0.289510025195785,flat,MIEr,Minor Isoform Erosion,,SR
Excitatory_neuron,MFF-216,MFF,0.2242268041237113,0.4307692307692308,2.835317211466421e-08,1.339833776211281e-07,True,-0.2065424266455195,CT_enriched,0.0297,True,10000.0,87,112,10.9422,29.3153,-1.344,Dominant,-0.167847623094312,0.423286941279663,flat,DIEr,Dominant Isoform Erosion,trial_failure_explanation,SR
Excitatory_neuron,MFSD6-206,MFSD6,0.9707317073170731,0.7619047619047619,9.281169255402623e-09,4.6697885820193046e-08,True,0.2088269454123112,AD_enriched,0.0119880119880119,True,3003.0,199,96,22.4133,30.1399,-0.4114,Dominant,0.0122071682438636,0.97719923176793,flat,DIR,Dominant Isoform Redistribution,,SR
Excitatory_neuron,MFSD6-202,MFSD6,0.0292682926829268,0.238095238095238,9.281169255402623e-09,4.6697885820193046e-08,True,-0.2088269454123112,CT_enriched,0.0119880119880119,True,3003.0,6,30,0.2817,8.9067,-2.9503,Minor,0.0122071682438636,0.97719923176793,flat,MIEr,Minor Isoform Erosion,,SR
Excitatory_neuron,MGRN1-203,MGRN1,0.2593783494105037,0.6413612565445026,2.0848727827163623e-38,1.103582287149788e-36,True,-0.3819829071339989,CT_enriched,0.0056,True,10000.0,242,245,40.0684,161.7089,-1.9862,Dominant,-0.189879034988998,0.503896277495522,flat,DIEr,Dominant Isoform Erosion,trial_failure_explanation,SR
Excitatory_neuron,MIDEAS-206,MIDEAS,0.0104166666666666,0.2894736842105263,9.046534721259068e-06,3.0672595974135074e-05,True,-0.2790570175438597,CT_enriched,0.0011655011655011,True,1716.0,1,11,0.047,6.3126,-2.8042,Minor,-0.0583628338849368,0.861452705826982,flat,MIEr,Minor Isoform Erosion,,SR
Excitatory_neuron,MIEF1-203,MIEF1,0.3695652173913043,0.0070921985815602,2.750166370820721e-12,2.0598658994964493e-11,True,0.3624730188097441,AD_enriched,0.0333333333333333,True,210.0,17,1,3.2203,0.1718,1.8486,Minor,0.0883787608694952,0.879449093749271,flat,MIR,Minor Isoform Redistribution,new_target_candidate,SR
Excitatory_neuron,MIR100HG-201,MIR100HG,0.028169014084507,0.2424242424242424,1.2020244002222636e-20,1.9827811792503525e-19,True,-0.2142552283397354,CT_enriched,0.0318570318570318,True,6435.0,4,32,0.6825,6.9815,-2.246,Minor,-0.120921712907912,0.588292869168841,flat,MIEr,Minor Isoform Erosion,,SR
Excitatory_neuron,MIR29B2CHG-210,MIR29B2CHG,0.303030303030303,0.0,1.53528483570345e-07,6.693162470586706e-07,True,0.303030303030303,AD_enriched,0.0238095238095238,True,252.0,10,0,5.6917,0.0,2.7424,Minor,-0.2031395428798,0.435717429485829,flat,MIR,Minor Isoform Redistribution,new_target_candidate,SR
Excitatory_neuron,MIR29B2CHG-202,MIR29B2CHG,0.3636363636363636,0.8727272727272727,1.53528483570345e-07,6.693162470586706e-07,True,-0.509090909090909,CT_enriched,0.0158730158730158,True,252.0,12,48,2.7935,11.2995,-1.697,Dominant,-0.2031395428798,0.435717429485829,flat,DIEr,Dominant Isoform Erosion,trial_failure_explanation,SR
Excitatory_neuron,MKRN1-201,MKRN1,0.5650406504065041,0.7994791666666666,1.0459407437892025e-12,8.152590874392099e-12,True,-0.2344385162601625,CT_enriched,0.021,True,10000.0,278,307,36.7842,73.098,-0.9717,Dominant,0.0487316564698065,0.902217676034808,flat,DIEr,Dominant Isoform Erosion,trial_failure_explanation,SR
Excitatory_neuron,MLIP-208,MLIP,0.0602716468590831,0.7325581395348837,1.5987411502032287e-85,4.7249462409964594e-83,True,-0.6722864926758005,CT_enriched,0.0407,True,10000.0,71,63,13.3137,37.1726,-1.4151,Dominant,-0.126559488737678,0.66047444041033,flat,DIEr,Dominant Isoform Erosion,trial_failure_explanation,SR
Excitatory_neuron,MMS19-202,MMS19,0.0044182621502209,0.2258064516129032,1.967978892138196e-50,1.8366939844652927e-48,True,-0.2213881894626823,CT_enriched,0.0343822843822843,True,1716.0,3,14,0.7878,4.2598,-1.5568,Minor,0.0539924847845636,0.786071522959525,flat,MIEr,Minor Isoform Erosion,,SR
Excitatory_neuron,MPI-214,MPI,0.17,0.627906976744186,6.175164193977842e-11,4.0183889566866806e-10,True,-0.457906976744186,CT_enriched,0.0151515151515151,True,330.0,17,54,1.412,10.3928,-2.2398,Dominant,-0.0208911842305801,0.972228071741654,flat,DIEr,Dominant Isoform Erosion,trial_failure_explanation,SR
Excitatory_neuron,MPI-213,MPI,0.21,0.0,6.175164193977842e-11,4.0183889566866806e-10,True,0.21,AD_enriched,0.0363636363636363,True,330.0,21,0,3.2095,0.0,2.0736,Minor,-0.0208911842305801,0.972228071741654,flat,MIR,Minor Isoform Redistribution,new_target_candidate,SR
Excitatory_neuron,MRFAP1L1-201,MRFAP1L1,0.5172413793103449,0.2326007326007326,7.640063115130806e-25,1.6777389373257834e-23,True,0.2846406467096122,AD_enriched,0.0321,True,10000.0,390,127,62.993,31.9644,0.957,Minor,0.0356623985933385,0.957324064348931,flat,MIR,Minor Isoform Redistribution,new_target_candidate,SR
Excitatory_neuron,MRFAP1L1-202,MRFAP1L1,0.4827586206896552,0.7673992673992674,7.640063115130806e-25,1.6777389373257834e-23,True,-0.2846406467096122,CT_enriched,0.0321,True,10000.0,364,419,89.528,130.9576,-0.5436,Dominant,0.0356623985933385,0.957324064348931,flat,DIEr,Dominant Isoform Erosion,trial_failure_explanation,SR
Excitatory_neuron,MRNIP-201,MRNIP,0.4476190476190476,0.1265822784810126,7.052986618634395e-05,0.0002065517509742,True,0.3210367691380349,AD_enriched,0.002020202020202,True,495.0,47,10,10.8952,2.1615,1.9117,Minor,0.0891169039612949,0.768180675849233,flat,MIR,Minor Isoform Redistribution,new_target_candidate,SR
Excitatory_neuron,MRPS22-225,MRPS22,0.0578512396694214,0.2897196261682243,1.6471476973023963e-05,5.308141125382053e-05,True,-0.2318683864988028,CT_enriched,0.0193,True,10000.0,7,31,1.0593,6.3634,-1.8382,Dominant,-0.303944784348611,0.19260676113599,flat,DIEr,Dominant Isoform Erosion,trial_failure_explanation,SR
Excitatory_neuron,MRRF-202,MRRF,0.2884615384615384,0.0013966480446927,5.99050887120201e-74,1.1802966506509961e-71,True,0.2870648904168457,AD_enriched,0.0181818181818181,True,495.0,15,1,3.3489,0.2782,1.7665,Minor,-0.0904649060583795,0.66903752618442,flat,MIR,Minor Isoform Redistribution,new_target_candidate,SR
Excitatory_neuron,MSH6-211,MSH6,0.5966268446943078,0.0123456790123456,1.3629503326360786e-67,2.357904075460416e-65,True,0.5842811656819622,AD_enriched,0.031,True,10000.0,849,3,51.6429,1.7434,4.2622,Minor,0.115364428744781,0.640461380393047,flat,MIR,Minor Isoform Redistribution,new_target_candidate,SR
Excitatory_neuron,transcript482.chrM.nnic,MT-ND5,0.1623036649214659,0.3989637305699481,9.139363179158932e-08,4.0719537079003963e-07,True,-0.2366600656484822,CT_enriched,0.0072,True,10000.0,31,77,8.3819,55.3597,-2.5867,Dominant,0.487722358780992,0.298920723881004,flat,DIEr,Dominant Isoform Erosion,trial_failure_explanation,SR
Excitatory_neuron,MTA3-201,MTA3,0.0896358543417367,0.4249291784702549,1.508288238596257e-32,5.572025248105861e-31,True,-0.3352933241285182,CT_enriched,0.0206,True,10000.0,32,150,3.9119,47.0455,-3.29,Minor,-0.0248095433515096,0.940482173269501,flat,MIEr,Minor Isoform Erosion,,SR
Excitatory_neuron,MTF2-201,MTF2,0.5,0.7868852459016393,0.0006383456719154,0.0015803790055485,True,-0.2868852459016393,CT_enriched,0.0485514485514485,True,5005.0,53,48,7.3965,11.6496,-0.5912,Dominant,0.155903271337336,0.514847030974404,flat,DIEr,Dominant Isoform Erosion,trial_failure_explanation,SR
Excitatory_neuron,MTIF3-205,MTIF3,0.2328767123287671,0.0,0.0077171409857215,0.0153628069075843,True,0.2328767123287671,AD_enriched,0.0,True,792.0,17,0,1.8186,0.0,1.495,Minor,0.056915658584267,0.892330119265339,flat,MIR,Minor Isoform Redistribution,new_target_candidate,SR
Excitatory_neuron,MTMR12-203,MTMR12,0.6690140845070423,0.896551724137931,3.933040190639626e-05,0.0001200389590026,True,-0.2275376396308888,CT_enriched,0.0425574425574425,True,5005.0,95,104,12.575,29.9343,-1.1883,Dominant,-0.0988995457464462,0.50816984660575,flat,DIEr,Dominant Isoform Erosion,trial_failure_explanation,SR
Excitatory_neuron,MTRFR-201,MTRFR,0.3853211009174312,0.7551020408163265,1.636924872647647e-09,9.035570522715769e-09,True,-0.3697809398988952,CT_enriched,0.0327172827172827,True,8008.0,84,37,17.6513,10.8419,0.6554,Dominant,-0.063242558308521,0.895586754001531,flat,DIEr,Dominant Isoform Erosion,trial_failure_explanation,SR
Excitatory_neuron,MTRFR-203,MTRFR,0.5,0.0408163265306122,1.636924872647647e-09,9.035570522715769e-09,True,0.4591836734693878,AD_enriched,0.0364635364635364,True,8008.0,109,2,39.5566,0.753,4.5321,Minor,-0.063242558308521,0.895586754001531,flat,MIR,Minor Isoform Redistribution,new_target_candidate,SR
Excitatory_neuron,MYH9-215,MYH9,0.1402597402597402,0.3714788732394366,4.831377927377831e-28,1.3818130499552802e-26,True,-0.2312191329796964,CT_enriched,0.0305,True,10000.0,108,211,20.0597,53.8408,-1.3808,Minor,-0.353226518154955,0.321977376451423,flat,MIEr,Minor Isoform Erosion,,SR
Excitatory_neuron,MYH9-201,MYH9,0.6350649350649351,0.4348591549295774,4.831377927377831e-28,1.3818130499552802e-26,True,0.2002057801353577,AD_enriched,0.0124,True,10000.0,489,247,79.8137,70.7368,0.1719,Dominant,-0.353226518154955,0.321977376451423,flat,DIR,Dominant Isoform Redistribution,,SR
Excitatory_neuron,NAT10-201,NAT10,0.980327868852459,0.7729257641921398,1.2367872682069948e-13,1.0569315775171342e-12,True,0.2074021046603192,AD_enriched,0.0367132867132867,True,8008.0,299,177,62.1552,49.4666,0.3236,Dominant,0.160546238326804,0.58196515930803,flat,DIR,Dominant Isoform Redistribution,,SR
Excitatory_neuron,NAT10-205,NAT10,0.0163934426229508,0.222707423580786,1.2367872682069948e-13,1.0569315775171342e-12,True,-0.2063139809578351,CT_enriched,0.0338411588411588,True,8008.0,5,51,0.7325,11.8649,-2.8925,Minor,0.160546238326804,0.58196515930803,flat,MIEr,Minor Isoform Erosion,,SR
Excitatory_neuron,transcript62980.chr1.nnic,NCDN,0.5157894736842106,0.7401574803149606,1.891624279830914e-16,2.1129592152505e-15,True,-0.22436800663075,CT_enriched,0.0329,True,10000.0,294,470,66.867,235.9785,-1.804,Dominant,-0.0292755892182889,0.969913952261091,flat,DIEr,Dominant Isoform Erosion,trial_failure_explanation,SR
Excitatory_neuron,NCOA1-206,NCOA1,0.4266666666666667,0.1946902654867256,0.0057274374030011,0.01178210948361,True,0.2319764011799411,AD_enriched,0.0023976023976023,True,5005.0,32,22,6.1397,7.2118,-0.2018,Minor,0.0460626939098748,0.805178587252516,flat,MIR,Minor Isoform Redistribution,new_target_candidate,SR
Excitatory_neuron,NCOA6-201,NCOA6,0.0930232558139534,0.9375,3.051177319549701e-12,2.2685535353842798e-11,True,-0.8444767441860466,CT_enriched,0.0357142857142857,True,56.0,4,30,3.3052,8.7051,-1.1727,Dominant,0.121118427558681,0.473790317509318,flat,DIEr,Dominant Isoform Erosion,trial_failure_explanation,SR
Excitatory_neuron,transcript41781.chr20.nnic,NCOA6,0.7441860465116279,0.03125,3.051177319549701e-12,2.2685535353842798e-11,True,0.7129360465116279,AD_enriched,0.0357142857142857,True,56.0,32,1,5.4493,0.1718,2.4604,Minor,0.121118427558681,0.473790317509318,flat,MIR,Minor Isoform Redistribution,new_target_candidate,SR
Excitatory_neuron,NDUFAF5-201,NDUFAF5,0.6911764705882353,0.2121212121212121,1.2989921824946546e-09,7.260639519649004e-09,True,0.4790552584670232,AD_enriched,0.0021645021645021,True,462.0,47,21,7.8987,5.0109,0.566,Minor,0.179471021056325,0.447690532016725,flat,MIR,Minor Isoform Redistribution,new_target_candidate,SR
Excitatory_neuron,NDUFAF5-202,NDUFAF5,0.2941176470588235,0.7878787878787878,1.2989921824946546e-09,7.260639519649004e-09,True,-0.4937611408199643,CT_enriched,0.0043290043290043,True,462.0,20,78,2.902,18.6914,-2.3353,Dominant,0.179471021056325,0.447690532016725,flat,DIEr,Dominant Isoform Erosion,trial_failure_explanation,SR
Excitatory_neuron,NDUFS4-201,NDUFS4,0.0714285714285714,0.4411764705882353,6.147553978338848e-05,0.0001815345560714,True,-0.3697478991596639,CT_enriched,0.0476190476190476,True,252.0,3,15,0.6096,4.4533,-1.7604,Dominant,0.0299802068028769,0.904088862886614,flat,DIEr,Dominant Isoform Erosion,trial_failure_explanation,SR
Excitatory_neuron,NEBL-222,NEBL,0.6516393442622951,0.168,1.5377629761816785e-17,1.9068798584015115e-16,True,0.483639344262295,AD_enriched,0.0113,True,10000.0,159,21,50.6412,15.0436,1.6865,Minor,0.0995109523484096,0.61568450855352,flat,MIR,Minor Isoform Redistribution,new_target_candidate,SR
Excitatory_neuron,NEBL-203,NEBL,0.3401639344262295,0.816,1.5377629761816785e-17,1.9068798584015115e-16,True,-0.4758360655737704,CT_enriched,0.0135,True,10000.0,83,102,15.5144,35.644,-1.1499,Dominant,0.0995109523484096,0.61568450855352,flat,DIEr,Dominant Isoform Erosion,trial_failure_explanation,SR
Excitatory_neuron,NEIL2-201,NEIL2,0.2112676056338028,0.5654450261780105,1.7657432226042513e-14,1.630783421605723e-13,True,-0.3541774205442077,CT_enriched,0.03,True,10000.0,60,108,12.4494,26.5645,-1.0353,Dominant,-0.214635497639179,0.59061277055609,flat,DIEr,Dominant Isoform Erosion,trial_failure_explanation,SR
Excitatory_neuron,transcript227043.chr3.nic,NEK11,0.9722222222222222,0.7,0.0001582639358227,0.0004366262531273,True,0.2722222222222222,AD_enriched,0.0479797979797979,True,792.0,70,21,16.067,6.6502,1.1576,Dominant,-0.0435380312809451,0.918822405623773,flat,DIR,Dominant Isoform Redistribution,,SR
Excitatory_neuron,NEK11-202,NEK11,0.0138888888888888,0.2666666666666666,0.0001582639358227,0.0004366262531273,True,-0.2527777777777778,CT_enriched,0.0404040404040404,True,792.0,1,8,0.3625,1.9806,-1.1294,Minor,-0.0435380312809451,0.918822405623773,flat,MIEr,Minor Isoform Erosion,,SR
Excitatory_neuron,NEK9-214,NEK9,0.1235521235521235,0.4158415841584158,2.7316215386660034e-11,1.8536519748209235e-10,True,-0.2922894606062923,CT_enriched,0.0494,True,10000.0,32,42,9.0509,13.1623,-0.4947,Dominant,0.0906048885513853,0.768054998436689,flat,DIEr,Dominant Isoform Erosion,trial_failure_explanation,SR
Excitatory_neuron,NEU3-204,NEU3,0.3177570093457944,0.0342465753424657,2.220223663584237e-09,1.2049002636421576e-08,True,0.2835104340033286,AD_enriched,0.0155844155844155,True,5005.0,34,5,4.5512,1.5092,1.1456,Minor,0.25712633397142,0.395602746507593,flat,MIR,Minor Isoform Redistribution,new_target_candidate,SR
Excitatory_neuron,NEU3-201,NEU3,0.6728971962616822,0.9657534246575342,2.220223663584237e-09,1.2049002636421576e-08,True,-0.292856228395852,CT_enriched,0.0167832167832167,True,5005.0,72,141,11.0674,31.9851,-1.4507,Dominant,0.25712633397142,0.395602746507593,flat,DIEr,Dominant Isoform Erosion,trial_failure_explanation,SR
Excitatory_neuron,NF1-218,NF1,0.3169934640522875,0.569620253164557,8.151337847904893e-14,7.111616156849862e-13,True,-0.2526267891122695,CT_enriched,0.0282,True,10000.0,97,135,22.4918,47.1258,-1.0347,Dominant,0.0313908431417731,0.889640204462698,flat,DIEr,Dominant Isoform Erosion,trial_failure_explanation,SR
Excitatory_neuron,NHLRC3-201,NHLRC3,0.03886925795053,0.3783783783783784,1.2190648953889434e-60,1.6954563339203482e-58,True,-0.3395091204278484,CT_enriched,0.0493,True,10000.0,22,70,4.0472,15.3226,-1.6933,Minor,0.0282602918854948,0.93269394677089,flat,MIEr,Minor Isoform Erosion,,SR
Excitatory_neuron,NICN1-201,NICN1,0.5503875968992248,0.8014184397163121,3.383452093031074e-05,0.0001044789973699,True,-0.2510308428170873,CT_enriched,0.0063,True,10000.0,71,113,7.9115,28.1646,-1.7105,Dominant,-0.475697431444885,0.29817447476246,flat,DIEr,Dominant Isoform Erosion,trial_failure_explanation,SR
Excitatory_neuron,NLGN3-201,NLGN3,0.0,0.2,3.991151689962323e-06,1.4377470257441726e-05,True,-0.2,CT_enriched,0.0432900432900432,True,462.0,0,9,0.0,2.3276,-1.7345,Minor,0.232861040280665,0.554179656718828,flat,MIEr,Minor Isoform Erosion,,SR
Excitatory_neuron,NME6-209,NME6,0.4137931034482758,0.046875,4.066558914481071e-10,2.413732416771066e-09,True,0.3669181034482758,AD_enriched,0.0151515151515151,True,462.0,24,3,2.9003,0.7645,1.1443,Minor,-0.121013774984025,0.743452822426843,flat,MIR,Minor Isoform Redistribution,new_target_candidate,SR
Excitatory_neuron,NNT-AS1-204,NNT-AS1,0.320754716981132,0.9775280898876404,1.1438255111806107e-24,2.4886976536208812e-23,True,-0.6567733729065084,CT_enriched,0.0396270396270396,True,1716.0,68,87,12.6405,23.1226,-0.8225,Dominant,-0.215102057253296,0.50125950052366,flat,DIEr,Dominant Isoform Erosion,trial_failure_explanation,SR
Excitatory_neuron,NOP14-AS1-215,NOP14-AS1,0.4827586206896552,0.9230769230769232,4.323806473678649e-09,2.2583769748013732e-08,True,-0.440318302387268,CT_enriched,0.0075757575757575,True,792.0,28,84,11.894,42.9437,-1.7689,Dominant,0.24936017444757,0.63418544182195,flat,DIEr,Dominant Isoform Erosion,trial_failure_explanation,SR
Excitatory_neuron,NOP14-AS1-212,NOP14-AS1,0.5172413793103449,0.0769230769230769,4.323806473678649e-09,2.2583769748013732e-08,True,0.440318302387268,AD_enriched,0.0075757575757575,True,792.0,30,7,8.5426,1.9012,1.7177,Minor,0.24936017444757,0.63418544182195,flat,MIR,Minor Isoform Redistribution,new_target_candidate,SR
Excitatory_neuron,transcript11015.chr1.nic,NPHP4,0.0216216216216216,0.2407407407407407,7.829123302995393e-23,1.5131327408214257e-21,True,-0.2191191191191191,CT_enriched,0.0186480186480186,True,1716.0,4,39,0.5896,7.8393,-2.4753,Minor,0.0035804095290631,0.991831071589558,flat,MIEr,Minor Isoform Erosion,,SR
Excitatory_neuron,NR2F1-201,NR2F1,0.4595744680851064,0.7021276595744681,0.0008419015314133,0.0020360066697289,True,-0.2425531914893617,CT_enriched,0.0417,True,10000.0,108,66,26.7175,22.6907,0.2265,Dominant,0.359933493490477,0.267040431506684,flat,DIEr,Dominant Isoform Erosion,trial_failure_explanation,SR
Excitatory_neuron,NSD2-209,NSD2,0.0510948905109489,0.4579439252336448,2.819783399166054e-13,2.331086672527368e-12,True,-0.4068490347226959,CT_enriched,0.0346,True,10000.0,7,49,2.5998,45.5602,-3.6931,Dominant,0.173117093085974,0.499704283325479,flat,DIEr,Dominant Isoform Erosion,trial_failure_explanation,SR
Excitatory_neuron,NUP58-209,NUP58,0.271062271062271,0.0488997555012225,1.0444908460853738e-20,1.7309751334774664e-19,True,0.2221625155610485,AD_enriched,0.0491,True,10000.0,148,20,34.4521,8.154,1.9534,Minor,0.056042660248082,0.824842008443791,flat,MIR,Minor Isoform Redistribution,new_target_candidate,SR
Excitatory_neuron,OFD1-202,OFD1,0.1052631578947368,0.5303030303030303,1.868526631273755e-09,1.0234331579633007e-08,True,-0.4250398724082935,CT_enriched,0.0063714063714063,True,6435.0,16,35,3.6123,19.6514,-2.1627,Dominant,0.0340633401034671,0.886726410321278,flat,DIEr,Dominant Isoform Erosion,trial_failure_explanation,SR
Excitatory_neuron,OGFOD3-201,OGFOD3,0.4675324675324675,0.7111111111111111,0.0074567348395111,0.0149224897694381,True,-0.2435786435786436,CT_enriched,0.0454545454545454,True,1716.0,36,32,7.9568,7.8216,0.0219,Dominant,0.101141616649009,0.831308231582571,flat,DIEr,Dominant Isoform Erosion,trial_failure_explanation,SR
Excitatory_neuron,OGFOD3-206,OGFOD3,0.4415584415584415,0.2,0.0074567348395111,0.0149224897694381,True,0.2415584415584414,AD_enriched,0.0308857808857808,True,1716.0,34,9,5.5208,3.3327,0.5898,Minor,0.101141616649009,0.831308231582571,flat,MIR,Minor Isoform Redistribution,new_target_candidate,SR
Excitatory_neuron,OGG1-206,OGG1,0.2947368421052631,0.0,2.435309720956628e-06,8.992010333547819e-06,True,0.2947368421052631,AD_enriched,0.013,True,10000.0,28,0,1.8208,0.0,1.4961,Minor,-0.102736260102123,0.838490487855376,flat,MIR,Minor Isoform Redistribution,new_target_candidate,SR
Excitatory_neuron,OXNAD1-203,OXNAD1,0.3513513513513513,0.8181818181818182,0.0002022391810862,0.0005464695281694,True,-0.4668304668304669,CT_enriched,0.0104895104895104,True,1716.0,26,27,4.018,16.5483,-1.8062,Dominant,-0.0858894214403887,0.623637439624331,flat,DIEr,Dominant Isoform Erosion,trial_failure_explanation,SR
Excitatory_neuron,OXNAD1-201,OXNAD1,0.4324324324324324,0.1212121212121212,0.0002022391810862,0.0005464695281694,True,0.3112203112203112,AD_enriched,0.0233100233100233,True,1716.0,32,4,4.5915,1.2279,1.3275,Minor,-0.0858894214403887,0.623637439624331,flat,MIR,Minor Isoform Redistribution,new_target_candidate,SR
Excitatory_neuron,PACS1-205,PACS1,0.3475177304964539,0.1342592592592592,2.52648096951751e-07,1.0750047700532513e-06,True,0.2132584712371947,AD_enriched,0.0161616161616161,True,6435.0,49,29,6.0126,9.1033,-0.5268,Minor,0.0402308180669942,0.911952501354164,flat,MIR,Minor Isoform Redistribution,new_target_candidate,SR
Excitatory_neuron,PAK6-205,PAK6,0.28,0.0326086956521739,0.0001387958666616,0.0003862216878112,True,0.2473913043478261,AD_enriched,0.0043290043290043,True,3003.0,14,3,3.4647,0.5866,1.4926,Minor,0.0520087718092354,0.852290635574194,flat,MIR,Minor Isoform Redistribution,new_target_candidate,SR
Excitatory_neuron,PALS1-201,PALS1,0.0873015873015873,0.7647058823529411,8.741340962374532e-26,2.0530573326530647e-24,True,-0.6774042950513538,CT_enriched,0.0178710178710178,True,1287.0,11,91,2.1766,30.09,-3.2909,Dominant,-0.0919970390291063,0.788609799226744,flat,DIEr,Dominant Isoform Erosion,trial_failure_explanation,SR
Excitatory_neuron,PALS1-208,PALS1,0.4841269841269841,0.1176470588235294,8.741340962374532e-26,2.0530573326530647e-24,True,0.3664799253034547,AD_enriched,0.0404040404040404,True,1287.0,61,14,11.1541,4.5426,1.1328,Minor,-0.0919970390291063,0.788609799226744,flat,MIR,Minor Isoform Redistribution,new_target_candidate,SR
Excitatory_neuron,PARVA-204,PARVA,0.059090909090909,0.324074074074074,1.2056310944282445e-12,9.336936880452457e-12,True,-0.264983164983165,CT_enriched,0.0481518481518481,True,5005.0,13,35,1.9243,10.1208,-1.9271,Minor,0.107485682244469,0.848578854376666,flat,MIEr,Minor Isoform Erosion,,SR
Excitatory_neuron,PCDHA6-201,PCDHA6,0.5889830508474576,0.2704918032786885,2.0798695424577725e-08,1.0008490274527124e-07,True,0.3184912475687691,AD_enriched,0.041025641025641,True,6435.0,139,33,28.7263,12.3388,1.1561,Minor,0.208278098081875,0.80343063571696,flat,MIR,Minor Isoform Redistribution,new_target_candidate,SR
Excitatory_neuron,PCDHA6-203,PCDHA6,0.4110169491525424,0.7295081967213115,2.0798695424577725e-08,1.0008490274527124e-07,True,-0.3184912475687691,CT_enriched,0.041025641025641,True,6435.0,97,89,18.4662,21.4901,-0.2083,Dominant,0.208278098081875,0.80343063571696,flat,DIEr,Dominant Isoform Erosion,trial_failure_explanation,SR
Excitatory_neuron,PCDHGA6-201,PCDHGA6,0.0909090909090909,0.4693877551020408,8.179821078788844e-09,4.1412898580905984e-08,True,-0.3784786641929499,CT_enriched,0.0335664335664335,True,6435.0,14,23,1.9207,4.9835,-1.0347,Minor,-0.270735706247084,0.6095522281537,flat,MIEr,Minor Isoform Erosion,,SR
Excitatory_neuron,PCDHGA6-202,PCDHGA6,0.9090909090909092,0.5306122448979592,8.179821078788844e-09,4.1412898580905984e-08,True,0.3784786641929499,AD_enriched,0.0335664335664335,True,6435.0,140,26,31.4362,8.9609,1.7033,Dominant,-0.270735706247084,0.6095522281537,flat,DIR,Dominant Isoform Redistribution,,SR
Excitatory_neuron,PDCD2-204,PDCD2,0.7878787878787878,0.375,0.0025460107118079,0.0055860446452433,True,0.4128787878787878,AD_enriched,0.0476190476190476,True,126.0,26,18,19.1802,4.6135,1.846,Minor,-0.445455635128643,0.265609113122503,flat,MIR,Minor Isoform Redistribution,new_target_candidate,SR
Excitatory_neuron,PDE4D-227,PDE4D,0.0,0.2105263157894736,8.4553793600459e-10,4.848343233694875e-09,True,-0.2105263157894736,CT_enriched,0.0192307692307692,True,1716.0,0,16,0.0,4.1145,-2.3546,Minor,-0.0220512820651106,0.947501131624122,flat,MIEr,Minor Isoform Erosion,,SR
Excitatory_neuron,transcript134425.chr7.nnic,PEG10,0.4191176470588235,0.1,7.363619494631575e-05,0.0002148504857072,True,0.3191176470588235,AD_enriched,0.0049950049950049,True,2002.0,57,7,12.5141,1.7617,2.2908,Minor,0.525003992410955,0.410007986206956,flat,MIR,Minor Isoform Redistribution,new_target_candidate,SR
Excitatory_neuron,PHF6-206,PHF6,0.0491803278688524,0.331578947368421,1.701793503962006e-13,1.4318886504866557e-12,True,-0.2823986194995685,CT_enriched,0.0454545454545454,True,462.0,9,63,0.8377,15.1709,-3.1375,Minor,-0.128439263990956,0.696802521990976,flat,MIEr,Minor Isoform Erosion,,SR
Excitatory_neuron,PIGO-214,PIGO,0.28,0.0,3.7455785512590956e-10,2.2381961806302247e-09,True,0.28,AD_enriched,0.0281385281385281,True,462.0,21,0,2.1262,0.0,1.6444,Minor,0.208396946312549,0.579444216946501,flat,MIR,Minor Isoform Redistribution,new_target_candidate,SR
Excitatory_neuron,PIK3CA-208,PIK3CA,0.0726643598615917,0.3870967741935484,4.88464752660521e-16,5.22576242929272e-15,True,-0.3144324143319567,CT_enriched,0.0312,True,10000.0,21,36,4.8239,21.2598,-1.9344,Dominant,0.0586361311337656,0.88493002522243,flat,DIEr,Dominant Isoform Erosion,trial_failure_explanation,SR
Excitatory_neuron,PKD2L2-DT-201,PKD2L2-DT,0.3469387755102041,0.0714285714285714,0.0001659914908356,0.0004559944401616,True,0.2755102040816327,AD_enriched,0.0233100233100233,True,3003.0,17,3,2.7764,0.8247,1.0494,Minor,-0.0901305299814523,0.765332474932558,flat,MIR,Minor Isoform Redistribution,new_target_candidate,SR
Excitatory_neuron,PKD2L2-DT-202,PKD2L2-DT,0.4693877551020408,0.8809523809523809,0.0001659914908356,0.0004559944401616,True,-0.4115646258503401,CT_enriched,0.0079920079920079,True,3003.0,23,37,5.7172,13.5255,-1.1127,Dominant,-0.0901305299814523,0.765332474932558,flat,DIEr,Dominant Isoform Erosion,trial_failure_explanation,SR
Excitatory_neuron,PKP4-202,PKP4,0.33125,0.6517857142857143,1.2329805041129076e-07,5.418544433502387e-07,True,-0.3205357142857143,CT_enriched,0.0113442113442113,True,6435.0,53,73,13.1661,25.2963,-0.8924,Dominant,0.0797253486328844,0.705328415464434,flat,DIEr,Dominant Isoform Erosion,trial_failure_explanation,SR
Excitatory_neuron,PKP4-204,PKP4,0.2625,0.0178571428571428,1.2329805041129076e-07,5.418544433502387e-07,True,0.2446428571428572,AD_enriched,0.0264180264180264,True,6435.0,42,2,7.4807,1.7256,1.6376,Minor,0.0797253486328844,0.705328415464434,flat,MIR,Minor Isoform Redistribution,new_target_candidate,SR
Excitatory_neuron,PLAT-202,PLAT,0.0357142857142857,0.5454545454545454,8.563791102675651e-10,4.902580330208105e-09,True,-0.5097402597402597,CT_enriched,0.0476190476190476,True,210.0,3,18,0.9001,4.1762,-1.4458,Dominant,0.0213058174747081,0.986857689456463,flat,DIEr,Dominant Isoform Erosion,trial_failure_explanation,SR
Excitatory_neuron,PLD3-201,PLD3,0.4653299916457811,0.2233606557377049,2.8901653505433593e-31,9.808585086796196e-30,True,0.2419693359080762,AD_enriched,0.0406,True,10000.0,557,109,83.4632,47.8391,0.7903,Dominant,-0.0035368833524541,0.990151541283709,flat,DIR,Dominant Isoform Redistribution,,SR
Excitatory_neuron,PMM1-208,PMM1,0.518918918918919,0.7377049180327869,7.831846567350111e-06,2.687532061065038e-05,True,-0.2187859991138679,CT_enriched,0.0319680319680319,True,8008.0,96,135,14.8823,31.4924,-1.0327,Dominant,-0.654490413874845,0.173159534472486,down,DIDe,Dominant Isoform Depletion,trial_failure_explanation,SR
Excitatory_neuron,PMM1-201,PMM1,0.3945945945945946,0.1639344262295081,7.831846567350111e-06,2.687532061065038e-05,True,0.2306601683650865,AD_enriched,0.0484515484515484,True,8008.0,73,30,19.0848,13.5449,0.4656,Minor,-0.654490413874845,0.173159534472486,down,MIC,Minor Isoform Concentration,new_target_candidate,SR
Excitatory_neuron,POMT2-202,POMT2,0.7764705882352941,0.3454545454545454,1.240524485865895e-06,4.774302863942915e-06,True,0.4310160427807487,AD_enriched,0.0141,True,10000.0,66,19,14.1219,11.5231,0.272,Minor,0.0257014465243773,0.923148069098287,flat,MIR,Minor Isoform Redistribution,new_target_candidate,SR
Excitatory_neuron,PPFIA1-219,PPFIA1,0.4584905660377358,0.0625,2.1419100290812585e-29,6.548520619083346e-28,True,0.3959905660377358,AD_enriched,0.0032,True,10000.0,243,16,30.1905,5.228,2.3243,Minor,0.115358556944697,0.535256613586406,flat,MIR,Minor Isoform Redistribution,new_target_candidate,SR
Excitatory_neuron,PPM1L-205,PPM1L,0.2424242424242424,0.9240506329113924,1.6964819233208633e-18,2.327494445283343e-17,True,-0.68162639048715,CT_enriched,0.0315656565656565,True,792.0,24,73,4.629,23.7688,-2.1376,Dominant,0.0757302346840829,0.807179783222343,flat,DIEr,Dominant Isoform Erosion,trial_failure_explanation,SR
Excitatory_neuron,transcript269008.chr3.nnic,PPM1L,0.3737373737373737,0.0,1.6964819233208633e-18,2.327494445283343e-17,True,0.3737373737373737,AD_enriched,0.0441919191919191,True,792.0,37,0,1.7372,0.0,1.4527,Minor,0.0757302346840829,0.807179783222343,flat,MIR,Minor Isoform Redistribution,new_target_candidate,SR
Excitatory_neuron,PPP2R5C-201,PPP2R5C,0.7631578947368421,0.1818181818181818,2.346886285806883e-12,1.769018536156028e-11,True,0.5813397129186604,AD_enriched,0.0277777777777777,True,792.0,58,12,8.9853,3.7376,1.0757,Minor,0.0691061665172565,0.74363376688,flat,MIR,Minor Isoform Redistribution,new_target_candidate,SR
Excitatory_neuron,PPP6R2-203,PPP6R2,0.217391304347826,0.0097087378640776,2.8859553698112404e-08,1.3619481994724638e-07,True,0.2076825664837484,AD_enriched,0.0076590076590076,True,3003.0,20,1,46.564,0.2782,5.2177,Minor,0.162986559435676,0.640326419073919,flat,MIR,Minor Isoform Redistribution,new_target_candidate,SR
Excitatory_neuron,PPP6R3-201,PPP6R3,0.0421686746987951,0.2702702702702703,8.81932678625429e-06,2.9959523417098505e-05,True,-0.2281015955714752,CT_enriched,0.0251748251748251,True,5005.0,7,20,1.732,5.1559,-1.172,Minor,0.080317036542666,0.517939898646952,flat,MIEr,Minor Isoform Erosion,,SR
Excitatory_neuron,PRDM15-202,PRDM15,0.6521739130434783,0.0,4.683876511365968e-21,7.986234638249713e-20,True,0.6521739130434783,AD_enriched,0.0476190476190476,True,21.0,60,0,7.3071,0.0,3.0543,Minor,-0.29632038380211,0.386602379681899,flat,MIR,Minor Isoform Redistribution,new_target_candidate,SR
Excitatory_neuron,PRKAB1-207,PRKAB1,0.4534412955465587,0.8625,5.004396532211714e-09,2.5928549746514014e-08,True,-0.4090587044534413,CT_enriched,0.0481518481518481,True,5005.0,112,69,22.2371,19.1676,0.2044,Dominant,-0.153746149166992,0.548991595087521,flat,DIEr,Dominant Isoform Erosion,trial_failure_explanation,SR
Excitatory_neuron,PRKACB-205,PRKACB,0.4546424759871931,0.2320185614849187,1.0210336345823531e-14,9.721062510191452e-14,True,0.2226239145022744,AD_enriched,0.0391,True,10000.0,426,100,58.5486,27.4133,1.0675,Minor,0.0801883628620445,0.707617633305039,flat,MIR,Minor Isoform Redistribution,new_target_candidate,SR
Excitatory_neuron,PRKAR2B-201,PRKAR2B,0.7571428571428571,0.3983739837398374,3.0655308535809267e-16,3.3503559852772746e-15,True,0.3587688734030197,AD_enriched,0.0134,True,10000.0,159,98,36.9688,24.7344,0.5611,Dominant,-0.0221558920231224,0.932992958992122,flat,DIR,Dominant Isoform Redistribution,,SR
Excitatory_neuron,PRKD1-202,PRKD1,0.935483870967742,0.6170212765957447,0.0003847001464613,0.0009955046110362,True,0.3184625943719973,AD_enriched,0.0216450216450216,True,462.0,58,29,8.2407,7.8168,0.0677,Dominant,-0.282683712386395,0.559418120949977,flat,DIR,Dominant Isoform Redistribution,,SR
Excitatory_neuron,PRKG2-201,PRKG2,0.1851851851851851,0.872,8.722946837418985e-21,1.4558085157132438e-19,True,-0.6868148148148149,CT_enriched,0.019047619047619,True,210.0,10,109,1.2598,30.023,-3.779,Dominant,-0.159679581363396,0.872268612496324,flat,DIEr,Dominant Isoform Erosion,trial_failure_explanation,SR
Excitatory_neuron,PRKN-211,PRKN,0.810126582278481,0.5116279069767442,0.0014865469977343,0.0034256263336354,True,0.2984986753017368,AD_enriched,0.0189810189810189,True,2002.0,64,22,8.7931,5.2686,0.6436,Dominant,0.0661197156375073,0.845060505841429,flat,DIR,Dominant Isoform Redistribution,,SR
Excitatory_neuron,PRKRA-201,PRKRA,0.6967741935483871,0.3208955223880597,1.792757551909317e-09,9.836050249419657e-09,True,0.3758786711603274,AD_enriched,0.0378,True,10000.0,108,43,22.3729,11.4422,0.9096,Dominant,-0.170556619901221,0.664752620188623,flat,DIR,Dominant Isoform Redistribution,,SR
Excitatory_neuron,PRPF39-202,PRPF39,0.2295597484276729,0.014760147601476,3.8290783461099676e-17,4.587779173810473e-16,True,0.2147996008261969,AD_enriched,0.0189,True,10000.0,73,4,11.3314,1.9692,2.0542,Minor,-0.0435763806781895,0.83491098491547,flat,MIR,Minor Isoform Redistribution,new_target_candidate,SR
Excitatory_neuron,PRRC2B-203,PRRC2B,0.3636363636363636,0.0490196078431372,1.3393529678153124e-08,6.588093343074905e-08,True,0.3146167557932264,AD_enriched,0.0125,True,10000.0,36,5,4.9288,2.2573,0.8641,Minor,0.157252288929708,0.465779206209741,flat,MIR,Minor Isoform Redistribution,new_target_candidate,SR
Excitatory_neuron,PSEN2-211,PSEN2,0.3408360128617363,0.5817490494296578,1.2625601648097657e-12,9.74465641892891e-12,True,-0.2409130365679214,CT_enriched,0.0447552447552447,True,5005.0,106,153,14.4831,34.1134,-1.1813,Dominant,0.233886882296312,0.557847685538553,flat,DIEr,Dominant Isoform Erosion,trial_failure_explanation,SR
Excitatory_neuron,PSRC1-205,PSRC1,0.7386363636363636,0.4516129032258064,3.185600725456866e-08,1.4963884732228842e-07,True,0.2870234604105572,AD_enriched,0.0107892107892107,True,5005.0,130,42,21.2547,15.0032,0.4757,Minor,-0.0623851804676233,0.905749105782187,flat,MIR,Minor Isoform Redistribution,new_target_candidate,SR
Excitatory_neuron,PSRC1-202,PSRC1,0.1590909090909091,0.5053763440860215,3.185600725456866e-08,1.4963884732228842e-07,True,-0.3462854349951124,CT_enriched,0.0021978021978021,True,5005.0,28,47,3.1485,10.7527,-1.5023,Dominant,-0.0623851804676233,0.905749105782187,flat,DIEr,Dominant Isoform Erosion,trial_failure_explanation,SR
Excitatory_neuron,transcript1587.chr11.nic,PTDSS2,0.1089108910891089,0.6105263157894737,3.4962950189636976e-19,5.096001388674789e-18,True,-0.5016154247003648,CT_enriched,0.0294289044289044,True,3432.0,22,58,3.2931,31.8461,-2.9356,Dominant,0.0467580418097495,0.904105028442755,flat,DIEr,Dominant Isoform Erosion,trial_failure_explanation,SR
Excitatory_neuron,PTK2-218,PTK2,0.240506329113924,0.4484848484848485,8.971813670360543e-07,3.5295105027103346e-06,True,-0.2079785193709245,CT_enriched,0.0379,True,10000.0,57,74,9.4042,20.3503,-1.0371,Dominant,0.0064750677426278,0.98527452913576,flat,DIEr,Dominant Isoform Erosion,trial_failure_explanation,SR
Excitatory_neuron,PTP4A2-219,PTP4A2,0.1186440677966101,0.8292682926829268,5.216926335605559e-12,3.7913584527100646e-11,True,-0.7106242248863167,CT_enriched,0.0194805194805194,True,462.0,7,34,1.1903,28.9302,-3.7724,Dominant,0.0692644982992759,0.901945631297982,flat,DIEr,Dominant Isoform Erosion,trial_failure_explanation,SR
Excitatory_neuron,PTP4A2-220,PTP4A2,0.8813559322033898,0.1707317073170731,5.216926335605559e-12,3.7913584527100646e-11,True,0.7106242248863167,AD_enriched,0.0194805194805194,True,462.0,52,7,46.9384,3.6239,3.374,Minor,0.0692644982992759,0.901945631297982,flat,MIR,Minor Isoform Redistribution,new_target_candidate,SR
Excitatory_neuron,PTPRG-203,PTPRG,0.645933014354067,0.3371757925072046,4.291962043248976e-20,6.810489210909393e-19,True,0.3087572218468624,AD_enriched,0.0042457542457542,True,8008.0,270,117,48.0399,33.3888,0.512,Minor,-0.0578468872561406,0.862437838420686,flat,MIR,Minor Isoform Redistribution,new_target_candidate,SR
Excitatory_neuron,PTPRO-218,PTPRO,0.7328519855595668,0.3805309734513274,3.891513807639464e-19,5.65625152409564e-18,True,0.3523210121082393,AD_enriched,0.0082,True,10000.0,203,86,45.6312,23.1506,0.9492,Dominant,-0.0364344828326793,0.949631537569227,flat,DIR,Dominant Isoform Redistribution,,SR
Excitatory_neuron,PUM1-201,PUM1,0.0,0.2292993630573248,9.78984657955481e-26,2.284190190420469e-24,True,-0.2292993630573248,CT_enriched,0.0208236208236208,True,6435.0,0,36,0.0,7.1846,-3.0329,Minor,0.110006480367279,0.403871483980255,flat,MIEr,Minor Isoform Erosion,,SR
Excitatory_neuron,PUS7L-208,PUS7L,0.2420289855072463,0.0328282828282828,1.2367407110143626e-17,1.558117560075466e-16,True,0.2092007026789635,AD_enriched,0.0414,True,10000.0,167,13,25.8835,3.5624,2.5589,Minor,-0.120670783429467,0.584570023601497,flat,MIR,Minor Isoform Redistribution,new_target_candidate,SR
Excitatory_neuron,QTRT2-201,QTRT2,0.6666666666666666,0.048780487804878,3.7586136974054036e-10,2.244094861590617e-09,True,0.6178861788617886,AD_enriched,0.0238095238095238,True,126.0,26,2,6.8835,0.5927,2.3074,Minor,0.210272455011265,0.579030149234693,flat,MIR,Minor Isoform Redistribution,new_target_candidate,SR
Excitatory_neuron,transcript177357.chr10.nnic,R3HCC1L,0.5121951219512195,0.0566037735849056,9.403516678695304e-07,3.6870726258698617e-06,True,0.4555913483663139,AD_enriched,0.006060606060606,True,330.0,21,3,3.9909,1.7372,0.8666,Minor,-0.018826519324154,0.962066092950722,flat,MIR,Minor Isoform Redistribution,new_target_candidate,SR
Excitatory_neuron,RAB15-208,RAB15,0.8731501057082452,0.417910447761194,3.130319352098916e-48,2.6121594311103072e-46,True,0.4552396579470512,AD_enriched,0.0053946053946053,True,5005.0,413,140,63.1361,40.0614,0.6434,Dominant,-0.356157565601575,0.262115810146654,flat,DIR,Dominant Isoform Redistribution,,SR
Excitatory_neuron,RAB15-203,RAB15,0.0338266384778012,0.2865671641791045,3.130319352098916e-48,2.6121594311103072e-46,True,-0.2527405257013033,CT_enriched,0.0239760239760239,True,5005.0,16,96,1.5757,21.153,-3.1045,Minor,-0.356157565601575,0.262115810146654,flat,MIEr,Minor Isoform Erosion,,SR
Excitatory_neuron,RAB3GAP2-202,RAB3GAP2,0.2584269662921348,0.7627118644067796,4.14293853594941e-18,5.4722277533499374e-17,True,-0.5042848981146448,CT_enriched,0.0178710178710178,True,1287.0,46,90,13.2848,24.7045,-0.8475,Dominant,0.0114899789764814,0.962329426889424,flat,DIEr,Dominant Isoform Erosion,trial_failure_explanation,SR
Excitatory_neuron,RAD17-220,RAD17,0.0260869565217391,0.2884615384615384,3.8111037769580505e-14,3.400271583643204e-13,True,-0.2623745819397993,CT_enriched,0.0380952380952381,True,210.0,3,15,1.5584,3.5733,-0.838,Minor,0.169270506010811,0.350673073914095,flat,MIEr,Minor Isoform Erosion,,SR
Excitatory_neuron,RADX-204,RADX,0.3333333333333333,0.0121951219512195,1.7710056287982787e-06,6.653465532344381e-06,True,0.3211382113821138,AD_enriched,0.0416666666666666,True,120.0,10,1,1.0807,0.2782,0.7029,Minor,0.184776946149285,0.756536401584856,flat,MIR,Minor Isoform Redistribution,new_target_candidate,SR
Excitatory_neuron,RAP1B-201,RAP1B,0.8518518518518519,0.3013100436681222,2.207523350256028e-35,1.0233962825729416e-33,True,0.5505418081837297,AD_enriched,0.0164,True,10000.0,230,69,52.9921,23.1653,1.1598,Minor,0.0850135226253982,0.713900760056675,flat,MIR,Minor Isoform Redistribution,new_target_candidate,SR
Excitatory_neuron,RAP1B-204,RAP1B,0.1481481481481481,0.6986899563318777,2.207523350256028e-35,1.0233962825729416e-33,True,-0.5505418081837296,CT_enriched,0.0164,True,10000.0,40,160,9.4302,244.1194,-4.5546,Dominant,0.0850135226253982,0.713900760056675,flat,DIEr,Dominant Isoform Erosion,trial_failure_explanation,SR
Excitatory_neuron,RARB-209,RARB,0.4719101123595505,0.1775700934579439,5.437390113497345e-05,0.0001621160490753,True,0.2943400189016066,AD_enriched,0.0404040404040404,True,792.0,42,19,5.3661,4.867,0.1178,Minor,0.138821673562816,0.822822189843596,flat,MIR,Minor Isoform Redistribution,new_target_candidate,SR
Excitatory_neuron,RARB-201,RARB,0.5168539325842697,0.8037383177570093,5.437390113497345e-05,0.0001621160490753,True,-0.2868843851727396,CT_enriched,0.0441919191919191,True,792.0,46,86,5.9482,21.7388,-1.7104,Dominant,0.138821673562816,0.822822189843596,flat,DIEr,Dominant Isoform Erosion,trial_failure_explanation,SR
Excitatory_neuron,RARS2-201,RARS2,0.4166666666666667,0.0307692307692307,4.246685973006888e-11,2.8098641424009195e-10,True,0.3858974358974359,AD_enriched,0.0113886113886113,True,5005.0,30,2,10.687,0.753,2.737,Minor,0.11159409085028,0.532701066989809,flat,MIR,Minor Isoform Redistribution,new_target_candidate,SR
Excitatory_neuron,RASGEF1B-201,RASGEF1B,0.952,0.5365853658536586,2.8697247701579646e-10,1.7442123217421111e-09,True,0.4154146341463414,AD_enriched,0.0126262626262626,True,792.0,119,22,18.9159,6.867,1.34,Dominant,0.0699431033289466,0.911952501354164,flat,DIR,Dominant Isoform Redistribution,,SR
Excitatory_neuron,RASGEF1B-203,RASGEF1B,0.016,0.3170731707317073,2.8697247701579646e-10,1.7442123217421111e-09,True,-0.3010731707317073,CT_enriched,0.0214646464646464,True,792.0,2,13,0.4094,5.1115,-2.1164,Minor,0.0699431033289466,0.911952501354164,flat,MIEr,Minor Isoform Erosion,,SR
Excitatory_neuron,RASSF5-201,RASSF5,0.6341463414634146,0.1217948717948717,5.711409273211641e-15,5.5494556129986536e-14,True,0.512351469668543,AD_enriched,0.0268842268842268,True,6435.0,52,19,14.7639,5.4062,1.2991,Minor,-0.137843635383605,0.788375445865071,flat,MIR,Minor Isoform Redistribution,new_target_candidate,SR
Excitatory_neuron,transcript39811.chr22.nnic,RBFOX2,0.2396694214876033,0.4865671641791044,1.27496349843291e-09,7.143219663810926e-09,True,-0.246897742691501,CT_enriched,0.019,True,10000.0,87,163,13.8963,45.9594,-1.6565,Dominant,0.0309874922061739,0.883209411090756,flat,DIEr,Dominant Isoform Erosion,trial_failure_explanation,SR
Excitatory_neuron,transcript134128.chr17.nnic,RBFOX3,0.3066666666666666,0.0928571428571428,1.2057851660079584e-12,9.336936880452457e-12,True,0.2138095238095237,AD_enriched,0.0249750249750249,True,2002.0,23,13,5.0348,6.8232,-0.3745,Minor,-0.119822475241062,0.751809008866005,flat,MIR,Minor Isoform Redistribution,new_target_candidate,SR
Excitatory_neuron,RBM6-201,RBM6,0.5430327868852459,0.3300492610837438,4.278382416893566e-09,2.2379473807541343e-08,True,0.2129835258015021,AD_enriched,0.0282,True,10000.0,265,67,57.6667,31.6826,0.844,Minor,0.0557022617475839,0.811265011450203,flat,MIR,Minor Isoform Redistribution,new_target_candidate,SR
Excitatory_neuron,RC3H1-202,RC3H1,0.4932432432432432,0.136518771331058,1.378108010950081e-15,1.4105223840792098e-14,True,0.3567244719121852,AD_enriched,0.019,True,10000.0,73,40,15.4549,23.6535,-0.5833,Minor,0.0499241364996406,0.70148728676695,flat,MIR,Minor Isoform Redistribution,new_target_candidate,SR
Excitatory_neuron,RC3H1-203,RC3H1,0.5067567567567568,0.863481228668942,1.378108010950081e-15,1.4105223840792098e-14,True,-0.3567244719121851,CT_enriched,0.019,True,10000.0,75,253,14.6681,90.4189,-2.5447,Dominant,0.0499241364996406,0.70148728676695,flat,DIEr,Dominant Isoform Erosion,trial_failure_explanation,SR
Excitatory_neuron,RDH13-203,RDH13,0.0695652173913043,0.5121951219512195,4.397270293757538e-09,2.2933704554133984e-08,True,-0.4426299045599152,CT_enriched,0.0242424242424242,True,165.0,8,21,0.8059,5.101,-1.7563,Dominant,-0.0791872349225265,0.852817484385676,flat,DIEr,Dominant Isoform Erosion,trial_failure_explanation,SR
Excitatory_neuron,transcript20525.chr2.nnic,RDH14,0.025,0.4044943820224719,1.0931107790044158e-08,5.4410068459497e-08,True,-0.3794943820224719,CT_enriched,0.0142857142857142,True,70.0,2,36,0.0939,8.429,-3.1076,Minor,-0.168133974956541,0.782784905120285,flat,MIEr,Minor Isoform Erosion,,SR
Excitatory_neuron,RDH14-201,RDH14,0.975,0.5955056179775281,1.0931107790044158e-08,5.4410068459497e-08,True,0.3794943820224719,AD_enriched,0.0142857142857142,True,70.0,78,53,18.6942,12.9239,0.5002,Dominant,-0.168133974956541,0.782784905120285,flat,DIR,Dominant Isoform Redistribution,,SR
Excitatory_neuron,REL-204,REL,0.1160714285714285,0.7068965517241379,5.547634901144236e-19,7.965460395509325e-18,True,-0.5908251231527094,CT_enriched,0.0108780108780108,True,6435.0,13,82,4.1092,42.355,-3.085,Dominant,0.0205388518200096,0.957041910330206,flat,DIEr,Dominant Isoform Erosion,trial_failure_explanation,SR
Excitatory_neuron,REL-202,REL,0.8839285714285714,0.2844827586206896,5.547634901144236e-19,7.965460395509325e-18,True,0.5994458128078818,AD_enriched,0.0094794094794094,True,6435.0,99,33,23.7699,10.8981,1.0579,Minor,0.0205388518200096,0.957041910330206,flat,MIR,Minor Isoform Redistribution,new_target_candidate,SR
Excitatory_neuron,REPS1-208,REPS1,0.0419161676646706,0.4758620689655172,5.613843809643505e-18,7.292856069926993e-17,True,-0.4339459013008466,CT_enriched,0.0395604395604395,True,5005.0,7,69,0.8944,16.4262,-3.2015,Minor,0.133375354472337,0.551272627741132,flat,MIEr,Minor Isoform Erosion,,SR
Excitatory_neuron,REPS1-210,REPS1,0.8682634730538922,0.4827586206896552,5.613843809643505e-18,7.292856069926993e-17,True,0.385504852364237,AD_enriched,0.0477522477522477,True,5005.0,145,70,34.0424,27.2062,0.3131,Dominant,0.133375354472337,0.551272627741132,flat,DIR,Dominant Isoform Redistribution,,SR
Excitatory_neuron,REXO5-202,REXO5,0.0,0.2121212121212121,2.682744254146701e-05,8.408619087345358e-05,True,-0.2121212121212121,CT_enriched,0.0380952380952381,True,210.0,0,7,0.0,1.5961,-1.3763,Minor,-0.258369674230868,0.370944190507792,flat,MIEr,Minor Isoform Erosion,,SR
Excitatory_neuron,RGPD6-207,RGPD6,0.1029411764705882,0.3653846153846153,0.000139695569872,0.000388420492788,True,-0.2624434389140271,CT_enriched,0.0262237762237762,True,3432.0,14,19,3.3727,6.0788,-0.695,Dominant,-0.361160281011584,0.328482195727158,flat,DIEr,Dominant Isoform Erosion,trial_failure_explanation,SR
Excitatory_neuron,RHOBTB1-202,RHOBTB1,0.2692307692307692,0.0,1.3478529398469688e-14,1.2629221799649337e-13,True,0.2692307692307692,AD_enriched,0.0163170163170163,True,1716.0,21,0,2.6021,0.0,1.8488,Minor,0.0642445107991216,0.90181456360719,flat,MIR,Minor Isoform Redistribution,new_target_candidate,SR
Excitatory_neuron,RHOT1-201,RHOT1,0.3370522607163828,0.5757363253856943,1.0377157261856756e-59,1.363058823302777e-57,True,-0.2386840646693115,CT_enriched,0.0094,True,10000.0,574,821,78.7456,196.3883,-1.3076,Dominant,0.139792352441095,0.250888158618684,flat,DIEr,Dominant Isoform Erosion,trial_failure_explanation,SR
Excitatory_neuron,RHOT1-205,RHOT1,0.537874339401057,0.2489481065918653,1.0377157261856756e-59,1.363058823302777e-57,True,0.2889262328091917,AD_enriched,0.01,True,10000.0,916,355,101.1465,92.9667,0.1204,Minor,0.139792352441095,0.250888158618684,flat,MIR,Minor Isoform Redistribution,new_target_candidate,SR
Excitatory_neuron,RIF1-201,RIF1,0.3642857142857142,0.8146067415730337,6.433196067422322e-30,2.010161220538613e-28,True,-0.4503210272873195,CT_enriched,0.0298,True,10000.0,102,290,14.4339,69.2187,-2.1858,Dominant,0.230818078879053,0.219820779764134,flat,DIEr,Dominant Isoform Erosion,trial_failure_explanation,SR
Excitatory_neuron,RIF1-203,RIF1,0.6035714285714285,0.1769662921348314,6.433196067422322e-30,2.010161220538613e-28,True,0.4266051364365971,AD_enriched,0.0311,True,10000.0,169,63,35.7394,16.9714,1.0316,Minor,0.230818078879053,0.219820779764134,flat,MIR,Minor Isoform Redistribution,new_target_candidate,SR
Excitatory_neuron,transcript112295.chr6.nic,RIMS1,0.125,0.6872037914691943,1.51765605127523e-30,5.006853196137306e-29,True,-0.5622037914691943,CT_enriched,0.0048,True,10000.0,27,145,3.4614,41.8848,-3.2649,Dominant,0.118502501242298,0.707185472853853,flat,DIEr,Dominant Isoform Erosion,trial_failure_explanation,SR
Excitatory_neuron,RIOK3-205,RIOK3,0.4077669902912621,0.1183970856102003,1.597867518928912e-21,2.847656862251952e-20,True,0.2893699046810618,AD_enriched,0.0444,True,10000.0,126,65,24.6295,25.8811,-0.0688,Minor,0.0039231547505173,0.990869598834363,flat,MIR,Minor Isoform Redistribution,new_target_candidate,SR
Excitatory_neuron,RNF121-211,RNF121,0.2150537634408602,0.0,2.502023659200179e-07,1.0658771059884003e-06,True,0.2150537634408602,AD_enriched,0.0324675324675324,True,462.0,20,0,1.6964,0.0,1.431,Minor,0.120412152447009,0.673668836363079,flat,MIR,Minor Isoform Redistribution,new_target_candidate,SR
Excitatory_neuron,RNF121-201,RNF121,0.6989247311827957,0.9893617021276596,2.502023659200179e-07,1.0658771059884003e-06,True,-0.2904369709448638,CT_enriched,0.0367965367965368,True,462.0,65,93,8.7413,19.9993,-1.1082,Dominant,0.120412152447009,0.673668836363079,flat,DIEr,Dominant Isoform Erosion,trial_failure_explanation,SR
Excitatory_neuron,RNF126-201,RNF126,0.5679012345679012,0.1975308641975308,1.5427371409310167e-09,8.548933234862266e-09,True,0.3703703703703704,AD_enriched,0.0155677655677655,True,4368.0,138,16,63.8676,4.6048,3.5328,Minor,0.0111216825010564,0.985352991257156,flat,MIR,Minor Isoform Redistribution,new_target_candidate,SR
Excitatory_neuron,transcript2992.chr19.nnic,RNF126,0.1522633744855967,0.4320987654320987,1.5427371409310167e-09,8.548933234862266e-09,True,-0.279835390946502,CT_enriched,0.0386904761904761,True,4368.0,37,35,2.998,8.6056,-1.2646,Dominant,0.0111216825010564,0.985352991257156,flat,DIEr,Dominant Isoform Erosion,trial_failure_explanation,SR
Excitatory_neuron,RNF165-204,RNF165,0.196629213483146,0.8366972477064221,3.627979955246694e-72,6.598272262196102e-70,True,-0.6400680342232761,CT_enriched,0.0475,True,10000.0,35,456,4.8329,108.1749,-4.2263,Dominant,-0.125088731598725,0.749932776446563,flat,DIEr,Dominant Isoform Erosion,trial_failure_explanation,SR
Excitatory_neuron,RNF165-201,RNF165,0.6573033707865169,0.0477064220183486,3.627979955246694e-72,6.598272262196102e-70,True,0.6095969487681683,AD_enriched,0.0289,True,10000.0,117,26,106.6641,15.5717,2.6997,Minor,-0.125088731598725,0.749932776446563,flat,MIR,Minor Isoform Redistribution,new_target_candidate,SR
Excitatory_neuron,transcript190092.chr4.nic,RNF175,0.0,0.4761904761904761,2.311464636164845e-07,9.8766377495887e-07,True,-0.4761904761904761,CT_enriched,0.0173160173160173,True,462.0,0,20,0.0,5.465,-2.6926,Dominant,0.0507132095786113,0.914360518118475,flat,DIEr,Dominant Isoform Erosion,trial_failure_explanation,SR
Excitatory_neuron,RNF214-201,RNF214,0.7906976744186046,0.5370370370370371,0.0001127910993038,0.0003184821924212,True,0.2536606373815675,AD_enriched,0.0095238095238095,True,210.0,68,29,11.4371,8.1799,0.4381,Dominant,0.102171899235917,0.562877369603303,flat,DIR,Dominant Isoform Redistribution,,SR
Excitatory_neuron,ROBO1-204,ROBO1,0.0721649484536082,0.2835820895522388,1.4605513302537372e-05,4.752151644720073e-05,True,-0.2114171410986305,CT_enriched,0.0063131313131313,True,792.0,14,19,1.796,32.8718,-3.5987,Minor,-0.42475681685659,0.356840785659114,flat,MIEr,Minor Isoform Erosion,,SR
Excitatory_neuron,transcript2147.chr11.nic,RPLP2,0.0,0.5384615384615384,2.1188859048097082e-14,1.9417645636712218e-13,True,-0.5384615384615384,CT_enriched,0.0238095238095238,True,126.0,0,56,0.0,11.4826,-3.6418,Dominant,-0.523503210257788,0.545854551496443,flat,DIEr,Dominant Isoform Erosion,trial_failure_explanation,SR
Excitatory_neuron,RPRD2-203,RPRD2,0.189873417721519,0.5862068965517241,5.540934137632858e-17,6.56124304477961e-16,True,-0.3963334788302051,CT_enriched,0.0073,True,10000.0,60,68,10.4049,20.223,-0.896,Dominant,0.184761633410779,0.343685019331725,flat,DIEr,Dominant Isoform Erosion,trial_failure_explanation,SR
Excitatory_neuron,RPRD2-202,RPRD2,0.810126582278481,0.3879310344827586,5.540934137632858e-17,6.56124304477961e-16,True,0.4221955477957224,AD_enriched,0.0048,True,10000.0,256,45,66.2974,16.4926,1.9438,Minor,0.184761633410779,0.343685019331725,flat,MIR,Minor Isoform Redistribution,new_target_candidate,SR
Excitatory_neuron,RPS3-217,RPS3,0.7005347593582888,0.903846153846154,1.3731349065870668e-05,4.492456592445602e-05,True,-0.2033113944878651,CT_enriched,0.0053,True,10000.0,131,141,48.0149,50.4271,-0.0693,Dominant,-0.298213571671703,0.485375396302119,flat,DIEr,Dominant Isoform Erosion,trial_failure_explanation,SR
Excitatory_neuron,RPSA2-208,RPSA2,0.1791044776119403,0.8888888888888888,7.829715557650873e-19,1.104098855873114e-17,True,-0.7097844112769486,CT_enriched,0.0346736596736596,True,3432.0,12,64,5.3539,96.1067,-3.9338,Dominant,0.701837981000813,0.172668994468795,up,DIDi,Dominant Isoform Dilution,trial_failure_explanation,SR
Excitatory_neuron,RTCA-AS1-206,RTCA-AS1,0.0826985854189336,0.3985890652557319,7.881263012888268e-48,6.425494086254769e-46,True,-0.3158904798367983,CT_enriched,0.0448,True,10000.0,76,226,17.4981,47.5249,-1.3913,Minor,0.0643994359103318,0.905808725202721,flat,MIEr,Minor Isoform Erosion,,SR
Excitatory_neuron,RUFY1-202,RUFY1,0.4489795918367347,0.1276595744680851,5.859723019820816e-06,2.0488672181159425e-05,True,0.3213200173686495,AD_enriched,0.0317460317460317,True,252.0,44,12,3.4128,2.5494,0.3141,Minor,0.174166281352925,0.59061277055609,flat,MIR,Minor Isoform Redistribution,new_target_candidate,SR
Excitatory_neuron,RUFY1-204,RUFY1,0.4693877551020408,0.723404255319149,5.859723019820816e-06,2.0488672181159425e-05,True,-0.2540165002171082,CT_enriched,0.0396825396825396,True,252.0,46,68,4.0875,17.2313,-1.8414,Dominant,0.174166281352925,0.59061277055609,flat,DIEr,Dominant Isoform Erosion,trial_failure_explanation,SR
Excitatory_neuron,transcript194267.chr4.nic,RXFP1,0.3245033112582781,0.0136986301369863,1.9797112363743096e-11,1.3593506098357192e-10,True,0.3108046811212918,AD_enriched,0.0145687645687645,True,1716.0,49,2,3.84,0.5465,1.646,Minor,0.172866520602829,0.846675705481194,flat,MIR,Minor Isoform Redistribution,new_target_candidate,SR
Excitatory_neuron,SAE1-201,SAE1,0.8730512249443207,0.518348623853211,1.4555740199347892e-33,5.933555473216931e-32,True,0.3547026010911097,AD_enriched,0.0434,True,10000.0,392,226,35.8619,49.9734,-0.4676,Dominant,-0.0350613715077441,0.89968859679504,flat,DIR,Dominant Isoform Redistribution,,SR
Excitatory_neuron,SCAF4-202,SCAF4,0.3922651933701657,0.1300813008130081,1.677298678791926e-06,6.321508782503259e-06,True,0.2621838925571575,AD_enriched,0.0395604395604395,True,5005.0,71,16,11.3673,4.6128,1.1397,Minor,0.158559469014111,0.440786170087258,flat,MIR,Minor Isoform Redistribution,new_target_candidate,SR
Excitatory_neuron,SCAF4-201,SCAF4,0.5027624309392266,0.7804878048780488,1.677298678791926e-06,6.321508782503259e-06,True,-0.2777253739388222,CT_enriched,0.0163836163836163,True,5005.0,91,96,16.1781,30.7892,-0.888,Dominant,0.158559469014111,0.440786170087258,flat,DIEr,Dominant Isoform Erosion,trial_failure_explanation,SR
Excitatory_neuron,SCARB1-206,SCARB1,0.0227272727272727,0.4835164835164835,5.218584393758672e-07,2.128546239501453e-06,True,-0.4607892107892108,CT_enriched,0.0333333333333333,True,210.0,1,44,0.047,13.8927,-3.8303,Dominant,0.0511783863221394,0.919441051717433,flat,DIEr,Dominant Isoform Erosion,trial_failure_explanation,SR
Excitatory_neuron,SCML1-204,SCML1,0.0909090909090909,0.4074074074074074,0.0002726656380519,0.0007219176449057,True,-0.3164983164983165,CT_enriched,0.0491508491508491,True,5005.0,6,22,2.497,4.5882,-0.6763,Dominant,0.193333201004015,0.707185472853853,flat,DIEr,Dominant Isoform Erosion,trial_failure_explanation,SR
Excitatory_neuron,SEC23IP-201,SEC23IP,0.170886075949367,0.6402877697841727,3.5107750401661475e-16,3.807634152889677e-15,True,-0.4694016938348057,CT_enriched,0.0279720279720279,True,5005.0,27,89,5.2639,23.8569,-1.9885,Dominant,0.250359524250687,0.376735442855436,flat,DIEr,Dominant Isoform Erosion,trial_failure_explanation,SR
Excitatory_neuron,SEC23IP-208,SEC23IP,0.8291139240506329,0.3597122302158273,3.5107750401661475e-16,3.807634152889677e-15,True,0.4694016938348055,AD_enriched,0.0279720279720279,True,5005.0,131,50,32.5241,15.4915,1.0235,Minor,0.250359524250687,0.376735442855436,flat,MIR,Minor Isoform Redistribution,new_target_candidate,SR
Excitatory_neuron,SEMA7A-201,SEMA7A,0.3058823529411765,0.9701492537313432,4.3453502245380605e-16,4.6699347185831006e-15,True,-0.6642669007901667,CT_enriched,0.0285714285714285,True,210.0,26,65,2.8816,15.2866,-2.0689,Dominant,-0.218455690077541,0.640193874515567,flat,DIEr,Dominant Isoform Erosion,trial_failure_explanation,SR
Excitatory_neuron,transcript110172.chr15.nic,SEMA7A,0.6941176470588235,0.0298507462686567,4.3453502245380605e-16,4.6699347185831006e-15,True,0.6642669007901668,AD_enriched,0.0285714285714285,True,210.0,59,2,16.1202,0.3437,3.6715,Minor,-0.218455690077541,0.640193874515567,flat,MIR,Minor Isoform Redistribution,new_target_candidate,SR
Excitatory_neuron,SGIP1-231,SGIP1,0.3421052631578947,0.5433070866141733,1.1524347403731444e-11,8.125466812591166e-11,True,-0.2012018234562785,CT_enriched,0.0205,True,10000.0,104,69,20.6219,37.3726,-0.8276,Dominant,0.110434597925471,0.584737805016756,flat,DIEr,Dominant Isoform Erosion,trial_failure_explanation,SR
Excitatory_neuron,SILC1-221,SILC1,0.25,0.0,0.0001366137075297,0.0003810464127048,True,0.25,AD_enriched,0.0215617715617715,True,1716.0,9,0,3.7295,0.0,2.2417,Minor,0.321676674957864,0.561428973681537,flat,MIR,Minor Isoform Redistribution,new_target_candidate,SR
Excitatory_neuron,SLC11A2-201,SLC11A2,0.5991379310344828,0.849112426035503,2.185935169976645e-12,1.651207471847108e-11,True,-0.2499744950010202,CT_enriched,0.0373376623376623,True,8008.0,278,287,49.7519,68.9931,-0.4638,Dominant,0.331152402647703,0.115512270288103,flat,DIEr,Dominant Isoform Erosion,trial_failure_explanation,SR
Excitatory_neuron,SLC12A2-202,SLC12A2,1.0,0.5384615384615384,4.236068804845488e-13,3.449648224198512e-12,True,0.4615384615384615,AD_enriched,0.0273892773892773,True,1716.0,92,49,17.1393,15.1387,0.1686,Dominant,-0.0882887145157441,0.73267647448972,flat,DIR,Dominant Isoform Redistribution,,SR
Excitatory_neuron,SLC12A2-201,SLC12A2,0.0,0.4615384615384615,4.236068804845488e-13,3.449648224198512e-12,True,-0.4615384615384615,CT_enriched,0.0273892773892773,True,1716.0,0,42,0.0,12.4193,-3.7462,Minor,-0.0882887145157441,0.73267647448972,flat,MIEr,Minor Isoform Erosion,,SR
Excitatory_neuron,SLC25A29-201,SLC25A29,0.3629343629343629,0.1202185792349726,2.0244396201221123e-14,1.8600194592650445e-13,True,0.2427157836993903,AD_enriched,0.0099067599067599,True,3432.0,94,44,15.1349,12.2566,0.2835,Minor,-0.0554645734300639,0.901842504527647,flat,MIR,Minor Isoform Redistribution,new_target_candidate,SR
Excitatory_neuron,SLC25A29-208,SLC25A29,0.5714285714285714,0.8114754098360656,2.0244396201221123e-14,1.8600194592650445e-13,True,-0.2400468384074942,CT_enriched,0.0445804195804195,True,3432.0,148,297,39.8989,83.1257,-1.0405,Dominant,-0.0554645734300639,0.901842504527647,flat,DIEr,Dominant Isoform Erosion,trial_failure_explanation,SR
Excitatory_neuron,transcript64585.chr15.nnic,SLC27A2,0.2826086956521739,0.0,1.0306204596899292e-19,1.5891719392566664e-18,True,0.2826086956521739,AD_enriched,0.0079365079365079,True,126.0,13,0,0.7613,0.0,0.8166,Minor,0.221431450930493,0.601158900186446,flat,MIR,Minor Isoform Redistribution,new_target_candidate,SR
Excitatory_neuron,SLC27A2-201,SLC27A2,0.717391304347826,1.0,1.0306204596899292e-19,1.5891719392566664e-18,True,-0.2826086956521739,CT_enriched,0.0079365079365079,True,126.0,33,308,4.7689,57.0993,-3.3321,Dominant,0.221431450930493,0.601158900186446,flat,DIEr,Dominant Isoform Erosion,trial_failure_explanation,SR
Excitatory_neuron,SLC35A3-212,SLC35A3,0.3333333333333333,0.0909090909090909,0.0152439846924971,0.0285291776844015,True,0.2424242424242424,AD_enriched,0.0428571428571428,True,70.0,11,3,1.3825,0.7179,0.4718,Minor,0.187003897515413,0.267736120832102,flat,MIR,Minor Isoform Redistribution,new_target_candidate,SR
Excitatory_neuron,SLC35F5-212,SLC35F5,0.2809917355371901,0.0428571428571428,7.698110626547453e-08,3.458055647504819e-07,True,0.2381345926800472,AD_enriched,0.0141,True,10000.0,34,6,5.1093,1.414,1.3396,Minor,0.346998578582698,0.173159534472486,flat,MIR,Minor Isoform Redistribution,new_target_candidate,SR
Excitatory_neuron,SLC35F5-201,SLC35F5,0.6446280991735537,0.9142857142857144,7.698110626547453e-08,3.458055647504819e-07,True,-0.2696576151121607,CT_enriched,0.0066,True,10000.0,78,128,21.3236,35.9936,-0.7287,Dominant,0.346998578582698,0.173159534472486,flat,DIEr,Dominant Isoform Erosion,trial_failure_explanation,SR
Excitatory_neuron,SLC39A9-202,SLC39A9,0.3333333333333333,1.0,2.087967911645931e-14,1.9159063903369457e-13,True,-0.6666666666666667,CT_enriched,0.0357142857142857,True,84.0,21,63,5.8318,53.4552,-2.9947,Dominant,0.12669865210341,0.513180927041394,flat,DIEr,Dominant Isoform Erosion,trial_failure_explanation,SR
Excitatory_neuron,SLC39A9-201,SLC39A9,0.6349206349206349,0.0,2.087967911645931e-14,1.9159063903369457e-13,True,0.6349206349206349,AD_enriched,0.0357142857142857,True,84.0,40,0,11.0365,0.0,3.5893,Minor,0.12669865210341,0.513180927041394,flat,MIR,Minor Isoform Redistribution,new_target_candidate,SR
Excitatory_neuron,SLC46A1-203,SLC46A1,0.1495327102803738,0.40625,0.0073867240025546,0.0148089410260374,True,-0.2567172897196262,CT_enriched,0.0454545454545454,True,1716.0,16,13,1.095,6.263,-1.7936,Dominant,-0.260935350468728,0.580682320228352,flat,DIEr,Dominant Isoform Erosion,trial_failure_explanation,SR
Excitatory_neuron,SLC6A1-207,SLC6A1,0.4328358208955223,0.0309278350515463,4.2202184063266275e-25,9.442905096553556e-24,True,0.401907985843976,AD_enriched,0.0343822843822843,True,1716.0,29,3,9.1274,2.6681,1.4652,Minor,0.439423244449435,0.563561023215632,flat,MIR,Minor Isoform Redistribution,new_target_candidate,SR
Excitatory_neuron,SLC6A1-201,SLC6A1,0.0149253731343283,0.8247422680412371,4.2202184063266275e-25,9.442905096553556e-24,True,-0.8098168949069088,CT_enriched,0.0064102564102564,True,1716.0,1,80,0.3,19.1679,-3.9554,Dominant,0.439423244449435,0.563561023215632,flat,DIEr,Dominant Isoform Erosion,trial_failure_explanation,SR
Excitatory_neuron,SLITRK2-201,SLITRK2,0.6186770428015564,0.2727272727272727,3.3618033179696615e-08,1.5718702000236524e-07,True,0.3459497700742837,AD_enriched,0.0358,True,10000.0,159,27,32.4117,5.4097,2.382,Minor,-0.338899806230876,0.397088440457671,flat,MIR,Minor Isoform Redistribution,new_target_candidate,SR
Excitatory_neuron,SMAD2-203,SMAD2,0.3866666666666666,0.1481481481481481,1.0662236710048971e-09,6.026075297559948e-09,True,0.2385185185185185,AD_enriched,0.05,True,10000.0,87,20,13.9604,6.8162,0.9366,Minor,0.145630371305943,0.554179656718828,flat,MIR,Minor Isoform Redistribution,new_target_candidate,SR
Excitatory_neuron,SMARCA4-201,SMARCA4,0.515625,0.1904761904761904,7.393583426182387e-34,3.084863955406568e-32,True,0.3251488095238096,AD_enriched,0.0177,True,10000.0,264,44,44.0233,19.317,1.148,Minor,0.150393844862423,0.692494038338564,flat,MIR,Minor Isoform Redistribution,new_target_candidate,SR
Excitatory_neuron,transcript139310.chr4.nic,SMARCAD1,0.0820668693009118,0.6314285714285715,7.695057978253547e-50,6.997570030737488e-48,True,-0.5493617021276597,CT_enriched,0.0244,True,10000.0,27,221,7.3658,41.8573,-2.357,Dominant,0.0285144760796706,0.873887737498215,flat,DIEr,Dominant Isoform Erosion,trial_failure_explanation,SR
Excitatory_neuron,SMARCAL1-202,SMARCAL1,0.1206896551724138,0.3619047619047619,6.206626063287876e-09,3.1901158454276025e-08,True,-0.241215106732348,CT_enriched,0.0484848484848484,True,495.0,14,38,3.2372,8.9105,-1.2258,Minor,0.138377709970506,0.68395001668607,flat,MIEr,Minor Isoform Erosion,,SR
Excitatory_neuron,SMC2-202,SMC2,0.3723404255319149,0.6906474820143885,4.075567709641395e-08,1.8894118800317922e-07,True,-0.3183070564824736,CT_enriched,0.0423,True,10000.0,70,96,12.8741,39.6569,-1.5511,Dominant,0.127625898784042,0.753346937412193,flat,DIEr,Dominant Isoform Erosion,trial_failure_explanation,SR
Excitatory_neuron,SMC6-201,SMC6,0.7106382978723405,0.9623287671232876,3.133899766631884e-14,2.8209074929847657e-13,True,-0.2516904692509472,CT_enriched,0.0315684315684315,True,5005.0,167,281,25.6363,64.5918,-1.3001,Dominant,-0.0511232112362867,0.855349072786569,flat,DIEr,Dominant Isoform Erosion,trial_failure_explanation,SR
Excitatory_neuron,SNRPB-201,SNRPB,0.927710843373494,0.4186046511627907,1.4388089995150038e-09,7.998018991818121e-09,True,0.5091061922107032,AD_enriched,0.0335497835497835,True,924.0,77,18,14.2924,4.8672,1.3821,Dominant,-0.0632914166725781,0.910308347783199,flat,DIR,Dominant Isoform Redistribution,,SR
Excitatory_neuron,SNRPB-206,SNRPB,0.0,0.3023255813953488,1.4388089995150038e-09,7.998018991818121e-09,True,-0.3023255813953488,CT_enriched,0.0151515151515151,True,924.0,0,13,0.0,5.1136,-2.612,Minor,-0.0632914166725781,0.910308347783199,flat,MIEr,Minor Isoform Erosion,,SR
Excitatory_neuron,SNX14-235,SNX14,0.2415730337078651,0.0,1.856102950664693e-75,3.9894964330499e-73,True,0.2415730337078651,AD_enriched,0.0441558441558441,True,5005.0,43,0,12.2769,0.0,3.7308,Minor,0.123597305974707,0.622092592172039,flat,MIR,Minor Isoform Redistribution,new_target_candidate,SR
Excitatory_neuron,SNX27-203,SNX27,0.4316939890710382,0.7410714285714286,1.083070943101852e-06,4.2025285554821866e-06,True,-0.3093774395003904,CT_enriched,0.016,True,10000.0,79,83,14.3613,22.1961,-0.5946,Dominant,0.0838359979765907,0.654180977730242,flat,DIEr,Dominant Isoform Erosion,trial_failure_explanation,SR
Excitatory_neuron,transcript150486.chr6.nnic,SOBP,0.2966101694915254,0.0098039215686274,7.561695915210719e-08,3.4032429648851284e-07,True,0.286806247922898,AD_enriched,0.006,True,10000.0,35,1,8.7939,0.2782,2.9378,Minor,0.0078946359903557,0.982892618205262,flat,MIR,Minor Isoform Redistribution,new_target_candidate,SR
Excitatory_neuron,SOGA3-203,SOGA3,0.4896,0.2866868381240545,8.945095855989487e-28,2.5277914305391804e-26,True,0.2029131618759455,AD_enriched,0.0094,True,10000.0,612,379,125.3269,171.1203,-0.4463,Minor,-0.121023698822616,0.715788107741767,flat,MIR,Minor Isoform Redistribution,new_target_candidate,SR
Excitatory_neuron,SORT1-201,SORT1,0.2816901408450704,0.7715736040609137,1.715459122924203e-18,2.344460801329744e-17,True,-0.4898834632158433,CT_enriched,0.0075757575757575,True,3432.0,40,152,12.4273,55.1365,-2.0638,Dominant,0.0801718083372592,0.766206143816852,flat,DIEr,Dominant Isoform Erosion,trial_failure_explanation,SR
Excitatory_neuron,SORT1-209,SORT1,0.5774647887323944,0.2182741116751269,1.715459122924203e-18,2.344460801329744e-17,True,0.3591906770572675,AD_enriched,0.0075757575757575,True,3432.0,82,43,13.2541,13.352,-0.0099,Minor,0.0801718083372592,0.766206143816852,flat,MIR,Minor Isoform Redistribution,new_target_candidate,SR
Excitatory_neuron,SPATA20-205,SPATA20,0.3527696793002915,0.1508620689655172,1.0831950413400226e-10,6.859912882343553e-10,True,0.2019076103347743,AD_enriched,0.0412,True,10000.0,242,35,36.4477,8.4298,1.9896,Minor,0.299957053390047,0.471950387324105,flat,MIR,Minor Isoform Redistribution,new_target_candidate,SR
Excitatory_neuron,transcript48331.chr21.nnic,SPATC1L,0.1592039800995024,0.603448275862069,1.8714270985303e-21,3.285651586602826e-20,True,-0.4442442957625665,CT_enriched,0.0436230436230436,True,3003.0,32,70,7.0781,15.1285,-0.9975,Dominant,0.196383169406693,0.639938252931086,flat,DIEr,Dominant Isoform Erosion,trial_failure_explanation,SR
Excitatory_neuron,transcript48560.chr21.nic,SPATC1L,0.6119402985074627,0.0862068965517241,1.8714270985303e-21,3.285651586602826e-20,True,0.5257334019557386,AD_enriched,0.0439560439560439,True,3003.0,123,10,19.476,4.5835,1.8747,Minor,0.196383169406693,0.639938252931086,flat,MIR,Minor Isoform Redistribution,new_target_candidate,SR
Excitatory_neuron,SPATS2L-204,SPATS2L,0.063231850117096,0.2826855123674912,5.465327662483688e-19,7.863198602433428e-18,True,-0.2194536622503951,CT_enriched,0.0344214608920491,True,6188.0,27,80,5.7729,19.7087,-1.6124,Dominant,0.170329239824639,0.429862561940417,flat,DIEr,Dominant Isoform Erosion,trial_failure_explanation,SR
Excitatory_neuron,SPEN-201,SPEN,0.616361071932299,0.8679950186799502,2.536402766990618e-29,7.688335395839508e-28,True,-0.2516339467476511,CT_enriched,0.0259,True,10000.0,437,697,106.661,299.2716,-1.4798,Dominant,0.125949554647731,0.563230060930509,flat,DIEr,Dominant Isoform Erosion,trial_failure_explanation,SR
Excitatory_neuron,SPIN3-201,SPIN3,0.1469465648854961,0.3501628664495114,1.4106913552933762e-27,3.9417772087271726e-26,True,-0.2032163015640153,CT_enriched,0.045,True,10000.0,77,215,16.8416,48.2013,-1.4635,Dominant,0.0673518794766911,0.72894260781786,flat,DIEr,Dominant Isoform Erosion,trial_failure_explanation,SR
Excitatory_neuron,SPP1-203,SPP1,0.4009216589861751,0.9119718309859156,9.581217976233716e-33,3.6148712290120082e-31,True,-0.5110501719997405,CT_enriched,0.0433,True,10000.0,87,259,34.9836,277.5791,-2.9527,Dominant,0.517792718831149,0.699512446197834,flat,DIEr,Dominant Isoform Erosion,trial_failure_explanation,SR
Excitatory_neuron,SPPL2A-208,SPPL2A,0.0337078651685393,0.2727272727272727,6.964909265150723e-08,3.152654844780732e-07,True,-0.2390194075587334,CT_enriched,0.0129870129870129,True,462.0,3,30,0.6693,7.4913,-2.3467,Minor,0.210216386480766,0.424831627643718,flat,MIEr,Minor Isoform Erosion,,SR
Excitatory_neuron,SSX2IP-201,SSX2IP,0.5496535796766744,0.3248407643312102,1.4654349596396104e-17,1.826771558650924e-16,True,0.2248128153454642,AD_enriched,0.008,True,10000.0,238,102,43.879,27.1353,0.6737,Minor,0.0872415994978228,0.739132580403244,flat,MIR,Minor Isoform Redistribution,new_target_candidate,SR
Excitatory_neuron,SSX2IP-203,SSX2IP,0.1893764434180138,0.5,1.4654349596396104e-17,1.826771558650924e-16,True,-0.3106235565819862,CT_enriched,0.0139,True,10000.0,82,157,13.0951,46.0486,-1.739,Dominant,0.0872415994978228,0.739132580403244,flat,DIEr,Dominant Isoform Erosion,trial_failure_explanation,SR
Excitatory_neuron,ST8SIA5-203,ST8SIA5,0.4931506849315068,0.1651376146788991,2.191936090384804e-05,6.93770758103499e-05,True,0.3280130702526077,AD_enriched,0.0406260406260406,True,3003.0,36,18,4.0613,5.7493,-0.4152,Minor,-0.341115005139339,0.289704998000226,flat,MIR,Minor Isoform Redistribution,new_target_candidate,SR
Excitatory_neuron,STAMBP-202,STAMBP,0.0875912408759124,0.46875,5.679952172370568e-17,6.71465012643741e-16,True,-0.3811587591240876,CT_enriched,0.0139860139860139,True,3003.0,12,30,2.3681,7.445,-1.3262,Dominant,-0.107508826929242,0.623637439624331,flat,DIEr,Dominant Isoform Erosion,trial_failure_explanation,SR
Excitatory_neuron,STAT3-231,STAT3,0.0341463414634146,0.2456140350877192,1.6769782031870364e-36,8.26028221889281e-35,True,-0.2114676936243046,CT_enriched,0.0182,True,10000.0,21,42,6.1995,10.5618,-0.6834,Dominant,0.0305621530431736,0.940088921044881,flat,DIEr,Dominant Isoform Erosion,trial_failure_explanation,SR
Excitatory_neuron,STAT5B-203,STAT5B,0.1212121212121212,0.3333333333333333,0.0008289882897201,0.002007515854894,True,-0.2121212121212121,CT_enriched,0.0296370296370296,True,3003.0,12,12,1.5375,4.9418,-1.2275,Minor,0.145705113646429,0.433942459455849,flat,MIEr,Minor Isoform Erosion,,SR
Excitatory_neuron,STRC-209,STRC,0.0909090909090909,0.775,1.399688940629457e-09,7.792773670239198e-09,True,-0.6840909090909091,CT_enriched,0.0285714285714285,True,35.0,4,31,0.3387,7.3575,-2.6422,Dominant,-0.127024349971275,0.823725353934111,flat,DIEr,Dominant Isoform Erosion,trial_failure_explanation,SR
Excitatory_neuron,STRC-202,STRC,0.8409090909090909,0.225,1.399688940629457e-09,7.792773670239198e-09,True,0.615909090909091,AD_enriched,0.0285714285714285,True,35.0,37,9,12.0274,2.4834,1.903,Minor,-0.127024349971275,0.823725353934111,flat,MIR,Minor Isoform Redistribution,new_target_candidate,SR
Excitatory_neuron,STRN3-202,STRN3,0.3333333333333333,0.087719298245614,0.0012735822112486,0.0029803756596458,True,0.2456140350877193,AD_enriched,0.0362970362970362,True,3003.0,31,5,5.3788,1.1684,1.5567,Minor,0.210035988651837,0.0890101852980745,flat,MIR,Minor Isoform Redistribution,new_target_candidate,SR
Excitatory_neuron,STRN3-201,STRN3,0.6666666666666666,0.912280701754386,0.0012735822112486,0.0029803756596458,True,-0.2456140350877194,CT_enriched,0.0362970362970362,True,3003.0,62,52,12.0592,14.4504,-0.2426,Dominant,0.210035988651837,0.0890101852980745,flat,DIEr,Dominant Isoform Erosion,trial_failure_explanation,SR
Excitatory_neuron,STXBP5-206,STXBP5,0.6510067114093959,0.2348484848484848,1.6406244230036809e-21,2.901982302335438e-20,True,0.4161582265609111,AD_enriched,0.0267,True,10000.0,291,31,83.1798,8.9813,3.0762,Minor,0.0929798653920561,0.656478220224223,flat,MIR,Minor Isoform Redistribution,new_target_candidate,SR
Excitatory_neuron,transcript198893.chr6.nic,STXBP5-AS1,0.2925531914893617,0.0198019801980198,1.4320661675952728e-28,4.232352219480529e-27,True,0.2727512112913419,AD_enriched,0.0497280497280497,True,1287.0,55,4,15.073,1.0434,2.9756,Minor,0.0493878106721642,0.913073971466227,flat,MIR,Minor Isoform Redistribution,new_target_candidate,SR
Excitatory_neuron,SUMF1-201,SUMF1,0.967032967032967,0.7090909090909091,2.939967309773936e-05,9.162209195178616e-05,True,0.2579420579420579,AD_enriched,0.0497835497835497,True,462.0,88,39,9.8072,9.9243,-0.0156,Dominant,0.144736987844122,0.635398503348031,flat,DIR,Dominant Isoform Redistribution,,SR
Excitatory_neuron,SUPT5H-201,SUPT5H,0.3090909090909091,0.0545454545454545,0.0032850752916042,0.0070609209222269,True,0.2545454545454546,AD_enriched,0.006,True,10000.0,34,3,11.1221,1.5483,2.25,Minor,-0.0428081692550354,0.877965505569472,flat,MIR,Minor Isoform Redistribution,new_target_candidate,SR
Excitatory_neuron,SVEP1-202,SVEP1,0.6690140845070423,0.3018867924528302,2.360244681600481e-05,7.435161392332841e-05,True,0.3671272920542121,AD_enriched,0.001082251082251,True,924.0,95,16,21.4491,5.9616,1.6892,Minor,-0.227716635309235,0.633508860406942,flat,MIR,Minor Isoform Redistribution,new_target_candidate,SR
Excitatory_neuron,SVEP1-201,SVEP1,0.2887323943661972,0.6226415094339622,2.360244681600481e-05,7.435161392332841e-05,True,-0.333909115067765,CT_enriched,0.0108225108225108,True,924.0,41,33,9.5303,38.7441,-1.9162,Dominant,-0.227716635309235,0.633508860406942,flat,DIEr,Dominant Isoform Erosion,trial_failure_explanation,SR
Excitatory_neuron,SYNCRIP-222,SYNCRIP,0.2569444444444444,0.0123456790123456,2.221556291805028e-10,1.3642856084652e-09,True,0.2445987654320988,AD_enriched,0.0336330336330336,True,3003.0,37,1,5.255,0.2782,2.2909,Minor,0.251418621825564,0.370961095843187,flat,MIR,Minor Isoform Redistribution,new_target_candidate,SR
Excitatory_neuron,TAB3-201,TAB3,0.4722222222222222,0.8961038961038961,1.0745472446884336e-06,4.171737058880711e-06,True,-0.4238816738816738,CT_enriched,0.0,True,462.0,17,69,3.0955,20.8896,-2.4181,Dominant,0.258989905108858,0.3347364833983,flat,DIEr,Dominant Isoform Erosion,trial_failure_explanation,SR
Excitatory_neuron,TAB3-204,TAB3,0.25,0.0,1.0745472446884336e-06,4.171737058880711e-06,True,0.25,AD_enriched,0.0064935064935064,True,462.0,9,0,2.6663,0.0,1.8743,Minor,0.258989905108858,0.3347364833983,flat,MIR,Minor Isoform Redistribution,new_target_candidate,SR
Excitatory_neuron,TADA2B-201,TADA2B,0.0689655172413793,0.5480769230769231,1.4257618575959536e-16,1.6103389897974679e-15,True,-0.4791114058355438,CT_enriched,0.009,True,10000.0,10,57,2.2137,44.8503,-3.8346,Dominant,0.15631312801059,0.623867684508341,flat,DIEr,Dominant Isoform Erosion,trial_failure_explanation,SR
Excitatory_neuron,TADA2B-205,TADA2B,0.9310344827586208,0.4519230769230769,1.4257618575959536e-16,1.6103389897974679e-15,True,0.4791114058355438,AD_enriched,0.009,True,10000.0,135,47,32.6008,17.723,0.8437,Minor,0.15631312801059,0.623867684508341,flat,MIR,Minor Isoform Redistribution,new_target_candidate,SR
Excitatory_neuron,TAF12-202,TAF12,0.84375,0.0555555555555555,5.464706290735136e-10,3.200756541716293e-09,True,0.7881944444444445,AD_enriched,0.0285714285714285,True,35.0,27,2,5.091,0.475,2.046,Minor,-0.178319417920333,0.633824758604458,flat,MIR,Minor Isoform Redistribution,new_target_candidate,SR
Excitatory_neuron,TAF2-223,TAF2,0.3652694610778443,0.0604651162790697,5.33058392286415e-23,1.0473637607998732e-21,True,0.3048043447987746,AD_enriched,0.0157,True,10000.0,61,13,11.5886,3.7996,1.3911,Minor,0.14800987390467,0.281331379454051,flat,MIR,Minor Isoform Redistribution,new_target_candidate,SR
Excitatory_neuron,TAF2-201,TAF2,0.1497005988023952,0.4930232558139535,5.33058392286415e-23,1.0473637607998732e-21,True,-0.3433226570115583,CT_enriched,0.0115,True,10000.0,25,106,5.3969,31.6286,-2.3507,Dominant,0.14800987390467,0.281331379454051,flat,DIEr,Dominant Isoform Erosion,trial_failure_explanation,SR
Excitatory_neuron,TAF9-209,TAF9,0.1955555555555555,0.4516129032258064,1.235635796591841e-06,4.760654375462211e-06,True,-0.2560573476702509,CT_enriched,0.0469530469530469,True,8008.0,44,70,5.5568,17.2104,-1.4737,Dominant,-0.187622718653076,0.709834804732585,flat,DIEr,Dominant Isoform Erosion,trial_failure_explanation,SR
Excitatory_neuron,TAFAZZIN-211,TAFAZZIN,0.0068493150684931,0.3804347826086957,9.898165238451548e-13,7.741020428744602e-12,True,-0.3735854675402025,CT_enriched,0.0043956043956043,True,5005.0,1,35,0.047,8.4202,-3.1696,Dominant,0.142136898075642,0.682253127868139,flat,DIEr,Dominant Isoform Erosion,trial_failure_explanation,SR
Excitatory_neuron,transcript28780.chr4.nnic,TAPT1,0.3956043956043956,0.0,4.0406669867465726e-24,8.429544393233365e-23,True,0.3956043956043956,AD_enriched,0.0217282717282717,True,8008.0,72,0,175.0794,0.0,7.4601,Minor,0.0268791920740737,0.932043611748075,flat,MIR,Minor Isoform Redistribution,new_target_candidate,SR
Excitatory_neuron,TASOR2-216,TASOR2,0.9504950495049505,0.5714285714285714,3.796566444705067e-08,1.764681899888142e-07,True,0.379066478076379,AD_enriched,0.0,True,126.0,96,28,22.6691,9.7271,1.1417,Dominant,-0.0380245658043421,0.888460851634615,flat,DIR,Dominant Isoform Redistribution,,SR
Excitatory_neuron,TBC1D10B-201,TBC1D10B,0.9458483754512635,0.5462184873949579,2.861516247915184e-21,4.9625268328758925e-20,True,0.3996298880563056,AD_enriched,0.0286380286380286,True,3003.0,262,65,66.6349,16.7198,1.9324,Dominant,0.195201711027257,0.64786704750136,flat,DIR,Dominant Isoform Redistribution,,SR
Excitatory_neuron,TBC1D10B-203,TBC1D10B,0.0541516245487364,0.453781512605042,2.861516247915184e-21,4.9625268328758925e-20,True,-0.3996298880563056,CT_enriched,0.0286380286380286,True,3003.0,15,54,1.7045,13.1246,-2.3848,Minor,0.195201711027257,0.64786704750136,flat,MIEr,Minor Isoform Erosion,,SR
Excitatory_neuron,transcript8649.chr16.nnic,TBC1D24,0.2,0.6329113924050633,5.8650690483875184e-05,0.0001739896895031,True,-0.4329113924050633,CT_enriched,0.0416666666666666,True,792.0,9,50,1.946,11.6097,-2.0977,Dominant,-0.0938171824639127,0.628593257657208,flat,DIEr,Dominant Isoform Erosion,trial_failure_explanation,SR
Excitatory_neuron,TBCE-228,TBCE,0.0566037735849056,0.3269230769230769,8.073350807136726e-06,2.766390206522744e-05,True,-0.2703193033381713,CT_enriched,0.0242,True,10000.0,6,17,1.7031,4.9511,-1.1386,Minor,0.0541048684524054,0.853589793727827,flat,MIEr,Minor Isoform Erosion,,SR
Excitatory_neuron,TBCEL-202,TBCEL,0.0,0.4369747899159664,1.4508148218330196e-13,1.2309365468016274e-12,True,-0.4369747899159664,CT_enriched,0.0163170163170163,True,1716.0,0,52,0.0,11.8927,-3.6885,Dominant,-0.0206492424231192,0.954791179432309,flat,DIEr,Dominant Isoform Erosion,trial_failure_explanation,SR
Excitatory_neuron,TBCK-204,TBCK,0.3643410852713178,0.918918918918919,1.959269593538779e-13,1.6446271274521373e-12,True,-0.5545778336476012,CT_enriched,0.0359640359640359,True,8008.0,47,68,9.2168,18.9934,-0.9686,Dominant,0.101899448278375,0.684008164032031,flat,DIEr,Dominant Isoform Erosion,trial_failure_explanation,SR
Excitatory_neuron,TBCK-205,TBCK,0.3953488372093023,0.0,1.959269593538779e-13,1.6446271274521373e-12,True,0.3953488372093023,AD_enriched,0.0257242757242757,True,8008.0,51,0,12.0658,0.0,3.7077,Minor,0.101899448278375,0.684008164032031,flat,MIR,Minor Isoform Redistribution,new_target_candidate,SR
Excitatory_neuron,TEDC2-213,TEDC2,0.4377682403433476,0.7755102040816326,2.3775280744446416e-10,1.4575459491820091e-09,True,-0.337741963738285,CT_enriched,0.0282828282828282,True,6435.0,102,76,12.5851,26.2366,-1.0035,Dominant,-0.616562051607738,0.31753495861345,down,DIDe,Dominant Isoform Depletion,trial_failure_explanation,SR
Excitatory_neuron,transcript100510.chr2.nnic,TET3,0.2790697674418604,0.0,0.0005594047245472,0.0014025654687924,True,0.2790697674418604,AD_enriched,0.0265151515151515,True,792.0,12,0,2.6883,0.0,1.8829,Minor,-0.0329666147316214,0.936568663293589,flat,MIR,Minor Isoform Redistribution,new_target_candidate,SR
Excitatory_neuron,transcript317268.chr3.nnic,TFRC,0.4230769230769231,0.1444444444444444,4.1076189902040807e-10,2.436065342601802e-09,True,0.2786324786324786,AD_enriched,0.0333333333333333,True,120.0,22,13,5.5181,2.2338,1.0112,Minor,0.0017311566792267,0.995391606583708,flat,MIR,Minor Isoform Redistribution,new_target_candidate,SR
Excitatory_neuron,transcript109572.chr3.nnic,THOC7,0.3349056603773584,0.6444444444444445,7.178445660565212e-07,2.8637072593019706e-06,True,-0.309538784067086,CT_enriched,0.0316350316350316,True,3003.0,71,58,12.1722,13.7342,-0.1617,Dominant,-0.0578482309382758,0.885352370362372,flat,DIEr,Dominant Isoform Erosion,trial_failure_explanation,SR
Excitatory_neuron,transcript72909.chr18.nic,TIMM21,0.0238907849829351,0.3260869565217391,2.776660762804371e-18,3.7585600745365273e-17,True,-0.3021961715388039,CT_enriched,0.0207792207792207,True,5005.0,7,15,1.204,3.3294,-0.9741,Minor,-0.547247402764407,0.0960356810232093,flat,MIEr,Minor Isoform Erosion,,SR
Excitatory_neuron,TIMM21-201,TIMM21,0.9761092150170648,0.6086956521739131,2.776660762804371e-18,3.7585600745365273e-17,True,0.3674135628431517,AD_enriched,0.0199800199800199,True,5005.0,286,28,82.4706,10.3549,2.878,Dominant,-0.547247402764407,0.0960356810232093,flat,DIR,Dominant Isoform Redistribution,,SR
Excitatory_neuron,TLK2-219,TLK2,0.2631578947368421,0.0,9.913855813647694e-10,5.6210215256757075e-09,True,0.2631578947368421,AD_enriched,0.0296,True,10000.0,10,0,2.0295,0.0,1.5991,Minor,0.195685798197769,0.291478246013776,flat,MIR,Minor Isoform Redistribution,new_target_candidate,SR
Excitatory_neuron,TLK2-203,TLK2,0.1052631578947368,0.7183098591549296,9.913855813647694e-10,5.6210215256757075e-09,True,-0.6130467012601928,CT_enriched,0.0476,True,10000.0,4,51,0.4035,10.8037,-3.0722,Dominant,0.195685798197769,0.291478246013776,flat,DIEr,Dominant Isoform Erosion,trial_failure_explanation,SR
Excitatory_neuron,TMTC1-206,TMTC1,1.0,0.7849462365591398,0.0063308072153453,0.0128813584562377,True,0.2150537634408602,AD_enriched,0.0238095238095238,True,126.0,40,73,28.916,18.3402,0.6293,Dominant,-0.19763596721541,0.705328415464434,flat,DIR,Dominant Isoform Redistribution,,SR
Excitatory_neuron,transcript295144.chr1.nic,TNNT2,0.0,0.5084745762711864,8.310137829342119e-11,5.324643868430322e-10,True,-0.5084745762711864,CT_enriched,0.0259740259740259,True,3003.0,0,30,0.0,6.9712,-2.9948,Dominant,0.707025760179822,0.211562341053265,up,DIDi,Dominant Isoform Dilution,trial_failure_explanation,SR
Excitatory_neuron,TNNT2-218,TNNT2,0.5972222222222222,0.2033898305084746,8.310137829342119e-11,5.324643868430322e-10,True,0.3938323917137476,AD_enriched,0.0039960039960039,True,3003.0,43,12,14.7288,2.7841,2.0554,Minor,0.707025760179822,0.211562341053265,up,MIEx,Minor Isoform Expansion,new_target_candidate,SR
Excitatory_neuron,TNPO1-201,TNPO1,0.2404580152671755,0.5651260504201681,5.690952545955581e-18,7.379511226410043e-17,True,-0.3246680351529926,CT_enriched,0.0029,True,10000.0,63,269,15.435,71.6772,-2.1447,Dominant,0.151849043543892,0.296797756322961,flat,DIEr,Dominant Isoform Erosion,trial_failure_explanation,SR
Excitatory_neuron,TOP3B-201,TOP3B,0.3657587548638132,0.1535580524344569,3.411012894721575e-07,1.4248712875300432e-06,True,0.2122007024293563,AD_enriched,0.0248640248640248,True,6435.0,94,41,9.8065,9.3129,0.0674,Minor,-0.308562511381578,0.431429547628601,flat,MIR,Minor Isoform Redistribution,new_target_candidate,SR
Excitatory_neuron,TOR2A-205,TOR2A,0.0571428571428571,0.3037974683544304,5.456475518327013e-08,2.495343704158189e-07,True,-0.2466546112115732,CT_enriched,0.027039627039627,True,6435.0,12,24,1.0375,5.7959,-1.7379,Minor,-0.367617833604164,0.514847030974404,flat,MIEr,Minor Isoform Erosion,,SR
Excitatory_neuron,TPCN1-218,TPCN1,0.4102564102564102,0.0289855072463768,1.739800248162282e-06,6.543161802871191e-06,True,0.3812709030100334,AD_enriched,0.0079365079365079,True,126.0,16,2,2.8405,0.8132,1.0828,Minor,0.128501433123447,0.763110251201259,flat,MIR,Minor Isoform Redistribution,new_target_candidate,SR
Excitatory_neuron,TRIM32-203,TRIM32,0.697841726618705,0.3690176322418136,2.491869136577602e-32,8.971993799870525e-31,True,0.3288240943768914,AD_enriched,0.0427350427350427,True,1287.0,388,293,44.8649,62.3561,-0.4661,Minor,-0.180837552579816,0.642513498586593,flat,MIR,Minor Isoform Redistribution,new_target_candidate,SR
Excitatory_neuron,TRIM32-201,TRIM32,0.302158273381295,0.6309823677581864,2.491869136577602e-32,8.971993799870525e-31,True,-0.3288240943768914,CT_enriched,0.0427350427350427,True,1287.0,168,501,14.0344,98.3634,-2.7245,Dominant,-0.180837552579816,0.642513498586593,flat,DIEr,Dominant Isoform Erosion,trial_failure_explanation,SR
Excitatory_neuron,TRIM33-201,TRIM33,0.4524590163934426,0.834920634920635,1.0171956977069248e-23,2.0792418109035205e-22,True,-0.3824616185271923,CT_enriched,0.0094,True,10000.0,138,263,32.8478,76.4847,-1.1949,Dominant,0.269545919041345,0.0594403185980032,flat,DIEr,Dominant Isoform Erosion,trial_failure_explanation,SR
Excitatory_neuron,TRIM33-202,TRIM33,0.4131147540983607,0.1492063492063492,1.0171956977069248e-23,2.0792418109035205e-22,True,0.2639084048920115,AD_enriched,0.0263,True,10000.0,126,47,25.2039,13.0622,0.898,Minor,0.269545919041345,0.0594403185980032,flat,MIR,Minor Isoform Redistribution,new_target_candidate,SR
Excitatory_neuron,TRMT1-222,TRMT1,0.32,0.7368421052631579,1.275235230584589e-16,1.4426225662737622e-15,True,-0.4168421052631578,CT_enriched,0.0268,True,10000.0,96,126,25.9134,68.4157,-1.3669,Dominant,0.074040335736532,0.892966740060035,flat,DIEr,Dominant Isoform Erosion,trial_failure_explanation,SR
Excitatory_neuron,TRPM3-201,TRPM3,0.2873563218390804,0.6183206106870229,4.451498418308716e-09,2.3199469714227573e-08,True,-0.3309642888479425,CT_enriched,0.0458430458430458,True,6435.0,50,81,10.3214,22.6239,-1.0612,Dominant,-0.181039412023444,0.801603022146129,flat,DIEr,Dominant Isoform Erosion,trial_failure_explanation,SR
Excitatory_neuron,TRRAP-203,TRRAP,0.1333333333333333,0.631578947368421,1.6280341683678116e-10,1.0076480241040914e-09,True,-0.4982456140350877,CT_enriched,0.0021,True,10000.0,22,24,5.2657,7.7521,-0.4822,Dominant,-0.0035063176255861,0.990869598834363,flat,DIEr,Dominant Isoform Erosion,trial_failure_explanation,SR
Excitatory_neuron,transcript23790.chr3.nic,TSEN2,0.0449438202247191,0.5534883720930233,1.0799348412517503e-75,2.3937430715620823e-73,True,-0.5085445518683042,CT_enriched,0.0332,True,10000.0,20,238,3.4579,56.5914,-3.6914,Dominant,0.147491448060554,0.625624446384969,flat,DIEr,Dominant Isoform Erosion,trial_failure_explanation,SR
Excitatory_neuron,TSNARE1-209,TSNARE1,0.2195121951219512,0.0,3.742551076365416e-05,0.0001146196666004,True,0.2195121951219512,AD_enriched,0.0272727272727272,True,330.0,9,0,1.4726,0.0,1.3061,Minor,0.133742654034888,0.751809008866005,flat,MIR,Minor Isoform Redistribution,new_target_candidate,SR
Excitatory_neuron,transcript100418.chr2.nic,TTC31,0.1132075471698113,0.5058823529411764,2.223172395309361e-11,1.5206327675920254e-10,True,-0.3926748057713651,CT_enriched,0.0,True,330.0,6,43,1.6203,10.4714,-2.1303,Dominant,-0.111527261151486,0.81143644142949,flat,DIEr,Dominant Isoform Erosion,trial_failure_explanation,SR
Excitatory_neuron,transcript100446.chr2.nic,TTC31,0.3584905660377358,0.0,2.223172395309361e-11,1.5206327675920254e-10,True,0.3584905660377358,AD_enriched,0.0212121212121212,True,330.0,19,0,9.7357,0.0,3.4243,Minor,-0.111527261151486,0.81143644142949,flat,MIR,Minor Isoform Redistribution,new_target_candidate,SR
Excitatory_neuron,TTLL11-202,TTLL11,0.5,0.203125,0.001126166778521,0.0026537876943686,True,0.296875,AD_enriched,0.0465367965367965,True,924.0,24,13,2.8942,3.9971,-0.3598,Minor,-0.0198932586998113,0.956898097057763,flat,MIR,Minor Isoform Redistribution,new_target_candidate,SR
Excitatory_neuron,TTN-AS1-278,TTN-AS1,0.3020833333333333,0.7631578947368421,4.2551453394420075e-11,2.8128374550477313e-10,True,-0.4610745614035088,CT_enriched,0.0406,True,10000.0,29,87,10.1484,26.1838,-1.2859,Dominant,0.126838800222088,0.797672947888319,flat,DIEr,Dominant Isoform Erosion,trial_failure_explanation,SR
Excitatory_neuron,TWF2-201,TWF2,0.9034749034749034,0.6063829787234043,9.067821931187984e-14,7.872467681507511e-13,True,0.2970919247514991,AD_enriched,0.0289710289710289,True,5005.0,234,57,39.088,14.7283,1.3498,Dominant,-0.345557730778542,0.555772733844257,flat,DIR,Dominant Isoform Redistribution,,SR
Excitatory_neuron,transcript9580.chrY.nic,TXLNGY,0.4047619047619047,0.0839694656488549,6.991873389213529e-06,2.4180086762404467e-05,True,0.3207924391130498,AD_enriched,0.0095238095238095,True,210.0,17,11,2.7199,2.8733,-0.0583,Minor,-0.0425178338569362,0.923148069098287,flat,MIR,Minor Isoform Redistribution,new_target_candidate,SR
Excitatory_neuron,transcript48201.chr15.nnic,TYRO3,0.4407364787111623,0.0226628895184136,1.3742865434971143e-54,1.5339414054009845e-52,True,0.4180735891927487,AD_enriched,0.0377,True,10000.0,383,8,85.4275,6.771,3.4753,Minor,-0.141114030148925,0.625074692339933,flat,MIR,Minor Isoform Redistribution,new_target_candidate,SR
Excitatory_neuron,U2AF1-208,U2AF1,0.2893081761006289,0.6885245901639344,2.676669522971435e-09,1.4383043126088172e-08,True,-0.3992164140633055,CT_enriched,0.0193,True,10000.0,46,84,8.0966,47.9103,-2.4267,Dominant,0.0298526499209881,0.956967241188723,flat,DIEr,Dominant Isoform Erosion,trial_failure_explanation,SR
Excitatory_neuron,UBAP2-204,UBAP2,0.375,0.6363636363636364,2.830632695036942e-05,8.844791940923802e-05,True,-0.2613636363636363,CT_enriched,0.0451548451548451,True,5005.0,42,49,9.7432,14.1323,-0.4942,Dominant,0.169821349650737,0.335554627128949,flat,DIEr,Dominant Isoform Erosion,trial_failure_explanation,SR
Excitatory_neuron,UBE2D3-210,UBE2D3,0.7437137330754352,0.4905263157894737,1.725457765349264e-33,6.993526816927044e-32,True,0.2531874172859615,AD_enriched,0.0358,True,10000.0,769,233,139.3186,70.5848,0.971,Dominant,-0.0474903835323888,0.799724666997775,flat,DIR,Dominant Isoform Redistribution,,SR
Excitatory_neuron,UBTF-202,UBTF,0.5620689655172414,0.3333333333333333,0.000161544316366,0.0004449840139746,True,0.228735632183908,AD_enriched,0.0223,True,10000.0,163,51,27.1258,13.9266,0.914,Dominant,0.114033692512211,0.625144612335178,flat,DIR,Dominant Isoform Redistribution,,SR
Excitatory_neuron,UNC13A-202,UNC13A,0.0688405797101449,0.3021077283372365,4.777551983251302e-21,8.126421155204194e-20,True,-0.2332671486270915,CT_enriched,0.0034,True,10000.0,38,129,4.3011,37.8745,-2.8745,Minor,0.0672439400509869,0.812871332677066,flat,MIEr,Minor Isoform Erosion,,SR
Excitatory_neuron,UNC13A-204,UNC13A,0.9221014492753624,0.6955503512880562,4.777551983251302e-21,8.126421155204194e-20,True,0.2265510979873062,AD_enriched,0.0051,True,10000.0,509,297,66.5479,101.8251,-0.6062,Dominant,0.0672439400509869,0.812871332677066,flat,DIR,Dominant Isoform Redistribution,,SR
Excitatory_neuron,USP53-209,USP53,0.3695652173913043,0.8421052631578947,2.753848697578912e-06,1.00841759483362e-05,True,-0.4725400457665903,CT_enriched,0.0346320346320346,True,462.0,17,48,8.0682,20.3161,-1.2331,Dominant,0.275021756520287,0.234070777675085,flat,DIEr,Dominant Isoform Erosion,trial_failure_explanation,SR
Excitatory_neuron,transcript6174.chr4.nic,UVSSA,0.7160493827160493,0.0943396226415094,7.438512199020109e-12,5.3294310128939025e-11,True,0.6217097600745399,AD_enriched,0.0334110334110334,True,1287.0,58,5,19.1058,1.5773,2.9637,Minor,0.230710429843525,0.44069739227983,flat,MIR,Minor Isoform Redistribution,new_target_candidate,SR
Excitatory_neuron,UVSSA-212,UVSSA,0.2592592592592592,0.8867924528301887,7.438512199020109e-12,5.3294310128939025e-11,True,-0.6275331935709295,CT_enriched,0.0404040404040404,True,1287.0,21,47,4.7356,9.9657,-0.935,Dominant,0.230710429843525,0.44069739227983,flat,DIEr,Dominant Isoform Erosion,trial_failure_explanation,SR
Excitatory_neuron,transcript134204.chr10.nnic,VCL,0.1195652173913043,0.3769230769230769,4.157911152944271e-11,2.7536940997043616e-10,True,-0.2573578595317726,CT_enriched,0.0316,True,10000.0,22,49,3.217,27.095,-2.736,Minor,0.0378826924860347,0.862320356033874,flat,MIEr,Minor Isoform Erosion,,SR
Excitatory_neuron,VLDLR-216,VLDLR,0.25,0.0383275261324041,5.915831473192631e-25,1.3153916187885681e-23,True,0.2116724738675959,AD_enriched,0.0236430236430236,True,3003.0,13,11,2.2707,3.0569,-0.3108,Minor,-0.156936716474003,0.831765584497382,flat,MIR,Minor Isoform Redistribution,new_target_candidate,SR
Excitatory_neuron,VSTM4-202,VSTM4,0.3409090909090909,0.8,3.43502491364979e-10,2.070062167588612e-09,True,-0.4590909090909091,CT_enriched,0.0476190476190476,True,252.0,15,52,3.0892,56.002,-3.8011,Dominant,0.124570469123221,0.872616327067583,flat,DIEr,Dominant Isoform Erosion,trial_failure_explanation,SR
Excitatory_neuron,transcript175975.chr8.nic,WASHC5,0.7916666666666666,0.0449438202247191,1.2698991078609796e-26,3.3484737442594527e-25,True,0.7467228464419475,AD_enriched,0.0151515151515151,True,330.0,76,4,21.3198,0.9961,3.483,Minor,0.112490121223099,0.680702924935371,flat,MIR,Minor Isoform Redistribution,new_target_candidate,SR
Excitatory_neuron,WASHC5-201,WASHC5,0.09375,0.898876404494382,1.2698991078609796e-26,3.3484737442594527e-25,True,-0.805126404494382,CT_enriched,0.0212121212121212,True,330.0,9,80,6.5263,20.1135,-1.4882,Dominant,0.112490121223099,0.680702924935371,flat,DIEr,Dominant Isoform Erosion,trial_failure_explanation,SR
Excitatory_neuron,WDR1-211,WDR1,0.2980769230769231,0.7752808988764045,1.5377368780066653e-14,1.4351536415396417e-13,True,-0.4772039757994814,CT_enriched,0.0362970362970362,True,3003.0,62,69,8.5124,49.6024,-2.4113,Dominant,0.477226055454465,0.0628153736948082,flat,DIEr,Dominant Isoform Erosion,trial_failure_explanation,SR
Excitatory_neuron,WDR91-208,WDR91,0.7559523809523809,0.3576923076923077,2.2843388751279406e-26,5.807460803327057e-25,True,0.3982600732600732,AD_enriched,0.0236,True,10000.0,254,93,55.3562,33.0911,0.7252,Minor,-0.193662784669635,0.615870674023809,flat,MIR,Minor Isoform Redistribution,new_target_candidate,SR
Excitatory_neuron,WTAP-206,WTAP,0.0490196078431372,0.2903225806451613,3.846394981748878e-06,1.3870096393261208e-05,True,-0.2413029728020241,CT_enriched,0.0303030303030303,True,924.0,5,18,0.7232,6.1544,-2.0537,Minor,-0.0678548816571741,0.749938117446493,flat,MIEr,Minor Isoform Erosion,,SR
Excitatory_neuron,WWOX-218,WWOX,0.7608695652173914,0.9901960784313726,5.229273746404246e-06,1.845335257872901e-05,True,-0.2293265132139812,CT_enriched,0.0333333333333333,True,120.0,35,101,6.246,24.0307,-1.7884,Dominant,0.0783075994050347,0.82316230820088,flat,DIEr,Dominant Isoform Erosion,trial_failure_explanation,SR
Excitatory_neuron,WWOX-222,WWOX,0.217391304347826,0.0,5.229273746404246e-06,1.845335257872901e-05,True,0.217391304347826,AD_enriched,0.0416666666666666,True,120.0,10,0,11.9336,0.0,3.693,Minor,0.0783075994050347,0.82316230820088,flat,MIR,Minor Isoform Redistribution,new_target_candidate,SR
Excitatory_neuron,XRN1-202,XRN1,0.0397350993377483,0.3333333333333333,3.284246959095376e-07,1.374345939873953e-06,True,-0.293598233995585,CT_enriched,0.0074925074925074,True,8008.0,6,13,1.3435,7.5548,-1.8681,Minor,0.200914164819522,0.397340300801673,flat,MIEr,Minor Isoform Erosion,,SR
Excitatory_neuron,XXYLT1-205,XXYLT1,0.2682926829268293,0.0449438202247191,0.0006534333627946,0.0016115447991315,True,0.2233488627021101,AD_enriched,0.0357142857142857,True,924.0,11,4,3.0301,1.8867,0.4814,Minor,-0.0447444575464927,0.924301905179683,flat,MIR,Minor Isoform Redistribution,new_target_candidate,SR
Excitatory_neuron,XXYLT1-201,XXYLT1,0.7317073170731707,0.9550561797752808,0.0006534333627946,0.0016115447991315,True,-0.22334886270211,CT_enriched,0.0357142857142857,True,924.0,30,85,3.08,26.193,-2.7366,Dominant,-0.0447444575464927,0.924301905179683,flat,DIEr,Dominant Isoform Erosion,trial_failure_explanation,SR
Excitatory_neuron,YPEL4-204,YPEL4,0.3469387755102041,0.125,0.0009465505357301,0.002268970243303,True,0.221938775510204,AD_enriched,0.0353646353646353,True,5005.0,17,4,3.3919,1.5661,0.7753,Minor,-0.0850956577985664,0.848892923402851,flat,MIR,Minor Isoform Redistribution,new_target_candidate,SR
Excitatory_neuron,YPEL4-203,YPEL4,0.2653061224489796,0.71875,0.0009465505357301,0.002268970243303,True,-0.4534438775510204,CT_enriched,0.0333666333666333,True,5005.0,13,23,3.0385,23.3368,-2.5913,Dominant,-0.0850956577985664,0.848892923402851,flat,DIEr,Dominant Isoform Erosion,trial_failure_explanation,SR
Excitatory_neuron,ZBBX-214,ZBBX,0.9577464788732394,0.4626865671641791,3.4657050365311997e-09,1.8372381034466217e-08,True,0.4950599117090603,AD_enriched,0.0086580086580086,True,462.0,68,31,32.8812,18.2803,0.8134,Dominant,-0.0516488866765828,0.938239568985346,flat,DIR,Dominant Isoform Redistribution,,SR
Excitatory_neuron,transcript271339.chr3.nnic,ZBBX,0.028169014084507,0.4029850746268656,3.4657050365311997e-09,1.8372381034466217e-08,True,-0.3748160605423586,CT_enriched,0.0324675324675324,True,462.0,2,27,0.3444,15.905,-3.6524,Minor,-0.0516488866765828,0.938239568985346,flat,MIEr,Minor Isoform Erosion,,SR
Excitatory_neuron,ZBTB24-207,ZBTB24,0.0043668122270742,0.2112676056338028,7.148214548384148e-24,1.4739036567351383e-22,True,-0.2069007934067286,CT_enriched,0.0229770229770229,True,8008.0,1,15,0.3625,13.6828,-3.4298,Minor,-0.0409936813090574,0.944258896000393,flat,MIEr,Minor Isoform Erosion,,SR
Excitatory_neuron,ZCCHC4-201,ZCCHC4,0.2474226804123711,0.0267857142857142,2.5027066296226188e-06,9.231252274525865e-06,True,0.2206369661266569,AD_enriched,0.0164141414141414,True,792.0,24,3,3.4621,1.3943,0.8981,Minor,0.116611727232125,0.782500123760495,flat,MIR,Minor Isoform Redistribution,new_target_candidate,SR
Excitatory_neuron,ZEB1-204,ZEB1,0.2536231884057971,0.4975609756097561,3.656923899924032e-09,1.93138951765906e-08,True,-0.2439377872039589,CT_enriched,0.0417082917082917,True,8008.0,105,102,21.0857,33.8668,-0.6587,Dominant,0.230177385173611,0.655770672043648,flat,DIEr,Dominant Isoform Erosion,trial_failure_explanation,SR
Excitatory_neuron,ZGRF1-205,ZGRF1,0.0382165605095541,0.4067796610169492,1.0534008222344267e-10,6.689142374314041e-10,True,-0.3685631005073951,CT_enriched,0.0029970029970029,True,2002.0,6,24,1.9589,8.8069,-1.7287,Minor,0.189126743744385,0.672447006498707,flat,MIEr,Minor Isoform Erosion,,SR
Excitatory_neuron,ZNF236-202,ZNF236,0.9298701298701298,0.7101449275362319,6.479765079901305e-09,3.323280817913229e-08,True,0.2197252023338979,AD_enriched,0.0357,True,10000.0,358,49,58.2144,20.4143,1.4674,Dominant,-0.0225064677413468,0.948368610661167,flat,DIR,Dominant Isoform Redistribution,,SR
Excitatory_neuron,ZNF280D-201,ZNF280D,0.6611428571428571,0.4598070739549839,4.8781348157873455e-32,1.7300305124189823e-30,True,0.2013357831878732,AD_enriched,0.0179,True,10000.0,1157,572,191.0449,201.5938,-0.0771,Dominant,0.048788226244107,0.76919785011085,flat,DIR,Dominant Isoform Redistribution,,SR
Excitatory_neuron,ZNF3-214,ZNF3,0.2866043613707165,0.018018018018018,9.883661881945356e-15,9.422690017290109e-14,True,0.2685863433526985,AD_enriched,0.0057942057942057,True,5005.0,92,4,13.2659,0.8077,2.9804,Minor,0.218594842346006,0.563640642099262,flat,MIR,Minor Isoform Redistribution,new_target_candidate,SR
Excitatory_neuron,ZNF335-201,ZNF335,0.9946236559139784,0.7933884297520661,4.737828601574443e-09,2.4637403424463e-08,True,0.2012352261619122,AD_enriched,0.0296814296814296,True,6435.0,185,96,29.6259,30.1642,-0.0251,Dominant,-0.224395168805955,0.192055121544651,flat,DIR,Dominant Isoform Redistribution,,SR
Excitatory_neuron,ZNF337-201,ZNF337,0.1597444089456869,0.5702479338842975,2.3297264251811318e-17,2.8344338823001317e-16,True,-0.4105035249386106,CT_enriched,0.0366300366300366,True,3003.0,50,69,11.0881,16.1232,-0.5024,Dominant,0.103572764551478,0.670968854860764,flat,DIEr,Dominant Isoform Erosion,trial_failure_explanation,SR
Excitatory_neuron,ZNF337-202,ZNF337,0.8402555910543131,0.4297520661157025,2.3297264251811318e-17,2.8344338823001317e-16,True,0.4105035249386106,AD_enriched,0.0366300366300366,True,3003.0,263,52,60.6285,15.8533,1.8706,Minor,0.103572764551478,0.670968854860764,flat,MIR,Minor Isoform Redistribution,new_target_candidate,SR
Excitatory_neuron,transcript92645.chr10.nnic,ZNF33B,0.2692307692307692,0.0451612903225806,2.1542095017052733e-05,6.830490833972062e-05,True,0.2240694789081886,AD_enriched,0.0251,True,10000.0,14,7,6.3608,6.3798,-0.0037,Minor,0.0923288095666076,0.838490487855376,flat,MIR,Minor Isoform Redistribution,new_target_candidate,SR
Excitatory_neuron,ZNF407-204,ZNF407,0.4503816793893129,0.1258278145695364,4.571304545188648e-11,3.0190189142479576e-10,True,0.3245538648197765,AD_enriched,0.05,True,10000.0,118,19,16.1122,5.4926,1.3982,Minor,0.155329293668622,0.663771703145083,flat,MIR,Minor Isoform Redistribution,new_target_candidate,SR
Excitatory_neuron,ZNF433-208,ZNF433,0.7473684210526316,0.4186046511627907,1.671142535934972e-06,6.301655506319381e-06,True,0.3287637698898408,AD_enriched,0.019047619047619,True,210.0,71,18,10.2766,4.0908,1.1474,Dominant,0.117955283818983,0.716921474206588,flat,DIR,Dominant Isoform Redistribution,,SR
Excitatory_neuron,ZNF44-202,ZNF44,0.6233766233766234,0.8571428571428571,2.153163524378391e-08,1.0326158808935721e-07,True,-0.2337662337662337,CT_enriched,0.0425574425574425,True,5005.0,96,114,16.1498,26.5362,-0.6831,Dominant,0.080760991123652,0.732076977304176,flat,DIEr,Dominant Isoform Erosion,trial_failure_explanation,SR
Excitatory_neuron,ZNF444-204,ZNF444,0.1370967741935483,0.5970149253731343,4.795645782002114e-10,2.818186870898178e-09,True,-0.459918151179586,CT_enriched,0.0436507936507936,True,252.0,17,40,6.7355,10.2942,-0.546,Dominant,-0.033789311474958,0.937196587732502,flat,DIEr,Dominant Isoform Erosion,trial_failure_explanation,SR
Excitatory_neuron,ZNF462-201,ZNF462,0.8883248730964467,0.6102941176470589,1.8123801118590803e-08,8.780882604792661e-08,True,0.2780307554493878,AD_enriched,0.0291,True,10000.0,175,83,77.3685,31.1369,1.286,Dominant,0.0776945740129012,0.93346393908507,flat,DIR,Dominant Isoform Redistribution,,SR
Excitatory_neuron,ZNF550-208,ZNF550,0.3296703296703296,0.9556962025316456,1.88063334256788e-26,4.904166286336019e-25,True,-0.626025872861316,CT_enriched,0.0163170163170163,True,1716.0,30,151,5.8199,29.9884,-2.1839,Dominant,-0.160956281564794,0.671503157764927,flat,DIEr,Dominant Isoform Erosion,trial_failure_explanation,SR
Excitatory_neuron,ZNF550-204,ZNF550,0.6373626373626373,0.0253164556962025,1.88063334256788e-26,4.904166286336019e-25,True,0.6120461816664349,AD_enriched,0.0198135198135198,True,1716.0,58,4,7.1141,1.5661,1.6608,Minor,-0.160956281564794,0.671503157764927,flat,MIR,Minor Isoform Redistribution,new_target_candidate,SR
Excitatory_neuron,ZNF554-201,ZNF554,0.4057971014492754,0.8095238095238095,0.0001724504173676,0.0004720921691967,True,-0.4037267080745341,CT_enriched,0.0489510489510489,True,3003.0,28,34,4.1106,8.8075,-0.9404,Dominant,0.130268791913492,0.665051344083857,flat,DIEr,Dominant Isoform Erosion,trial_failure_explanation,SR
Excitatory_neuron,transcript99320.chr19.nic,ZNF571,0.1147540983606557,0.6666666666666666,4.1487583695800365e-20,6.598014151441972e-19,True,-0.5519125683060109,CT_enriched,0.0192307692307692,True,3432.0,14,56,2.9125,14.9622,-2.0285,Dominant,0.0059754010170772,0.989618140878017,flat,DIEr,Dominant Isoform Erosion,trial_failure_explanation,SR
Excitatory_neuron,ZNF582-202,ZNF582,0.8947368421052632,0.5135135135135135,1.0590249247678218e-15,1.0934008429953651e-14,True,0.3812233285917497,AD_enriched,0.0142857142857142,True,210.0,204,38,26.1944,9.4836,1.3752,Dominant,-0.200453549046605,0.573231196848964,flat,DIR,Dominant Isoform Redistribution,,SR
Excitatory_neuron,transcript145765.chr19.nnic,ZNF582,0.0701754385964912,0.4864864864864865,1.0590249247678218e-15,1.0934008429953651e-14,True,-0.4163110478899953,CT_enriched,0.0142857142857142,True,210.0,16,36,1.5626,9.3466,-2.0135,Minor,-0.200453549046605,0.573231196848964,flat,MIEr,Minor Isoform Erosion,,SR
Excitatory_neuron,ZNF620-201,ZNF620,0.3764705882352941,0.0967741935483871,0.0074580891347325,0.0149224897694381,True,0.279696394686907,AD_enriched,0.0285714285714285,True,210.0,32,3,12.1055,0.8346,2.8366,Minor,0.169205816658787,0.699858218053829,flat,MIR,Minor Isoform Redistribution,new_target_candidate,SR
Excitatory_neuron,ZNF620-202,ZNF620,0.6235294117647059,0.9032258064516128,0.0074580891347325,0.0149224897694381,True,-0.2796963946869069,CT_enriched,0.0285714285714285,True,210.0,53,28,27.3281,6.6377,1.891,Dominant,0.169205816658787,0.699858218053829,flat,DIEr,Dominant Isoform Erosion,trial_failure_explanation,SR
Excitatory_neuron,ZNF711-204,ZNF711,0.1384180790960452,0.4803921568627451,3.3484696408415625e-12,2.47145631243384e-11,True,-0.3419740777666999,CT_enriched,0.006,True,10000.0,49,49,7.3077,22.499,-1.5001,Dominant,0.208868787718644,0.422720989681769,flat,DIEr,Dominant Isoform Erosion,trial_failure_explanation,SR
Excitatory_neuron,ZNF736-202,ZNF736,0.1285714285714285,0.7222222222222222,1.3415999903464218e-39,7.736559944331035e-38,True,-0.5936507936507938,CT_enriched,0.0291375291375291,True,1716.0,18,104,2.9162,24.7799,-2.7187,Dominant,0.151746215551894,0.58013992071351,flat,DIEr,Dominant Isoform Erosion,trial_failure_explanation,SR
Excitatory_neuron,transcript76787.chr7.nnic,ZNF736,0.8,0.0138888888888888,1.3415999903464218e-39,7.736559944331035e-38,True,0.7861111111111112,AD_enriched,0.0017482517482517,True,1716.0,112,2,17.826,0.5102,3.6399,Minor,0.151746215551894,0.58013992071351,flat,MIR,Minor Isoform Redistribution,new_target_candidate,SR
Excitatory_neuron,ZNF780B-202,ZNF780B,0.73,0.1323529411764706,2.680087929803844e-16,2.956432921632763e-15,True,0.5976470588235294,AD_enriched,0.0158,True,10000.0,73,9,13.7832,2.4674,2.092,Minor,0.275445375855416,0.47640411871256,flat,MIR,Minor Isoform Redistribution,new_target_candidate,SR
Excitatory_neuron,ZNF790-201,ZNF790,0.6928104575163399,0.9375,0.0002002976234788,0.0005420492343896,True,-0.2446895424836601,CT_enriched,0.0299700299700299,True,5005.0,106,75,26.55,19.8584,0.4014,Dominant,-0.230485033761003,0.409280143714484,flat,DIEr,Dominant Isoform Erosion,trial_failure_explanation,SR
Inhibitory_neuron,AAMP-208,AAMP,0.2535211267605634,0.5222222222222223,0.0001096188230337,0.000317264334838,True,-0.2687010954616589,CT_enriched,0.0387,True,10000.0,54,47,15.1174,32.3953,-1.051,Dominant,-0.11633701361753,0.949091198960442,flat,DIEr,Dominant Isoform Erosion,trial_failure_explanation,SR
Inhibitory_neuron,AARS1-225,AARS1,0.5894736842105263,0.1773162939297124,1.0009399695110124e-82,4.340999652386991e-80,True,0.4121573902808139,AD_enriched,0.0075924075924075,True,5005.0,280,111,98.8095,39.0489,1.3174,Minor,-0.0307427025331272,0.96900846079196,flat,MIR,Minor Isoform Redistribution,new_target_candidate,SR
Inhibitory_neuron,AARS1-201,AARS1,0.1978947368421052,0.7348242811501597,1.0009399695110124e-82,4.340999652386991e-80,True,-0.5369295443080545,CT_enriched,0.0179820179820179,True,5005.0,94,460,37.5016,218.7646,-2.513,Dominant,-0.0307427025331272,0.96900846079196,flat,DIEr,Dominant Isoform Erosion,trial_failure_explanation,SR
Inhibitory_neuron,ABCB9-202,ABCB9,0.4166666666666667,0.0,4.569026655686395e-09,2.4440391162011285e-08,True,0.4166666666666667,AD_enriched,0.0285714285714285,True,210.0,15,0,1.5125,0.0,1.3291,Minor,-0.0317243299638208,0.972008642153609,flat,MIR,Minor Isoform Redistribution,new_target_candidate,SR
Inhibitory_neuron,transcript47592.chr16.nic,ABCC1,0.2272727272727272,0.6885245901639344,1.3329201134830433e-08,6.70383907209402e-08,True,-0.4612518628912072,CT_enriched,0.0178710178710178,True,1287.0,15,42,11.0694,43.5369,-1.8837,Dominant,-0.0742106481457752,0.923949967074382,flat,DIEr,Dominant Isoform Erosion,trial_failure_explanation,SR
Inhibitory_neuron,ACACA-237,ACACA,0.0909090909090909,0.8333333333333334,3.4294469366399765e-18,4.821751079495308e-17,True,-0.7424242424242424,CT_enriched,0.0202020202020202,True,1287.0,10,35,6.8094,22.6922,-1.6011,Dominant,-0.0422732836560362,0.937975400376556,flat,DIEr,Dominant Isoform Erosion,trial_failure_explanation,SR
Inhibitory_neuron,ACER3-212,ACER3,0.78125,0.4939024390243902,9.551371866711044e-06,3.279575796864607e-05,True,0.2873475609756098,AD_enriched,0.05,True,120.0,50,81,42.8714,15.8357,1.3818,Dominant,0.21592824180895,0.547767638764599,flat,DIR,Dominant Isoform Redistribution,,SR
Inhibitory_neuron,ACSL3-201,ACSL3,0.0951276102088167,0.5054945054945055,7.906148023279687e-82,3.183918753946491e-79,True,-0.4103668952856887,CT_enriched,0.0291,True,10000.0,41,368,16.165,95.4428,-2.4902,Dominant,0.0276911771324096,0.971859172245089,flat,DIEr,Dominant Isoform Erosion,trial_failure_explanation,SR
Inhibitory_neuron,ADCK5-201,ADCK5,0.6194690265486725,0.2985074626865671,6.346324419799284e-05,0.0001903222185044,True,0.3209615638621054,AD_enriched,0.0238095238095238,True,126.0,70,20,22.8203,7.5518,1.4779,Minor,0.0150200426867397,0.991560941927378,flat,MIR,Minor Isoform Redistribution,new_target_candidate,SR
Inhibitory_neuron,ADCK5-205,ADCK5,0.3805309734513274,0.6716417910447762,6.346324419799284e-05,0.0001903222185044,True,-0.2911108175934487,CT_enriched,0.0238095238095238,True,126.0,43,45,12.361,28.2696,-1.1314,Dominant,0.0150200426867397,0.991560941927378,flat,DIEr,Dominant Isoform Erosion,trial_failure_explanation,SR
Inhibitory_neuron,ADD1-206,ADD1,0.2395437262357414,0.0074074074074074,4.2377254343012006e-21,7.306512537795158e-20,True,0.232136318828334,AD_enriched,0.0216033966033966,True,8008.0,63,1,52.4829,1.0726,4.6895,Minor,0.0350118828135763,0.92616430555236,flat,MIR,Minor Isoform Redistribution,new_target_candidate,SR
Inhibitory_neuron,ADGRL3-215,ADGRL3,0.7509293680297398,0.2868217054263566,1.1492044714051806e-24,2.666343543120333e-23,True,0.4641076626033831,AD_enriched,0.046,True,10000.0,202,74,129.7709,30.7301,2.0431,Minor,-0.0084719037054016,0.989369687731126,flat,MIR,Minor Isoform Redistribution,new_target_candidate,SR
Inhibitory_neuron,ADPRM-201,ADPRM,0.2884615384615384,0.0441176470588235,5.692615501460931e-05,0.0001719066213028,True,0.2443438914027149,AD_enriched,0.0,True,165.0,15,3,9.4029,1.2123,2.2334,Minor,-0.0010499954709174,0.999178459205091,flat,MIR,Minor Isoform Redistribution,new_target_candidate,SR
Inhibitory_neuron,ADPRM-202,ADPRM,0.6153846153846154,0.9411764705882352,5.692615501460931e-05,0.0001719066213028,True,-0.3257918552036197,CT_enriched,0.0,True,165.0,32,64,11.1402,23.7729,-1.029,Dominant,-0.0010499954709174,0.999178459205091,flat,DIEr,Dominant Isoform Erosion,trial_failure_explanation,SR
Inhibitory_neuron,ADSL-225,ADSL,0.0617283950617283,0.2972972972972973,0.0078566296332713,0.0160375372456133,True,-0.235568902235569,CT_enriched,0.019047619047619,True,210.0,5,11,1.6388,4.7773,-1.1305,Minor,-0.0495984086050767,0.948767650513916,flat,MIEr,Minor Isoform Erosion,,SR
Inhibitory_neuron,ALS2-265,ALS2,0.379182156133829,0.1104972375690607,1.4566163608791996e-22,2.8028679326405896e-21,True,0.2686849185647683,AD_enriched,0.029,True,10000.0,102,20,36.467,12.5565,1.4666,Minor,0.0626628701855744,0.91356940708416,flat,MIR,Minor Isoform Redistribution,new_target_candidate,SR
Inhibitory_neuron,AMD1-203,AMD1,0.0634920634920634,0.7045454545454546,3.015109924370714e-12,2.380838901064717e-11,True,-0.6410533910533912,CT_enriched,0.0238095238095238,True,84.0,4,31,0.7296,6.4021,-2.0975,Dominant,0.0876428757017431,0.948608681169918,flat,DIEr,Dominant Isoform Erosion,trial_failure_explanation,SR
Inhibitory_neuron,transcript172842.chr1.nnic,AMIGO1,0.5476190476190477,0.0,3.636130347728896e-20,5.925000838293499e-19,True,0.5476190476190477,AD_enriched,0.0142857142857142,True,70.0,46,0,8.4631,0.0,3.2423,Minor,0.0079843936248896,0.993343512240856,flat,MIR,Minor Isoform Redistribution,new_target_candidate,SR
Inhibitory_neuron,AMIGO1-202,AMIGO1,0.4523809523809524,1.0,3.636130347728896e-20,5.925000838293499e-19,True,-0.5476190476190477,CT_enriched,0.0142857142857142,True,70.0,38,125,8.3226,56.2396,-2.6182,Dominant,0.0079843936248896,0.993343512240856,flat,DIEr,Dominant Isoform Erosion,trial_failure_explanation,SR
Inhibitory_neuron,AMT-242,AMT,0.6931818181818182,0.2164179104477611,2.9569763277306226e-12,2.3447865732412448e-11,True,0.4767639077340571,AD_enriched,0.0194805194805194,True,462.0,61,29,14.1714,7.3296,0.865,Dominant,-0.263048660714261,0.875643337125402,flat,DIR,Dominant Isoform Redistribution,,SR
Inhibitory_neuron,ANKHD1-203,ANKHD1,0.3333333333333333,0.0486486486486486,7.259145537508104e-11,4.720537778601e-10,True,0.2846846846846847,AD_enriched,0.0396270396270396,True,3003.0,24,9,16.0378,8.0829,0.9075,Minor,0.224495165505125,0.731158888317606,flat,MIR,Minor Isoform Redistribution,new_target_candidate,SR
Inhibitory_neuron,ANKRD13A-210,ANKRD13A,0.8333333333333334,0.3734177215189873,1.896098880940968e-05,6.208017125868279e-05,True,0.4599156118143461,AD_enriched,0.0095238095238095,True,210.0,25,59,9.6238,21.6724,-1.0936,Minor,0.182441958402344,0.803839090771699,flat,MIR,Minor Isoform Redistribution,new_target_candidate,SR
Inhibitory_neuron,ANKS3-216,ANKS3,0.0446927374301676,0.3548387096774194,6.32324442586811e-12,4.760281753096802e-11,True,-0.3101459722472517,CT_enriched,0.0081918081918081,True,5005.0,8,22,3.1116,8.611,-1.225,Dominant,0.0360123974767566,0.951085042549346,flat,DIEr,Dominant Isoform Erosion,trial_failure_explanation,SR
Inhibitory_neuron,AP3D1-202,AP3D1,0.6730769230769231,0.2234042553191489,2.5276809549661757e-09,1.3930660043107818e-08,True,0.4496726677577742,AD_enriched,0.0204795204795204,True,8008.0,70,21,23.8968,14.9145,0.6456,Minor,0.0779590380548706,0.904304387259505,flat,MIR,Minor Isoform Redistribution,new_target_candidate,SR
Inhibitory_neuron,AP5S1-203,AP5S1,0.0285714285714285,0.7717391304347826,1.179084433381016e-13,1.095169363328199e-12,True,-0.7431677018633541,CT_enriched,0.0396825396825396,True,126.0,1,71,0.1008,17.5234,-4.0727,Dominant,-0.0524514840540258,0.97101520860055,flat,DIEr,Dominant Isoform Erosion,trial_failure_explanation,SR
Inhibitory_neuron,ARFGAP1-212,ARFGAP1,0.36,0.0434782608695652,3.005854885978632e-05,9.510106535997487e-05,True,0.3165217391304348,AD_enriched,0.0484848484848484,True,330.0,18,2,2.9197,0.4226,1.4622,Minor,0.167339406066171,0.902429898074824,flat,MIR,Minor Isoform Redistribution,new_target_candidate,SR
Inhibitory_neuron,ARFRP1-214,ARFRP1,0.4741379310344827,0.7941176470588235,0.0005219720968463,0.0013487070036754,True,-0.3199797160243408,CT_enriched,0.0142857142857142,True,210.0,55,54,14.984,20.6526,-0.4379,Dominant,-0.13477237571057,0.930898506971095,flat,DIEr,Dominant Isoform Erosion,trial_failure_explanation,SR
Inhibitory_neuron,ARHGAP29-201,ARHGAP29,0.6173469387755102,0.8532608695652174,4.939116741700544e-06,1.763568093078383e-05,True,-0.2359139307897072,CT_enriched,0.0112,True,10000.0,121,157,41.0101,103.1103,-1.3093,Dominant,0.193418053326642,0.706551166220654,flat,DIEr,Dominant Isoform Erosion,trial_failure_explanation,SR
Inhibitory_neuron,ARMC9-234,ARMC9,0.2151898734177215,0.0,1.859504165816497e-46,1.8018544654412322e-44,True,0.2151898734177215,AD_enriched,0.0239898989898989,True,792.0,17,0,1.7142,0.0,1.4405,Minor,0.010359908375672,0.988911566677798,flat,MIR,Minor Isoform Redistribution,new_target_candidate,SR
Inhibitory_neuron,ARMC9-240,ARMC9,0.2025316455696202,0.0,1.859504165816497e-46,1.8018544654412322e-44,True,0.2025316455696202,AD_enriched,0.0441919191919191,True,792.0,16,0,5.8023,0.0,2.766,Minor,0.010359908375672,0.988911566677798,flat,MIR,Minor Isoform Redistribution,new_target_candidate,SR
Inhibitory_neuron,transcript230311.chr1.nnic,ARNT,0.25,0.0,0.0002893797181164,0.0007798866399333,True,0.25,AD_enriched,0.0367965367965368,True,462.0,9,0,4.0614,0.0,2.3395,Minor,0.0696004926514316,0.874750979090934,flat,MIR,Minor Isoform Redistribution,new_target_candidate,SR
Inhibitory_neuron,ARSG-201,ARSG,0.7525252525252525,0.1666666666666666,6.512845691828462e-10,3.828928468251188e-09,True,0.5858585858585859,AD_enriched,0.0285714285714285,True,70.0,149,5,17.8285,1.413,2.964,Minor,0.181859076450357,0.853744140117725,flat,MIR,Minor Isoform Redistribution,new_target_candidate,SR
Inhibitory_neuron,ARSG-208,ARSG,0.2474747474747475,0.8333333333333334,6.512845691828462e-10,3.828928468251188e-09,True,-0.5858585858585859,CT_enriched,0.0285714285714285,True,70.0,49,25,9.7576,10.01,-0.0335,Dominant,0.181859076450357,0.853744140117725,flat,DIEr,Dominant Isoform Erosion,trial_failure_explanation,SR
Inhibitory_neuron,ASB3-201,ASB3,0.79375,0.5900621118012422,3.125659027431702e-05,9.850455895282244e-05,True,0.2036878881987577,AD_enriched,0.011072261072261,True,1716.0,127,95,36.5925,38.2548,-0.0624,Dominant,0.0511805336585046,0.89324148900802,flat,DIR,Dominant Isoform Redistribution,,SR
Inhibitory_neuron,ASB7-201,ASB7,0.7906976744186046,0.0471698113207547,5.722009237811242e-20,9.191079225863189e-19,True,0.7435278630978499,AD_enriched,0.05,True,20.0,34,5,6.8374,2.6447,1.1046,Minor,0.0044741744187803,0.994969938556763,flat,MIR,Minor Isoform Redistribution,new_target_candidate,SR
Inhibitory_neuron,ASB7-202,ASB7,0.2093023255813953,0.9528301886792452,5.722009237811242e-20,9.191079225863189e-19,True,-0.7435278630978499,CT_enriched,0.05,True,20.0,9,101,1.6084,48.5515,-4.2477,Dominant,0.0044741744187803,0.994969938556763,flat,DIEr,Dominant Isoform Erosion,trial_failure_explanation,SR
Inhibitory_neuron,ASPSCR1-202,ASPSCR1,0.6542056074766355,0.131578947368421,1.596548495801447e-15,1.7580743006501092e-14,True,0.5226266601082145,AD_enriched,0.0346736596736596,True,3432.0,70,15,22.3537,7.5461,1.4503,Minor,-0.141257125131527,0.886213767148837,flat,MIR,Minor Isoform Redistribution,new_target_candidate,SR
Inhibitory_neuron,ATF7IP-209,ATF7IP,0.0598290598290598,0.2777777777777778,5.664083016647585e-12,4.2864563822629644e-11,True,-0.217948717948718,CT_enriched,0.0298,True,10000.0,14,25,5.9673,7.9089,-0.3546,Minor,0.0603690237448933,0.91461714698303,flat,MIEr,Minor Isoform Erosion,,SR
Inhibitory_neuron,ATG16L1-204,ATG16L1,0.1964285714285714,0.7384615384615385,7.465384980199755e-15,7.737103036464379e-14,True,-0.5420329670329671,CT_enriched,0.0036213786213786,True,8008.0,22,96,6.3338,33.264,-2.2241,Dominant,-0.0637732610035446,0.938005971087957,flat,DIEr,Dominant Isoform Erosion,trial_failure_explanation,SR
Inhibitory_neuron,ATG4B-206,ATG4B,0.0055865921787709,0.2101449275362318,1.496713495764713e-09,8.421627434252952e-09,True,-0.2045583353574609,CT_enriched,0.0075757575757575,True,1716.0,1,29,0.1008,10.2462,-3.3528,Minor,-0.132329887116412,0.841192986396311,flat,MIEr,Minor Isoform Erosion,,SR
Inhibitory_neuron,ATG9A-202,ATG9A,0.0163934426229508,0.3860759493670886,3.2808733028923304e-13,2.8947673993281624e-12,True,-0.3696825067441378,CT_enriched,0.019047619047619,True,210.0,1,61,0.7092,23.0333,-3.8137,Dominant,-0.176833437037394,0.846438026559271,flat,DIEr,Dominant Isoform Erosion,trial_failure_explanation,SR
Inhibitory_neuron,ATG9B-209,ATG9B,0.1636363636363636,0.5972222222222222,3.3039607519492627e-06,1.2167035087844508e-05,True,-0.4335858585858586,CT_enriched,0.0476190476190476,True,126.0,9,43,1.1539,20.2997,-3.3058,Dominant,-0.483054756046362,0.547767638764599,flat,DIEr,Dominant Isoform Erosion,trial_failure_explanation,SR
Inhibitory_neuron,ATOSA-203,ATOSA,0.3443708609271523,0.08125,2.3135542233925773e-08,1.1312939038584e-07,True,0.2631208609271523,AD_enriched,0.0137,True,10000.0,104,13,49.0768,11.9458,1.9517,Minor,0.0921311267006486,0.906167502459897,flat,MIR,Minor Isoform Redistribution,new_target_candidate,SR
Inhibitory_neuron,ATP13A2-203,ATP13A2,0.028169014084507,0.646551724137931,2.5800394970232023e-15,2.7813121767144962e-14,True,-0.618382710053424,CT_enriched,0.0149184149184149,True,6435.0,2,75,0.3613,17.1305,-3.7354,Dominant,-0.210594914140318,0.681199645615829,flat,DIEr,Dominant Isoform Erosion,trial_failure_explanation,SR
Inhibitory_neuron,ATP13A3-210,ATP13A3,0.4852941176470588,0.1228070175438596,1.0337415944359276e-19,1.623463818782663e-18,True,0.3624871001031992,AD_enriched,0.029040404040404,True,792.0,99,7,40.9283,3.4791,3.2266,Minor,0.186272250926536,0.67375358920317,flat,MIR,Minor Isoform Redistribution,new_target_candidate,SR
Inhibitory_neuron,ATP13A3-207,ATP13A3,0.0,0.3157894736842105,1.0337415944359276e-19,1.623463818782663e-18,True,-0.3157894736842105,CT_enriched,0.0277777777777777,True,792.0,0,18,0.0,3.4789,-2.1632,Minor,0.186272250926536,0.67375358920317,flat,MIEr,Minor Isoform Erosion,,SR
Inhibitory_neuron,ATP13A3-DT-201,ATP13A3-DT,0.0949367088607595,0.2962962962962963,0.0017284714716461,0.0040352472700377,True,-0.2013595874355367,CT_enriched,0.0472860472860472,True,3003.0,15,16,7.2881,6.4704,0.1499,Minor,0.0026808952422958,0.996864664640437,flat,MIEr,Minor Isoform Erosion,,SR
Inhibitory_neuron,ATP1A3-214,ATP1A3,0.6894904458598726,0.9726402188782488,1.1206731337669009e-45,1.0190895368028688e-43,True,-0.2831497730183762,CT_enriched,0.0023310023310023,True,1287.0,433,711,86.6302,212.1872,-1.2826,Dominant,-0.13355292931897,0.85256153037306,flat,DIEr,Dominant Isoform Erosion,trial_failure_explanation,SR
Inhibitory_neuron,ATP1A3-207,ATP1A3,0.3105095541401274,0.027359781121751,1.1206731337669009e-45,1.0190895368028688e-43,True,0.2831497730183763,AD_enriched,0.0023310023310023,True,1287.0,195,20,20.9849,4.8228,1.9167,Minor,-0.13355292931897,0.85256153037306,flat,MIR,Minor Isoform Redistribution,new_target_candidate,SR
Inhibitory_neuron,ATP5MG-201,ATP5MG,0.2941176470588235,0.5473684210526316,0.0002273659579831,0.0006241204825791,True,-0.2532507739938081,CT_enriched,0.0264735264735264,True,2002.0,40,52,15.5826,14.2191,0.1238,Dominant,-0.108363988012303,0.901830046280105,flat,DIEr,Dominant Isoform Erosion,trial_failure_explanation,SR
Inhibitory_neuron,ATP5MG-212,ATP5MG,0.6911764705882353,0.4210526315789473,0.0002273659579831,0.0006241204825791,True,0.270123839009288,AD_enriched,0.0279720279720279,True,2002.0,94,40,42.2684,15.62,1.3804,Minor,-0.108363988012303,0.901830046280105,flat,MIR,Minor Isoform Redistribution,new_target_candidate,SR
Inhibitory_neuron,AZIN1-201,AZIN1,0.8791208791208791,0.5899814471243042,1.7533502121019896e-35,8.102777455599194e-34,True,0.2891394319965749,AD_enriched,0.0093906093906093,True,5005.0,800,318,182.3763,96.3871,0.913,Dominant,0.054437242423887,0.967045409206735,flat,DIR,Dominant Isoform Redistribution,,SR
Inhibitory_neuron,transcript196875.chr3.nic,B4GALT4,0.027027027027027,0.4313725490196078,0.0005097824980424,0.0013208427040273,True,-0.4043455219925808,CT_enriched,0.0079365079365079,True,126.0,1,22,0.1008,4.9378,-2.4313,Dominant,-0.0947979603847427,0.89074761428793,flat,DIEr,Dominant Isoform Erosion,trial_failure_explanation,SR
Inhibitory_neuron,BAALC-205,BAALC,0.123076923076923,0.4554973821989528,6.014187102758119e-11,3.9565912351633927e-10,True,-0.3324204591220298,CT_enriched,0.0472027972027972,True,1716.0,16,87,12.4999,31.1133,-1.2502,Minor,-0.238999773703367,0.670564488860291,flat,MIEr,Minor Isoform Erosion,,SR
Inhibitory_neuron,BACH1-201,BACH1,0.425531914893617,0.7098214285714286,8.324174203490715e-09,4.285999466600973e-08,True,-0.2842895136778116,CT_enriched,0.0459540459540459,True,2002.0,60,159,19.6727,47.2002,-1.2213,Dominant,-0.245588134595545,0.660145464000831,flat,DIEr,Dominant Isoform Erosion,trial_failure_explanation,SR
Inhibitory_neuron,BBIP1-207,BBIP1,0.0782608695652174,0.4112903225806452,1.3085858522760173e-13,1.2114625673451864e-12,True,-0.3330294530154278,CT_enriched,0.0196,True,10000.0,18,51,4.6287,16.9341,-1.6718,Minor,-0.306230389377974,0.141664537289815,flat,MIEr,Minor Isoform Erosion,,SR
Inhibitory_neuron,BBIP1-209,BBIP1,0.9217391304347826,0.5887096774193549,1.3085858522760173e-13,1.2114625673451864e-12,True,0.3330294530154277,AD_enriched,0.0196,True,10000.0,212,73,126.6717,41.3762,1.5911,Dominant,-0.306230389377974,0.141664537289815,flat,DIR,Dominant Isoform Redistribution,,SR
Inhibitory_neuron,BBS7-201,BBS7,0.4208494208494208,0.7867647058823529,8.200272659480172e-12,6.059388893073291e-11,True,-0.3659152850329321,CT_enriched,0.0497,True,10000.0,109,107,49.6411,97.9358,-0.9662,Dominant,0.0658831501798091,0.909502556885908,flat,DIEr,Dominant Isoform Erosion,trial_failure_explanation,SR
Inhibitory_neuron,BBS7-204,BBS7,0.5791505791505791,0.213235294117647,8.200272659480172e-12,6.059388893073291e-11,True,0.3659152850329321,AD_enriched,0.0497,True,10000.0,150,29,32.5408,8.7007,1.7898,Minor,0.0658831501798091,0.909502556885908,flat,MIR,Minor Isoform Redistribution,new_target_candidate,SR
Inhibitory_neuron,transcript157937.chr11.nnic,BIRC2,0.2764227642276423,0.0157480314960629,1.8364562354934505e-23,3.849048422197797e-22,True,0.2606747327315794,AD_enriched,0.0,True,56.0,102,6,25.8028,1.2679,3.5629,Minor,-0.0835749779907161,0.888242710608522,flat,MIR,Minor Isoform Redistribution,new_target_candidate,SR
Inhibitory_neuron,BIRC2-201,BIRC2,0.7208672086720868,0.984251968503937,1.8364562354934505e-23,3.849048422197797e-22,True,-0.2633847598318503,CT_enriched,0.0178571428571428,True,56.0,266,375,55.5314,81.1537,-0.5393,Dominant,-0.0835749779907161,0.888242710608522,flat,DIEr,Dominant Isoform Erosion,trial_failure_explanation,SR
Inhibitory_neuron,BIVM-201,BIVM,0.7705882352941177,0.9718875502008032,1.1702222084353489e-12,9.659901626879203e-12,True,-0.2012993149066855,CT_enriched,0.0489510489510489,True,1287.0,131,242,55.2116,83.3045,-0.5847,Dominant,0.0500687302593794,0.924709030207119,flat,DIEr,Dominant Isoform Erosion,trial_failure_explanation,SR
Inhibitory_neuron,BIVM-211,BIVM,0.2294117647058823,0.0120481927710843,1.1702222084353489e-12,9.659901626879203e-12,True,0.217363571934798,AD_enriched,0.0194250194250194,True,1287.0,39,3,7.0453,0.5798,2.3484,Minor,0.0500687302593794,0.924709030207119,flat,MIR,Minor Isoform Redistribution,new_target_candidate,SR
Inhibitory_neuron,BTBD8-208,BTBD8,0.4111776447105788,0.636604774535809,1.6248003291633375e-09,9.115049010769053e-09,True,-0.2254271298252301,CT_enriched,0.0197,True,10000.0,206,240,112.7045,370.1424,-1.7067,Dominant,0.0881903987398196,0.876430351289985,flat,DIEr,Dominant Isoform Erosion,trial_failure_explanation,SR
Inhibitory_neuron,BTN2A1-202,BTN2A1,0.2333333333333333,0.0,2.7930312994344684e-19,4.2559758016787935e-18,True,0.2333333333333333,AD_enriched,0.0419580419580419,True,1716.0,35,0,9.1662,0.0,3.3457,Minor,-0.170867882151139,0.812118772181788,flat,MIR,Minor Isoform Redistribution,new_target_candidate,SR
Inhibitory_neuron,CABIN1-201,CABIN1,0.2488262910798122,0.6818181818181818,8.168111520213803e-16,9.247351958025183e-15,True,-0.4329918907383696,CT_enriched,0.0188561438561438,True,8008.0,53,90,33.2514,36.7005,-0.1384,Dominant,-0.114709144335414,0.886355398142786,flat,DIEr,Dominant Isoform Erosion,trial_failure_explanation,SR
Inhibitory_neuron,CACNA1D-214,CACNA1D,0.2810810810810811,0.0180505415162454,7.737123029702396e-38,4.1152735510813306e-36,True,0.2630305395648357,AD_enriched,0.0259,True,10000.0,104,5,91.6051,1.1468,5.4308,Minor,-0.0425947018940199,0.945473255148994,flat,MIR,Minor Isoform Redistribution,new_target_candidate,SR
Inhibitory_neuron,CALCOCO1-218,CALCOCO1,0.2540415704387991,0.5025641025641026,4.894267983923209e-14,4.708853736068097e-13,True,-0.2485225321253034,CT_enriched,0.048,True,10000.0,110,98,41.6174,48.6498,-0.2203,Dominant,-0.190426737139112,0.655481270934931,flat,DIEr,Dominant Isoform Erosion,trial_failure_explanation,SR
Inhibitory_neuron,CALD1-201,CALD1,0.6410256410256411,0.16,1.738738427177685e-05,5.736107227868805e-05,True,0.481025641025641,AD_enriched,0.0253080253080253,True,3003.0,25,8,32.4532,13.798,1.1767,Minor,-0.0612435691825648,0.928908418592444,flat,MIR,Minor Isoform Redistribution,new_target_candidate,SR
Inhibitory_neuron,CAPZB-208,CAPZB,0.2311320754716981,0.0258064516129032,2.095846838520449e-26,5.5216749885879865e-25,True,0.2053256238587948,AD_enriched,0.0441558441558441,True,5005.0,49,8,8.3101,4.2716,0.8206,Minor,-0.101420394849617,0.833536920307197,flat,MIR,Minor Isoform Redistribution,new_target_candidate,SR
Inhibitory_neuron,CAPZB-204,CAPZB,0.3679245283018867,0.7322580645161291,2.095846838520449e-26,5.5216749885879865e-25,True,-0.3643335362142423,CT_enriched,0.0141858141858141,True,5005.0,78,227,31.1476,77.5718,-1.2893,Dominant,-0.101420394849617,0.833536920307197,flat,DIEr,Dominant Isoform Erosion,trial_failure_explanation,SR
Inhibitory_neuron,CASK-230,CASK,0.881578947368421,0.4358974358974359,1.417748526544989e-07,6.348900867879782e-07,True,0.4456815114709851,AD_enriched,0.0476190476190476,True,126.0,67,17,13.5016,7.0168,0.8551,Dominant,0.0846427633136726,0.903823770272255,flat,DIR,Dominant Isoform Redistribution,,SR
Inhibitory_neuron,CBFA2T2-201,CBFA2T2,0.900990099009901,0.2,3.470720824019392e-17,4.561287647044599e-16,True,0.700990099009901,AD_enriched,0.0238095238095238,True,126.0,91,11,13.5482,5.8834,1.0796,Minor,0.0570824041694239,0.890994337667781,flat,MIR,Minor Isoform Redistribution,new_target_candidate,SR
Inhibitory_neuron,CC2D1A-211,CC2D1A,0.4698795180722891,0.1428571428571428,8.220382708383446e-05,0.0002427790346247,True,0.3270223752151463,AD_enriched,0.0369630369630369,True,2002.0,39,9,23.1878,3.3386,2.479,Minor,0.0475886480545129,0.967820199245216,flat,MIR,Minor Isoform Redistribution,new_target_candidate,SR
Inhibitory_neuron,CC2D1A-201,CC2D1A,0.3132530120481928,0.6349206349206349,8.220382708383446e-05,0.0002427790346247,True,-0.3216676228724421,CT_enriched,0.0409590409590409,True,2002.0,26,40,14.4358,19.6823,-0.4221,Dominant,0.0475886480545129,0.967820199245216,flat,DIEr,Dominant Isoform Erosion,trial_failure_explanation,SR
Inhibitory_neuron,CCDC149-208,CCDC149,0.8515625,0.4646464646464646,8.163258253922758e-12,6.039954072915552e-11,True,0.3869160353535354,AD_enriched,0.0138306138306138,True,6435.0,109,46,44.4421,30.9546,0.508,Dominant,0.142051287504024,0.800354927163329,flat,DIR,Dominant Isoform Redistribution,,SR
Inhibitory_neuron,transcript69178.chr4.nic,CCDC149,0.0390625,0.4141414141414141,8.163258253922758e-12,6.039954072915552e-11,True,-0.3750789141414141,CT_enriched,0.011033411033411,True,6435.0,5,41,2.5097,12.5736,-1.9514,Minor,0.142051287504024,0.800354927163329,flat,MIEr,Minor Isoform Erosion,,SR
Inhibitory_neuron,CCDC180-207,CCDC180,0.046875,0.5675675675675675,9.934099487104126e-13,8.273035880102373e-12,True,-0.5206925675675675,CT_enriched,0.0399600399600399,True,1001.0,6,21,4.1362,7.8125,-0.7788,Dominant,0.13075083905774,0.923949967074382,flat,DIEr,Dominant Isoform Erosion,trial_failure_explanation,SR
Inhibitory_neuron,CCDC181-202,CCDC181,0.1639344262295081,0.4193548387096774,0.0193573934767138,0.0359831798291172,True,-0.2554204124801693,CT_enriched,0.0369630369630369,True,2002.0,10,13,3.9271,5.2007,-0.3317,Dominant,0.0066704923862925,0.991788942560777,flat,DIEr,Dominant Isoform Erosion,trial_failure_explanation,SR
Inhibitory_neuron,CCNL1-215,CCNL1,0.6995305164319249,0.3734939759036144,6.652687330633086e-10,3.903002202925009e-09,True,0.3260365405283105,AD_enriched,0.0276,True,10000.0,149,31,105.0084,25.7549,1.9863,Minor,0.249151239124761,0.701608581428901,flat,MIR,Minor Isoform Redistribution,new_target_candidate,SR
Inhibitory_neuron,CCNL1-202,CCNL1,0.1596244131455399,0.4819277108433735,6.652687330633086e-10,3.903002202925009e-09,True,-0.3223032976978336,CT_enriched,0.0309,True,10000.0,34,40,15.2656,18.5526,-0.2655,Dominant,0.249151239124761,0.701608581428901,flat,DIEr,Dominant Isoform Erosion,trial_failure_explanation,SR
Inhibitory_neuron,CD2BP2-201,CD2BP2,0.946969696969697,0.6170212765957447,1.0141845221660171e-10,6.505087981765645e-10,True,0.3299484203739523,AD_enriched,0.0292207792207792,True,924.0,125,58,38.4867,31.7011,0.272,Dominant,0.0293902930768615,0.986687244864688,flat,DIR,Dominant Isoform Redistribution,,SR
Inhibitory_neuron,transcript74827.chr16.nic,CD2BP2,0.0151515151515151,0.3404255319148936,1.0141845221660171e-10,6.505087981765645e-10,True,-0.3252740167633785,CT_enriched,0.0129870129870129,True,924.0,2,32,1.1354,6.4829,-1.8091,Minor,0.0293902930768615,0.986687244864688,flat,MIEr,Minor Isoform Erosion,,SR
Inhibitory_neuron,CDC42-201,CDC42,0.6272040302267002,0.1599326599326599,1.2134354869245696e-54,1.954671221508778e-52,True,0.4672713702940403,AD_enriched,0.0081,True,10000.0,249,95,109.9793,28.8539,1.8943,Minor,-0.147884179378765,0.870520669363622,flat,MIR,Minor Isoform Redistribution,new_target_candidate,SR
Inhibitory_neuron,CDK5RAP2-216,CDK5RAP2,0.0459770114942528,0.3448275862068966,1.326164463094901e-12,1.0851836346776565e-11,True,-0.2988505747126437,CT_enriched,0.0021,True,10000.0,12,30,10.1957,25.9671,-1.2683,Dominant,0.0064071127722872,0.994140205195588,flat,DIEr,Dominant Isoform Erosion,trial_failure_explanation,SR
Inhibitory_neuron,CDKL5-203,CDKL5,0.2876712328767123,0.0273972602739726,1.9076531582861675e-05,6.238601221819844e-05,True,0.2602739726027397,AD_enriched,0.0334110334110334,True,1287.0,21,2,5.1778,0.4587,2.0824,Minor,0.0258884192539608,0.964936316393305,flat,MIR,Minor Isoform Redistribution,new_target_candidate,SR
Inhibitory_neuron,transcript10016.chr19.nic,CELF5,0.0,0.3428571428571428,0.0002988146513821,0.000801964989111,True,-0.3428571428571428,CT_enriched,0.009090909090909,True,330.0,0,12,0.0,8.809,-3.2941,Minor,-0.0157326719968609,0.985817826653379,flat,MIEr,Minor Isoform Erosion,,SR
Inhibitory_neuron,transcript8044.chr19.nic,CELF5,0.9473684210526316,0.5714285714285714,0.0002988146513821,0.000801964989111,True,0.3759398496240602,AD_enriched,0.0363636363636363,True,330.0,36,20,11.7088,13.1962,-0.1597,Dominant,-0.0157326719968609,0.985817826653379,flat,DIR,Dominant Isoform Redistribution,,SR
Inhibitory_neuron,CEP112-227,CEP112,0.282051282051282,0.6842105263157895,0.00328503302415,0.0072122337189088,True,-0.4021592442645075,CT_enriched,0.0437562437562437,True,5005.0,11,26,6.7105,14.1515,-0.9746,Dominant,0.094121928612398,0.91085477246226,flat,DIEr,Dominant Isoform Erosion,trial_failure_explanation,SR
Inhibitory_neuron,CEP112-223,CEP112,0.2307692307692307,0.0,0.00328503302415,0.0072122337189088,True,0.2307692307692307,AD_enriched,0.0263736263736263,True,5005.0,9,0,6.743,0.0,2.9529,Minor,0.094121928612398,0.91085477246226,flat,MIR,Minor Isoform Redistribution,new_target_candidate,SR
Inhibitory_neuron,CEP192-202,CEP192,0.5327102803738317,0.1379310344827586,1.4731766506141746e-05,4.9214803587315966e-05,True,0.3947792458910731,AD_enriched,0.0362970362970362,True,3003.0,57,8,19.309,4.2134,1.9618,Minor,0.1163951169971,0.841356950685144,flat,MIR,Minor Isoform Redistribution,new_target_candidate,SR
Inhibitory_neuron,transcript152295.chr11.nnic,CEP57,0.0080645161290322,0.5208333333333334,1.152348429137267e-34,5.115701136595207e-33,True,-0.5127688172043011,CT_enriched,0.0277014652014652,True,4368.0,2,50,0.3683,10.7892,-3.107,Dominant,0.162304655818384,0.820227921101754,flat,DIEr,Dominant Isoform Erosion,trial_failure_explanation,SR
Inhibitory_neuron,transcript220719.chr3.nic,CHCHD6,0.0648148148148148,0.7291666666666666,2.4892027327086265e-44,2.0048750010016053e-42,True,-0.6643518518518519,CT_enriched,0.0075757575757575,True,1716.0,14,105,4.3822,31.0666,-2.5748,Dominant,-0.0312809460948843,0.974794990986612,flat,DIEr,Dominant Isoform Erosion,trial_failure_explanation,SR
Inhibitory_neuron,CHD1-211,CHD1,0.2441860465116279,0.55,0.0001265930761679,0.0003621165720114,True,-0.3058139534883721,CT_enriched,0.0273060273060273,True,3003.0,21,33,12.3633,77.5755,-2.5558,Dominant,0.143776467777263,0.725689213803504,flat,DIEr,Dominant Isoform Erosion,trial_failure_explanation,SR
Inhibitory_neuron,CHD1L-223,CHD1L,0.3636363636363636,0.0,4.91959983069162e-13,4.2606303910045066e-12,True,0.3636363636363636,AD_enriched,0.0454545454545454,True,330.0,20,0,5.5073,0.0,2.7021,Minor,-0.0582080650014222,0.976067050503883,flat,MIR,Minor Isoform Redistribution,new_target_candidate,SR
Inhibitory_neuron,CHD1L-202,CHD1L,0.1272727272727272,0.8823529411764706,4.91959983069162e-13,4.2606303910045066e-12,True,-0.7550802139037434,CT_enriched,0.0272727272727272,True,330.0,7,45,2.698,12.0447,-1.8187,Dominant,-0.0582080650014222,0.976067050503883,flat,DIEr,Dominant Isoform Erosion,trial_failure_explanation,SR
Inhibitory_neuron,CHRNA7-201,CHRNA7,0.550561797752809,0.8121827411167513,2.4234408709516334e-07,1.05102766387887e-06,True,-0.2616209433639422,CT_enriched,0.0452,True,10000.0,98,160,31.4096,66.022,-1.0482,Dominant,0.138296144515039,0.922266592464138,flat,DIEr,Dominant Isoform Erosion,trial_failure_explanation,SR
Inhibitory_neuron,CKAP2-201,CKAP2,0.1103448275862069,0.5467625899280576,4.582943487452065e-16,5.29480233242925e-15,True,-0.4364177623418507,CT_enriched,0.0277222777222777,True,8008.0,16,76,9.6364,26.9877,-1.3958,Dominant,0.204584262424559,0.852527580788069,flat,DIEr,Dominant Isoform Erosion,trial_failure_explanation,SR
Inhibitory_neuron,CKAP5-210,CKAP5,0.6132930513595166,0.3181818181818182,1.0774224736925098e-08,5.4676038763981736e-08,True,0.2951112331776984,AD_enriched,0.0385864135864135,True,8008.0,203,49,70.3975,41.1217,0.7613,Minor,0.164442310597444,0.672496889608921,flat,MIR,Minor Isoform Redistribution,new_target_candidate,SR
Inhibitory_neuron,CKAP5-201,CKAP5,0.3836858006042296,0.6753246753246753,1.0774224736925098e-08,5.4676038763981736e-08,True,-0.2916388747204457,CT_enriched,0.0429570429570429,True,8008.0,127,104,77.8186,50.5279,0.6132,Dominant,0.164442310597444,0.672496889608921,flat,DIEr,Dominant Isoform Erosion,trial_failure_explanation,SR
Inhibitory_neuron,CKMT1A-202,CKMT1A,0.9444444444444444,0.2786885245901639,1.0389095083139467e-16,1.3016381795275624e-15,True,0.6657559198542805,AD_enriched,0.0,True,70.0,85,17,45.048,5.8876,2.7411,Minor,-0.0637705393252199,0.947260041438907,flat,MIR,Minor Isoform Redistribution,new_target_candidate,SR
Inhibitory_neuron,CKMT1A-204,CKMT1A,0.0555555555555555,0.6885245901639344,1.0389095083139467e-16,1.3016381795275624e-15,True,-0.6329690346083789,CT_enriched,0.0,True,70.0,5,42,0.9207,19.8545,-3.4407,Dominant,-0.0637705393252199,0.947260041438907,flat,DIEr,Dominant Isoform Erosion,trial_failure_explanation,SR
Inhibitory_neuron,CLDN12-203,CLDN12,0.3833333333333333,0.0486486486486486,5.783934071391573e-20,9.264153492757296e-19,True,0.3346846846846847,AD_enriched,0.0047619047619047,True,210.0,46,18,9.1708,4.1877,0.9713,Minor,-0.244126960091617,0.621961627674018,flat,MIR,Minor Isoform Redistribution,new_target_candidate,SR
Inhibitory_neuron,CLK4-209,CLK4,0.3018867924528302,0.0459770114942528,5.002625273329707e-13,4.325889768563327e-12,True,0.2559097809585773,AD_enriched,0.0351648351648351,True,5005.0,64,12,27.674,8.7299,1.5592,Minor,-0.0113848085390002,0.988130296319289,flat,MIR,Minor Isoform Redistribution,new_target_candidate,SR
Inhibitory_neuron,transcript98598.chr4.nic,CLOCK,0.7768924302788844,0.256,2.101716404041397e-21,3.66856875727102e-20,True,0.5208924302788844,AD_enriched,0.0481740481740481,True,6435.0,195,32,47.0263,19.2575,1.2454,Minor,0.0089246100317835,0.986687244864688,flat,MIR,Minor Isoform Redistribution,new_target_candidate,SR
Inhibitory_neuron,CNKSR2-207,CNKSR2,0.4304347826086956,0.1777003484320557,5.847870595053001e-23,1.1691593764152065e-21,True,0.2527344341766399,AD_enriched,0.0476,True,10000.0,99,51,49.7729,37.2441,0.4088,Minor,0.0940962260326578,0.908825859981897,flat,MIR,Minor Isoform Redistribution,new_target_candidate,SR
Inhibitory_neuron,CNKSR2-226,CNKSR2,0.2043478260869565,0.6655052264808362,5.847870595053001e-23,1.1691593764152065e-21,True,-0.4611574003938797,CT_enriched,0.026,True,10000.0,47,191,41.113,111.0125,-1.4113,Dominant,0.0940962260326578,0.908825859981897,flat,DIEr,Dominant Isoform Erosion,trial_failure_explanation,SR
Inhibitory_neuron,transcript48713.chr3.nnic,CNOT10,0.2333333333333333,0.0,1.4453053808778086e-06,5.600434183772567e-06,True,0.2333333333333333,AD_enriched,0.0119047619047619,True,252.0,7,0,6.9217,0.0,2.9858,Minor,0.220620282442229,0.697691100341101,flat,MIR,Minor Isoform Redistribution,new_target_candidate,SR
Inhibitory_neuron,CNOT4-204,CNOT4,0.6686746987951807,0.2659574468085106,4.97470609073477e-17,6.477457953709615e-16,True,0.4027172519866701,AD_enriched,0.0346,True,10000.0,111,25,54.3361,13.8043,1.9022,Dominant,-0.0252647928646589,0.963638430712182,flat,DIR,Dominant Isoform Redistribution,,SR
Inhibitory_neuron,CNOT8-204,CNOT8,0.46,0.0526315789473684,0.0001132370130232,0.0003268972244879,True,0.4073684210526316,AD_enriched,0.0,True,20.0,23,2,4.5981,0.4226,1.9764,Minor,-0.111663079630595,0.864338416032624,flat,MIR,Minor Isoform Redistribution,new_target_candidate,SR
Inhibitory_neuron,CNOT8-202,CNOT8,0.52,0.868421052631579,0.0001132370130232,0.0003268972244879,True,-0.3484210526315789,CT_enriched,0.05,True,20.0,26,33,5.658,9.3332,-0.6341,Dominant,-0.111663079630595,0.864338416032624,flat,DIEr,Dominant Isoform Erosion,trial_failure_explanation,SR
Inhibitory_neuron,COPB2-217,COPB2,0.2835249042145594,0.0700934579439252,5.760363864734806e-17,7.414824536386949e-16,True,0.2134314462706342,AD_enriched,0.0279720279720279,True,1287.0,74,30,24.2457,5.7982,1.8928,Minor,-0.0460306151034419,0.948608681169918,flat,MIR,Minor Isoform Redistribution,new_target_candidate,SR
Inhibitory_neuron,COPG2-201,COPG2,0.5135135135135135,0.1173184357541899,3.307223697195098e-17,4.377025165442712e-16,True,0.3961950777593236,AD_enriched,0.0454545454545454,True,220.0,133,21,42.0734,4.6363,2.934,Minor,0.132710959613226,0.831597037930484,flat,MIR,Minor Isoform Redistribution,new_target_candidate,SR
Inhibitory_neuron,COPG2-202,COPG2,0.4864864864864865,0.88268156424581,3.307223697195098e-17,4.377025165442712e-16,True,-0.3961950777593235,CT_enriched,0.0454545454545454,True,220.0,126,158,33.1682,38.9924,-0.2271,Dominant,0.132710959613226,0.831597037930484,flat,DIEr,Dominant Isoform Erosion,trial_failure_explanation,SR
Inhibitory_neuron,CRAT-218,CRAT,0.0,0.3837209302325581,3.9499558683825816e-24,8.802312721715808e-23,True,-0.3837209302325581,CT_enriched,0.0268065268065268,True,1716.0,0,33,0.0,8.6586,-3.2718,Minor,-0.0878611566941503,0.938037499265801,flat,MIEr,Minor Isoform Erosion,,SR
Inhibitory_neuron,CSGALNACT1-220,CSGALNACT1,0.1823204419889502,0.404040404040404,3.810991079278101e-07,1.6034602764902937e-06,True,-0.2217199620514537,CT_enriched,0.0293706293706293,True,5005.0,33,40,16.4626,16.4024,0.005,Dominant,0.229849141739582,0.790119793601446,flat,DIEr,Dominant Isoform Erosion,trial_failure_explanation,SR
Inhibitory_neuron,transcript144674.chr11.nic,CTSC,0.0,0.4423076923076923,4.98358938739198e-25,1.1905710578862705e-23,True,-0.4423076923076923,CT_enriched,0.0238095238095238,True,126.0,0,46,0.0,15.1522,-4.0137,Dominant,0.0736091295963937,0.948608681169918,flat,DIEr,Dominant Isoform Erosion,trial_failure_explanation,SR
Inhibitory_neuron,CYB5D2-201,CYB5D2,0.8152173913043478,0.2197802197802197,3.452221085919879e-15,3.707356663317386e-14,True,0.5954371715241281,AD_enriched,0.0324675324675324,True,462.0,75,20,18.7486,7.8295,1.1613,Minor,-0.0392204464539181,0.9604696230318,flat,MIR,Minor Isoform Redistribution,new_target_candidate,SR
Inhibitory_neuron,CYBC1-232,CYBC1,0.0190114068441064,0.6219512195121951,5.591661541355471e-44,4.440251798614386e-42,True,-0.6029398126680887,CT_enriched,0.0415584415584415,True,5005.0,5,102,2.4847,86.5305,-4.6507,Dominant,-0.249645374200615,0.725658634121795,flat,DIEr,Dominant Isoform Erosion,trial_failure_explanation,SR
Inhibitory_neuron,CYTH2-203,CYTH2,0.495049504950495,0.1531531531531531,1.8787454548628253e-08,9.28340655084716e-08,True,0.3418963517973419,AD_enriched,0.005050505050505,True,792.0,50,17,17.1486,4.5091,1.72,Minor,-0.116429994387835,0.892613887628865,flat,MIR,Minor Isoform Redistribution,new_target_candidate,SR
Inhibitory_neuron,CYTH2-210,CYTH2,0.4356435643564356,0.8288288288288288,1.8787454548628253e-08,9.28340655084716e-08,True,-0.3931852644723932,CT_enriched,0.0037878787878787,True,792.0,44,92,13.1417,35.8921,-1.3834,Dominant,-0.116429994387835,0.892613887628865,flat,DIEr,Dominant Isoform Erosion,trial_failure_explanation,SR
Inhibitory_neuron,DCAF11-204,DCAF11,0.4545454545454545,0.8534798534798534,2.827871999134996e-22,5.2793186526897705e-21,True,-0.3989343989343989,CT_enriched,0.0147630147630147,True,1287.0,105,233,33.3574,84.7543,-1.3196,Dominant,-0.0825081926107448,0.914901694122957,flat,DIEr,Dominant Isoform Erosion,trial_failure_explanation,SR
Inhibitory_neuron,DCAF11-217,DCAF11,0.4675324675324675,0.0879120879120879,2.827871999134996e-22,5.2793186526897705e-21,True,0.3796203796203796,AD_enriched,0.0256410256410256,True,1287.0,108,24,12.0354,5.8432,0.9297,Minor,-0.0825081926107448,0.914901694122957,flat,MIR,Minor Isoform Redistribution,new_target_candidate,SR
Inhibitory_neuron,transcript190185.chr4.nic,DCHS2,0.0,0.7384615384615385,1.4271649666182448e-13,1.3147640656525597e-12,True,-0.7384615384615385,CT_enriched,0.0317460317460317,True,252.0,0,48,0.0,15.2673,-4.0239,Dominant,0.0255455170984965,0.982649637611436,flat,DIEr,Dominant Isoform Erosion,trial_failure_explanation,SR
Inhibitory_neuron,DCLK1-202,DCLK1,0.0864864864864864,0.419753086419753,2.219172927789448e-17,2.993228939444236e-16,True,-0.3332665999332666,CT_enriched,0.0221445221445221,True,1716.0,16,34,3.3843,17.5926,-2.0843,Dominant,0.0252413066564015,0.967820199245216,flat,DIEr,Dominant Isoform Erosion,trial_failure_explanation,SR
Inhibitory_neuron,DCLK1-201,DCLK1,0.5135135135135135,0.0,2.219172927789448e-17,2.993228939444236e-16,True,0.5135135135135135,AD_enriched,0.0104895104895104,True,1716.0,95,0,19.4306,0.0,4.3527,Minor,0.0252413066564015,0.967820199245216,flat,MIR,Minor Isoform Redistribution,new_target_candidate,SR
Inhibitory_neuron,DCTN2-209,DCTN2,0.3118811881188119,0.0663265306122449,5.104011065497379e-15,5.3989520426405677e-14,True,0.2455546575065669,AD_enriched,0.0031968031968031,True,5005.0,63,13,21.779,4.0703,2.1676,Minor,-0.156013394572973,0.846333722283437,flat,MIR,Minor Isoform Redistribution,new_target_candidate,SR
Inhibitory_neuron,DCUN1D4-202,DCUN1D4,0.2427184466019417,0.625,5.456080563549913e-12,4.145738843301134e-11,True,-0.3822815533980583,CT_enriched,0.0476190476190476,True,126.0,25,90,5.0089,21.6406,-1.9137,Dominant,0.0774007664218687,0.842971394278925,flat,DIEr,Dominant Isoform Erosion,trial_failure_explanation,SR
Inhibitory_neuron,DCUN1D4-201,DCUN1D4,0.6310679611650486,0.1944444444444444,5.456080563549913e-12,4.145738843301134e-11,True,0.4366235167206042,AD_enriched,0.0476190476190476,True,126.0,65,28,18.5773,8.9181,0.9811,Minor,0.0774007664218687,0.842971394278925,flat,MIR,Minor Isoform Redistribution,new_target_candidate,SR
Inhibitory_neuron,DDRGK1-202,DDRGK1,0.648936170212766,0.3666666666666666,0.0011066828294357,0.0026721532301321,True,0.2822695035460993,AD_enriched,0.0181818181818181,True,330.0,61,22,47.3971,8.7296,2.3145,Minor,0.0019487869531598,0.998871973559023,flat,MIR,Minor Isoform Redistribution,new_target_candidate,SR
Inhibitory_neuron,DDRGK1-201,DDRGK1,0.351063829787234,0.6,0.0011066828294357,0.0026721532301321,True,-0.2489361702127659,CT_enriched,0.0363636363636363,True,330.0,33,36,10.2629,19.4945,-0.8637,Dominant,0.0019487869531598,0.998871973559023,flat,DIEr,Dominant Isoform Erosion,trial_failure_explanation,SR
Inhibitory_neuron,DDX18-201,DDX18,0.7110266159695817,0.9578059071729956,1.6371836772559396e-20,2.730899873481949e-19,True,-0.2467792912034139,CT_enriched,0.0329,True,10000.0,187,454,126.3407,149.6659,-0.2427,Dominant,0.0430931155056659,0.978061802628806,flat,DIEr,Dominant Isoform Erosion,trial_failure_explanation,SR
Inhibitory_neuron,DDX18-205,DDX18,0.2851711026615969,0.0421940928270042,1.6371836772559396e-20,2.730899873481949e-19,True,0.2429770098345927,AD_enriched,0.033,True,10000.0,75,20,28.7234,5.8711,2.113,Minor,0.0430931155056659,0.978061802628806,flat,MIR,Minor Isoform Redistribution,new_target_candidate,SR
Inhibitory_neuron,DDX19A-209,DDX19A,0.2423398328690807,0.0377358490566037,9.277088689119512e-10,5.342617571936242e-09,True,0.204603983812477,AD_enriched,0.002,True,10000.0,87,8,39.5386,3.0941,3.3077,Minor,0.105734976050494,0.906167502459897,flat,MIR,Minor Isoform Redistribution,new_target_candidate,SR
Inhibitory_neuron,DDX19A-201,DDX19A,0.724233983286908,0.9386792452830188,9.277088689119512e-10,5.342617571936242e-09,True,-0.2144452619961108,CT_enriched,0.0015,True,10000.0,260,199,96.1472,96.2693,-0.0018,Dominant,0.105734976050494,0.906167502459897,flat,DIEr,Dominant Isoform Erosion,trial_failure_explanation,SR
Inhibitory_neuron,DDX21-201,DDX21,0.4444444444444444,0.8907849829351536,3.0539192846806616e-14,3.026010004750364e-13,True,-0.4463405384907092,CT_enriched,0.0238095238095238,True,126.0,20,261,9.7445,66.0776,-2.6422,Dominant,0.0102762641789837,0.990715015580195,flat,DIEr,Dominant Isoform Erosion,trial_failure_explanation,SR
Inhibitory_neuron,DDX54-202,DDX54,0.953125,0.56353591160221,1.6680475788422744e-22,3.198793282147192e-21,True,0.38958908839779,AD_enriched,0.0075757575757575,True,924.0,244,102,43.6311,38.4221,0.179,Dominant,0.0656779841378018,0.95977338379705,flat,DIR,Dominant Isoform Redistribution,,SR
Inhibitory_neuron,DDX54-201,DDX54,0.046875,0.43646408839779,1.6680475788422744e-22,3.198793282147192e-21,True,-0.38958908839779,CT_enriched,0.0075757575757575,True,924.0,12,79,5.8232,24.1821,-1.8839,Minor,0.0656779841378018,0.95977338379705,flat,MIEr,Minor Isoform Erosion,,SR
Inhibitory_neuron,transcript136383.chr8.nic,DECR1,0.5377358490566038,0.0136986301369863,6.083937702209141e-32,2.271605348679148e-30,True,0.5240372189196174,AD_enriched,0.0481740481740481,True,1287.0,57,3,8.1808,1.2886,2.0042,Minor,0.0494606542379762,0.946263736134625,flat,MIR,Minor Isoform Redistribution,new_target_candidate,SR
Inhibitory_neuron,DGKB-203,DGKB,0.8766404199475065,0.457286432160804,2.4874279592129163e-28,7.499528788257979e-27,True,0.4193539877867025,AD_enriched,0.0159840159840159,True,3003.0,334,91,200.0539,44.3015,2.15,Dominant,0.0207079603170055,0.984161589867131,flat,DIR,Dominant Isoform Redistribution,,SR
Inhibitory_neuron,DGKB-202,DGKB,0.0524934383202099,0.3668341708542713,2.4874279592129163e-28,7.499528788257979e-27,True,-0.3143407325340613,CT_enriched,0.0399600399600399,True,3003.0,20,73,10.8041,22.1205,-0.9699,Minor,0.0207079603170055,0.984161589867131,flat,MIEr,Minor Isoform Erosion,,SR
Inhibitory_neuron,DGKD-213,DGKD,0.2777777777777778,0.0173611111111111,2.610080520676003e-16,3.130985952249214e-15,True,0.2604166666666667,AD_enriched,0.0259740259740259,True,924.0,45,5,11.2305,1.3006,2.4104,Minor,0.0039091598279972,0.994140205195588,flat,MIR,Minor Isoform Redistribution,new_target_candidate,SR
Inhibitory_neuron,DGKD-201,DGKD,0.7037037037037037,0.96875,2.610080520676003e-16,3.130985952249214e-15,True,-0.2650462962962963,CT_enriched,0.0183982683982684,True,924.0,114,279,22.9423,95.3666,-2.009,Dominant,0.0039091598279972,0.994140205195588,flat,DIEr,Dominant Isoform Erosion,trial_failure_explanation,SR
Inhibitory_neuron,DHX30-202,DHX30,0.3888888888888889,0.0096153846153846,1.8481105797870478e-20,3.055615087636181e-19,True,0.3792735042735043,AD_enriched,0.0157342657342657,True,1716.0,56,2,21.1299,1.6765,3.0476,Minor,-0.0298611376663973,0.969237363482284,flat,MIR,Minor Isoform Redistribution,new_target_candidate,SR
Inhibitory_neuron,DIDO1-204,DIDO1,0.0290237467018469,0.25,7.262381789938544e-15,7.540572473604697e-14,True,-0.2209762532981531,CT_enriched,0.0295954045954045,True,8008.0,11,61,10.4655,19.8246,-0.861,Minor,0.0503237266221131,0.944558697992882,flat,MIEr,Minor Isoform Erosion,,SR
Inhibitory_neuron,DIMT1-201,DIMT1,0.7352941176470589,0.3275862068965517,9.618382436409758e-07,3.832398599044397e-06,True,0.4077079107505071,AD_enriched,0.0428571428571428,True,70.0,25,19,4.1933,5.4239,-0.3068,Minor,-0.241015810967406,0.785180106173074,flat,MIR,Minor Isoform Redistribution,new_target_candidate,SR
Inhibitory_neuron,DLG5-207,DLG5,0.2745098039215686,0.6041666666666666,8.17282879995265e-05,0.0002415168482717,True,-0.329656862745098,CT_enriched,0.0143190143190143,True,3003.0,42,29,22.9749,32.8189,-0.4963,Dominant,-0.0318267999133246,0.972008642153609,flat,DIEr,Dominant Isoform Erosion,trial_failure_explanation,SR
Inhibitory_neuron,DLX6-AS1-206,DLX6-AS1,0.3093023255813953,0.0611111111111111,1.636514037430578e-23,3.468671482343458e-22,True,0.2481912144702842,AD_enriched,0.0077,True,10000.0,133,33,39.1347,16.4084,1.2051,Minor,-0.129175659316521,0.891294390271783,flat,MIR,Minor Isoform Redistribution,new_target_candidate,SR
Inhibitory_neuron,DMD-280,DMD,0.037037037037037,0.3689320388349514,3.043538583611646e-22,5.6631915955123636e-21,True,-0.3318950017979144,CT_enriched,0.0002,True,10000.0,13,38,4.0174,18.7027,-1.9734,Dominant,-0.0272919067873395,0.97101520860055,flat,DIEr,Dominant Isoform Erosion,trial_failure_explanation,SR
Inhibitory_neuron,DMTF1-201,DMTF1,0.0329218106995884,0.2771084337349397,2.302941854904001e-16,2.7922550920319915e-15,True,-0.2441866230353513,CT_enriched,0.038,True,10000.0,8,23,3.1631,7.7692,-1.0748,Dominant,0.116850075515957,0.812998042911072,flat,DIEr,Dominant Isoform Erosion,trial_failure_explanation,SR
Inhibitory_neuron,DNPEP-201,DNPEP,0.3809523809523809,0.9183673469387756,3.4999349702614654e-08,1.6765194020674713e-07,True,-0.5374149659863947,CT_enriched,0.0378787878787878,True,1716.0,24,45,15.3513,50.7778,-1.6629,Dominant,0.0932655586256059,0.900138533583517,flat,DIEr,Dominant Isoform Erosion,trial_failure_explanation,SR
Inhibitory_neuron,DOCK11-204,DOCK11,0.7142857142857143,0.0486486486486486,4.449673071731269e-23,9.056771400151948e-22,True,0.6656370656370657,AD_enriched,0.005050505050505,True,792.0,35,9,28.3643,6.3721,1.9939,Minor,0.0185258991590832,0.978061802628806,flat,MIR,Minor Isoform Redistribution,new_target_candidate,SR
Inhibitory_neuron,DOCK4-202,DOCK4,0.1384615384615384,0.65,1.3737624922037893e-08,6.903095303961645e-08,True,-0.5115384615384616,CT_enriched,0.0458430458430458,True,1287.0,9,26,5.8979,10.2425,-0.7047,Dominant,0.0784110719252804,0.91344062798147,flat,DIEr,Dominant Isoform Erosion,trial_failure_explanation,SR
Inhibitory_neuron,DPAGT1-242,DPAGT1,0.3092783505154639,0.0185185185185185,2.209207193100934e-16,2.6843771885135918e-15,True,0.2907598319969454,AD_enriched,0.0333333333333333,True,330.0,30,2,5.6828,0.4226,2.2319,Minor,-0.380163607611711,0.748485501795839,flat,MIR,Minor Isoform Redistribution,new_target_candidate,SR
Inhibitory_neuron,DPF3-209,DPF3,0.2121212121212121,0.7090909090909091,6.449151980834582e-07,2.619619514981655e-06,True,-0.496969696969697,CT_enriched,0.0481740481740481,True,1287.0,14,39,5.5943,29.3493,-2.2024,Dominant,-0.160024701169597,0.911318198543369,flat,DIEr,Dominant Isoform Erosion,trial_failure_explanation,SR
Inhibitory_neuron,DPH1-205,DPH1,0.0632911392405063,0.4464285714285714,9.038893177155726e-06,3.1130897820894306e-05,True,-0.383137432188065,CT_enriched,0.0476190476190476,True,126.0,5,25,0.8374,12.7025,-2.8987,Dominant,-0.0325275168236193,0.980007192173082,flat,DIEr,Dominant Isoform Erosion,trial_failure_explanation,SR
Inhibitory_neuron,DPYSL3-201,DPYSL3,0.625,0.09375,1.2092444526256295e-09,6.893549265827401e-09,True,0.53125,AD_enriched,0.0037878787878787,True,792.0,40,6,15.799,2.9905,2.0737,Minor,0.0001479857712146,0.999910347915014,flat,MIR,Minor Isoform Redistribution,new_target_candidate,SR
Inhibitory_neuron,DPYSL3-202,DPYSL3,0.375,0.90625,1.2092444526256295e-09,6.893549265827401e-09,True,-0.53125,CT_enriched,0.0037878787878787,True,792.0,24,58,6.8985,17.7715,-1.2489,Dominant,0.0001479857712146,0.999910347915014,flat,DIEr,Dominant Isoform Erosion,trial_failure_explanation,SR
Inhibitory_neuron,DSCAM-203,DSCAM,0.7,1.0,0.0022719954649327,0.0051609631068859,True,-0.3,CT_enriched,0.0198412698412698,True,252.0,28,34,13.559,24.5137,-0.8094,Dominant,-0.0104350638346089,0.991023634826225,flat,DIEr,Dominant Isoform Erosion,trial_failure_explanation,SR
Inhibitory_neuron,DSCAM-201,DSCAM,0.275,0.0,0.0022719954649327,0.0051609631068859,True,0.275,AD_enriched,0.0436507936507936,True,252.0,11,0,5.2559,0.0,2.6452,Minor,-0.0104350638346089,0.991023634826225,flat,MIR,Minor Isoform Redistribution,new_target_candidate,SR
Inhibitory_neuron,DTNA-225,DTNA,0.2043795620437956,0.0,1.50487948704817e-08,7.515066915834885e-08,True,0.2043795620437956,AD_enriched,0.0341880341880341,True,1287.0,28,0,5.8649,0.0,2.7792,Minor,-0.0603914444006377,0.934488408012874,flat,MIR,Minor Isoform Redistribution,new_target_candidate,SR
Inhibitory_neuron,DYM-201,DYM,0.7538860103626943,0.4315245478036176,1.669003904226891e-20,2.775765195289443e-19,True,0.3223614625590767,AD_enriched,0.0137,True,10000.0,291,167,149.6001,67.7499,1.1313,Minor,0.060640443465845,0.914131115532448,flat,MIR,Minor Isoform Redistribution,new_target_candidate,SR
Inhibitory_neuron,DYM-220,DYM,0.2357512953367875,0.5684754521963824,1.669003904226891e-20,2.775765195289443e-19,True,-0.3327241568595949,CT_enriched,0.0101,True,10000.0,91,220,39.902,143.4855,-1.8207,Dominant,0.060640443465845,0.914131115532448,flat,DIEr,Dominant Isoform Erosion,trial_failure_explanation,SR
Inhibitory_neuron,ECE2-203,ECE2,0.0094339622641509,0.4456521739130434,6.015314159881772e-13,5.16200018773416e-12,True,-0.4362182116488925,CT_enriched,0.0285714285714285,True,35.0,1,41,0.4513,10.0308,-2.9262,Minor,-0.126459634273705,0.844199219929254,flat,MIEr,Minor Isoform Erosion,,SR
Inhibitory_neuron,EDRF1-209,EDRF1,0.9823008849557522,0.4222222222222222,1.1256290659730883e-16,1.407161125045737e-15,True,0.5600786627335299,AD_enriched,0.0181818181818181,True,220.0,111,19,47.8823,15.0585,1.606,Minor,0.188884180895609,0.727084140522706,flat,MIR,Minor Isoform Redistribution,new_target_candidate,SR
Inhibitory_neuron,EDRF1-201,EDRF1,0.0,0.5333333333333333,1.1256290659730883e-16,1.407161125045737e-15,True,-0.5333333333333333,CT_enriched,0.0272727272727272,True,220.0,0,24,0.0,6.6914,-2.9432,Dominant,0.188884180895609,0.727084140522706,flat,DIEr,Dominant Isoform Erosion,trial_failure_explanation,SR
Inhibitory_neuron,EGFR-212,EGFR,0.5913978494623656,0.0981595092024539,3.266468015998854e-21,5.64918609638084e-20,True,0.4932383402599117,AD_enriched,0.0358391608391608,True,8008.0,110,16,68.191,17.7132,1.8865,Minor,-0.050751126655007,0.97101520860055,flat,MIR,Minor Isoform Redistribution,new_target_candidate,SR
Inhibitory_neuron,EIF2A-201,EIF2A,0.0048543689320388,0.3116883116883117,8.288996552658123e-19,1.2237517927476645e-17,True,-0.3068339427562729,CT_enriched,0.025019425019425,True,6435.0,1,48,0.1008,11.0593,-3.4535,Minor,-0.13747620911255,0.859361953889159,flat,MIEr,Minor Isoform Erosion,,SR
Inhibitory_neuron,EIF2A-203,EIF2A,0.9951456310679612,0.6428571428571429,8.288996552658123e-19,1.2237517927476645e-17,True,0.3522884882108182,AD_enriched,0.02004662004662,True,6435.0,205,99,80.1649,44.9824,0.8198,Dominant,-0.13747620911255,0.859361953889159,flat,DIR,Dominant Isoform Redistribution,,SR
Inhibitory_neuron,EIF4A2-203,EIF4A2,0.3961840628507295,0.0133171912832929,1.061609157752235e-84,5.441229483097366e-82,True,0.3828668715674366,AD_enriched,0.015,True,10000.0,353,11,37.6748,3.0554,3.2535,Minor,-0.0925478997264261,0.959441105842329,flat,MIR,Minor Isoform Redistribution,new_target_candidate,SR
Inhibitory_neuron,EIF4A2-201,EIF4A2,0.4343434343434343,0.7239709443099274,1.061609157752235e-84,5.441229483097366e-82,True,-0.289627509966493,CT_enriched,0.0341,True,10000.0,387,598,81.9167,222.8241,-1.4326,Dominant,-0.0925478997264261,0.959441105842329,flat,DIEr,Dominant Isoform Erosion,trial_failure_explanation,SR
Inhibitory_neuron,ELMO2-201,ELMO2,0.8214285714285714,0.2045454545454545,1.1592359854550048e-09,6.621856622082388e-09,True,0.6168831168831169,AD_enriched,0.0277777777777777,True,252.0,46,9,18.4799,1.7395,2.83,Minor,0.0701120964290924,0.920253902063546,flat,MIR,Minor Isoform Redistribution,new_target_candidate,SR
Inhibitory_neuron,ELMO2-204,ELMO2,0.0535714285714285,0.6363636363636364,1.1592359854550048e-09,6.621856622082388e-09,True,-0.5827922077922079,CT_enriched,0.0119047619047619,True,252.0,3,28,2.1275,12.7558,-2.137,Dominant,0.0701120964290924,0.920253902063546,flat,DIEr,Dominant Isoform Erosion,trial_failure_explanation,SR
Inhibitory_neuron,ENST00000697541,ENSG00000289731,0.0,0.2727272727272727,5.044466465146115e-11,3.369751413565616e-10,True,-0.2727272727272727,CT_enriched,0.0109890109890109,True,2002.0,0,9,0.0,5.2569,-2.6454,Dominant,-0.0015261414160844,0.998322420078952,flat,DIEr,Dominant Isoform Erosion,trial_failure_explanation,SR
Inhibitory_neuron,ENST00000381231,ENSG00000291060,0.1791044776119403,0.4195804195804196,6.502016086772296e-07,2.639191266898647e-06,True,-0.2404759419684793,CT_enriched,0.0194,True,10000.0,48,60,41.4356,91.5227,-1.1245,Dominant,-0.172793295701288,0.894487291664963,flat,DIEr,Dominant Isoform Erosion,trial_failure_explanation,SR
Inhibitory_neuron,ENST00000522841,ENSG00000291073,0.244140625,0.4644351464435146,1.2453067770878709e-08,6.279999650466382e-08,True,-0.2202945214435145,CT_enriched,0.0439,True,10000.0,125,111,63.7217,117.477,-0.8723,Dominant,-0.124040116617276,0.944558697992882,flat,DIEr,Dominant Isoform Erosion,trial_failure_explanation,SR
Inhibitory_neuron,ENTPD6-203,ENTPD6,0.3069908814589666,0.0394736842105263,3.9389183853861976e-23,8.075498857020866e-22,True,0.2675171972484402,AD_enriched,0.0408341658341658,True,8008.0,202,12,23.7552,5.5624,1.9154,Minor,-0.0947852925776903,0.874750979090934,flat,MIR,Minor Isoform Redistribution,new_target_candidate,SR
Inhibitory_neuron,EP400-204,EP400,0.4861111111111111,0.795,9.295437945610872e-09,4.7556877620103554e-08,True,-0.3088888888888889,CT_enriched,0.0438,True,10000.0,70,159,40.3607,170.5673,-2.0524,Dominant,0.0540869434621501,0.948608681169918,flat,DIEr,Dominant Isoform Erosion,trial_failure_explanation,SR
Inhibitory_neuron,EPB41L2-233,EPB41L2,0.3548387096774194,0.66,0.0068071698072569,0.0140736426011421,True,-0.3051612903225806,CT_enriched,0.0318223443223443,True,4368.0,22,33,7.2764,18.9552,-1.2697,Dominant,0.104123849114558,0.814836682875991,flat,DIEr,Dominant Isoform Erosion,trial_failure_explanation,SR
Inhibitory_neuron,EPHA5-204,EPHA5,0.5901639344262295,0.056910569105691,7.163644427666636e-15,7.451776251510054e-14,True,0.5332533653205385,AD_enriched,0.0497835497835497,True,462.0,36,7,7.6841,2.5805,1.2782,Minor,0.0159399165979631,0.988233660884139,flat,MIR,Minor Isoform Redistribution,new_target_candidate,SR
Inhibitory_neuron,EPHA7-215,EPHA7,0.6308316430020284,0.3931159420289855,6.9671985644688214e-43,5.036034039291694e-41,True,0.2377157009730429,AD_enriched,0.0366,True,10000.0,622,217,249.7723,109.6093,1.1809,Dominant,0.157541580569504,0.816983325593386,flat,DIR,Dominant Isoform Redistribution,,SR
Inhibitory_neuron,ERBB4-204,ERBB4,0.40754039497307,0.1933638443935926,1.7613377894819606e-22,3.366244900711625e-21,True,0.2141765505794773,AD_enriched,0.03,True,10000.0,227,169,97.6975,126.9345,-0.3743,Minor,0.0634346482005634,0.93649067644708,flat,MIR,Minor Isoform Redistribution,new_target_candidate,SR
Inhibitory_neuron,ERBB4-201,ERBB4,0.5511669658886894,0.7963386727688787,1.7613377894819606e-22,3.366244900711625e-21,True,-0.2451717068801893,CT_enriched,0.0163,True,10000.0,307,696,138.0353,441.1573,-1.6691,Dominant,0.0634346482005634,0.93649067644708,flat,DIEr,Dominant Isoform Erosion,trial_failure_explanation,SR
Inhibitory_neuron,ERCC6-221,ERCC6,0.2227272727272727,0.0193704600484261,5.322452132400122e-52,6.819996618743609e-50,True,0.2033568126788466,AD_enriched,0.0299,True,10000.0,49,8,48.51,3.6334,3.4176,Minor,0.21358796801733,0.738057266188381,flat,MIR,Minor Isoform Redistribution,new_target_candidate,SR
Inhibitory_neuron,ERMP1-209,ERMP1,0.6,0.0,2.3612657660602508e-11,1.6395094075181891e-10,True,0.6,AD_enriched,0.019047619047619,True,210.0,33,0,19.2122,0.0,4.3372,Minor,-0.0830371743224672,0.913412075768868,flat,MIR,Minor Isoform Redistribution,new_target_candidate,SR
Inhibitory_neuron,ETV1-205,ETV1,0.5185185185185185,0.1379310344827586,0.0001055782741065,0.000306671978059,True,0.3805874840357599,AD_enriched,0.0428571428571428,True,70.0,28,8,7.7649,4.3862,0.7025,Minor,0.323900151156579,0.84359429443844,flat,MIR,Minor Isoform Redistribution,new_target_candidate,SR
Inhibitory_neuron,EXOSC2-227,EXOSC2,0.009009009009009,0.2181818181818181,1.1341658348274966e-06,4.465381967009375e-06,True,-0.2091728091728091,CT_enriched,0.0424242424242424,True,495.0,1,12,0.1806,5.1017,-2.3696,Dominant,0.0444238331280412,0.957750413902122,flat,DIEr,Dominant Isoform Erosion,trial_failure_explanation,SR
Inhibitory_neuron,FADS3-208,FADS3,0.0129870129870129,0.2258064516129032,0.0009487997426154,0.0023247861576992,True,-0.2128194386258902,CT_enriched,0.0,True,84.0,1,7,0.5972,2.5456,-1.1505,Minor,-0.0086881129428621,0.992078600201957,flat,MIEr,Minor Isoform Erosion,,SR
Inhibitory_neuron,FAM120B-201,FAM120B,0.09375,0.7906976744186046,3.4159603269478742e-09,1.851844646474242e-08,True,-0.6969476744186046,CT_enriched,0.0158730158730158,True,126.0,3,34,2.0336,13.1444,-2.2211,Dominant,0.0801080199030994,0.945671771113686,flat,DIEr,Dominant Isoform Erosion,trial_failure_explanation,SR
Inhibitory_neuron,FAM153A-232,FAM153A,0.1359223300970873,0.7555555555555555,8.973331552692067e-12,6.570343284945179e-11,True,-0.6196332254584682,CT_enriched,0.005050505050505,True,792.0,14,34,5.721,26.0174,-2.0071,Dominant,-0.249475683219966,0.910140598624907,flat,DIEr,Dominant Isoform Erosion,trial_failure_explanation,SR
Inhibitory_neuron,FAM222B-208,FAM222B,0.5040983606557377,0.1458333333333333,3.927882113733982e-11,2.6521436355966696e-10,True,0.3582650273224044,AD_enriched,0.0405594405594405,True,715.0,123,14,44.5646,5.0113,2.9222,Minor,0.0891909823206473,0.870520669363622,flat,MIR,Minor Isoform Redistribution,new_target_candidate,SR
Inhibitory_neuron,FAM234A-203,FAM234A,0.336734693877551,0.7173252279635258,1.1261837858699827e-24,2.623729001956596e-23,True,-0.3805905340859748,CT_enriched,0.0459540459540459,True,2002.0,99,236,17.8893,71.5329,-1.9411,Dominant,0.0944571161470458,0.91650801643165,flat,DIEr,Dominant Isoform Erosion,trial_failure_explanation,SR
Inhibitory_neuron,FAN1-212,FAN1,0.0571428571428571,0.40625,1.2874474052384635e-40,8.155762326667929e-39,True,-0.3491071428571429,CT_enriched,0.0038,True,10000.0,28,117,17.0467,33.5798,-0.9382,Dominant,0.11207398482362,0.877701169109946,flat,DIEr,Dominant Isoform Erosion,trial_failure_explanation,SR
Inhibitory_neuron,FANCM-204,FANCM,0.12,0.4782608695652174,4.430265309571483e-10,2.648763076920893e-09,True,-0.3582608695652174,CT_enriched,0.0318570318570318,True,1287.0,15,22,1.8318,11.4663,-2.1383,Dominant,0.420019425602524,0.616715363575611,flat,DIEr,Dominant Isoform Erosion,trial_failure_explanation,SR
Inhibitory_neuron,FANCM-220,FANCM,0.296,0.0,4.430265309571483e-10,2.648763076920893e-09,True,0.296,AD_enriched,0.0023310023310023,True,1287.0,37,0,33.5187,0.0,5.1093,Minor,0.420019425602524,0.616715363575611,flat,MIR,Minor Isoform Redistribution,new_target_candidate,SR
Inhibitory_neuron,FASTKD5-202,FASTKD5,0.3333333333333333,0.0467625899280575,7.330229510260514e-12,5.458218877848919e-11,True,0.2865707434052758,AD_enriched,0.0458430458430458,True,6435.0,26,13,6.8039,36.2555,-2.2552,Minor,-0.0274454683143617,0.983504636031934,flat,MIR,Minor Isoform Redistribution,new_target_candidate,SR
Inhibitory_neuron,FASTKD5-201,FASTKD5,0.6538461538461539,0.935251798561151,7.330229510260514e-12,5.458218877848919e-11,True,-0.2814056447149972,CT_enriched,0.043045843045843,True,6435.0,51,260,19.2342,99.5107,-2.3125,Dominant,-0.0274454683143617,0.983504636031934,flat,DIEr,Dominant Isoform Erosion,trial_failure_explanation,SR
Inhibitory_neuron,FBN1-208,FBN1,0.5421686746987951,0.1192660550458715,8.749734115276801e-16,9.866200188386119e-15,True,0.4229026196529236,AD_enriched,0.0419580419580419,True,8008.0,135,13,75.6355,7.5512,3.1638,Minor,0.139902397933747,0.83388900339756,flat,MIR,Minor Isoform Redistribution,new_target_candidate,SR
Inhibitory_neuron,FBXO42-201,FBXO42,0.9929577464788732,0.7767857142857143,4.7703720386276695e-08,2.2506575358814057e-07,True,0.2161720321931589,AD_enriched,0.0259740259740259,True,5005.0,141,87,78.8037,41.9341,0.8943,Dominant,-0.111716166033968,0.826291929540084,flat,DIR,Dominant Isoform Redistribution,,SR
Inhibitory_neuron,FBXO42-204,FBXO42,0.0,0.2142857142857142,4.7703720386276695e-08,2.2506575358814057e-07,True,-0.2142857142857142,CT_enriched,0.0321678321678321,True,5005.0,0,24,0.0,9.3539,-3.3721,Minor,-0.111716166033968,0.826291929540084,flat,MIEr,Minor Isoform Erosion,,SR
Inhibitory_neuron,FBXW11-204,FBXW11,0.8495575221238938,0.2592592592592592,3.521237731417631e-12,2.7496867492704435e-11,True,0.5902982628646346,AD_enriched,0.0178571428571428,True,56.0,96,14,24.8255,7.466,1.609,Minor,0.0214894651524515,0.959488366631081,flat,MIR,Minor Isoform Redistribution,new_target_candidate,SR
Inhibitory_neuron,FHIP2B-201,FHIP2B,0.2441860465116279,0.8064516129032258,1.6339031344553668e-12,1.3142079334981535e-11,True,-0.5622655663915979,CT_enriched,0.0064102564102564,True,1716.0,21,50,5.9675,67.3271,-3.2938,Dominant,-0.396940836740686,0.56332742887001,flat,DIEr,Dominant Isoform Erosion,trial_failure_explanation,SR
Inhibitory_neuron,FHIP2B-203,FHIP2B,0.3837209302325581,0.032258064516129,1.6339031344553668e-12,1.3142079334981535e-11,True,0.3514628657164291,AD_enriched,0.039044289044289,True,1716.0,33,2,9.6924,0.9829,2.4309,Minor,-0.396940836740686,0.56332742887001,flat,MIR,Minor Isoform Redistribution,new_target_candidate,SR
Inhibitory_neuron,FIG4-207,FIG4,0.46875,0.1666666666666666,1.5886655922379051e-06,6.130661607828412e-06,True,0.3020833333333333,AD_enriched,0.011072261072261,True,1716.0,60,15,21.5156,3.8507,2.2147,Minor,0.101425791577645,0.855666968780896,flat,MIR,Minor Isoform Redistribution,new_target_candidate,SR
Inhibitory_neuron,transcript190556.chr9.nic,FKBP15,0.2347826086956521,0.0,2.679678721200682e-46,2.5180047716882414e-44,True,0.2347826086956521,AD_enriched,0.0231768231768231,True,5005.0,54,0,5.445,0.0,2.6882,Minor,0.115817535229815,0.876697879569506,flat,MIR,Minor Isoform Redistribution,new_target_candidate,SR
Inhibitory_neuron,FLAD1-201,FLAD1,0.0,0.3488372093023256,8.74532641088703e-14,8.204018353507663e-13,True,-0.3488372093023256,CT_enriched,0.0428571428571428,True,70.0,0,15,0.0,7.9781,-3.1664,Minor,-0.145479058282337,0.906167502459897,flat,MIEr,Minor Isoform Erosion,,SR
Inhibitory_neuron,FOXO3-203,FOXO3,0.4375,0.0795454545454545,4.5475247989134535e-06,1.63722508405326e-05,True,0.3579545454545455,AD_enriched,0.0357142857142857,True,252.0,14,7,6.9694,2.6539,1.125,Minor,-0.0081474106586759,0.989670199848933,flat,MIR,Minor Isoform Redistribution,new_target_candidate,SR
Inhibitory_neuron,transcript168434.chr10.nic,FRA10AC1,0.46875,0.7456140350877193,0.0002476085425208,0.0006753831459761,True,-0.2768640350877193,CT_enriched,0.0366,True,10000.0,30,85,14.1809,76.6851,-2.3554,Dominant,0.0919715148828459,0.891264526998387,flat,DIEr,Dominant Isoform Erosion,trial_failure_explanation,SR
Inhibitory_neuron,FRA10AC1-201,FRA10AC1,0.484375,0.1929824561403508,0.0002476085425208,0.0006753831459761,True,0.2913925438596492,AD_enriched,0.0429,True,10000.0,31,22,16.7611,8.3672,0.923,Minor,0.0919715148828459,0.891264526998387,flat,MIR,Minor Isoform Redistribution,new_target_candidate,SR
Inhibitory_neuron,FRMD4A-203,FRMD4A,0.3069306930693069,0.0833333333333333,0.0024462530125603,0.005516789793926,True,0.2235973597359736,AD_enriched,0.0474525474525474,True,2002.0,31,4,15.7525,2.547,2.2397,Minor,-0.0164533086996017,0.980648578630487,flat,MIR,Minor Isoform Redistribution,new_target_candidate,SR
Inhibitory_neuron,transcript142153.chr1.nic,FUBP1,0.4,0.1363636363636363,0.0198848072668091,0.0368784682139046,True,0.2636363636363637,AD_enriched,0.0454545454545454,True,462.0,16,6,6.5705,2.799,0.9948,Minor,0.204080739367414,0.672496889608921,flat,MIR,Minor Isoform Redistribution,new_target_candidate,SR
Inhibitory_neuron,FUT8-203,FUT8,0.1428571428571428,0.8771929824561403,1.2188126238375741e-14,1.251669503314434e-13,True,-0.7343358395989975,CT_enriched,0.0178571428571428,True,56.0,8,50,3.884,17.4565,-1.918,Dominant,0.0821806119047249,0.846792795930636,flat,DIEr,Dominant Isoform Erosion,trial_failure_explanation,SR
Inhibitory_neuron,FUT8-216,FUT8,0.8571428571428571,0.1052631578947368,1.2188126238375741e-14,1.251669503314434e-13,True,0.7518796992481203,AD_enriched,0.0178571428571428,True,56.0,48,6,43.2936,1.4939,4.1506,Minor,0.0821806119047249,0.846792795930636,flat,MIR,Minor Isoform Redistribution,new_target_candidate,SR
Inhibitory_neuron,GABRB2-218,GABRB2,0.3555555555555555,0.6658767772511849,1.4486302862363256e-28,4.438792148804568e-27,True,-0.3103212216956293,CT_enriched,0.0095,True,10000.0,64,281,22.3139,132.4424,-2.517,Dominant,0.064832107129424,0.912987458378968,flat,DIEr,Dominant Isoform Erosion,trial_failure_explanation,SR
Inhibitory_neuron,GALNT16-202,GALNT16,0.334841628959276,0.0555555555555555,4.361595061601511e-14,4.232473830862189e-13,True,0.2792860734037204,AD_enriched,0.0439560439560439,True,8008.0,74,6,21.4879,3.2125,2.4164,Minor,-0.0777422725832313,0.91461714698303,flat,MIR,Minor Isoform Redistribution,new_target_candidate,SR
Inhibitory_neuron,GBF1-280,GBF1,0.0337078651685393,0.75,1.3799787597002803e-41,9.373879815891784e-40,True,-0.7162921348314607,CT_enriched,0.0112387612387612,True,8008.0,6,105,3.6108,48.9886,-3.4385,Dominant,0.0294285167713759,0.967746269666627,flat,DIEr,Dominant Isoform Erosion,trial_failure_explanation,SR
Inhibitory_neuron,GCC2-218,GCC2,0.6710439921208142,0.3401360544217687,8.977830502341031e-133,8.436168062033123e-130,True,0.3309079376990455,AD_enriched,0.0213,True,10000.0,2044,650,2470.1762,511.161,2.2705,Minor,0.107597338236017,0.868144591455261,flat,MIR,Minor Isoform Redistribution,new_target_candidate,SR
Inhibitory_neuron,GGCX-201,GGCX,0.5454545454545454,0.9,5.361380578586429e-07,2.2079958876603573e-06,True,-0.3545454545454546,CT_enriched,0.0178571428571428,True,56.0,42,45,6.5233,17.3524,-1.2865,Dominant,-0.304118518011583,0.656012567199017,flat,DIEr,Dominant Isoform Erosion,trial_failure_explanation,SR
Inhibitory_neuron,GIT2-204,GIT2,0.0263157894736842,0.5533980582524272,8.145409703848464e-23,1.62274982015186e-21,True,-0.527082268778743,CT_enriched,0.0323676323676323,True,5005.0,4,57,0.4866,16.7394,-3.5768,Dominant,0.0967489215866599,0.881978198052787,flat,DIEr,Dominant Isoform Erosion,trial_failure_explanation,SR
Inhibitory_neuron,transcript14161.chr7.nnic,GLCCI1,0.4354838709677419,0.0460526315789473,8.23116338364202e-12,6.074253816357815e-11,True,0.3894312393887946,AD_enriched,0.0114885114885114,True,2002.0,27,7,12.6612,2.9008,1.8082,Minor,0.101129714423402,0.906822497616159,flat,MIR,Minor Isoform Redistribution,new_target_candidate,SR
Inhibitory_neuron,GMEB1-203,GMEB1,0.5736434108527132,0.9214285714285714,9.195577585068174e-11,5.911592522761041e-10,True,-0.3477851605758582,CT_enriched,0.0128205128205128,True,1716.0,74,129,12.7628,106.6792,-2.9679,Dominant,0.0722141447354256,0.93745254370413,flat,DIEr,Dominant Isoform Erosion,trial_failure_explanation,SR
Inhibitory_neuron,GMEB1-201,GMEB1,0.2945736434108527,0.0285714285714285,9.195577585068174e-11,5.911592522761041e-10,True,0.2660022148394241,AD_enriched,0.0174825174825174,True,1716.0,38,4,6.4753,1.0713,1.8516,Minor,0.0722141447354256,0.93745254370413,flat,MIR,Minor Isoform Redistribution,new_target_candidate,SR
Inhibitory_neuron,GNB1-201,GNB1,0.9519230769230768,0.5263157894736842,4.3107924549550287e-10,2.5800687750569487e-09,True,0.4256072874493926,AD_enriched,0.0396825396825396,True,126.0,99,40,26.9006,20.6027,0.3691,Dominant,-0.0397366037027729,0.903823770272255,flat,DIR,Dominant Isoform Redistribution,,SR
Inhibitory_neuron,GNL3L-202,GNL3L,0.4125874125874126,0.0925925925925925,5.705047946478148e-07,2.339277114345004e-06,True,0.3199948199948201,AD_enriched,0.0499500499500499,True,5005.0,59,5,15.7109,1.9179,2.5178,Minor,0.0992735617792522,0.885342787980044,flat,MIR,Minor Isoform Redistribution,new_target_candidate,SR
Inhibitory_neuron,GPR161-202,GPR161,0.037037037037037,0.5098039215686274,1.1289339632166466e-06,4.447889367306397e-06,True,-0.4727668845315904,CT_enriched,0.0277777777777777,True,252.0,2,26,0.3613,22.1269,-4.0865,Dominant,-0.0253497183541021,0.985313447481852,flat,DIEr,Dominant Isoform Erosion,trial_failure_explanation,SR
Inhibitory_neuron,GPR176-201,GPR176,0.9019607843137256,0.461038961038961,3.2496805295528623e-16,3.841027007467304e-15,True,0.4409218232747646,AD_enriched,0.0113636363636363,True,792.0,138,71,27.3909,17.1751,0.6435,Minor,0.0323102151359508,0.967820199245216,flat,MIR,Minor Isoform Redistribution,new_target_candidate,SR
Inhibitory_neuron,GPR176-205,GPR176,0.0980392156862745,0.538961038961039,3.2496805295528623e-16,3.841027007467304e-15,True,-0.4409218232747645,CT_enriched,0.0138888888888888,True,792.0,15,83,2.394,22.2535,-2.7764,Dominant,0.0323102151359508,0.967820199245216,flat,DIEr,Dominant Isoform Erosion,trial_failure_explanation,SR
Inhibitory_neuron,GPR61-205,GPR61,0.6458333333333334,0.4066193853427896,1.6193336108739126e-17,2.1946641581988264e-16,True,0.2392139479905438,AD_enriched,0.0148,True,10000.0,217,172,76.3016,124.7114,-0.7015,Dominant,-0.238950505132356,0.818807473134658,flat,DIR,Dominant Isoform Redistribution,,SR
Inhibitory_neuron,GPR61-204,GPR61,0.1160714285714285,0.4018912529550827,1.6193336108739126e-17,2.1946641581988264e-16,True,-0.2858198243836542,CT_enriched,0.0135,True,10000.0,39,170,11.1945,51.4076,-2.1035,Minor,-0.238950505132356,0.818807473134658,flat,MIEr,Minor Isoform Erosion,,SR
Inhibitory_neuron,GPR85-202,GPR85,0.4512195121951219,0.06,1.0159970385795084e-14,1.0452903838524212e-13,True,0.3912195121951219,AD_enriched,0.004040404040404,True,495.0,37,12,65.6593,3.569,3.8669,Minor,-0.471487063396318,0.499307312433167,flat,MIR,Minor Isoform Redistribution,new_target_candidate,SR
Inhibitory_neuron,GPR89A-201,GPR89A,0.6666666666666666,0.2096774193548387,4.248642674144332e-05,0.0001308238525222,True,0.4569892473118279,AD_enriched,0.0119047619047619,True,924.0,30,13,6.9387,4.2229,0.604,Minor,0.0438137366428209,0.948608681169918,flat,MIR,Minor Isoform Redistribution,new_target_candidate,SR
Inhibitory_neuron,transcript221106.chr1.nic,GPR89A,0.2888888888888888,0.6612903225806451,4.248642674144332e-05,0.0001308238525222,True,-0.3724014336917563,CT_enriched,0.0378787878787878,True,924.0,13,41,4.5405,18.5502,-1.8191,Dominant,0.0438137366428209,0.948608681169918,flat,DIEr,Dominant Isoform Erosion,trial_failure_explanation,SR
Inhibitory_neuron,GPRASP1-201,GPRASP1,0.073170731707317,0.4236311239193083,1.818510041557365e-23,3.8399848742698223e-22,True,-0.3504603922119913,CT_enriched,0.0023310023310023,True,1287.0,21,147,8.6388,38.9437,-2.051,Dominant,0.0255016560224495,0.972008642153609,flat,DIEr,Dominant Isoform Erosion,trial_failure_explanation,SR
Inhibitory_neuron,GRAMD1B-202,GRAMD1B,0.3289473684210526,0.8095238095238095,1.0725289568418856e-07,4.880482856073084e-07,True,-0.4805764411027569,CT_enriched,0.0246420246420246,True,3003.0,25,51,7.1795,20.606,-1.4013,Dominant,-0.0691390581165569,0.921250185158188,flat,DIEr,Dominant Isoform Erosion,trial_failure_explanation,SR
Inhibitory_neuron,GSS-228,GSS,0.8322368421052632,0.535031847133758,1.7950249507010635e-11,1.2730000845349176e-10,True,0.2972049949715052,AD_enriched,0.0264180264180264,True,1287.0,253,84,48.3232,26.4663,0.8446,Dominant,-0.197634399349693,0.839574968494767,flat,DIR,Dominant Isoform Redistribution,,SR
Inhibitory_neuron,GTF3C3-212,GTF3C3,0.2857142857142857,0.0193798449612403,4.8830017595765094e-14,4.706045114614079e-13,True,0.2663344407530454,AD_enriched,0.0189393939393939,True,792.0,12,5,6.559,1.5988,1.5403,Minor,-0.0592494178102938,0.925165236135609,flat,MIR,Minor Isoform Redistribution,new_target_candidate,SR
Inhibitory_neuron,GTF3C3-201,GTF3C3,0.6666666666666666,0.9806201550387597,4.8830017595765094e-14,4.706045114614079e-13,True,-0.313953488372093,CT_enriched,0.0151515151515151,True,792.0,28,253,8.2378,67.4888,-2.8902,Dominant,-0.0592494178102938,0.925165236135609,flat,DIEr,Dominant Isoform Erosion,trial_failure_explanation,SR
Inhibitory_neuron,GTF3C5-202,GTF3C5,0.7444444444444445,0.3043478260869565,3.6826187441275055e-06,1.3464724046297583e-05,True,0.440096618357488,AD_enriched,0.0472027972027972,True,8008.0,67,14,56.0597,13.0088,2.0261,Minor,-0.106549882677018,0.862677352442605,flat,MIR,Minor Isoform Redistribution,new_target_candidate,SR
Inhibitory_neuron,GVQW3-209,GVQW3,0.5180722891566265,0.961904761904762,5.823654840049656e-11,3.8458096957109404e-10,True,-0.4438324727481355,CT_enriched,0.0077700077700077,True,1287.0,43,101,23.5816,54.0727,-1.1638,Dominant,0.0181053587336789,0.972179209318913,flat,DIEr,Dominant Isoform Erosion,trial_failure_explanation,SR
Inhibitory_neuron,GVQW3-202,GVQW3,0.2409638554216867,0.0,5.823654840049656e-11,3.8458096957109404e-10,True,0.2409638554216867,AD_enriched,0.0023310023310023,True,1287.0,20,0,5.5987,0.0,2.7222,Minor,0.0181053587336789,0.972179209318913,flat,MIR,Minor Isoform Redistribution,new_target_candidate,SR
Inhibitory_neuron,HACE1-201,HACE1,0.247191011235955,0.6363636363636364,2.433482544979036e-05,7.839985479195317e-05,True,-0.3891726251276813,CT_enriched,0.0424575424575424,True,2002.0,22,35,5.6713,12.4366,-1.0101,Dominant,6.62202452326773e-05,0.999910347915014,flat,DIEr,Dominant Isoform Erosion,trial_failure_explanation,SR
Inhibitory_neuron,HAUS5-206,HAUS5,0.8224852071005917,0.5294117647058824,1.5629127333462804e-06,6.035412322333103e-06,True,0.2930734423947093,AD_enriched,0.0415834165834165,True,8008.0,139,45,62.5469,27.9462,1.1344,Dominant,-0.115182893402103,0.886355398142786,flat,DIR,Dominant Isoform Redistribution,,SR
Inhibitory_neuron,HDAC5-213,HDAC5,0.4722222222222222,0.2595419847328244,0.0007310053267408,0.0018284862609426,True,0.2126802374893978,AD_enriched,0.0435564435564435,True,5005.0,51,34,18.3933,9.5265,0.8815,Minor,-0.0599003784681991,0.920139712220328,flat,MIR,Minor Isoform Redistribution,new_target_candidate,SR
Inhibitory_neuron,HDAC6-236,HDAC6,0.2058823529411764,0.0,5.548746270691219e-07,2.2785019281978945e-06,True,0.2058823529411764,AD_enriched,0.0335664335664335,True,715.0,14,0,1.9115,0.0,1.5417,Minor,0.0143015191011927,0.985116269346921,flat,MIR,Minor Isoform Redistribution,new_target_candidate,SR
Inhibitory_neuron,HDGFL2-210,HDGFL2,0.1176470588235294,0.320754716981132,0.0008347680365421,0.0020651260158073,True,-0.2031076581576026,CT_enriched,0.0409590409590409,True,1001.0,30,17,13.3755,18.582,-0.4459,Minor,0.0907306672785905,0.899038640720317,flat,MIEr,Minor Isoform Erosion,,SR
Inhibitory_neuron,HECTD4-213,HECTD4,0.4808184143222506,0.0194552529182879,1.8855873263751807e-46,1.8018544654412322e-44,True,0.4613631614039626,AD_enriched,0.0053280053280053,True,3003.0,188,5,33.5933,2.9068,3.1464,Minor,0.0656823577713989,0.891294390271783,flat,MIR,Minor Isoform Redistribution,new_target_candidate,SR
Inhibitory_neuron,transcript47646.chr7.nic,HERPUD2,0.0408163265306122,0.2676056338028169,1.0787391322696411e-09,6.174549469782982e-09,True,-0.2267893072722046,CT_enriched,0.0409590409590409,True,5005.0,4,38,1.1496,14.9099,-2.8878,Minor,0.0447144240852015,0.948608681169918,flat,MIEr,Minor Isoform Erosion,,SR
Inhibitory_neuron,HGF-211,HGF,0.7551020408163265,0.2947368421052631,6.77597494821421e-07,2.7424943832039995e-06,True,0.4603651987110634,AD_enriched,0.0151515151515151,True,462.0,37,28,14.8498,8.2815,0.772,Minor,0.462281732313188,0.620230208437243,flat,MIR,Minor Isoform Redistribution,new_target_candidate,SR
Inhibitory_neuron,HGF-201,HGF,0.1632653061224489,0.5052631578947369,6.77597494821421e-07,2.7424943832039995e-06,True,-0.3419978517722879,CT_enriched,0.0151515151515151,True,462.0,8,48,3.8511,20.3238,-2.1361,Dominant,0.462281732313188,0.620230208437243,flat,DIEr,Dominant Isoform Erosion,trial_failure_explanation,SR
Inhibitory_neuron,HLA-A-209,HLA-A,0.2153846153846154,0.0,8.566348228040464e-07,3.4253242063611448e-06,True,0.2153846153846154,AD_enriched,0.0047619047619047,True,210.0,14,0,2.2446,0.0,1.6981,Minor,-0.0789505832955554,0.973612746745332,flat,MIR,Minor Isoform Redistribution,new_target_candidate,SR
Inhibitory_neuron,HLA-L-213,HLA-L,0.8736842105263158,0.4634146341463415,6.64137480395623e-10,3.900424077573463e-09,True,0.4102695763799743,AD_enriched,0.0198412698412698,True,252.0,83,19,22.2101,8.2606,1.3256,Dominant,-0.0547472373470045,0.950102215487098,flat,DIR,Dominant Isoform Redistribution,,SR
Inhibitory_neuron,HLA-L-223,HLA-L,0.0,0.3658536585365853,6.64137480395623e-10,3.900424077573463e-09,True,-0.3658536585365853,CT_enriched,0.0039682539682539,True,252.0,0,15,0.0,5.2005,-2.6324,Minor,-0.0547472373470045,0.950102215487098,flat,MIEr,Minor Isoform Erosion,,SR
Inhibitory_neuron,HLCS-208,HLCS,0.1181102362204724,0.8181818181818182,2.734980278301926e-19,4.190168154637571e-18,True,-0.7000715819613459,CT_enriched,0.0396825396825396,True,126.0,15,27,3.8094,14.9415,-1.7289,Dominant,-0.0392701839337927,0.96900846079196,flat,DIEr,Dominant Isoform Erosion,trial_failure_explanation,SR
Inhibitory_neuron,transcript115576.chr15.nnic,HMG20A,0.0120481927710843,0.3582089552238806,1.1163635114157457e-07,5.067679128310767e-07,True,-0.3461607624527962,CT_enriched,0.0476190476190476,True,252.0,1,24,0.7532,8.9771,-2.5087,Minor,0.0790067510285136,0.843637156195596,flat,MIEr,Minor Isoform Erosion,,SR
Inhibitory_neuron,HNRNPH1-206,HNRNPH1,0.3031674208144796,0.024793388429752,5.0642408777066625e-11,3.3789574045574156e-10,True,0.2783740323847276,AD_enriched,0.0019980019980019,True,3003.0,67,3,17.9916,4.8755,1.6926,Minor,-0.126597200847581,0.860863540104518,flat,MIR,Minor Isoform Redistribution,new_target_candidate,SR
Inhibitory_neuron,HOOK2-201,HOOK2,0.7235772357723578,0.2137404580152671,3.57049236772476e-17,4.681496737030744e-16,True,0.5098367777570907,AD_enriched,0.0216450216450216,True,3003.0,89,28,21.172,20.1162,0.0704,Minor,-0.428714207646467,0.428961988189832,flat,MIR,Minor Isoform Redistribution,new_target_candidate,SR
Inhibitory_neuron,HPS1-245,HPS1,0.21875,0.0068965517241379,9.516760830776866e-16,1.0688346128270912e-14,True,0.2118534482758621,AD_enriched,0.0194805194805194,True,462.0,14,1,1.4117,0.1933,1.0151,Minor,-0.305412335591805,0.490435541447766,flat,MIR,Minor Isoform Redistribution,new_target_candidate,SR
Inhibitory_neuron,transcript160544.chr9.nic,IARS1,0.1052631578947368,0.4862385321100917,1.3672755961792882e-12,1.1172028711969312e-11,True,-0.3809753742153549,CT_enriched,0.0313908313908313,True,6435.0,12,53,5.7799,25.2989,-1.9557,Dominant,-0.0284867350705609,0.969237363482284,flat,DIEr,Dominant Isoform Erosion,trial_failure_explanation,SR
Inhibitory_neuron,ICA1L-201,ICA1L,0.0450819672131147,0.951219512195122,2.6178967299125457e-43,1.9168443848372638e-41,True,-0.9061375449820072,CT_enriched,0.0,True,10.0,11,39,1.4424,8.1246,-1.9015,Dominant,0.0633221688309407,0.870520669363622,flat,DIEr,Dominant Isoform Erosion,trial_failure_explanation,SR
Inhibitory_neuron,IFNAR2-202,IFNAR2,0.0,0.5576923076923077,5.4895567063183227e-08,2.570608032410524e-07,True,-0.5576923076923077,CT_enriched,0.0317460317460317,True,252.0,0,29,0.0,17.9618,-4.245,Dominant,0.260658970484479,0.734410045007968,flat,DIEr,Dominant Isoform Erosion,trial_failure_explanation,SR
Inhibitory_neuron,INSR-201,INSR,0.0047846889952153,0.3833333333333333,1.362799438828961e-19,2.134295343366024e-18,True,-0.378548644338118,CT_enriched,0.0339660339660339,True,3003.0,1,23,0.1806,31.7314,-4.793,Minor,-0.0399122770838806,0.948608681169918,flat,MIEr,Minor Isoform Erosion,,SR
Inhibitory_neuron,INTU-201,INTU,0.5922330097087378,0.9153846153846154,8.253208651005417e-08,3.795398888610811e-07,True,-0.3231516056758775,CT_enriched,0.0377622377622377,True,5005.0,61,119,18.0079,50.519,-1.4385,Dominant,0.143232826313228,0.855666968780896,flat,DIEr,Dominant Isoform Erosion,trial_failure_explanation,SR
Inhibitory_neuron,ITCH-202,ITCH,0.0222222222222222,0.7127659574468085,2.1726616332166685e-15,2.369335839086185e-14,True,-0.6905437352245862,CT_enriched,0.0396825396825396,True,126.0,1,67,2.1664,22.8255,-2.9116,Dominant,0.0868233275044382,0.780607963329673,flat,DIEr,Dominant Isoform Erosion,trial_failure_explanation,SR
Inhibitory_neuron,ITCH-203,ITCH,0.2222222222222222,0.0,2.1726616332166685e-15,2.369335839086185e-14,True,0.2222222222222222,AD_enriched,0.0079365079365079,True,126.0,10,0,5.4442,0.0,2.688,Minor,0.0868233275044382,0.780607963329673,flat,MIR,Minor Isoform Redistribution,new_target_candidate,SR
Inhibitory_neuron,JARID2-201,JARID2,0.0853658536585365,0.4186046511627907,0.0001793359518272,0.000500790538089,True,-0.3332387975042542,CT_enriched,0.0416666666666666,True,792.0,7,18,3.8637,6.7802,-0.6778,Minor,-0.13085045476258,0.780156336256844,flat,MIEr,Minor Isoform Erosion,,SR
Inhibitory_neuron,KALRN-201,KALRN,0.006276150627615,0.244360902255639,3.744533167671292e-29,1.186049325805098e-27,True,-0.238084751628024,CT_enriched,0.0089,True,10000.0,3,65,1.8007,21.9126,-3.0323,Minor,0.0282019083854327,0.971135890784789,flat,MIEr,Minor Isoform Erosion,,SR
Inhibitory_neuron,KARS1-201,KARS1,0.4576271186440678,0.859375,6.373660842923169e-06,2.243114845967592e-05,True,-0.4017478813559322,CT_enriched,0.0274725274725274,True,2002.0,27,55,7.2125,23.4968,-1.5767,Dominant,0.0012621858324156,0.999126591552401,flat,DIEr,Dominant Isoform Erosion,trial_failure_explanation,SR
Inhibitory_neuron,KAT14-212,KAT14,0.0212765957446808,0.2626262626262626,3.2005390113974294e-07,1.3628881379349475e-06,True,-0.2413496668815818,CT_enriched,0.0357142857142857,True,56.0,1,26,0.4513,6.1444,-2.2995,Minor,0.0667055255501834,0.906167502459897,flat,MIEr,Minor Isoform Erosion,,SR
Inhibitory_neuron,KCNH2-203,KCNH2,0.0612244897959183,0.6521739130434783,5.862129315394688e-15,6.154689959068016e-14,True,-0.59094942324756,CT_enriched,0.0238095238095238,True,252.0,6,30,1.6124,12.9088,-2.4126,Dominant,-0.165631783628655,0.84359429443844,flat,DIEr,Dominant Isoform Erosion,trial_failure_explanation,SR
Inhibitory_neuron,KIAA0513-206,KIAA0513,0.4457831325301205,0.7666666666666667,0.0096575007615447,0.0193630829635807,True,-0.3208835341365462,CT_enriched,0.0396825396825396,True,126.0,37,23,6.8883,7.8159,-0.1604,Dominant,-0.0291507144569724,0.970974833466196,flat,DIEr,Dominant Isoform Erosion,trial_failure_explanation,SR
Inhibitory_neuron,KIAA1191-212,KIAA1191,0.7328385899814471,0.3071428571428571,1.923744143135768e-30,6.695104616666333e-29,True,0.42569573283859,AD_enriched,0.037,True,10000.0,395,86,71.3939,40.862,0.7902,Minor,-0.0486291236803603,0.948608681169918,flat,MIR,Minor Isoform Redistribution,new_target_candidate,SR
Inhibitory_neuron,KIAA1328-212,KIAA1328,0.0147058823529411,0.25,2.790585895454396e-06,1.0371340328656484e-05,True,-0.2352941176470589,CT_enriched,0.0142,True,10000.0,2,13,2.8755,4.3492,-0.4649,Minor,0.257318738679422,0.681199645615829,flat,MIEr,Minor Isoform Erosion,,SR
Inhibitory_neuron,KIAA1328-201,KIAA1328,0.8823529411764706,0.6538461538461539,2.790585895454396e-06,1.0371340328656484e-05,True,0.2285067873303167,AD_enriched,0.019,True,10000.0,120,34,108.0304,24.5866,2.0913,Dominant,0.257318738679422,0.681199645615829,flat,DIR,Dominant Isoform Redistribution,,SR
Inhibitory_neuron,transcript5372.chr9.nic,KIAA2026,0.0074349442379182,0.217391304347826,1.7622394761129506e-11,1.2529011559047687e-10,True,-0.2099563601099077,CT_enriched,0.0289710289710289,True,1001.0,2,15,1.4183,10.9327,-2.3029,Minor,0.0816185016216725,0.896177416824035,flat,MIEr,Minor Isoform Erosion,,SR
Inhibitory_neuron,KIF1B-214,KIF1B,0.6037735849056604,1.0,4.799447000428581e-07,1.988191196797673e-06,True,-0.3962264150943396,CT_enriched,0.0317460317460317,True,126.0,32,67,17.9473,59.008,-1.6632,Dominant,0.0593050350276929,0.850258550768745,flat,DIEr,Dominant Isoform Erosion,trial_failure_explanation,SR
Inhibitory_neuron,KIT-223,KIT,0.3772241992882562,0.0349462365591397,3.226672880768388e-51,3.8706344046323766e-49,True,0.3422779627291165,AD_enriched,0.0,True,126.0,106,26,19.1488,9.988,0.8748,Minor,0.22812129220834,0.812998042911072,flat,MIR,Minor Isoform Redistribution,new_target_candidate,SR
Inhibitory_neuron,KMT2C-247,KMT2C,0.3549488054607508,0.0769230769230769,1.9962062572696402e-47,2.123511486506836e-45,True,0.2780257285376739,AD_enriched,0.0189,True,10000.0,208,23,143.5558,30.2668,2.2089,Minor,0.132264468221592,0.792535586706705,flat,MIR,Minor Isoform Redistribution,new_target_candidate,SR
Inhibitory_neuron,LAMA3-215,LAMA3,0.1451612903225806,0.7317073170731707,4.615956006744876e-12,3.531175029311752e-11,True,-0.5865460267505901,CT_enriched,0.0093906093906093,True,5005.0,18,30,12.1381,47.1348,-1.8733,Dominant,0.0138042387839151,0.989670199848933,flat,DIEr,Dominant Isoform Erosion,trial_failure_explanation,SR
Inhibitory_neuron,LARP1B-201,LARP1B,0.0170454545454545,0.2291666666666666,6.746730608059745e-12,5.0381545918199785e-11,True,-0.2121212121212121,CT_enriched,0.011,True,10000.0,3,11,1.2595,11.089,-2.4196,Dominant,0.0626994905354673,0.860863540104518,flat,DIEr,Dominant Isoform Erosion,trial_failure_explanation,SR
Inhibitory_neuron,transcript36368.chr2.nnic,LCLAT1,0.0512820512820512,0.5,1.6062344882463416e-17,2.1821566372850287e-16,True,-0.4487179487179488,CT_enriched,0.0454545454545454,True,792.0,6,20,4.3209,5.7584,-0.345,Dominant,-0.0831311758930755,0.923431026705975,flat,DIEr,Dominant Isoform Erosion,trial_failure_explanation,SR
Inhibitory_neuron,LGI1-202,LGI1,0.4140435835351089,0.8433048433048433,7.82083118822039e-41,5.1271914231612296e-39,True,-0.4292612597697344,CT_enriched,0.0314,True,10000.0,171,296,43.0183,110.5346,-1.3413,Dominant,-0.194523367150636,0.495689064040933,flat,DIEr,Dominant Isoform Erosion,trial_failure_explanation,SR
Inhibitory_neuron,LGI1-206,LGI1,0.5036319612590799,0.0598290598290598,7.82083118822039e-41,5.1271914231612296e-39,True,0.4438029014300201,AD_enriched,0.0205,True,10000.0,208,21,125.4654,13.7938,3.0957,Minor,-0.194523367150636,0.495689064040933,flat,MIR,Minor Isoform Redistribution,new_target_candidate,SR
Inhibitory_neuron,transcript189660.chr7.nnic,LINC-PINT,0.365079365079365,0.0721649484536082,3.1644696037503415e-05,9.967195321756662e-05,True,0.2929144166257568,AD_enriched,0.0466200466200466,True,1287.0,23,7,13.8471,5.2381,1.251,Minor,-0.0817636856174758,0.89324148900802,flat,MIR,Minor Isoform Redistribution,new_target_candidate,SR
Inhibitory_neuron,transcript164493.chr3.nnic,LINC00882,0.3636363636363636,0.0285714285714285,2.235827249813965e-05,7.244594272673065e-05,True,0.335064935064935,AD_enriched,0.0416666666666666,True,120.0,12,1,4.7779,0.6038,1.849,Minor,-0.0507691704836303,0.948608681169918,flat,MIR,Minor Isoform Redistribution,new_target_candidate,SR
Inhibitory_neuron,LINC02981-213,LINC02981,0.4864864864864865,0.0397727272727272,2.6174973678132074e-22,4.902807362036832e-21,True,0.4467137592137593,AD_enriched,0.0249750249750249,True,3003.0,54,7,9.9431,3.7433,1.2061,Minor,-0.337418661037865,0.816983325593386,flat,MIR,Minor Isoform Redistribution,new_target_candidate,SR
Inhibitory_neuron,LMO7-207,LMO7,0.9210526315789472,0.4878048780487805,2.6349361529947005e-10,1.614757612020014e-09,True,0.4332477535301667,AD_enriched,0.0379620379620379,True,3003.0,105,20,52.0821,7.8407,2.586,Dominant,0.134624556887554,0.855666968780896,flat,DIR,Dominant Isoform Redistribution,,SR
Inhibitory_neuron,LRCH1-204,LRCH1,0.4347826086956521,0.0,1.6022008808739386e-06,6.163035555221668e-06,True,0.4347826086956521,AD_enriched,0.0285714285714285,True,35.0,30,0,12.1161,0.0,3.7133,Minor,-0.0283015614252319,0.969222638438481,flat,MIR,Minor Isoform Redistribution,new_target_candidate,SR
Inhibitory_neuron,LRP8-201,LRP8,0.0930232558139534,0.5280898876404494,6.9495207902033376e-15,7.242402627572351e-14,True,-0.4350666318264959,CT_enriched,0.0217560217560217,True,1287.0,8,47,3.6522,31.5482,-2.8066,Dominant,-0.0212414946813834,0.985656335027197,flat,DIEr,Dominant Isoform Erosion,trial_failure_explanation,SR
Inhibitory_neuron,LRP8-236,LRP8,0.5,0.0112359550561797,6.9495207902033376e-15,7.242402627572351e-14,True,0.4887640449438203,AD_enriched,0.0186480186480186,True,1287.0,43,1,5.5525,0.1933,2.4571,Minor,-0.0212414946813834,0.985656335027197,flat,MIR,Minor Isoform Redistribution,new_target_candidate,SR
Inhibitory_neuron,transcript140592.chr17.nic,LRRC45,0.1293103448275862,0.8390804597701149,5.739695562803682e-23,1.1557286993959698e-21,True,-0.7097701149425287,CT_enriched,0.0303030303030303,True,165.0,15,73,4.5045,18.8406,-1.8498,Dominant,-0.0099644479408538,0.994969938556763,flat,DIEr,Dominant Isoform Erosion,trial_failure_explanation,SR
Inhibitory_neuron,LRRC4C-201,LRRC4C,0.7303370786516854,0.390625,2.4963965349442853e-17,3.359113046304506e-16,True,0.3397120786516854,AD_enriched,0.0334665334665334,True,2002.0,260,75,99.6524,37.6575,1.3806,Dominant,0.0301928805821319,0.972709414728488,flat,DIR,Dominant Isoform Redistribution,,SR
Inhibitory_neuron,LRRCC1-203,LRRCC1,0.3333333333333333,0.0,5.3573418910677375e-09,2.8281548297602908e-08,True,0.3333333333333333,AD_enriched,0.0,True,210.0,10,0,4.1718,0.0,2.3707,Minor,0.212690608452792,0.858721437956217,flat,MIR,Minor Isoform Redistribution,new_target_candidate,SR
Inhibitory_neuron,LRRN2-201,LRRN2,0.6815286624203821,0.1333333333333333,2.0175480757237359e-10,1.2513681024125879e-09,True,0.5481953290870488,AD_enriched,0.0484848484848484,True,330.0,107,6,81.4579,2.6714,4.4892,Minor,0.114428181290698,0.883965719344726,flat,MIR,Minor Isoform Redistribution,new_target_candidate,SR
Inhibitory_neuron,LRRN2-203,LRRN2,0.3184713375796178,0.8666666666666667,2.0175480757237359e-10,1.2513681024125879e-09,True,-0.5481953290870489,CT_enriched,0.0484848484848484,True,330.0,50,39,9.021,15.3937,-0.7101,Dominant,0.114428181290698,0.883965719344726,flat,DIEr,Dominant Isoform Erosion,trial_failure_explanation,SR
Inhibitory_neuron,LRSAM1-204,LRSAM1,0.189873417721519,0.4329896907216495,4.152691271492891e-07,1.7355725269590006e-06,True,-0.2431162730001305,CT_enriched,0.0289710289710289,True,3003.0,15,42,4.5113,16.7561,-1.6879,Dominant,-0.103566065024076,0.902429898074824,flat,DIEr,Dominant Isoform Erosion,trial_failure_explanation,SR
Inhibitory_neuron,transcript43561.chr7.nnic,LSM5,0.5,0.1304347826086956,4.397915745342442e-05,0.0001350514649904,True,0.3695652173913044,AD_enriched,0.0202020202020202,True,792.0,27,9,7.7246,3.7894,0.8652,Minor,-0.285313034961973,0.833910572944898,flat,MIR,Minor Isoform Redistribution,new_target_candidate,SR
Inhibitory_neuron,LYPD6-203,LYPD6,0.5470085470085471,0.0367647058823529,2.341722633790025e-22,4.43041349305643e-21,True,0.5102438411261941,AD_enriched,0.0173160173160173,True,462.0,64,5,38.1179,2.1981,3.6126,Minor,0.127490179887557,0.910466501557743,flat,MIR,Minor Isoform Redistribution,new_target_candidate,SR
Inhibitory_neuron,MAGI2-AS3-245,MAGI2-AS3,0.6333333333333333,0.2142857142857142,2.279828082500062e-11,1.592772085394715e-10,True,0.4190476190476191,AD_enriched,0.0087412587412587,True,1716.0,57,39,20.8236,13.7365,0.5665,Minor,-0.0058874260365594,0.991879805559452,flat,MIR,Minor Isoform Redistribution,new_target_candidate,SR
Inhibitory_neuron,MAN1B1-239,MAN1B1,0.1766169154228855,0.5031152647975078,9.505104870923578e-33,3.747537151207492e-31,True,-0.3264983493746223,CT_enriched,0.0176,True,10000.0,71,323,24.9424,120.0565,-2.2223,Dominant,0.0843260650556714,0.945322067379662,flat,DIEr,Dominant Isoform Erosion,trial_failure_explanation,SR
Inhibitory_neuron,MAP3K4-202,MAP3K4,0.3689320388349514,0.0,7.705552059004378e-11,4.991581072440915e-10,True,0.3689320388349514,AD_enriched,0.0303030303030303,True,1287.0,38,0,24.2437,0.0,4.6579,Minor,0.110218589889851,0.849756426179421,flat,MIR,Minor Isoform Redistribution,new_target_candidate,SR
Inhibitory_neuron,MAP4K5-208,MAP4K5,0.1396648044692737,0.3615384615384615,1.1339104757841142e-05,3.854410530734067e-05,True,-0.2218736570691877,CT_enriched,0.0466200466200466,True,1287.0,25,47,8.1889,14.6733,-0.7703,Dominant,0.0688723036993167,0.860863540104518,flat,DIEr,Dominant Isoform Erosion,trial_failure_explanation,SR
Inhibitory_neuron,transcript197227.chr4.nnic,MARCHF1,0.8734177215189873,0.5847750865051903,6.992741018404261e-17,8.960244059491643e-16,True,0.288642635013797,AD_enriched,0.0374514374514374,True,6435.0,138,169,44.4891,63.3429,-0.5003,Dominant,-0.150469312207753,0.886355398142786,flat,DIR,Dominant Isoform Redistribution,,SR
Inhibitory_neuron,MARCHF1-201,MARCHF1,0.0,0.3044982698961938,6.992741018404261e-17,8.960244059491643e-16,True,-0.3044982698961938,CT_enriched,0.0341880341880341,True,6435.0,0,88,0.0,103.3178,-6.7048,Minor,-0.150469312207753,0.886355398142786,flat,MIEr,Minor Isoform Erosion,,SR
Inhibitory_neuron,MATCAP1-203,MATCAP1,0.5118110236220472,0.1666666666666666,1.866510901449683e-06,7.102822148861733e-06,True,0.3451443569553806,AD_enriched,0.0302197802197802,True,4368.0,65,14,32.3971,9.6117,1.6541,Minor,0.0318320988378853,0.976555421962826,flat,MIR,Minor Isoform Redistribution,new_target_candidate,SR
Inhibitory_neuron,MATK-201,MATK,0.5785123966942148,0.2368421052631578,0.0006820218551585,0.0017166246515107,True,0.341670291431057,AD_enriched,0.0248640248640248,True,1287.0,70,9,57.6171,2.7062,3.9833,Minor,0.0416840471231212,0.976261858848307,flat,MIR,Minor Isoform Redistribution,new_target_candidate,SR
Inhibitory_neuron,MATK-202,MATK,0.3388429752066115,0.6578947368421053,0.0006820218551585,0.0017166246515107,True,-0.3190517616354938,CT_enriched,0.0349650349650349,True,1287.0,41,25,14.3576,14.5,-0.0133,Dominant,0.0416840471231212,0.976261858848307,flat,DIEr,Dominant Isoform Erosion,trial_failure_explanation,SR
Inhibitory_neuron,MCC-202,MCC,0.7142857142857143,0.2818181818181818,2.2333286879004203e-08,1.0970299578732544e-07,True,0.4324675324675325,AD_enriched,0.0476190476190476,True,252.0,65,31,21.3975,10.4929,0.9626,Minor,-0.148979472038692,0.901378529789254,flat,MIR,Minor Isoform Redistribution,new_target_candidate,SR
Inhibitory_neuron,MED23-205,MED23,0.2222222222222222,0.7560975609756098,2.181645734727254e-07,9.490832293512544e-07,True,-0.5338753387533876,CT_enriched,0.0212121212121212,True,330.0,12,31,3.4147,27.8569,-2.7085,Dominant,0.216579723745654,0.587396676549873,flat,DIEr,Dominant Isoform Erosion,trial_failure_explanation,SR
Inhibitory_neuron,METTL9-201,METTL9,0.2209302325581395,0.6638655462184874,2.4947637327992955e-09,1.3776178183665454e-08,True,-0.4429353136603479,CT_enriched,0.0296370296370296,True,3003.0,19,79,5.7133,118.0407,-4.1483,Dominant,-0.0042475352469419,0.993038640485002,flat,DIEr,Dominant Isoform Erosion,trial_failure_explanation,SR
Inhibitory_neuron,MFN2-201,MFN2,0.0,0.3829787234042553,1.6338585507549316e-12,1.3142079334981535e-11,True,-0.3829787234042553,CT_enriched,0.0238095238095238,True,84.0,0,18,0.0,10.4585,-3.5183,Dominant,0.116787436320584,0.832750412110345,flat,DIEr,Dominant Isoform Erosion,trial_failure_explanation,SR
Inhibitory_neuron,MIGA2-214,MIGA2,0.1555555555555555,0.8398058252427184,3.1406478740204294e-39,1.8254611045079568e-37,True,-0.6842502696871628,CT_enriched,0.032012432012432,True,6435.0,28,173,13.2112,41.5748,-1.583,Dominant,0.0276778019371278,0.977905640725843,flat,DIEr,Dominant Isoform Erosion,trial_failure_explanation,SR
Inhibitory_neuron,MINAR1-202,MINAR1,0.0457516339869281,0.6349206349206349,8.178010180089919e-21,1.388783776968282e-19,True,-0.5891690009337068,CT_enriched,0.0037878787878787,True,792.0,7,40,7.2422,19.3076,-1.3009,Dominant,-0.0253777373412776,0.97966391995982,flat,DIEr,Dominant Isoform Erosion,trial_failure_explanation,SR
Inhibitory_neuron,MINAR1-201,MINAR1,0.954248366013072,0.365079365079365,8.178010180089919e-21,1.388783776968282e-19,True,0.5891690009337069,AD_enriched,0.0037878787878787,True,792.0,146,23,123.9681,14.4407,3.0167,Minor,-0.0253777373412776,0.97966391995982,flat,MIR,Minor Isoform Redistribution,new_target_candidate,SR
Inhibitory_neuron,MIPOL1-216,MIPOL1,0.0833333333333333,0.59375,4.9689536880054766e-08,2.3384775369762e-07,True,-0.5104166666666667,CT_enriched,0.0202,True,10000.0,8,19,1.0461,46.5895,-4.5397,Dominant,-0.0147711311234189,0.988130296319289,flat,DIEr,Dominant Isoform Erosion,trial_failure_explanation,SR
Inhibitory_neuron,MIR100HG-201,MIR100HG,0.0555555555555555,0.3595505617977528,1.8824187201948543e-11,1.3299594917867906e-10,True,-0.3039950062421973,CT_enriched,0.0357142857142857,True,56.0,2,32,0.2017,10.9454,-3.3133,Dominant,-0.0507981250953559,0.927034440156873,flat,DIEr,Dominant Isoform Erosion,trial_failure_explanation,SR
Inhibitory_neuron,MLST8-232,MLST8,0.2450980392156862,0.6875,5.744923099232602e-07,2.35049901549154e-06,True,-0.4424019607843138,CT_enriched,0.0416666666666666,True,120.0,25,33,4.4504,16.6131,-1.6922,Dominant,0.0245995606869479,0.989462155130671,flat,DIEr,Dominant Isoform Erosion,trial_failure_explanation,SR
Inhibitory_neuron,MOGS-205,MOGS,0.6404494382022472,0.09375,2.227179958505561e-07,9.681449966117463e-07,True,0.5466994382022472,AD_enriched,0.0259740259740259,True,462.0,57,3,76.7346,0.9502,5.3169,Minor,-0.0956506939344321,0.950926224922702,flat,MIR,Minor Isoform Redistribution,new_target_candidate,SR
Inhibitory_neuron,MRM2-201,MRM2,0.8461538461538461,0.196078431372549,5.648783933781073e-09,2.9653485864671962e-08,True,0.6500754147812972,AD_enriched,0.0380952380952381,True,210.0,33,10,15.7971,4.9563,1.4957,Minor,-0.383597361048992,0.710723601379219,flat,MIR,Minor Isoform Redistribution,new_target_candidate,SR
Inhibitory_neuron,MROH1-203,MROH1,0.4326241134751773,0.171806167400881,1.041301982357122e-21,1.8877365197843902e-20,True,0.2608179460742963,AD_enriched,0.0282,True,10000.0,183,78,67.8621,39.9456,0.75,Minor,-0.0098536237784602,0.988289238178338,flat,MIR,Minor Isoform Redistribution,new_target_candidate,SR
Inhibitory_neuron,MRPL28-201,MRPL28,0.4791666666666667,0.2058823529411764,0.0099005545052896,0.0197800589301287,True,0.2732843137254903,AD_enriched,0.0242424242424242,True,330.0,23,7,10.4928,2.2474,1.8234,Minor,-0.0106958894681393,0.994969938556763,flat,MIR,Minor Isoform Redistribution,new_target_candidate,SR
Inhibitory_neuron,MRPL28-209,MRPL28,0.3958333333333333,0.7352941176470589,0.0099005545052896,0.0197800589301287,True,-0.3394607843137255,CT_enriched,0.0272727272727272,True,330.0,19,25,10.1514,11.8332,-0.2026,Dominant,-0.0106958894681393,0.994969938556763,flat,DIEr,Dominant Isoform Erosion,trial_failure_explanation,SR
Inhibitory_neuron,MRPL49-201,MRPL49,0.9552238805970148,0.4864864864864865,1.4059751490684811e-08,7.052391361608627e-08,True,0.4687373941105283,AD_enriched,0.0,True,56.0,64,18,10.169,8.2519,0.2717,Dominant,-0.521413914362451,0.657752176270588,flat,DIR,Dominant Isoform Redistribution,,SR
Inhibitory_neuron,transcript78802.chr11.nic,MRPL49,0.0,0.4324324324324324,1.4059751490684811e-08,7.052391361608627e-08,True,-0.4324324324324324,CT_enriched,0.0357142857142857,True,56.0,0,16,0.0,3.6699,-2.2234,Minor,-0.521413914362451,0.657752176270588,flat,MIEr,Minor Isoform Erosion,,SR
Inhibitory_neuron,MRPS25-207,MRPS25,0.0,0.5540540540540541,2.7717534697233763e-19,4.234998932872736e-18,True,-0.5540540540540541,CT_enriched,0.0173160173160173,True,462.0,0,41,0.0,9.977,-3.4564,Dominant,0.129593659732013,0.841192986396311,flat,DIEr,Dominant Isoform Erosion,trial_failure_explanation,SR
Inhibitory_neuron,MRPS5-201,MRPS5,0.2119205298013245,0.5753424657534246,6.893465702557865e-08,3.190916225863813e-07,True,-0.3634219359521001,CT_enriched,0.0202020202020202,True,1287.0,32,42,5.6456,13.9736,-1.1719,Dominant,-0.174121444451537,0.812118772181788,flat,DIEr,Dominant Isoform Erosion,trial_failure_explanation,SR
Inhibitory_neuron,MRPS5-207,MRPS5,0.6291390728476821,0.2054794520547945,6.893465702557865e-08,3.190916225863813e-07,True,0.4236596207928876,AD_enriched,0.0279720279720279,True,1287.0,95,15,22.3772,7.7897,1.4112,Minor,-0.174121444451537,0.812118772181788,flat,MIR,Minor Isoform Redistribution,new_target_candidate,SR
Inhibitory_neuron,MTHFD1-211,MTHFD1,0.0185185185185185,0.25,5.0219499299226854e-08,2.361447348198841e-07,True,-0.2314814814814815,CT_enriched,0.0476190476190476,True,210.0,2,54,0.999,18.0344,-3.2512,Minor,0.0825276140868609,0.866517861145604,flat,MIEr,Minor Isoform Erosion,,SR
Inhibitory_neuron,MTMR14-203,MTMR14,0.5684210526315789,0.125,2.5044092464889522e-08,1.2203854219278057e-07,True,0.4434210526315789,AD_enriched,0.0043290043290043,True,462.0,54,5,13.4798,1.1468,2.7538,Minor,-0.133850348421566,0.829846120416208,flat,MIR,Minor Isoform Redistribution,new_target_candidate,SR
Inhibitory_neuron,MTR-205,MTR,0.3579545454545454,0.0032362459546925,7.247011961625488e-34,3.0265669214551473e-32,True,0.3547182994998529,AD_enriched,0.0319680319680319,True,5005.0,63,1,35.7197,0.2294,4.9006,Minor,0.208800838620162,0.701758191563182,flat,MIR,Minor Isoform Redistribution,new_target_candidate,SR
Inhibitory_neuron,MYD88-212,MYD88,0.0,0.5,9.256231545986161e-08,4.235928040281654e-07,True,-0.5,CT_enriched,0.05,True,20.0,0,17,0.0,3.8632,-2.2819,Minor,-0.156415703812743,,flat,MIEr,Minor Isoform Erosion,,SR
Inhibitory_neuron,MZF1-201,MZF1,0.3397435897435897,0.0735294117647058,1.2949166271692594e-10,8.206641246603432e-10,True,0.2662141779788839,AD_enriched,0.0396,True,10000.0,53,10,11.6856,5.8386,0.8914,Minor,-0.104174295757736,0.89074761428793,flat,MIR,Minor Isoform Redistribution,new_target_candidate,SR
Inhibitory_neuron,NAA60-229,NAA60,0.1422121896162528,0.3571428571428571,3.960756786586465e-26,1.0290666710955988e-24,True,-0.2149306675266043,CT_enriched,0.0416250416250416,True,3003.0,63,95,17.3908,58.3512,-1.6903,Dominant,-0.0194728243411361,0.972008642153609,flat,DIEr,Dominant Isoform Erosion,trial_failure_explanation,SR
Inhibitory_neuron,NAA60-202,NAA60,0.4243792325056433,0.1165413533834586,3.960756786586465e-26,1.0290666710955988e-24,True,0.3078378791221847,AD_enriched,0.0129870129870129,True,3003.0,188,31,106.2027,10.0783,3.2745,Minor,-0.0194728243411361,0.972008642153609,flat,MIR,Minor Isoform Redistribution,new_target_candidate,SR
Inhibitory_neuron,transcript26823.chr11.nnic,NAV2,0.0,0.275,1.382359795343498e-06,5.378705677119835e-06,True,-0.275,CT_enriched,0.0247,True,10000.0,0,11,0.0,3.0205,-2.0074,Minor,0.0119348382066141,0.986232161436963,flat,MIEr,Minor Isoform Erosion,,SR
Inhibitory_neuron,NCLN-208,NCLN,0.5217391304347826,0.025,1.421549004524743e-06,5.523565325644729e-06,True,0.4967391304347825,AD_enriched,0.0181818181818181,True,165.0,24,1,21.8428,0.1933,4.2587,Minor,0.0436549486290974,0.967820199245216,flat,MIR,Minor Isoform Redistribution,new_target_candidate,SR
Inhibitory_neuron,NCLN-201,NCLN,0.4782608695652174,0.975,1.421549004524743e-06,5.523565325644729e-06,True,-0.4967391304347825,CT_enriched,0.0181818181818181,True,165.0,22,39,17.7722,14.869,0.2424,Dominant,0.0436549486290974,0.967820199245216,flat,DIEr,Dominant Isoform Erosion,trial_failure_explanation,SR
Inhibitory_neuron,transcript184301.chr8.nic,NDRG1,0.717391304347826,0.1176470588235294,6.937721405120366e-10,4.061772926486876e-09,True,0.5997442455242966,AD_enriched,0.0261072261072261,True,6435.0,66,4,169.6144,1.78,5.9395,Minor,0.276024694873518,0.857998079519368,flat,MIR,Minor Isoform Redistribution,new_target_candidate,SR
Inhibitory_neuron,NDRG1-201,NDRG1,0.1739130434782608,0.7352941176470589,6.937721405120366e-10,4.061772926486876e-09,True,-0.5613810741687981,CT_enriched,0.0156954156954156,True,6435.0,16,25,10.8112,17.2947,-0.6313,Dominant,0.276024694873518,0.857998079519368,flat,DIEr,Dominant Isoform Erosion,trial_failure_explanation,SR
Inhibitory_neuron,transcript100761.chr11.nic,NDUFS8,0.3516483516483517,0.5555555555555556,6.466945257118155e-10,3.805912041715256e-09,True,-0.2039072039072039,CT_enriched,0.0268065268065268,True,1716.0,64,105,25.1469,43.8227,-0.7776,Dominant,-0.360575776022598,0.764812205587523,flat,DIEr,Dominant Isoform Erosion,trial_failure_explanation,SR
Inhibitory_neuron,NEBL-222,NEBL,0.7083333333333334,0.2335766423357664,1.5934886226703678e-18,2.3274841592268218e-17,True,0.474756690997567,AD_enriched,0.0419580419580419,True,5005.0,170,32,156.234,61.0602,1.3412,Minor,0.0691732085467263,0.910640041572803,flat,MIR,Minor Isoform Redistribution,new_target_candidate,SR
Inhibitory_neuron,NEBL-203,NEBL,0.2916666666666667,0.7664233576642335,1.5934886226703678e-18,2.3274841592268218e-17,True,-0.4747566909975668,CT_enriched,0.0419580419580419,True,5005.0,70,105,25.0164,47.8119,-0.9078,Dominant,0.0691732085467263,0.910640041572803,flat,DIEr,Dominant Isoform Erosion,trial_failure_explanation,SR
Inhibitory_neuron,NEPRO-201,NEPRO,0.2142857142857142,0.6842105263157895,4.4704353621684955e-09,2.3935721340841383e-08,True,-0.4699248120300753,CT_enriched,0.0404040404040404,True,495.0,18,65,10.8246,26.5314,-1.2193,Dominant,0.081395554572645,0.913564598080536,flat,DIEr,Dominant Isoform Erosion,trial_failure_explanation,SR
Inhibitory_neuron,transcript71270.chr18.nnic,NETO1,0.8035714285714286,0.2222222222222222,2.106424060935996e-07,9.184856036780464e-07,True,0.5813492063492064,AD_enriched,0.0019980019980019,True,2002.0,45,8,29.9019,4.1982,2.5716,Minor,0.0823949714903557,0.88979229758329,flat,MIR,Minor Isoform Redistribution,new_target_candidate,SR
Inhibitory_neuron,NETO1-201,NETO1,0.1785714285714285,0.75,2.106424060935996e-07,9.184856036780464e-07,True,-0.5714285714285715,CT_enriched,0.0054945054945054,True,2002.0,10,27,6.2921,12.8874,-0.9294,Dominant,0.0823949714903557,0.88979229758329,flat,DIEr,Dominant Isoform Erosion,trial_failure_explanation,SR
Inhibitory_neuron,NF1-229,NF1,0.0568720379146919,0.3931034482758621,1.884452130155858e-18,2.7172739411301095e-17,True,-0.3362314103611701,CT_enriched,0.0102,True,10000.0,12,57,5.9439,15.9044,-1.2836,Dominant,0.0909898155859969,0.813988067276906,flat,DIEr,Dominant Isoform Erosion,trial_failure_explanation,SR
Inhibitory_neuron,NHLRC3-201,NHLRC3,0.0466666666666666,0.5922330097087378,2.512002457801645e-24,5.687819219713123e-23,True,-0.5455663430420712,CT_enriched,0.0069930069930069,True,1287.0,7,61,1.4588,19.478,-3.058,Dominant,-0.0711259564214617,0.887080312754309,flat,DIEr,Dominant Isoform Erosion,trial_failure_explanation,SR
Inhibitory_neuron,NINL-201,NINL,0.7828947368421053,0.5555555555555556,1.0044774285565914e-05,3.440609806927134e-05,True,0.2273391812865497,AD_enriched,0.0436,True,10000.0,119,45,70.291,38.5133,0.8514,Dominant,0.0735078815986602,0.952413425622027,flat,DIR,Dominant Isoform Redistribution,,SR
Inhibitory_neuron,NISCH-202,NISCH,0.813953488372093,0.2814070351758794,4.645652425976146e-30,1.5874053562214247e-28,True,0.5325464531962136,AD_enriched,0.004,True,10000.0,210,56,73.4479,39.0888,0.893,Minor,-0.0373643359076475,0.970316785674551,flat,MIR,Minor Isoform Redistribution,new_target_candidate,SR
Inhibitory_neuron,NISCH-212,NISCH,0.1627906976744186,0.6934673366834171,4.645652425976146e-30,1.5874053562214247e-28,True,-0.5306766390089985,CT_enriched,0.004,True,10000.0,42,138,34.2801,70.6584,-1.0223,Dominant,-0.0373643359076475,0.970316785674551,flat,DIEr,Dominant Isoform Erosion,trial_failure_explanation,SR
Inhibitory_neuron,NLGN4X-203,NLGN4X,0.2619047619047619,0.7708333333333334,8.709484595596381e-07,3.4800903012028625e-06,True,-0.5089285714285714,CT_enriched,0.0079365079365079,True,126.0,11,37,2.26,14.0223,-2.2042,Dominant,-0.131088303465539,0.84359429443844,flat,DIEr,Dominant Isoform Erosion,trial_failure_explanation,SR
Inhibitory_neuron,NLGN4X-204,NLGN4X,0.7380952380952381,0.1875,8.709484595596381e-07,3.4800903012028625e-06,True,0.5505952380952381,AD_enriched,0.0079365079365079,True,126.0,31,9,6.5577,2.15,1.2626,Minor,-0.131088303465539,0.84359429443844,flat,MIR,Minor Isoform Redistribution,new_target_candidate,SR
Inhibitory_neuron,NONO-230,NONO,0.0341880341880341,0.29695885509839,6.208622798617875e-66,2.059071490506329e-63,True,-0.2627708209103558,CT_enriched,0.0331668331668331,True,5005.0,4,166,1.2951,58.7167,-4.7015,Minor,0.0654828201977807,0.93675754370505,flat,MIEr,Minor Isoform Erosion,,SR
Inhibitory_neuron,transcript249261.chr1.nic,NOS1AP,0.0,0.2247191011235955,5.640645306651105e-06,1.997610442141893e-05,True,-0.2247191011235955,CT_enriched,0.0399600399600399,True,2002.0,0,20,0.0,12.6894,-3.775,Minor,-0.0624929934320064,0.910140598624907,flat,MIEr,Minor Isoform Erosion,,SR
Inhibitory_neuron,NOVA1-206,NOVA1,0.6893203883495146,0.9344262295081968,1.7566258047539036e-05,5.788353776445631e-05,True,-0.2451058411586821,CT_enriched,0.0184815184815184,True,2002.0,71,114,19.9596,35.9816,-0.8192,Dominant,-0.0918871939969726,0.823221098500835,flat,DIEr,Dominant Isoform Erosion,trial_failure_explanation,SR
Inhibitory_neuron,transcript151351.chr4.nic,NPNT,0.2407407407407407,0.0279720279720279,1.3412574020024584e-07,6.044771568736897e-07,True,0.2127687127687128,AD_enriched,0.0031080031080031,True,1287.0,13,4,9.262,1.6303,1.964,Minor,-0.176945015480303,0.848938906724504,flat,MIR,Minor Isoform Redistribution,new_target_candidate,SR
Inhibitory_neuron,NPNT-202,NPNT,0.7037037037037037,0.972027972027972,1.3412574020024584e-07,6.044771568736897e-07,True,-0.2683242683242682,CT_enriched,0.0031080031080031,True,1287.0,38,139,15.7934,57.9144,-1.8107,Dominant,-0.176945015480303,0.848938906724504,flat,DIEr,Dominant Isoform Erosion,trial_failure_explanation,SR
Inhibitory_neuron,NREP-201,NREP,0.9655172413793104,0.6231884057971014,5.90818944569725e-05,0.0001783210497582,True,0.3423288355822089,AD_enriched,0.0039682539682539,True,252.0,56,43,30.9,16.8603,0.8368,Dominant,-0.130656401453136,0.818807473134658,flat,DIR,Dominant Isoform Redistribution,,SR
Inhibitory_neuron,NUMB-211,NUMB,0.6451612903225806,0.8968253968253969,0.0006777279592995,0.0017065789345828,True,-0.2516641065028162,CT_enriched,0.019047619047619,True,210.0,20,113,8.4342,52.7327,-2.5098,Dominant,0.0056055346914916,0.989670199848933,flat,DIEr,Dominant Isoform Erosion,trial_failure_explanation,SR
Inhibitory_neuron,NUP214-232,NUP214,0.0257731958762886,0.3636363636363636,7.524543587584225e-14,7.118016232684541e-13,True,-0.3378631677600749,CT_enriched,0.0098,True,10000.0,5,24,3.0364,19.8589,-2.3695,Dominant,0.21103172487398,0.656243529179709,flat,DIEr,Dominant Isoform Erosion,trial_failure_explanation,SR
Inhibitory_neuron,NUP58-209,NUP58,0.255591054313099,0.031578947368421,2.551933048585788e-11,1.7588995755411583e-10,True,0.224012106944678,AD_enriched,0.0423,True,10000.0,80,6,39.0427,6.5747,2.4023,Minor,0.0555205145079445,0.921184628394177,flat,MIR,Minor Isoform Redistribution,new_target_candidate,SR
Inhibitory_neuron,NUP98-231,NUP98,0.4022988505747126,0.1129032258064516,2.190087790536558e-09,1.2129386014779092e-08,True,0.289395624768261,AD_enriched,0.0086580086580086,True,462.0,35,7,19.0649,3.7122,2.0902,Minor,0.0629785880136915,0.912435495992738,flat,MIR,Minor Isoform Redistribution,new_target_candidate,SR
Inhibitory_neuron,OBSCN-201,OBSCN,0.1,0.8,4.0563788504564625e-10,2.440753891021722e-09,True,-0.7000000000000001,CT_enriched,0.05,True,20.0,4,40,1.8923,15.6906,-2.5287,Dominant,0.0351936145530552,0.97101520860055,flat,DIEr,Dominant Isoform Erosion,trial_failure_explanation,SR
Inhibitory_neuron,OFD1-201,OFD1,0.0869565217391304,0.417910447761194,4.176939492962592e-14,4.0672858137000164e-13,True,-0.3309539260220636,CT_enriched,0.0369630369630369,True,2002.0,12,28,8.6848,9.756,-0.1513,Dominant,0.067798301188593,0.911159365508183,flat,DIEr,Dominant Isoform Erosion,trial_failure_explanation,SR
Inhibitory_neuron,OFD1-210,OFD1,0.4347826086956521,0.1641791044776119,4.176939492962592e-14,4.0672858137000164e-13,True,0.2706035042180402,AD_enriched,0.0499500499500499,True,2002.0,60,11,52.4981,8.9681,2.4241,Minor,0.067798301188593,0.911159365508183,flat,MIR,Minor Isoform Redistribution,new_target_candidate,SR
Inhibitory_neuron,OGFOD3-201,OGFOD3,0.3582089552238806,0.6744186046511628,0.0040104813993101,0.0086295341066046,True,-0.3162096494272822,CT_enriched,0.0389610389610389,True,924.0,24,29,3.7641,34.3492,-2.8914,Dominant,0.0008691025470835,0.999126591552401,flat,DIEr,Dominant Isoform Erosion,trial_failure_explanation,SR
Inhibitory_neuron,ORC3-202,ORC3,0.3937007874015748,0.7083333333333334,3.38082329833448e-07,1.433164041805248e-06,True,-0.3146325459317585,CT_enriched,0.0380952380952381,True,210.0,50,102,14.2772,32.5644,-1.1356,Dominant,0.0865531166180311,0.89074761428793,flat,DIEr,Dominant Isoform Erosion,trial_failure_explanation,SR
Inhibitory_neuron,ORC3-201,ORC3,0.5748031496062992,0.25,3.38082329833448e-07,1.433164041805248e-06,True,0.3248031496062992,AD_enriched,0.0285714285714285,True,210.0,73,36,13.3783,10.6214,0.3071,Minor,0.0865531166180311,0.89074761428793,flat,MIR,Minor Isoform Redistribution,new_target_candidate,SR
Inhibitory_neuron,PACS1-205,PACS1,0.0254237288135593,0.5172413793103449,4.706517849112704e-17,6.142441581781811e-16,True,-0.4918176504967855,CT_enriched,0.0151515151515151,True,330.0,3,30,0.5454,85.3844,-5.8047,Dominant,-0.113340531054327,0.854443781328353,flat,DIEr,Dominant Isoform Erosion,trial_failure_explanation,SR
Inhibitory_neuron,PACS1-201,PACS1,0.9152542372881356,0.3103448275862069,4.706517849112704e-17,6.142441581781811e-16,True,0.6049094097019287,AD_enriched,0.0121212121212121,True,330.0,108,18,14.4854,15.0718,-0.0536,Minor,-0.113340531054327,0.854443781328353,flat,MIR,Minor Isoform Redistribution,new_target_candidate,SR
Inhibitory_neuron,transcript124956.chr14.nic,PACS2,0.0223880597014925,0.2647058823529412,1.1492451253083977e-07,5.208556283351082e-07,True,-0.2423178226514487,CT_enriched,0.0255,True,10000.0,3,18,0.4656,5.8246,-2.2192,Minor,-0.0012382450815445,0.998972923460054,flat,MIEr,Minor Isoform Erosion,,SR
Inhibitory_neuron,PAFAH1B1-202,PAFAH1B1,0.3284671532846715,0.8177083333333334,2.861398262233513e-23,5.931089486203142e-22,True,-0.4892411800486618,CT_enriched,0.0223776223776223,True,715.0,45,157,12.8832,36.4167,-1.4303,Dominant,0.143825534151341,0.585912164337507,flat,DIEr,Dominant Isoform Erosion,trial_failure_explanation,SR
Inhibitory_neuron,PAK3-206,PAK3,0.4210526315789473,0.7268518518518519,1.588915271813738e-07,7.08726606209324e-07,True,-0.3057992202729045,CT_enriched,0.0208,True,10000.0,56,157,32.4346,166.9675,-2.3288,Dominant,0.130551901610378,0.785937035735699,flat,DIEr,Dominant Isoform Erosion,trial_failure_explanation,SR
Inhibitory_neuron,PAK3-203,PAK3,0.3834586466165413,0.1527777777777778,1.588915271813738e-07,7.08726606209324e-07,True,0.2306808688387635,AD_enriched,0.0421,True,10000.0,51,33,23.9163,17.5799,0.4233,Minor,0.130551901610378,0.785937035735699,flat,MIR,Minor Isoform Redistribution,new_target_candidate,SR
Inhibitory_neuron,transcript15286.chr20.nnic,PAK5,0.0568181818181818,0.3043478260869565,3.409977503725503e-05,0.0001066303558846,True,-0.2475296442687747,CT_enriched,0.0242424242424242,True,165.0,5,28,1.9539,8.2807,-1.6516,Minor,0.0321024239734221,0.970974833466196,flat,MIEr,Minor Isoform Erosion,,SR
Inhibitory_neuron,PALS1-209,PALS1,0.2941176470588235,0.0054347826086956,5.079035766236353e-24,1.1229648490211983e-22,True,0.2886828644501278,AD_enriched,0.0285714285714285,True,35.0,10,1,7.5316,0.1933,2.8379,Minor,0.130564850507626,0.801162601935871,flat,MIR,Minor Isoform Redistribution,new_target_candidate,SR
Inhibitory_neuron,PALS1-208,PALS1,0.3823529411764705,0.0217391304347826,5.079035766236353e-24,1.1229648490211983e-22,True,0.3606138107416879,AD_enriched,0.0285714285714285,True,35.0,13,4,9.7911,1.0713,2.3813,Minor,0.130564850507626,0.801162601935871,flat,MIR,Minor Isoform Redistribution,new_target_candidate,SR
Inhibitory_neuron,PAQR8-202,PAQR8,0.3636363636363636,0.9746835443037974,2.51173574901402e-55,4.291262470588196e-53,True,-0.6110471806674338,CT_enriched,0.0389610389610389,True,462.0,92,308,21.2948,430.7065,-4.2753,Dominant,-0.262302493564284,0.860615357232664,flat,DIEr,Dominant Isoform Erosion,trial_failure_explanation,SR
Inhibitory_neuron,PAX8-AS1-213,PAX8-AS1,0.0555555555555555,0.7560975609756098,1.0975606816520278e-11,7.964024611523979e-11,True,-0.7005420054200543,CT_enriched,0.0,True,20.0,3,31,0.4691,35.0949,-4.6188,Dominant,0.408445179262068,0.938017203392031,flat,DIEr,Dominant Isoform Erosion,trial_failure_explanation,SR
Inhibitory_neuron,PAX8-AS1-211,PAX8-AS1,0.6851851851851852,0.048780487804878,1.0975606816520278e-11,7.964024611523979e-11,True,0.6364046973803072,AD_enriched,0.0,True,20.0,37,2,17.5032,2.6376,2.3467,Minor,0.408445179262068,0.938017203392031,flat,MIR,Minor Isoform Redistribution,new_target_candidate,SR
Inhibitory_neuron,PAXBP1-202,PAXBP1,0.0970873786407767,0.3488372093023256,0.0004947122632695,0.0012853399724947,True,-0.2517498306615489,CT_enriched,0.0315018315018315,True,1365.0,10,15,2.335,5.9477,-1.0589,Minor,0.168633651307119,0.603629091087685,flat,MIEr,Minor Isoform Erosion,,SR
Inhibitory_neuron,PCDHGC3-201,PCDHGC3,0.0717948717948717,0.3588516746411483,1.1080493510588057e-11,8.029797225282193e-11,True,-0.2870568028462766,CT_enriched,0.0357,True,10000.0,14,75,20.7319,23.454,-0.1703,Minor,-0.149979408480946,0.948767650513916,flat,MIEr,Minor Isoform Erosion,,SR
Inhibitory_neuron,PCDHGC3-202,PCDHGC3,0.8769230769230769,0.6267942583732058,1.1080493510588057e-11,8.029797225282193e-11,True,0.2501288185498711,AD_enriched,0.0432,True,10000.0,171,131,56.4077,49.7237,0.1786,Dominant,-0.149979408480946,0.948767650513916,flat,DIR,Dominant Isoform Redistribution,,SR
Inhibitory_neuron,PDCD6-201,PDCD6,0.3424657534246575,0.672566371681416,8.192241030014734e-10,4.746953229930431e-09,True,-0.3301006182567584,CT_enriched,0.0233100233100233,True,1716.0,75,76,19.7541,42.6159,-1.0715,Dominant,0.0722239494922012,0.942317658758806,flat,DIEr,Dominant Isoform Erosion,trial_failure_explanation,SR
Inhibitory_neuron,PDCD6-209,PDCD6,0.5981735159817352,0.2300884955752212,8.192241030014734e-10,4.746953229930431e-09,True,0.368085020406514,AD_enriched,0.0355477855477855,True,1716.0,131,26,34.5115,17.5657,0.9356,Minor,0.0722239494922012,0.942317658758806,flat,MIR,Minor Isoform Redistribution,new_target_candidate,SR
Inhibitory_neuron,transcript14612.chr1.nic,PER3,0.3532338308457711,0.5761589403973509,0.0005588632295447,0.0014348228088221,True,-0.2229251095515798,CT_enriched,0.0252,True,10000.0,71,87,43.4079,45.7281,-0.0735,Dominant,0.101335701686247,0.89074761428793,flat,DIEr,Dominant Isoform Erosion,trial_failure_explanation,SR
Inhibitory_neuron,PEX10-202,PEX10,0.7183098591549296,0.972972972972973,3.3925246412342155e-05,0.0001062024093685,True,-0.2546631138180434,CT_enriched,0.0038850038850038,True,1287.0,102,72,24.2644,32.9799,-0.4276,Dominant,-0.238288758651931,0.840015018246864,flat,DIEr,Dominant Isoform Erosion,trial_failure_explanation,SR
Inhibitory_neuron,PEX10-201,PEX10,0.2464788732394366,0.0135135135135135,3.3925246412342155e-05,0.0001062024093685,True,0.232965359725923,AD_enriched,0.0015540015540015,True,1287.0,35,1,25.0673,0.1933,4.4492,Minor,-0.238288758651931,0.840015018246864,flat,MIR,Minor Isoform Redistribution,new_target_candidate,SR
Inhibitory_neuron,PGM3-248,PGM3,0.2244897959183673,0.0190839694656488,8.715449329538871e-18,1.2014108391183414e-16,True,0.2054058264527185,AD_enriched,0.0,True,330.0,22,5,4.0356,1.0747,1.2793,Minor,0.190854388096767,0.808521780097592,flat,MIR,Minor Isoform Redistribution,new_target_candidate,SR
Inhibitory_neuron,PHF12-205,PHF12,0.0075757575757575,0.3623188405797101,3.3383116143475124e-19,5.0459519790057014e-18,True,-0.3547430830039526,CT_enriched,0.0449550449550449,True,5005.0,1,25,0.7092,11.3916,-2.858,Dominant,0.0959004799891518,0.865162577972325,flat,DIEr,Dominant Isoform Erosion,trial_failure_explanation,SR
Inhibitory_neuron,PHF12-202,PHF12,0.9318181818181818,0.3333333333333333,3.3383116143475124e-19,5.0459519790057014e-18,True,0.5984848484848484,AD_enriched,0.0059940059940059,True,5005.0,123,23,51.0817,20.5603,1.2724,Minor,0.0959004799891518,0.865162577972325,flat,MIR,Minor Isoform Redistribution,new_target_candidate,SR
Inhibitory_neuron,PHF8-202,PHF8,0.7368421052631579,0.9574468085106383,0.023759169933883,0.0433930029437099,True,-0.2206047032474805,CT_enriched,0.0484848484848484,True,495.0,42,45,27.9552,29.2472,-0.063,Dominant,-0.102103605304041,0.82541501455203,flat,DIEr,Dominant Isoform Erosion,trial_failure_explanation,SR
Inhibitory_neuron,PHLDB2-207,PHLDB2,0.0,0.3088235294117647,3.731627145390312e-08,1.7814490978586433e-07,True,-0.3088235294117647,CT_enriched,0.0331002331002331,True,6435.0,0,21,0.0,6.5402,-2.9146,Minor,0.107925611839145,0.945053486709766,flat,MIEr,Minor Isoform Erosion,,SR
Inhibitory_neuron,PIK3CA-201,PIK3CA,0.1785714285714285,0.5035460992907801,6.530641118441953e-07,2.6489032104874625e-06,True,-0.3249746707193516,CT_enriched,0.0083250083250083,True,3003.0,10,71,5.3089,26.9095,-2.1453,Dominant,-0.0251397052450149,0.976529161559278,flat,DIEr,Dominant Isoform Erosion,trial_failure_explanation,SR
Inhibitory_neuron,PLCB4-214,PLCB4,0.9703703703703704,0.1875,2.387155766657592e-45,1.979232972414044e-43,True,0.7828703703703704,AD_enriched,0.0357142857142857,True,56.0,262,6,55.1972,3.8338,3.5393,Minor,-0.0367360884836295,0.973612746745332,flat,MIR,Minor Isoform Redistribution,new_target_candidate,SR
Inhibitory_neuron,PLEC-210,PLEC,0.4222222222222222,0.0210526315789473,6.0860962435976806e-12,4.593495397778276e-11,True,0.4011695906432749,AD_enriched,0.0333333333333333,True,210.0,19,2,11.3749,0.3865,3.1578,Minor,0.193367836919277,0.786940014728195,flat,MIR,Minor Isoform Redistribution,new_target_candidate,SR
Inhibitory_neuron,PPARGC1A-201,PPARGC1A,0.3877551020408163,0.9276018099547512,7.38844073844874e-33,2.933523160800985e-31,True,-0.5398467079139349,CT_enriched,0.0023976023976023,True,5005.0,95,205,26.0506,106.4646,-1.9901,Dominant,0.0393632441285304,0.972008642153609,flat,DIEr,Dominant Isoform Erosion,trial_failure_explanation,SR
Inhibitory_neuron,PPARGC1A-204,PPARGC1A,0.5795918367346938,0.0723981900452488,7.38844073844874e-33,2.933523160800985e-31,True,0.507193646689445,AD_enriched,0.0027972027972027,True,5005.0,142,16,37.1813,13.1891,1.4281,Minor,0.0393632441285304,0.972008642153609,flat,MIR,Minor Isoform Redistribution,new_target_candidate,SR
Inhibitory_neuron,PPFIA1-222,PPFIA1,0.2791878172588832,0.0263157894736842,2.689009375199074e-21,4.679208289312463e-20,True,0.252872027785199,AD_enriched,0.002518315018315,True,4368.0,55,7,29.0762,2.2323,3.218,Minor,0.116925702918551,0.850046833142561,flat,MIR,Minor Isoform Redistribution,new_target_candidate,SR
Inhibitory_neuron,PPIP5K1-208,PPIP5K1,0.7375886524822695,0.1623931623931624,1.0305665831910406e-19,1.6229984346455548e-18,True,0.5751954900891071,AD_enriched,0.0477855477855477,True,1716.0,104,19,44.7836,9.6301,2.1067,Minor,0.280001128419359,0.594787078611489,flat,MIR,Minor Isoform Redistribution,new_target_candidate,SR
Inhibitory_neuron,PPM1K-209,PPM1K,0.2479674796747967,0.4658511722731906,8.729511124966536e-23,1.73299238459723e-21,True,-0.2178836925983939,CT_enriched,0.0343,True,10000.0,244,457,92.724,197.0542,-1.0794,Dominant,-0.019616393522486,0.978828044480816,flat,DIEr,Dominant Isoform Erosion,trial_failure_explanation,SR
Inhibitory_neuron,PPP1R10-201,PPP1R10,0.9057142857142856,0.4196891191709844,9.335981930741925e-34,3.842063220841092e-32,True,0.4860251665433012,AD_enriched,0.0053,True,10000.0,317,81,180.4326,32.6947,2.4288,Minor,-0.0233047747400899,0.974583069719382,flat,MIR,Minor Isoform Redistribution,new_target_candidate,SR
Inhibitory_neuron,transcript39631.chr6.nic,PPP1R10,0.0828571428571428,0.5544041450777202,9.335981930741925e-34,3.842063220841092e-32,True,-0.4715470022205774,CT_enriched,0.0034,True,10000.0,29,107,10.3797,31.563,-1.5168,Dominant,-0.0233047747400899,0.974583069719382,flat,DIEr,Dominant Isoform Erosion,trial_failure_explanation,SR
Inhibitory_neuron,PRKAR2B-201,PRKAR2B,0.8943089430894309,0.1904761904761904,1.2656189993940313e-17,1.7319320190736763e-16,True,0.7038327526132404,AD_enriched,0.0303030303030303,True,462.0,110,8,21.9547,5.66,1.7852,Minor,0.0993778992625132,0.795035244676705,flat,MIR,Minor Isoform Redistribution,new_target_candidate,SR
Inhibitory_neuron,PRKD1-202,PRKD1,0.9166666666666666,0.3,5.331522879197939e-11,3.5405330969279127e-10,True,0.6166666666666667,AD_enriched,0.0383838383838383,True,495.0,55,9,24.2798,6.4304,1.7665,Minor,0.0554717540425528,0.960552737293413,flat,MIR,Minor Isoform Redistribution,new_target_candidate,SR
Inhibitory_neuron,PRKD1-201,PRKD1,0.0166666666666666,0.6666666666666666,5.331522879197939e-11,3.5405330969279127e-10,True,-0.65,CT_enriched,0.0242424242424242,True,495.0,1,20,0.1008,4.8134,-2.4008,Dominant,0.0554717540425528,0.960552737293413,flat,DIEr,Dominant Isoform Erosion,trial_failure_explanation,SR
Inhibitory_neuron,PRKN-211,PRKN,0.5540540540540541,0.141025641025641,6.667771672733608e-11,4.3611249061336516e-10,True,0.4130284130284131,AD_enriched,0.05,True,120.0,41,11,13.2554,4.0996,1.483,Minor,0.0824854285664625,0.896105147980797,flat,MIR,Minor Isoform Redistribution,new_target_candidate,SR
Inhibitory_neuron,PRKRIP1-208,PRKRIP1,0.5476190476190477,0.1896551724137931,0.0008830155060217,0.0021768436479889,True,0.3579638752052546,AD_enriched,0.0285714285714285,True,210.0,23,11,8.5252,4.0594,0.9128,Minor,0.221546613310199,0.68458895808262,flat,MIR,Minor Isoform Redistribution,new_target_candidate,SR
Inhibitory_neuron,PRKRIP1-201,PRKRIP1,0.238095238095238,0.6551724137931034,0.0008830155060217,0.0021768436479889,True,-0.4170771756978654,CT_enriched,0.019047619047619,True,210.0,10,38,3.0195,14.3739,-1.9354,Dominant,0.221546613310199,0.68458895808262,flat,DIEr,Dominant Isoform Erosion,trial_failure_explanation,SR
Inhibitory_neuron,PRUNE2-202,PRUNE2,0.6027397260273972,0.8967136150234741,3.3764596587645204e-11,2.2963184024263406e-10,True,-0.2939738889960769,CT_enriched,0.0498,True,10000.0,132,191,41.0009,73.1896,-0.8208,Dominant,-0.0616437978511585,0.941979790468729,flat,DIEr,Dominant Isoform Erosion,trial_failure_explanation,SR
Inhibitory_neuron,PSKH1-201,PSKH1,0.0625,0.8245614035087719,1.1387361615537118e-16,1.4203970085928825e-15,True,-0.7620614035087719,CT_enriched,0.0476190476190476,True,84.0,4,47,9.0535,46.6574,-2.245,Dominant,-0.0733996544811429,0.947260041438907,flat,DIEr,Dominant Isoform Erosion,trial_failure_explanation,SR
Inhibitory_neuron,PSKH1-202,PSKH1,0.9375,0.175438596491228,1.1387361615537118e-16,1.4203970085928825e-15,True,0.762061403508772,AD_enriched,0.0476190476190476,True,84.0,60,10,10.4257,4.056,1.1762,Minor,-0.0733996544811429,0.947260041438907,flat,MIR,Minor Isoform Redistribution,new_target_candidate,SR
Inhibitory_neuron,PSMD1-215,PSMD1,0.4021739130434782,0.005,3.337271921457825e-23,6.892138861970408e-22,True,0.3971739130434782,AD_enriched,0.0363636363636363,True,330.0,148,1,30.5288,0.6038,4.2971,Minor,0.111541523155357,0.73034993829037,flat,MIR,Minor Isoform Redistribution,new_target_candidate,SR
Inhibitory_neuron,PTBP1-221,PTBP1,0.3529411764705882,0.075,7.402483267296988e-05,0.000219774621701,True,0.2779411764705882,AD_enriched,0.0396270396270396,True,3432.0,12,6,3.3624,3.0057,0.1231,Minor,-0.0042258235026446,0.995795189657208,flat,MIR,Minor Isoform Redistribution,new_target_candidate,SR
Inhibitory_neuron,PTBP3-205,PTBP3,0.8524590163934426,0.5777777777777777,0.0088168372143362,0.01782974469671,True,0.2746812386156648,AD_enriched,0.0396825396825396,True,126.0,52,26,18.0927,9.5594,0.8545,Dominant,0.142353458161804,0.818917298303235,flat,DIR,Dominant Isoform Redistribution,,SR
Inhibitory_neuron,transcript14640.chr18.nic,PTPRM,0.6,0.9876543209876544,2.0186980726855922e-07,8.843371976535638e-07,True,-0.3876543209876544,CT_enriched,0.0158730158730158,True,252.0,18,80,6.6964,34.5365,-2.207,Dominant,0.0630773581193775,0.935496802534857,flat,DIEr,Dominant Isoform Erosion,trial_failure_explanation,SR
Inhibitory_neuron,PTPRM-205,PTPRM,0.3,0.0,2.0186980726855922e-07,8.843371976535638e-07,True,0.3,AD_enriched,0.0277777777777777,True,252.0,9,0,5.0929,0.0,2.6071,Minor,0.0630773581193775,0.935496802534857,flat,MIR,Minor Isoform Redistribution,new_target_candidate,SR
Inhibitory_neuron,PWWP2A-201,PWWP2A,0.2207792207792207,0.5934959349593496,2.210553584662388e-12,1.7653117720009262e-11,True,-0.3727167141801289,CT_enriched,0.049,True,10000.0,34,146,19.3603,46.2464,-1.2144,Dominant,-0.171625668278015,0.745416804143355,flat,DIEr,Dominant Isoform Erosion,trial_failure_explanation,SR
Inhibitory_neuron,transcript883.chr16.nic,RAB40C,0.0,0.375,3.687975888691272e-13,3.2286969037952472e-12,True,-0.375,CT_enriched,0.0476190476190476,True,210.0,0,18,0.0,7.0685,-3.0123,Dominant,-0.0565556397735093,0.948767650513916,flat,DIEr,Dominant Isoform Erosion,trial_failure_explanation,SR
Inhibitory_neuron,RABGGTA-201,RABGGTA,0.4324324324324324,0.0535714285714285,1.978162308933532e-05,6.46169125015484e-05,True,0.3788610038610039,AD_enriched,0.0238095238095238,True,126.0,32,3,6.954,0.6159,2.2993,Minor,-0.297617947658798,0.877701169109946,flat,MIR,Minor Isoform Redistribution,new_target_candidate,SR
Inhibitory_neuron,RAD21-212,RAD21,0.4230769230769231,0.0,6.998642857788643e-08,3.234290855099375e-07,True,0.4230769230769231,AD_enriched,0.025,True,120.0,22,0,4.5468,0.0,2.4717,Minor,0.0406497808262989,0.971135890784789,flat,MIR,Minor Isoform Redistribution,new_target_candidate,SR
Inhibitory_neuron,RAD51C-219,RAD51C,0.3555555555555555,0.0224719101123595,2.87517116901552e-06,1.0657603583766933e-05,True,0.333083645443196,AD_enriched,0.0142857142857142,True,210.0,16,2,7.3311,0.8332,2.1841,Minor,0.0092483741309587,0.990539878513182,flat,MIR,Minor Isoform Redistribution,new_target_candidate,SR
Inhibitory_neuron,transcript7592.chr22.nic,RANBP1,0.2823529411764706,0.5535714285714286,0.0073740368010267,0.0151401381952617,True,-0.271218487394958,CT_enriched,0.0303030303030303,True,165.0,24,31,20.5465,9.5695,1.0275,Dominant,-0.161429031546662,0.935908374141015,flat,DIEr,Dominant Isoform Erosion,trial_failure_explanation,SR
Inhibitory_neuron,RANBP2-206,RANBP2,0.0933676754668383,0.3513513513513513,6.345307668003807e-57,1.1924948210735151e-54,True,-0.257983675884513,CT_enriched,0.0152,True,10000.0,145,351,38.9077,110.2978,-1.4797,Minor,0.0054569287287567,0.992418948875269,flat,MIEr,Minor Isoform Erosion,,SR
Inhibitory_neuron,RANBP2-201,RANBP2,0.8493238892466195,0.6026026026026026,6.345307668003807e-57,1.1924948210735151e-54,True,0.2467212866440169,AD_enriched,0.0314,True,10000.0,1319,602,606.0694,891.8754,-0.5566,Dominant,0.0054569287287567,0.992418948875269,flat,DIR,Dominant Isoform Redistribution,,SR
Inhibitory_neuron,RARS2-246,RARS2,0.0119047619047619,0.2857142857142857,8.620157197399515e-09,4.4343472882243134e-08,True,-0.2738095238095238,CT_enriched,0.0313852813852813,True,924.0,1,16,0.8982,40.3708,-4.4459,Dominant,0.201948041299006,0.545577288739365,flat,DIEr,Dominant Isoform Erosion,trial_failure_explanation,SR
Inhibitory_neuron,RBL2-201,RBL2,0.3763837638376384,0.6947791164658634,2.826646167917967e-12,2.2509365952996467e-11,True,-0.318395352628225,CT_enriched,0.0403,True,10000.0,102,173,37.9802,66.5676,-0.7936,Dominant,0.0751036166760256,0.892842657307954,flat,DIEr,Dominant Isoform Erosion,trial_failure_explanation,SR
Inhibitory_neuron,RBL2-209,RBL2,0.6199261992619927,0.3052208835341365,2.826646167917967e-12,2.2509365952996467e-11,True,0.3147053157278561,AD_enriched,0.0423,True,10000.0,168,76,85.359,36.0882,1.2194,Minor,0.0751036166760256,0.892842657307954,flat,MIR,Minor Isoform Redistribution,new_target_candidate,SR
Inhibitory_neuron,RBM33-207,RBM33,0.5434782608695652,0.19,3.1712410809782474e-08,1.526853733096102e-07,True,0.3534782608695652,AD_enriched,0.0081,True,10000.0,125,19,64.3308,36.7082,0.7929,Minor,0.138067730294238,0.745753135787161,flat,MIR,Minor Isoform Redistribution,new_target_candidate,SR
Inhibitory_neuron,RBM33-201,RBM33,0.3347826086956522,0.56,3.1712410809782474e-08,1.526853733096102e-07,True,-0.2252173913043478,CT_enriched,0.0383,True,10000.0,77,56,62.306,38.8789,0.6667,Dominant,0.138067730294238,0.745753135787161,flat,DIEr,Dominant Isoform Erosion,trial_failure_explanation,SR
Inhibitory_neuron,RBM41-209,RBM41,0.0652173913043478,0.4054054054054054,0.0001629728241163,0.0004573849384182,True,-0.3401880141010576,CT_enriched,0.0428571428571428,True,70.0,3,15,1.0832,5.3625,-1.6108,Dominant,-0.0430633683060074,0.972508759893743,flat,DIEr,Dominant Isoform Erosion,trial_failure_explanation,SR
Inhibitory_neuron,REL-204,REL,0.5818181818181818,0.1875,2.730570876920309e-05,8.702633467539119e-05,True,0.3943181818181818,AD_enriched,0.0238095238095238,True,84.0,32,9,20.2833,3.4539,2.2566,Minor,-0.0711030669295163,0.941979790468729,flat,MIR,Minor Isoform Redistribution,new_target_candidate,SR
Inhibitory_neuron,REL-202,REL,0.3454545454545454,0.6875,2.730570876920309e-05,8.702633467539119e-05,True,-0.3420454545454546,CT_enriched,0.0238095238095238,True,84.0,19,33,6.1259,12.6984,-0.9429,Dominant,-0.0711030669295163,0.941979790468729,flat,DIEr,Dominant Isoform Erosion,trial_failure_explanation,SR
Inhibitory_neuron,RETREG2-201,RETREG2,0.2857142857142857,0.0212765957446808,0.0003211282196723,0.0008588808835449,True,0.2644376899696049,AD_enriched,0.0436507936507936,True,252.0,42,1,5.8835,0.1933,2.5282,Minor,-0.209584851926497,0.924175880016026,flat,MIR,Minor Isoform Redistribution,new_target_candidate,SR
Inhibitory_neuron,RETREG2-203,RETREG2,0.7142857142857143,0.9787234042553192,0.0003211282196723,0.0008588808835449,True,-0.2644376899696049,CT_enriched,0.0436507936507936,True,252.0,105,46,16.829,22.8525,-0.4199,Dominant,-0.209584851926497,0.924175880016026,flat,DIEr,Dominant Isoform Erosion,trial_failure_explanation,SR
Inhibitory_neuron,RGS12-220,RGS12,0.2682926829268293,0.5083415112855741,1.7203008931067215e-40,1.077672937259522e-38,True,-0.2400488283587448,CT_enriched,0.0173,True,10000.0,517,518,234.0373,490.632,-1.0647,Dominant,-0.0595435388297752,0.961863711567661,flat,DIEr,Dominant Isoform Erosion,trial_failure_explanation,SR
Inhibitory_neuron,RIC8B-205,RIC8B,0.0294117647058823,0.3,5.563216828830965e-05,0.0001682694017218,True,-0.2705882352941177,CT_enriched,0.0043290043290043,True,3003.0,3,9,1.2613,7.4858,-1.9079,Dominant,0.187267854475282,0.706551166220654,flat,DIEr,Dominant Isoform Erosion,trial_failure_explanation,SR
Inhibitory_neuron,RIMBP2-216,RIMBP2,0.3515981735159817,0.0055555555555555,1.5238176820377904e-31,5.6521605864006984e-30,True,0.3460426179604262,AD_enriched,0.0075,True,10000.0,77,1,11.7542,0.1933,3.418,Minor,-0.0291411237601867,0.97763985527033,flat,MIR,Minor Isoform Redistribution,new_target_candidate,SR
Inhibitory_neuron,RIMS2-219,RIMS2,0.1696428571428571,0.402027027027027,8.336486525314706e-13,7.015091198466312e-12,True,-0.2323841698841698,CT_enriched,0.0352,True,10000.0,57,119,34.7887,72.7123,-1.0424,Dominant,0.0538717515274541,0.923949967074382,flat,DIEr,Dominant Isoform Erosion,trial_failure_explanation,SR
Inhibitory_neuron,RIOK3-205,RIOK3,0.5263157894736842,0.0582608695652173,9.8698720005302e-88,5.564633833898927e-85,True,0.4680549199084668,AD_enriched,0.0027972027972027,True,715.0,140,67,43.9817,18.6582,1.1942,Minor,0.114250834080169,0.823221098500835,flat,MIR,Minor Isoform Redistribution,new_target_candidate,SR
Inhibitory_neuron,RIOK3-201,RIOK3,0.4323308270676692,0.931304347826087,9.8698720005302e-88,5.564633833898927e-85,True,-0.4989735207584178,CT_enriched,0.0013986013986013,True,715.0,115,1071,33.8954,467.5755,-3.7472,Dominant,0.114250834080169,0.823221098500835,flat,DIEr,Dominant Isoform Erosion,trial_failure_explanation,SR
Inhibitory_neuron,RNASEH2B-208,RNASEH2B,0.1573033707865168,0.9452054794520548,1.4358190560879407e-32,5.582860578085386e-31,True,-0.787902108665538,CT_enriched,0.0238095238095238,True,210.0,14,138,3.186,32.2348,-2.9891,Dominant,0.0656221472836859,0.952413425622027,flat,DIEr,Dominant Isoform Erosion,trial_failure_explanation,SR
Inhibitory_neuron,transcript125102.chrX.nic,RNF128,0.5,0.0,1.199176470399579e-26,3.234907626848242e-25,True,0.5,AD_enriched,0.0238095238095238,True,252.0,23,0,5.7786,0.0,2.761,Minor,0.105004916485668,0.912678403304358,flat,MIR,Minor Isoform Redistribution,new_target_candidate,SR
Inhibitory_neuron,RNF128-201,RNF128,0.5,1.0,1.199176470399579e-26,3.234907626848242e-25,True,-0.5,CT_enriched,0.0238095238095238,True,252.0,23,220,6.7512,108.9492,-3.8263,Dominant,0.105004916485668,0.912678403304358,flat,DIEr,Dominant Isoform Erosion,trial_failure_explanation,SR
Inhibitory_neuron,RNF144A-201,RNF144A,0.3333333333333333,0.9,2.936568688026213e-06,1.0878038280612216e-05,True,-0.5666666666666667,CT_enriched,0.0189393939393939,True,792.0,12,36,5.1616,84.631,-3.7968,Dominant,-0.0517438639144004,0.947260041438907,flat,DIEr,Dominant Isoform Erosion,trial_failure_explanation,SR
Inhibitory_neuron,transcript9298.chr2.nic,RNF144A,0.3333333333333333,0.0,2.936568688026213e-06,1.0878038280612216e-05,True,0.3333333333333333,AD_enriched,0.0227272727272727,True,792.0,12,0,3.6414,0.0,2.2146,Minor,-0.0517438639144004,0.947260041438907,flat,MIR,Minor Isoform Redistribution,new_target_candidate,SR
Inhibitory_neuron,RNGTT-204,RNGTT,0.2794117647058823,0.0426540284360189,1.0539096637922387e-10,6.736896467642452e-10,True,0.2367577362698634,AD_enriched,0.0295704295704295,True,5005.0,57,9,32.3535,5.6273,2.3314,Minor,0.0899191240369177,0.846333722283437,flat,MIR,Minor Isoform Redistribution,new_target_candidate,SR
Inhibitory_neuron,RNGTT-202,RNGTT,0.7205882352941176,0.957345971563981,1.0539096637922387e-10,6.736896467642452e-10,True,-0.2367577362698634,CT_enriched,0.0295704295704295,True,5005.0,147,202,29.284,79.1848,-1.4048,Dominant,0.0899191240369177,0.846333722283437,flat,DIEr,Dominant Isoform Erosion,trial_failure_explanation,SR
Inhibitory_neuron,RNPEPL1-201,RNPEPL1,0.4736842105263157,0.175,0.0001508655862002,0.0004272125439463,True,0.2986842105263157,AD_enriched,0.0142857142857142,True,210.0,45,14,13.4201,3.2206,1.7726,Minor,-0.0093185785079832,0.995795189657208,flat,MIR,Minor Isoform Redistribution,new_target_candidate,SR
Inhibitory_neuron,ROBO2-202,ROBO2,0.3373493975903614,0.0659340659340659,1.058553360057167e-12,8.789578562595442e-12,True,0.2714153316562955,AD_enriched,0.0011238761238761,True,8008.0,28,12,20.625,6.1522,1.5962,Minor,-0.0544752606611915,0.923431026705975,flat,MIR,Minor Isoform Redistribution,new_target_candidate,SR
Inhibitory_neuron,ROBO2-204,ROBO2,0.036144578313253,0.3021978021978022,1.058553360057167e-12,8.789578562595442e-12,True,-0.2660532238845491,CT_enriched,0.0375874125874125,True,8008.0,3,55,2.239,21.1097,-2.771,Dominant,-0.0544752606611915,0.923431026705975,flat,DIEr,Dominant Isoform Erosion,trial_failure_explanation,SR
Inhibitory_neuron,transcript60195.chr3.nnic,RPL14,0.3961038961038961,0.6183206106870229,0.0009929864217704,0.0024214781340579,True,-0.2222167145831268,CT_enriched,0.0346320346320346,True,3003.0,61,81,49.517,23.927,1.0191,Dominant,-0.0125738973910245,0.993791690916521,flat,DIEr,Dominant Isoform Erosion,trial_failure_explanation,SR
Inhibitory_neuron,transcript68086.chr17.nnic,RPL19,0.2358490566037736,0.0,1.227728184353715e-06,4.810237319934847e-06,True,0.2358490566037736,AD_enriched,0.0083333333333333,True,120.0,25,0,4.5232,0.0,2.4655,Minor,0.0053886371017313,0.998322420078952,flat,MIR,Minor Isoform Redistribution,new_target_candidate,SR
Inhibitory_neuron,transcript38859.chr14.nnic,RPS29,0.2972972972972973,0.0,3.240880169642827e-05,0.000101932007903,True,0.2972972972972973,AD_enriched,0.0454545454545454,True,462.0,11,0,5.5658,0.0,2.715,Minor,-0.25018951947868,0.875219015948306,flat,MIR,Minor Isoform Redistribution,new_target_candidate,SR
Inhibitory_neuron,RPS3-217,RPS3,0.5481481481481482,0.8305084745762712,5.70956390268881e-06,2.020748354259856e-05,True,-0.282360326428123,CT_enriched,0.0426240426240426,True,3003.0,74,98,62.2007,34.1147,0.8479,Dominant,-0.131377904486445,0.892613887628865,flat,DIEr,Dominant Isoform Erosion,trial_failure_explanation,SR
Inhibitory_neuron,RPS3-209,RPS3,0.437037037037037,0.1525423728813559,5.70956390268881e-06,2.020748354259856e-05,True,0.2844946641556811,AD_enriched,0.0489510489510489,True,3003.0,59,18,52.701,10.9965,2.1623,Minor,-0.131377904486445,0.892613887628865,flat,MIR,Minor Isoform Redistribution,new_target_candidate,SR
Inhibitory_neuron,RSPH3-201,RSPH3,0.7951807228915663,0.5945945945945946,0.0032979313411519,0.0072343163256454,True,0.2005861282969716,AD_enriched,0.0426240426240426,True,3003.0,66,44,42.5691,26.9957,0.6381,Dominant,0.0470863725598508,0.972008642153609,flat,DIR,Dominant Isoform Redistribution,,SR
Inhibitory_neuron,transcript213042.chr6.nnic,RSPH3,0.0963855421686747,0.3243243243243243,0.0032979313411519,0.0072343163256454,True,-0.2279387821556495,CT_enriched,0.0279720279720279,True,3003.0,8,24,4.7156,12.912,-1.2834,Minor,0.0470863725598508,0.972008642153609,flat,MIEr,Minor Isoform Erosion,,SR
Inhibitory_neuron,transcript48755.chr9.nnic,RUSC2,0.8493150684931506,0.1506849315068493,2.3290069354045263e-22,4.421192290171959e-21,True,0.6986301369863013,AD_enriched,0.0363636363636363,True,330.0,124,11,23.5806,12.396,0.8757,Minor,-0.150131999192857,0.652632292296512,flat,MIR,Minor Isoform Redistribution,new_target_candidate,SR
Inhibitory_neuron,transcript44036.chr6.nnic,RXRB,0.6842105263157895,0.913793103448276,0.008421923410327,0.0170985971146646,True,-0.2295825771324865,CT_enriched,0.0315656565656565,True,792.0,39,53,13.0138,47.82,-1.8006,Dominant,-0.171163989301882,0.892842657307954,flat,DIEr,Dominant Isoform Erosion,trial_failure_explanation,SR
Inhibitory_neuron,SACM1L-206,SACM1L,0.1764705882352941,0.4926470588235294,2.2805092639256523e-06,8.577392414951852e-06,True,-0.3161764705882353,CT_enriched,0.0479797979797979,True,792.0,18,67,9.2907,19.6268,-1.0032,Dominant,0.0536942484053425,0.923949967074382,flat,DIEr,Dominant Isoform Erosion,trial_failure_explanation,SR
Inhibitory_neuron,SAMHD1-225,SAMHD1,0.6918238993710691,0.150375939849624,7.179664878412102e-22,1.3099984007924736e-20,True,0.5414479595214452,AD_enriched,0.0004995004995004,True,2002.0,110,20,51.8396,8.211,2.5202,Minor,0.223108658335832,0.656243529179709,flat,MIR,Minor Isoform Redistribution,new_target_candidate,SR
Inhibitory_neuron,SAMHD1-221,SAMHD1,0.0754716981132075,0.556390977443609,7.179664878412102e-22,1.3099984007924736e-20,True,-0.4809192793304014,CT_enriched,0.0209790209790209,True,2002.0,12,74,5.236,28.9221,-2.2625,Dominant,0.223108658335832,0.656243529179709,flat,DIEr,Dominant Isoform Erosion,trial_failure_explanation,SR
Inhibitory_neuron,SAP130-201,SAP130,0.5507246376811594,0.231578947368421,2.809116724592009e-05,8.940021001823425e-05,True,0.3191456903127384,AD_enriched,0.0465367965367965,True,924.0,38,22,22.5574,11.1507,0.9551,Minor,0.220563769266041,0.609919927866014,flat,MIR,Minor Isoform Redistribution,new_target_candidate,SR
Inhibitory_neuron,SATB1-204,SATB1,0.4151436031331593,0.1293375394321766,3.468017995017426e-19,5.2279907636118324e-18,True,0.2858060637009827,AD_enriched,0.0094,True,10000.0,159,41,71.5586,42.3501,0.7431,Minor,0.177906035255111,0.812973820057133,flat,MIR,Minor Isoform Redistribution,new_target_candidate,SR
Inhibitory_neuron,SCAF4-203,SCAF4,0.58,0.0094339622641509,7.918239986989181e-25,1.8679094998596242e-23,True,0.570566037735849,AD_enriched,0.0023976023976023,True,5005.0,58,1,13.988,0.4914,3.329,Minor,0.152700753523957,0.818883630096079,flat,MIR,Minor Isoform Redistribution,new_target_candidate,SR
Inhibitory_neuron,SCAF4-201,SCAF4,0.15,0.8679245283018868,7.918239986989181e-25,1.8679094998596242e-23,True,-0.7179245283018868,CT_enriched,0.0003996003996003,True,5005.0,15,92,8.0092,47.5651,-2.4304,Dominant,0.152700753523957,0.818883630096079,flat,DIEr,Dominant Isoform Erosion,trial_failure_explanation,SR
Inhibitory_neuron,SCAP-206,SCAP,0.3909090909090909,0.0545454545454545,2.8985825691323343e-16,3.440464952582757e-15,True,0.3363636363636363,AD_enriched,0.0271950271950271,True,1287.0,43,15,6.2327,5.3306,0.1922,Minor,-0.0735896477278361,0.89074761428793,flat,MIR,Minor Isoform Redistribution,new_target_candidate,SR
Inhibitory_neuron,SCAP-201,SCAP,0.6090909090909091,0.9454545454545454,2.8985825691323343e-16,3.440464952582757e-15,True,-0.3363636363636363,CT_enriched,0.0271950271950271,True,1287.0,67,260,29.7837,66.6398,-1.1357,Dominant,-0.0735896477278361,0.89074761428793,flat,DIEr,Dominant Isoform Erosion,trial_failure_explanation,SR
Inhibitory_neuron,transcript313984.chr2.nnic,SCN1A-AS1,0.0,0.7894736842105263,3.618946415215967e-23,7.4465766018202995e-22,True,-0.7894736842105263,CT_enriched,0.0389610389610389,True,462.0,0,90,0.0,17.3946,-4.2012,Dominant,-0.0268076697730455,0.983407511386907,flat,DIEr,Dominant Isoform Erosion,trial_failure_explanation,SR
Inhibitory_neuron,SCRN1-201,SCRN1,0.5930232558139535,0.9886363636363636,1.0508623941185667e-20,1.773880891628886e-19,True,-0.3956131078224101,CT_enriched,0.0293456543456543,True,8008.0,204,174,61.3673,83.4689,-0.4376,Dominant,-0.0353866291408267,0.959604036817553,flat,DIEr,Dominant Isoform Erosion,trial_failure_explanation,SR
Inhibitory_neuron,SEC24B-203,SEC24B,0.3496503496503496,0.0465116279069767,2.0048307986950755e-15,2.1905496207447363e-14,True,0.3031387217433728,AD_enriched,0.0433566433566433,True,5005.0,50,10,12.9545,2.9396,1.8246,Minor,0.125531795701019,0.691891048811677,flat,MIR,Minor Isoform Redistribution,new_target_candidate,SR
Inhibitory_neuron,SEC31B-202,SEC31B,0.0338983050847457,0.2688172043010752,3.5187431156864343e-06,1.2890626176894164e-05,True,-0.2349188992163295,CT_enriched,0.0103230103230103,True,3003.0,2,25,1.1894,19.4274,-3.2219,Minor,0.124936435701621,0.896531157287047,flat,MIEr,Minor Isoform Erosion,,SR
Inhibitory_neuron,SEPTIN11-203,SEPTIN11,0.8365853658536585,0.4701754385964912,1.829378580666314e-23,3.848521058879358e-22,True,0.3664099272571673,AD_enriched,0.032,True,10000.0,343,134,211.354,80.2498,1.386,Dominant,-0.0409627457958471,0.935855513993943,flat,DIR,Dominant Isoform Redistribution,,SR
Inhibitory_neuron,transcript61327.chr1.nnic,SFPQ,0.5,0.819327731092437,2.6850478434041395e-14,2.6888631866984974e-13,True,-0.3193277310924369,CT_enriched,0.0158,True,10000.0,170,195,95.4415,176.3433,-0.8788,Dominant,0.241830385281681,0.732758662889197,flat,DIEr,Dominant Isoform Erosion,trial_failure_explanation,SR
Inhibitory_neuron,SFPQ-205,SFPQ,0.4705882352941176,0.1596638655462184,2.6850478434041395e-14,2.6888631866984974e-13,True,0.3109243697478991,AD_enriched,0.0244,True,10000.0,160,38,96.7222,36.9171,1.3658,Minor,0.241830385281681,0.732758662889197,flat,MIR,Minor Isoform Redistribution,new_target_candidate,SR
Inhibitory_neuron,SGIP1-243,SGIP1,0.0084745762711864,0.4594594594594595,5.785189904009319e-26,1.4825863944911154e-24,True,-0.450984883188273,CT_enriched,0.0475524475524475,True,715.0,1,34,0.1008,7.8482,-3.0068,Dominant,0.0178364393737513,0.974456908030422,flat,DIEr,Dominant Isoform Erosion,trial_failure_explanation,SR
Inhibitory_neuron,SGIP1-231,SGIP1,0.5,0.1081081081081081,5.785189904009319e-26,1.4825863944911154e-24,True,0.3918918918918919,AD_enriched,0.0293706293706293,True,715.0,59,8,27.9827,3.6933,2.6265,Minor,0.0178364393737513,0.974456908030422,flat,MIR,Minor Isoform Redistribution,new_target_candidate,SR
Inhibitory_neuron,SHOC2-217,SHOC2,0.358974358974359,0.0,5.596032159048295e-20,9.014408375061225e-19,True,0.358974358974359,AD_enriched,0.0369630369630369,True,3003.0,140,0,27.5809,0.0,4.837,Minor,0.095934215069242,0.843637156195596,flat,MIR,Minor Isoform Redistribution,new_target_candidate,SR
Inhibitory_neuron,SHOC2-202,SHOC2,0.5820512820512821,0.9037433155080212,5.596032159048295e-20,9.014408375061225e-19,True,-0.3216920334567391,CT_enriched,0.0499500499500499,True,3003.0,227,169,58.1767,68.2361,-0.2265,Dominant,0.095934215069242,0.843637156195596,flat,DIEr,Dominant Isoform Erosion,trial_failure_explanation,SR
Inhibitory_neuron,SIRT7-201,SIRT7,0.0307692307692307,0.8840579710144928,1.6263176930355268e-32,6.280259694064589e-31,True,-0.8532887402452621,CT_enriched,0.0357142857142857,True,28.0,4,61,0.8371,30.8055,-4.1138,Dominant,-0.350880455961596,0.589695890528817,flat,DIEr,Dominant Isoform Erosion,trial_failure_explanation,SR
Inhibitory_neuron,SKIC3-236,SKIC3,0.0546623794212218,0.274390243902439,3.8437824745901243e-16,4.5054564639790265e-15,True,-0.2197278644812172,CT_enriched,0.0267,True,10000.0,17,45,9.4215,21.6548,-1.1202,Dominant,0.187948579693352,0.618881809152688,flat,DIEr,Dominant Isoform Erosion,trial_failure_explanation,SR
Inhibitory_neuron,SLC11A2-201,SLC11A2,0.6125,0.9331103678929766,2.54904480317329e-16,3.064288827354161e-15,True,-0.3206103678929766,CT_enriched,0.0431235431235431,True,1716.0,98,279,18.5982,78.6639,-2.0232,Dominant,0.163910073223889,0.769918797816647,flat,DIEr,Dominant Isoform Erosion,trial_failure_explanation,SR
Inhibitory_neuron,transcript65498.chr6.nnic,SLC25A27,0.0055555555555555,0.2285714285714285,4.44090947059116e-08,2.1040208063187361e-07,True,-0.223015873015873,CT_enriched,0.0428571428571428,True,210.0,1,8,0.1841,4.4201,-2.1945,Minor,0.0432624452930762,0.944558697992882,flat,MIEr,Minor Isoform Erosion,,SR
Inhibitory_neuron,SLC25A40-201,SLC25A40,0.7692307692307693,0.3269230769230769,6.99269744593697e-07,2.826152559153594e-06,True,0.4423076923076923,AD_enriched,0.0158730158730158,True,252.0,40,34,12.223,8.846,0.4254,Minor,-0.0811261683517544,0.904304387259505,flat,MIR,Minor Isoform Redistribution,new_target_candidate,SR
Inhibitory_neuron,SLC39A1-204,SLC39A1,0.0,0.3529411764705882,2.6258708831879928e-11,1.8076507984632366e-10,True,-0.3529411764705882,CT_enriched,0.0191058941058941,True,8008.0,0,30,0.0,8.2579,-3.2107,Minor,-0.587666416492963,0.589685507952736,down,MIDe,Minor Isoform Depletion,,SR
Inhibitory_neuron,transcript30158.chr2.nic,SLC5A6,0.0,0.4418604651162791,2.3572912575472985e-16,2.845911800867595e-15,True,-0.4418604651162791,CT_enriched,0.0238095238095238,True,252.0,0,19,0.0,4.1775,-2.3723,Dominant,-0.0166541573415664,0.989462155130671,flat,DIEr,Dominant Isoform Erosion,trial_failure_explanation,SR
Inhibitory_neuron,SLITRK3-201,SLITRK3,0.0890052356020942,0.3105590062111801,5.060216014169882e-08,2.3774581573241494e-07,True,-0.2215537706090859,CT_enriched,0.0324,True,10000.0,17,100,7.4852,96.7095,-3.5255,Minor,-0.000729712175431,0.999178459205091,flat,MIEr,Minor Isoform Erosion,,SR
Inhibitory_neuron,SLITRK3-202,SLITRK3,0.8848167539267016,0.6645962732919255,5.060216014169882e-08,2.3774581573241494e-07,True,0.220220480634776,AD_enriched,0.0286,True,10000.0,169,214,73.0631,84.7388,-0.2112,Dominant,-0.000729712175431,0.999178459205091,flat,DIR,Dominant Isoform Redistribution,,SR
Inhibitory_neuron,transcript49800.chr18.nic,SMAD2,0.0508474576271186,0.8691099476439791,8.069118094039689e-28,2.3211065211324366e-26,True,-0.8182624900168605,CT_enriched,0.006060606060606,True,495.0,3,166,0.4691,33.261,-4.5436,Dominant,0.0561766509035367,0.934446613636538,flat,DIEr,Dominant Isoform Erosion,trial_failure_explanation,SR
Inhibitory_neuron,transcript168145.chr10.nnic,SORBS1,0.8123324396782842,0.314516129032258,2.227673664685658e-35,1.0211076521542878e-33,True,0.4978163106460261,AD_enriched,0.0491,True,10000.0,303,39,84.1945,48.3664,0.7872,Minor,-0.0786492571314942,0.896792656847948,flat,MIR,Minor Isoform Redistribution,new_target_candidate,SR
Inhibitory_neuron,SORBS1-223,SORBS1,0.0428954423592493,0.4838709677419355,2.227673664685658e-35,1.0211076521542878e-33,True,-0.4409755253826862,CT_enriched,0.0303,True,10000.0,16,60,8.8538,15.7644,-0.7666,Dominant,-0.0786492571314942,0.896792656847948,flat,DIEr,Dominant Isoform Erosion,trial_failure_explanation,SR
Inhibitory_neuron,SPEF2-205,SPEF2,0.8686868686868687,0.225,3.6057835401442863e-16,4.244135198190707e-15,True,0.6436868686868688,AD_enriched,0.0416666666666666,True,120.0,86,9,38.5829,1.7756,3.834,Minor,0.20934896223399,0.860863540104518,flat,MIR,Minor Isoform Redistribution,new_target_candidate,SR
Inhibitory_neuron,SPEF2-211,SPEF2,0.0202020202020202,0.675,3.6057835401442863e-16,4.244135198190707e-15,True,-0.6547979797979798,CT_enriched,0.0333333333333333,True,120.0,2,27,1.2152,8.3676,-2.0802,Dominant,0.20934896223399,0.860863540104518,flat,DIEr,Dominant Isoform Erosion,trial_failure_explanation,SR
Inhibitory_neuron,SPEN-201,SPEN,0.7079207920792079,0.9325842696629212,1.4432099243132218e-29,4.786363266634086e-28,True,-0.2246634775837133,CT_enriched,0.0136,True,10000.0,429,498,224.4916,298.6679,-0.4103,Dominant,0.129823879181769,0.870696614830748,flat,DIEr,Dominant Isoform Erosion,trial_failure_explanation,SR
Inhibitory_neuron,SPIDR-225,SPIDR,0.7254901960784313,0.3632075471698113,1.192098864171757e-15,1.3230420071260564e-14,True,0.36228264890862,AD_enriched,0.0488,True,10000.0,222,77,101.3882,58.1482,0.7916,Minor,0.0475125315724079,0.963434241741175,flat,MIR,Minor Isoform Redistribution,new_target_candidate,SR
Inhibitory_neuron,SPIN3-201,SPIN3,0.5412667946257198,0.2063157894736842,1.9375850291640246e-28,5.9049212942847436e-27,True,0.3349510051520356,AD_enriched,0.0222,True,10000.0,282,98,71.1052,34.346,1.0286,Minor,0.178083815099756,0.766757528442154,flat,MIR,Minor Isoform Redistribution,new_target_candidate,SR
Inhibitory_neuron,transcript21611.chr11.nnic,SPON1,0.7884615384615384,0.0140845070422535,2.0166824313789388e-18,2.900524374518994e-17,True,0.7743770314192849,AD_enriched,0.0238095238095238,True,126.0,41,1,25.1102,1.3188,3.4932,Minor,-0.0188403498394295,0.988289238178338,flat,MIR,Minor Isoform Redistribution,new_target_candidate,SR
Inhibitory_neuron,SSR1-204,SSR1,0.3829787234042553,0.0469483568075117,2.650942676555589e-16,3.173251552106244e-15,True,0.3360303665967436,AD_enriched,0.0002497502497502,True,8008.0,72,10,32.0354,6.0826,2.2217,Minor,0.120318046204336,0.780156336256844,flat,MIR,Minor Isoform Redistribution,new_target_candidate,SR
Inhibitory_neuron,SSR1-201,SSR1,0.5797872340425532,0.9295774647887324,2.650942676555589e-16,3.173251552106244e-15,True,-0.3497902307461792,CT_enriched,0.0004995004995004,True,8008.0,109,198,36.0988,121.7212,-1.7259,Dominant,0.120318046204336,0.780156336256844,flat,DIEr,Dominant Isoform Erosion,trial_failure_explanation,SR
Inhibitory_neuron,ST3GAL3-277,ST3GAL3,0.1608391608391608,0.5081967213114754,5.980971185315915e-07,2.441760719971841e-06,True,-0.3473575604723146,CT_enriched,0.032051282051282,True,1716.0,23,31,7.1939,29.7316,-1.9071,Dominant,0.164412638522483,0.778351388527819,flat,DIEr,Dominant Isoform Erosion,trial_failure_explanation,SR
Inhibitory_neuron,ST3GAL5-222,ST3GAL5,0.3692946058091286,0.675,2.9486137883176367e-10,1.799164993347926e-09,True,-0.3057053941908714,CT_enriched,0.0378,True,10000.0,89,108,17.2505,44.6865,-1.3238,Dominant,0.0109703045928307,0.983968414524291,flat,DIEr,Dominant Isoform Erosion,trial_failure_explanation,SR
Inhibitory_neuron,ST6GALNAC6-204,ST6GALNAC6,0.6710526315789473,0.4,0.0006177422667435,0.0015695497520956,True,0.2710526315789473,AD_enriched,0.045066045066045,True,1287.0,102,30,40.0519,12.8167,1.571,Dominant,-0.353985479360271,0.609919927866014,flat,DIR,Dominant Isoform Redistribution,,SR
Inhibitory_neuron,STAMBP-202,STAMBP,0.1764705882352941,0.4067796610169492,0.000665439295589,0.0016786338919602,True,-0.230309072781655,CT_enriched,0.0497835497835497,True,924.0,9,24,2.8718,11.4667,-1.687,Dominant,0.0141340367923416,0.982649637611436,flat,DIEr,Dominant Isoform Erosion,trial_failure_explanation,SR
Inhibitory_neuron,STAT3-238,STAT3,0.3480392156862745,0.0375,1.2371613799241276e-21,2.228471520770681e-20,True,0.3105392156862745,AD_enriched,0.0298,True,10000.0,71,9,9.7654,1.9199,1.8824,Minor,0.0366437367028837,0.964936316393305,flat,MIR,Minor Isoform Redistribution,new_target_candidate,SR
Inhibitory_neuron,STAU1-206,STAU1,0.1428571428571428,0.6283185840707964,1.6733520655943295e-10,1.0494281363538182e-09,True,-0.4854614412136536,CT_enriched,0.0181818181818181,True,715.0,8,71,3.5274,23.7735,-2.4521,Dominant,0.0192412179950743,0.965689923089312,flat,DIEr,Dominant Isoform Erosion,trial_failure_explanation,SR
Inhibitory_neuron,STAU1-207,STAU1,0.4464285714285714,0.0884955752212389,1.6733520655943295e-10,1.0494281363538182e-09,True,0.3579329962073325,AD_enriched,0.0265734265734265,True,715.0,25,10,18.6443,8.4478,1.0561,Minor,0.0192412179950743,0.965689923089312,flat,MIR,Minor Isoform Redistribution,new_target_candidate,SR
Inhibitory_neuron,STK11-201,STK11,0.990909090909091,0.6111111111111112,1.0266170689392315e-10,6.577348903044755e-10,True,0.3797979797979798,AD_enriched,0.0,True,792.0,109,33,64.6501,32.1685,0.985,Dominant,-0.0529359492610418,0.964612803574128,flat,DIR,Dominant Isoform Redistribution,,SR
Inhibitory_neuron,STK11-202,STK11,0.009090909090909,0.3888888888888889,1.0266170689392315e-10,6.577348903044755e-10,True,-0.3797979797979799,CT_enriched,0.0,True,792.0,1,21,0.1841,23.4479,-4.3678,Minor,-0.0529359492610418,0.964612803574128,flat,MIEr,Minor Isoform Erosion,,SR
Inhibitory_neuron,STPG1-201,STPG1,0.4130434782608695,0.9272727272727272,4.28345713392175e-09,2.2978241028592603e-08,True,-0.5142292490118577,CT_enriched,0.0492424242424242,True,792.0,38,51,5.9696,48.5227,-2.8289,Dominant,-0.256938488943535,0.771807696357522,flat,DIEr,Dominant Isoform Erosion,trial_failure_explanation,SR
Inhibitory_neuron,SVEP1-202,SVEP1,0.6354166666666666,0.3357142857142857,1.476441272851931e-09,8.324175896339187e-09,True,0.2997023809523809,AD_enriched,0.0468,True,10000.0,244,47,208.5168,42.8245,2.2573,Minor,-0.0478274083686203,0.967820199245216,flat,MIR,Minor Isoform Redistribution,new_target_candidate,SR
Inhibitory_neuron,TACC2-209,TACC2,0.4271844660194174,0.0382165605095541,2.4803283715101745e-15,2.6892483381873785e-14,True,0.3889679055098633,AD_enriched,0.0051198801198801,True,8008.0,88,6,27.0528,3.6813,2.5832,Minor,0.0006426281986192,0.999178459205091,flat,MIR,Minor Isoform Redistribution,new_target_candidate,SR
Inhibitory_neuron,transcript7493.chr22.nic,TANGO2,0.0,0.8857142857142857,2.289320424498349e-13,2.061851206600908e-12,True,-0.8857142857142857,CT_enriched,0.0,True,15.0,0,31,0.0,7.0743,-3.0133,Dominant,0.102961991799336,0.906167502459897,flat,DIEr,Dominant Isoform Erosion,trial_failure_explanation,SR
Inhibitory_neuron,TBC1D10B-201,TBC1D10B,1.0,0.4545454545454545,1.935604671129724e-06,7.358691258145235e-06,True,0.5454545454545455,AD_enriched,0.0181818181818181,True,330.0,34,15,16.8618,5.5413,1.4492,Minor,-0.0114955302494883,0.990344341821132,flat,MIR,Minor Isoform Redistribution,new_target_candidate,SR
Inhibitory_neuron,TBC1D10B-203,TBC1D10B,0.0,0.5454545454545454,1.935604671129724e-06,7.358691258145235e-06,True,-0.5454545454545454,CT_enriched,0.0181818181818181,True,330.0,0,18,0.0,14.6223,-3.9655,Dominant,-0.0114955302494883,0.990344341821132,flat,DIEr,Dominant Isoform Erosion,trial_failure_explanation,SR
Inhibitory_neuron,TBC1D23-202,TBC1D23,0.5887096774193549,0.9803921568627452,1.688772228217929e-21,2.98473285977827e-20,True,-0.3916824794433903,CT_enriched,0.0346320346320346,True,462.0,146,200,36.8129,81.4978,-1.1255,Dominant,0.113817514100889,0.831326402360955,flat,DIEr,Dominant Isoform Erosion,trial_failure_explanation,SR
Inhibitory_neuron,TBC1D23-201,TBC1D23,0.407258064516129,0.0196078431372549,1.688772228217929e-21,2.98473285977827e-20,True,0.3876502213788741,AD_enriched,0.0389610389610389,True,462.0,101,4,18.2456,1.3694,3.0219,Minor,0.113817514100889,0.831326402360955,flat,MIR,Minor Isoform Redistribution,new_target_candidate,SR
Inhibitory_neuron,TBC1D4-202,TBC1D4,0.15625,0.6451612903225806,4.847001164524135e-06,1.7339716094915652e-05,True,-0.4889112903225806,CT_enriched,0.0158730158730158,True,126.0,10,20,2.1015,16.3684,-2.4854,Dominant,0.0943926358269693,0.886496835275307,flat,DIEr,Dominant Isoform Erosion,trial_failure_explanation,SR
Inhibitory_neuron,TBC1D4-201,TBC1D4,0.84375,0.3548387096774194,4.847001164524135e-06,1.7339716094915652e-05,True,0.4889112903225806,AD_enriched,0.0158730158730158,True,126.0,54,11,14.82,6.5339,1.0703,Minor,0.0943926358269693,0.886496835275307,flat,MIR,Minor Isoform Redistribution,new_target_candidate,SR
Inhibitory_neuron,TBC1D9B-202,TBC1D9B,0.5746268656716418,0.7994428969359332,2.4196755008247348e-11,1.6759374046252895e-10,True,-0.2248160312642914,CT_enriched,0.0464535464535464,True,8008.0,154,287,75.6438,110.7417,-0.5439,Dominant,-0.0226315643965901,0.98136091554943,flat,DIEr,Dominant Isoform Erosion,trial_failure_explanation,SR
Inhibitory_neuron,transcript144400.chr17.nic,TBCD,0.02,0.4444444444444444,6.064577457372924e-10,3.5828072612274522e-09,True,-0.4244444444444444,CT_enriched,0.0214785214785214,True,2002.0,1,28,0.1008,15.9762,-3.9468,Dominant,0.0312032451494627,0.967820199245216,flat,DIEr,Dominant Isoform Erosion,trial_failure_explanation,SR
Inhibitory_neuron,TBL2-201,TBL2,0.5769230769230769,0.912621359223301,5.55652359696166e-15,5.844716425311537e-14,True,-0.3356982823002241,CT_enriched,0.0277777777777777,True,252.0,75,282,10.405,69.6734,-2.6315,Dominant,-0.0564092165374625,0.967746269666627,flat,DIEr,Dominant Isoform Erosion,trial_failure_explanation,SR
Inhibitory_neuron,TCTN1-205,TCTN1,0.2181818181818181,0.0,0.0008253022016913,0.0020443997421511,True,0.2181818181818181,AD_enriched,0.0432900432900432,True,462.0,12,0,2.1688,0.0,1.6639,Minor,-0.101119184932968,0.890929969476598,flat,MIR,Minor Isoform Redistribution,new_target_candidate,SR
Inhibitory_neuron,transcript225805.chr2.nic,TGFBRAP1,0.3478260869565217,0.0101010101010101,1.749014505666224e-11,1.2450686594629003e-10,True,0.3377250768555115,AD_enriched,0.0285714285714285,True,70.0,16,1,49.1568,0.1933,5.3934,Minor,0.122035409582535,0.84359429443844,flat,MIR,Minor Isoform Redistribution,new_target_candidate,SR
Inhibitory_neuron,TGFBRAP1-201,TGFBRAP1,0.2391304347826087,0.7575757575757576,1.749014505666224e-11,1.2450686594629003e-10,True,-0.5184453227931489,CT_enriched,0.0285714285714285,True,70.0,11,75,1.9697,27.6974,-3.2725,Dominant,0.122035409582535,0.84359429443844,flat,DIEr,Dominant Isoform Erosion,trial_failure_explanation,SR
Inhibitory_neuron,THOC5-216,THOC5,0.6836283185840708,0.9036144578313252,2.675953204655306e-13,2.390970549579495e-12,True,-0.2199861392472544,CT_enriched,0.0382950382950382,True,3003.0,309,225,104.6575,125.1445,-0.2557,Dominant,-0.0361477617912138,0.967820199245216,flat,DIEr,Dominant Isoform Erosion,trial_failure_explanation,SR
Inhibitory_neuron,THOC5-204,THOC5,0.2632743362831858,0.0321285140562249,2.675953204655306e-13,2.390970549579495e-12,True,0.2311458222269609,AD_enriched,0.0119880119880119,True,3003.0,119,8,19.9876,4.3647,1.968,Minor,-0.0361477617912138,0.967820199245216,flat,MIR,Minor Isoform Redistribution,new_target_candidate,SR
Inhibitory_neuron,THRB-219,THRB,0.4696969696969697,0.044776119402985,4.855837319771363e-11,3.255316386310457e-10,True,0.4249208502939847,AD_enriched,0.0181818181818181,True,330.0,31,3,38.9141,0.5798,4.6591,Minor,-0.0935394177630562,0.886355398142786,flat,MIR,Minor Isoform Redistribution,new_target_candidate,SR
Inhibitory_neuron,TLN2-209,TLN2,0.0214285714285714,0.4782608695652174,1.3305547139001968e-35,6.1997251875779436e-34,True,-0.456832298136646,CT_enriched,0.0021645021645021,True,924.0,6,22,1.469,7.0349,-1.7024,Dominant,-0.12584984117146,0.84359429443844,flat,DIEr,Dominant Isoform Erosion,trial_failure_explanation,SR
Inhibitory_neuron,TMCC1-203,TMCC1,0.3023255813953488,0.902097902097902,1.0904172490202368e-25,2.7692668693586013e-24,True,-0.5997723207025532,CT_enriched,0.0062160062160062,True,1287.0,52,129,13.2839,44.455,-1.67,Dominant,0.110447126722011,0.792535586706705,flat,DIEr,Dominant Isoform Erosion,trial_failure_explanation,SR
Inhibitory_neuron,TMCC1-201,TMCC1,0.6918604651162791,0.0979020979020979,1.0904172490202368e-25,2.7692668693586013e-24,True,0.5939583672141812,AD_enriched,0.0101010101010101,True,1287.0,119,14,43.7672,5.9268,2.6922,Minor,0.110447126722011,0.792535586706705,flat,MIR,Minor Isoform Redistribution,new_target_candidate,SR
Inhibitory_neuron,TMEM161A-205,TMEM161A,0.2430555555555555,0.5632183908045977,1.0356181959822392e-06,4.11764131801683e-06,True,-0.3201628352490422,CT_enriched,0.0349650349650349,True,3003.0,35,49,16.8046,21.2784,-0.3234,Dominant,-0.32663866279399,0.597785470785661,flat,DIEr,Dominant Isoform Erosion,trial_failure_explanation,SR
Inhibitory_neuron,TMEM181-201,TMEM181,0.9620253164556962,0.5161290322580645,1.6070295949806318e-15,1.7661662488305656e-14,True,0.4458962841976317,AD_enriched,0.0039682539682539,True,252.0,152,32,24.6116,14.3587,0.7377,Dominant,0.0437346732763907,0.941979790468729,flat,DIR,Dominant Isoform Redistribution,,SR
Inhibitory_neuron,TMEM196-201,TMEM196,0.0294117647058823,0.6086956521739131,3.383249858131276e-18,4.7752416826786346e-17,True,-0.5792838874680308,CT_enriched,0.0108225108225108,True,462.0,4,28,0.7261,11.4498,-2.8506,Dominant,-0.29760184950926,0.766757528442154,flat,DIEr,Dominant Isoform Erosion,trial_failure_explanation,SR
Inhibitory_neuron,TMEM196-202,TMEM196,0.9705882352941176,0.391304347826087,3.383249858131276e-18,4.7752416826786346e-17,True,0.5792838874680306,AD_enriched,0.0173160173160173,True,462.0,132,18,24.0133,14.6403,0.6774,Minor,-0.29760184950926,0.766757528442154,flat,MIR,Minor Isoform Redistribution,new_target_candidate,SR
Inhibitory_neuron,transcript127143.chr17.nic,TMEM94,0.0434782608695652,0.5529411764705883,1.2918644621966362e-14,1.3218751066904964e-13,True,-0.5094629156010231,CT_enriched,0.0402097902097902,True,1716.0,4,47,0.4033,47.2635,-5.104,Dominant,-0.151328655416999,0.790119793601446,flat,DIEr,Dominant Isoform Erosion,trial_failure_explanation,SR
Inhibitory_neuron,TOP3B-201,TOP3B,0.8214285714285714,0.2835820895522388,2.58201545018664e-13,2.314372513219758e-12,True,0.5378464818763327,AD_enriched,0.0303030303030303,True,462.0,69,38,15.6618,11.3406,0.4331,Minor,-0.475937533480121,0.621961627674018,flat,MIR,Minor Isoform Redistribution,new_target_candidate,SR
Inhibitory_neuron,TRANK1-207,TRANK1,0.3203285420944558,0.1055555555555555,1.7875357502804706e-15,1.9607250116889683e-14,True,0.2147729865389003,AD_enriched,0.0129,True,10000.0,156,38,92.5489,57.4914,0.6775,Minor,0.122643104672984,0.890929969476598,flat,MIR,Minor Isoform Redistribution,new_target_candidate,SR
Inhibitory_neuron,TRANK1-205,TRANK1,0.5995893223819302,0.8416666666666667,1.7875357502804706e-15,1.9607250116889683e-14,True,-0.2420773442847364,CT_enriched,0.0196,True,10000.0,292,303,157.622,165.6542,-0.0713,Dominant,0.122643104672984,0.890929969476598,flat,DIEr,Dominant Isoform Erosion,trial_failure_explanation,SR
Inhibitory_neuron,TRIM2-267,TRIM2,0.2461380020597322,0.4639344262295082,2.6074877610545164e-55,4.323828234360401e-53,True,-0.217796424169776,CT_enriched,0.007,True,10000.0,239,566,48.3989,187.3741,-1.931,Dominant,0.0641756702933025,0.89074761428793,flat,DIEr,Dominant Isoform Erosion,trial_failure_explanation,SR
Inhibitory_neuron,TRIQK-214,TRIQK,0.52,0.2280701754385964,6.438208116145077e-08,2.990001429886816e-07,True,0.2919298245614036,AD_enriched,0.0436507936507936,True,252.0,39,13,9.3127,9.0954,0.0307,Minor,-0.0629158419809648,0.941591612883247,flat,MIR,Minor Isoform Redistribution,new_target_candidate,SR
Inhibitory_neuron,TRMU-209,TRMU,0.2,0.0,0.0005594682579138,0.0014350691711184,True,0.2,AD_enriched,0.0077700077700077,True,1287.0,9,0,3.8468,0.0,2.277,Minor,0.0743240016321584,0.920253902063546,flat,MIR,Minor Isoform Redistribution,new_target_candidate,SR
Inhibitory_neuron,transcript192671.chr8.nnic,TSNARE1,0.2162162162162162,0.0,0.0011682536128082,0.0028111881643247,True,0.2162162162162162,AD_enriched,0.0142857142857142,True,70.0,8,0,0.8067,0.0,0.8533,Minor,0.0139308209176759,0.990188302844533,flat,MIR,Minor Isoform Redistribution,new_target_candidate,SR
Inhibitory_neuron,transcript192840.chr8.nic,TSNARE1,0.6486486486486487,0.9615384615384616,0.0011682536128082,0.0028111881643247,True,-0.3128898128898129,CT_enriched,0.0285714285714285,True,70.0,24,50,2.9301,19.7189,-2.3983,Dominant,0.0139308209176759,0.990188302844533,flat,DIEr,Dominant Isoform Erosion,trial_failure_explanation,SR
Inhibitory_neuron,TTLL3-202,TTLL3,0.8137254901960784,0.4565217391304347,5.456072616151812e-07,2.245353095610505e-06,True,0.3572037510656437,AD_enriched,0.0215617715617715,True,1716.0,166,21,36.4143,16.6942,1.0803,Dominant,0.0139429981270899,0.988289238178338,flat,DIR,Dominant Isoform Redistribution,,SR
Inhibitory_neuron,TTLL3-228,TTLL3,0.1617647058823529,0.391304347826087,5.456072616151812e-07,2.245353095610505e-06,True,-0.229539641943734,CT_enriched,0.0279720279720279,True,1716.0,33,18,5.5318,9.1312,-0.6332,Minor,0.0139429981270899,0.988289238178338,flat,MIEr,Minor Isoform Erosion,,SR
Inhibitory_neuron,TXLNGY-202,TXLNGY,0.3333333333333333,0.0333333333333333,8.74649727267342e-11,5.635743042666595e-10,True,0.3,AD_enriched,0.0396825396825396,True,126.0,13,3,7.2203,1.4743,1.7322,Minor,0.188305472616491,0.790119793601446,flat,MIR,Minor Isoform Redistribution,new_target_candidate,SR
Inhibitory_neuron,TXLNGY-218,TXLNGY,0.0512820512820512,0.6555555555555556,8.74649727267342e-11,5.635743042666595e-10,True,-0.6042735042735043,CT_enriched,0.0,True,126.0,2,59,0.2017,30.1384,-4.6956,Dominant,0.188305472616491,0.790119793601446,flat,DIEr,Dominant Isoform Erosion,trial_failure_explanation,SR
Inhibitory_neuron,transcript100378.chr1.nnic,TXNDC12,0.3421052631578947,0.0392156862745098,2.0047536275474613e-11,1.4128501190140734e-10,True,0.3028895768833849,AD_enriched,0.0476190476190476,True,126.0,13,10,2.3658,2.2215,0.0632,Minor,0.0343268549340462,0.967820199245216,flat,MIR,Minor Isoform Redistribution,new_target_candidate,SR
Inhibitory_neuron,TXNDC12-201,TXNDC12,0.631578947368421,0.9607843137254902,2.0047536275474613e-11,1.4128501190140734e-10,True,-0.3292053663570692,CT_enriched,0.0396825396825396,True,126.0,24,245,5.6395,76.6212,-3.5473,Dominant,0.0343268549340462,0.967820199245216,flat,DIEr,Dominant Isoform Erosion,trial_failure_explanation,SR
Inhibitory_neuron,TYW3-201,TYW3,0.3829787234042553,0.7883211678832117,3.9989887248938504e-14,3.900743673175005e-13,True,-0.4053424444789564,CT_enriched,0.0454545454545454,True,792.0,54,108,15.0228,44.5275,-1.5066,Dominant,-0.310972207959746,0.336042476879837,flat,DIEr,Dominant Isoform Erosion,trial_failure_explanation,SR
Inhibitory_neuron,transcript133689.chr1.nic,TYW3,0.5319148936170213,0.0948905109489051,3.9989887248938504e-14,3.900743673175005e-13,True,0.4370243826681161,AD_enriched,0.0315656565656565,True,792.0,75,13,9.1054,4.3988,0.9044,Minor,-0.310972207959746,0.336042476879837,flat,MIR,Minor Isoform Redistribution,new_target_candidate,SR
Inhibitory_neuron,UBE2B-206,UBE2B,0.109090909090909,0.3953488372093023,0.0020842493266246,0.0047807150949999,True,-0.2862579281183933,CT_enriched,0.0363636363636363,True,330.0,6,17,1.0874,4.5505,-1.4109,Minor,-0.144731794624456,0.814332355691203,flat,MIEr,Minor Isoform Erosion,,SR
Inhibitory_neuron,UBE2B-201,UBE2B,0.8909090909090909,0.6046511627906976,0.0020842493266246,0.0047807150949999,True,0.2862579281183932,AD_enriched,0.0363636363636363,True,330.0,49,26,49.4235,9.2284,2.3015,Dominant,-0.144731794624456,0.814332355691203,flat,DIR,Dominant Isoform Redistribution,,SR
Inhibitory_neuron,UBE2W-203,UBE2W,0.6923076923076923,0.0784313725490196,4.9362861714595215e-09,2.62127490148782e-08,True,0.6138763197586727,AD_enriched,0.0357142857142857,True,252.0,27,4,10.5815,2.83,1.5964,Minor,-0.0040121136937118,0.99207796505557,flat,MIR,Minor Isoform Redistribution,new_target_candidate,SR
Inhibitory_neuron,UBE2W-202,UBE2W,0.3076923076923077,0.9215686274509804,4.9362861714595215e-09,2.62127490148782e-08,True,-0.6138763197586727,CT_enriched,0.0357142857142857,True,252.0,12,47,2.6916,22.0617,-2.6432,Dominant,-0.0040121136937118,0.99207796505557,flat,DIEr,Dominant Isoform Erosion,trial_failure_explanation,SR
Inhibitory_neuron,UNC79-201,UNC79,0.1752988047808765,0.6306306306306306,4.488062790698186e-15,4.774282644142712e-14,True,-0.4553318258497541,CT_enriched,0.0244963369963369,True,4368.0,44,70,20.0573,23.2948,-0.2063,Dominant,0.0157599335947966,0.978532040333224,flat,DIEr,Dominant Isoform Erosion,trial_failure_explanation,SR
Inhibitory_neuron,USP28-213,USP28,0.0,0.2121212121212121,6.721364619448644e-06,2.359592386329481e-05,True,-0.2121212121212121,CT_enriched,0.0380952380952381,True,210.0,0,7,0.0,8.5166,-3.2504,Minor,-0.0944444470284914,0.882497161434727,flat,MIEr,Minor Isoform Erosion,,SR
Inhibitory_neuron,USP48-201,USP48,0.1267605633802817,0.4308943089430894,8.460654317873482e-28,2.4213791392980046e-26,True,-0.3041337455628077,CT_enriched,0.0113,True,10000.0,63,159,27.8665,71.848,-1.3355,Minor,0.176082454839669,0.656243529179709,flat,MIEr,Minor Isoform Erosion,,SR
Inhibitory_neuron,USP48-205,USP48,0.7746478873239436,0.4986449864498645,8.460654317873482e-28,2.4213791392980046e-26,True,0.2760029008740791,AD_enriched,0.0243,True,10000.0,385,184,148.4495,254.0699,-0.7712,Dominant,0.176082454839669,0.656243529179709,flat,DIR,Dominant Isoform Redistribution,,SR
Inhibitory_neuron,USP9Y-207,USP9Y,0.0416666666666666,0.2553191489361702,7.71341570315496e-07,3.1018714503842843e-06,True,-0.2136524822695036,CT_enriched,0.0357142857142857,True,56.0,2,12,1.2044,7.2472,-1.9035,Minor,0.0640773337073428,0.944558697992882,flat,MIEr,Minor Isoform Erosion,,SR
Inhibitory_neuron,UTP25-202,UTP25,0.6666666666666666,0.9894179894179894,2.7860603466798955e-14,2.780143050368363e-13,True,-0.3227513227513228,CT_enriched,0.0441919191919191,True,792.0,52,187,19.9135,51.7516,-1.3348,Dominant,0.324663924474569,0.521669704263873,flat,DIEr,Dominant Isoform Erosion,trial_failure_explanation,SR
Inhibitory_neuron,transcript306238.chr1.nic,UTP25,0.3333333333333333,0.0105820105820105,2.7860603466798955e-14,2.780143050368363e-13,True,0.3227513227513228,AD_enriched,0.0441919191919191,True,792.0,26,2,11.733,0.9829,2.6829,Minor,0.324663924474569,0.521669704263873,flat,MIR,Minor Isoform Redistribution,new_target_candidate,SR
Inhibitory_neuron,UTP6-201,UTP6,0.4545454545454545,0.8222222222222222,0.0035313327934013,0.0077019939223198,True,-0.3676767676767677,CT_enriched,0.0428571428571428,True,210.0,15,37,3.8651,9.8857,-1.1619,Dominant,0.010661177910567,0.988130296319289,flat,DIEr,Dominant Isoform Erosion,trial_failure_explanation,SR
Inhibitory_neuron,UTP6-209,UTP6,0.3939393939393939,0.1555555555555555,0.0035313327934013,0.0077019939223198,True,0.2383838383838384,AD_enriched,0.0476190476190476,True,210.0,13,7,6.8507,2.9369,0.9958,Minor,0.010661177910567,0.988130296319289,flat,MIR,Minor Isoform Redistribution,new_target_candidate,SR
Inhibitory_neuron,UXS1-215,UXS1,0.5579710144927537,0.023076923076923,3.86873073909818e-20,6.28585127003906e-19,True,0.5348940914158307,AD_enriched,0.0129870129870129,True,2002.0,77,3,23.2634,4.5372,2.1316,Minor,-0.0530582790444498,0.924695933321895,flat,MIR,Minor Isoform Redistribution,new_target_candidate,SR
Inhibitory_neuron,UXS1-201,UXS1,0.391304347826087,0.9,3.86873073909818e-20,6.28585127003906e-19,True,-0.508695652173913,CT_enriched,0.0249750249750249,True,2002.0,54,117,16.9233,59.4242,-1.7533,Dominant,-0.0530582790444498,0.924695933321895,flat,DIEr,Dominant Isoform Erosion,trial_failure_explanation,SR
Inhibitory_neuron,VCAN-209,VCAN,0.2238805970149253,0.0173160173160173,2.704582368548989e-13,2.4127271192846835e-12,True,0.206564579698908,AD_enriched,0.0318570318570318,True,1287.0,15,4,32.5377,5.2752,2.4181,Minor,-0.0305459054167728,0.986762977383483,flat,MIR,Minor Isoform Redistribution,new_target_candidate,SR
Inhibitory_neuron,VGLL4-211,VGLL4,0.2142857142857142,0.0,0.0068667842693698,0.0141916897766521,True,0.2142857142857142,AD_enriched,0.0124320124320124,True,1287.0,9,0,3.6788,0.0,2.2261,Minor,-0.0008733699684974,0.998934842562707,flat,MIR,Minor Isoform Redistribution,new_target_candidate,SR
Inhibitory_neuron,VPS13A-202,VPS13A,0.0310077519379844,0.3846153846153846,3.841931839507506e-15,4.1102109508810855e-14,True,-0.3536076326774002,CT_enriched,0.0192,True,10000.0,4,40,4.5709,23.5698,-2.1409,Minor,0.115369321325603,0.853363044124548,flat,MIEr,Minor Isoform Erosion,,SR
Inhibitory_neuron,VPS13B-221,VPS13B,0.0340136054421768,0.3398058252427184,2.0022122060484454e-29,6.450555667257791e-28,True,-0.3057922198005416,CT_enriched,0.0033966033966033,True,5005.0,10,35,6.2141,30.6025,-2.1311,Dominant,0.103683111310438,0.874750979090934,flat,DIEr,Dominant Isoform Erosion,trial_failure_explanation,SR
Inhibitory_neuron,WAC-205,WAC,0.215311004784689,0.545,4.1993410721939215e-15,4.479758390259023e-14,True,-0.329688995215311,CT_enriched,0.0205,True,10000.0,45,109,18.8514,57.2112,-1.5521,Dominant,0.0412088860328662,0.923949967074382,flat,DIEr,Dominant Isoform Erosion,trial_failure_explanation,SR
Inhibitory_neuron,transcript9421.chr7.nic,WIPI2,0.0222222222222222,0.4607843137254901,1.1134618652354326e-05,3.7931709946811896e-05,True,-0.4385620915032679,CT_enriched,0.0476190476190476,True,126.0,1,47,0.4513,19.6665,-3.8319,Dominant,-0.109500481400043,0.846718771906618,flat,DIEr,Dominant Isoform Erosion,trial_failure_explanation,SR
Inhibitory_neuron,WWP2-201,WWP2,0.0283018867924528,0.3939393939393939,1.0052393375361258e-08,5.1243574909843394e-08,True,-0.3656375071469411,CT_enriched,0.0099900099900099,True,2002.0,3,13,0.3858,4.0351,-1.8613,Dominant,-0.0873333426730449,0.92238554251854,flat,DIEr,Dominant Isoform Erosion,trial_failure_explanation,SR
Inhibitory_neuron,XPO1-233,XPO1,0.0189274447949526,0.2962962962962963,1.3775238140637111e-34,6.067561924758752e-33,True,-0.2773688515013436,CT_enriched,0.0031968031968031,True,5005.0,6,16,4.4997,8.0913,-0.7251,Dominant,0.122976040707505,0.833845248416529,flat,DIEr,Dominant Isoform Erosion,trial_failure_explanation,SR
Inhibitory_neuron,YTHDC1-202,YTHDC1,0.3733333333333333,0.1433962264150943,2.448591428783303e-09,1.35344690936081e-08,True,0.229937106918239,AD_enriched,0.0245,True,10000.0,112,38,36.255,13.7961,1.3322,Minor,0.216335947968963,0.589685507952736,flat,MIR,Minor Isoform Redistribution,new_target_candidate,SR
Inhibitory_neuron,ZBTB11-202,ZBTB11,0.56,0.1757425742574257,3.1586979229133268e-27,8.772777778022334e-26,True,0.3842574257425744,AD_enriched,0.0039,True,10000.0,98,71,23.3191,29.3046,-0.3174,Minor,-0.0156223050826866,0.983064283176601,flat,MIR,Minor Isoform Redistribution,new_target_candidate,SR
Inhibitory_neuron,ZBTB25-204,ZBTB25,0.3529411764705882,0.7162162162162162,3.8523072662571005e-05,0.0001193368591602,True,-0.363275039745628,CT_enriched,0.0212121212121212,True,330.0,24,53,7.7728,15.2617,-0.8904,Dominant,0.0663232524575783,0.907509156669233,flat,DIEr,Dominant Isoform Erosion,trial_failure_explanation,SR
Inhibitory_neuron,transcript59950.chr14.nnic,ZBTB25,0.6323529411764706,0.2567567567567567,3.8523072662571005e-05,0.0001193368591602,True,0.3755961844197139,AD_enriched,0.0242424242424242,True,330.0,43,19,13.1917,6.8443,0.8553,Minor,0.0663232524575783,0.907509156669233,flat,MIR,Minor Isoform Redistribution,new_target_candidate,SR
Inhibitory_neuron,ZDHHC16-206,ZDHHC16,0.3728813559322034,0.95,7.449424008200298e-12,5.5335774121519465e-11,True,-0.5771186440677966,CT_enriched,0.0,True,20.0,22,76,3.2908,32.514,-2.9655,Dominant,-0.195641872468522,0.808763398970355,flat,DIEr,Dominant Isoform Erosion,trial_failure_explanation,SR
Inhibitory_neuron,ZDHHC16-202,ZDHHC16,0.4576271186440678,0.0375,7.449424008200298e-12,5.5335774121519465e-11,True,0.4201271186440678,AD_enriched,0.05,True,20.0,27,3,4.6384,1.2123,1.3498,Minor,-0.195641872468522,0.808763398970355,flat,MIR,Minor Isoform Redistribution,new_target_candidate,SR
Inhibitory_neuron,ZFP62-207,ZFP62,0.0288461538461538,0.3018018018018018,9.793272004666994e-09,5.0013104676007723e-08,True,-0.272955647955648,CT_enriched,0.0085470085470085,True,1287.0,3,67,0.3025,16.7851,-3.7713,Minor,-0.183376192030645,0.786940014728195,flat,MIEr,Minor Isoform Erosion,,SR
Inhibitory_neuron,ZFPL1-215,ZFPL1,0.9580838323353292,0.7096774193548387,8.864168198692372e-06,3.058517766476597e-05,True,0.2484064129804905,AD_enriched,0.0396825396825396,True,252.0,160,22,109.5899,9.301,3.4244,Dominant,0.0383174240652517,0.988130296319289,flat,DIR,Dominant Isoform Redistribution,,SR
Inhibitory_neuron,ZFPL1-201,ZFPL1,0.0419161676646706,0.2580645161290322,8.864168198692372e-06,3.058517766476597e-05,True,-0.2161483484643616,CT_enriched,0.0436507936507936,True,252.0,7,8,0.9488,2.3993,-0.8027,Minor,0.0383174240652517,0.988130296319289,flat,MIEr,Minor Isoform Erosion,,SR
Inhibitory_neuron,ZKSCAN5-201,ZKSCAN5,0.8514851485148515,0.3666666666666666,2.2304519955183413e-07,9.688203660040375e-07,True,0.4848184818481849,AD_enriched,0.0393939393939393,True,330.0,86,11,46.3292,5.5992,2.8424,Minor,-0.0201436722043471,0.984161589867131,flat,MIR,Minor Isoform Redistribution,new_target_candidate,SR
Inhibitory_neuron,ZMYM2-210,ZMYM2,0.1658986175115207,0.4254545454545455,3.618219479744738e-15,3.878236012699778e-14,True,-0.2595559279430247,CT_enriched,0.035,True,10000.0,72,117,32.9885,58.62,-0.8107,Minor,0.158720891759017,0.655481270934931,flat,MIEr,Minor Isoform Erosion,,SR
Inhibitory_neuron,ZNF148-201,ZNF148,0.7505285412262156,0.975867269984917,7.868956624795081e-31,2.8079226234553586e-29,True,-0.2253387287587014,CT_enriched,0.0272,True,10000.0,355,647,98.4648,213.8161,-1.1108,Dominant,0.101123433904108,0.753828916686632,flat,DIEr,Dominant Isoform Erosion,trial_failure_explanation,SR
Inhibitory_neuron,ZNF148-206,ZNF148,0.2156448202959831,0.0135746606334841,7.868956624795081e-31,2.8079226234553586e-29,True,0.2020701596624989,AD_enriched,0.039,True,10000.0,102,9,32.6215,4.1689,2.7015,Minor,0.101123433904108,0.753828916686632,flat,MIR,Minor Isoform Redistribution,new_target_candidate,SR
Inhibitory_neuron,ZNF197-204,ZNF197,0.3958333333333333,0.0659340659340659,2.427823020792906e-06,9.076966970311938e-06,True,0.3298992673992674,AD_enriched,0.0429292929292929,True,792.0,19,6,16.8416,3.623,1.9483,Minor,0.326414779454894,0.701758191563182,flat,MIR,Minor Isoform Redistribution,new_target_candidate,SR
Inhibitory_neuron,ZNF23-202,ZNF23,0.0144927536231884,0.2631578947368421,2.7387237269490185e-39,1.608429622139434e-37,True,-0.2486651411136536,CT_enriched,0.015,True,10000.0,7,55,1.1847,13.1477,-2.695,Minor,0.115978219817805,0.898435820602713,flat,MIEr,Minor Isoform Erosion,,SR
Inhibitory_neuron,ZNF248-208,ZNF248,0.2403100775193798,0.0094339622641509,2.2646072206012545e-11,1.5860690074223444e-10,True,0.2308761152552289,AD_enriched,0.0251748251748251,True,715.0,31,2,6.3355,0.6847,2.1224,Minor,0.193332193398256,0.800958136313853,flat,MIR,Minor Isoform Redistribution,new_target_candidate,SR
Inhibitory_neuron,ZNF253-201,ZNF253,0.3492063492063492,0.0762331838565022,2.928385936378166e-10,1.788758386706403e-09,True,0.272973165349847,AD_enriched,0.05,True,10000.0,44,17,22.0307,7.9197,1.3685,Minor,-0.0018365825192766,0.997264093675694,flat,MIR,Minor Isoform Redistribution,new_target_candidate,SR
Inhibitory_neuron,ZNF253-203,ZNF253,0.6507936507936508,0.9237668161434978,2.928385936378166e-10,1.788758386706403e-09,True,-0.2729731653498469,CT_enriched,0.05,True,10000.0,82,206,26.9931,158.8505,-2.5136,Dominant,-0.0018365825192766,0.997264093675694,flat,DIEr,Dominant Isoform Erosion,trial_failure_explanation,SR
Inhibitory_neuron,ZNF286A-202,ZNF286A,0.125,0.5283018867924528,5.569336488819763e-06,1.974837680752568e-05,True,-0.4033018867924528,CT_enriched,0.0019980019980019,True,3003.0,10,28,1.4421,9.149,-2.0552,Dominant,-0.0766476903322617,0.945819761366065,flat,DIEr,Dominant Isoform Erosion,trial_failure_explanation,SR
Inhibitory_neuron,ZNF334-207,ZNF334,0.1746031746031746,0.927710843373494,2.435940697053924e-43,1.8070833749986868e-41,True,-0.7531076687703193,CT_enriched,0.0043290043290043,True,3003.0,33,154,28.0941,59.3903,-1.0536,Dominant,0.0983128154126293,0.920139712220328,flat,DIEr,Dominant Isoform Erosion,trial_failure_explanation,SR
Inhibitory_neuron,ZNF334-202,ZNF334,0.6137566137566137,0.0542168674698795,2.435940697053924e-43,1.8070833749986868e-41,True,0.5595397462867342,AD_enriched,0.0323010323010323,True,3003.0,116,9,67.8043,21.9231,1.5857,Minor,0.0983128154126293,0.920139712220328,flat,MIR,Minor Isoform Redistribution,new_target_candidate,SR
Inhibitory_neuron,ZNF382-201,ZNF382,0.038647342995169,0.6666666666666666,9.00886430173082e-36,4.2682333557275955e-34,True,-0.6280193236714976,CT_enriched,0.0153180153180153,True,3003.0,8,80,3.372,20.9263,-2.3263,Dominant,0.114457459392671,0.853363044124548,flat,DIEr,Dominant Isoform Erosion,trial_failure_explanation,SR
Inhibitory_neuron,ZNF382-203,ZNF382,0.961352657004831,0.3083333333333333,9.00886430173082e-36,4.2682333557275955e-34,True,0.6530193236714976,AD_enriched,0.0106560106560106,True,3003.0,199,37,103.7281,30.9013,1.715,Minor,0.114457459392671,0.853363044124548,flat,MIR,Minor Isoform Redistribution,new_target_candidate,SR
Inhibitory_neuron,ZNF426-204,ZNF426,0.0975609756097561,0.4659090909090909,6.411738365965377e-13,5.485490274250804e-12,True,-0.3683481152993347,CT_enriched,0.0439,True,10000.0,16,82,2.6646,86.7848,-4.5822,Minor,-0.168792369413812,0.870520669363622,flat,MIEr,Minor Isoform Erosion,,SR
Inhibitory_neuron,ZNF451-207,ZNF451,0.7584821428571429,0.5496688741721855,2.13175291345486e-58,4.144421698640862e-56,True,0.2088132686849574,AD_enriched,0.0198,True,10000.0,1699,581,616.8705,483.8188,0.3499,Dominant,0.208459778725915,0.757971442987285,flat,DIR,Dominant Isoform Redistribution,,SR
Inhibitory_neuron,ZNF532-224,ZNF532,0.6929577464788732,0.2064516129032258,7.11680772870079e-33,2.845713615206741e-31,True,0.4865061335756474,AD_enriched,0.0108,True,10000.0,246,32,156.1756,44.9995,1.7727,Minor,0.100952297696164,0.892613887628865,flat,MIR,Minor Isoform Redistribution,new_target_candidate,SR
Inhibitory_neuron,ZNF532-222,ZNF532,0.1126760563380281,0.535483870967742,7.11680772870079e-33,2.845713615206741e-31,True,-0.4228078146297138,CT_enriched,0.0094,True,10000.0,40,83,14.3725,232.3211,-3.9239,Dominant,0.100952297696164,0.892613887628865,flat,DIEr,Dominant Isoform Erosion,trial_failure_explanation,SR
Inhibitory_neuron,ZNF549-202,ZNF549,0.363013698630137,1.0,4.572941466487602e-13,3.966499075085707e-12,True,-0.636986301369863,CT_enriched,0.0428571428571428,True,70.0,53,46,9.8884,16.3057,-0.6685,Dominant,-0.199886293376091,0.831582045259676,flat,DIEr,Dominant Isoform Erosion,trial_failure_explanation,SR
Inhibitory_neuron,ZNF549-201,ZNF549,0.6301369863013698,0.0,4.572941466487602e-13,3.966499075085707e-12,True,0.6301369863013698,AD_enriched,0.0428571428571428,True,70.0,92,0,9.2767,0.0,3.3613,Minor,-0.199886293376091,0.831582045259676,flat,MIR,Minor Isoform Redistribution,new_target_candidate,SR
Inhibitory_neuron,ZNF550-208,ZNF550,0.3412698412698413,0.7758620689655172,3.205649174900741e-09,1.7479158653859167e-08,True,-0.4345922276956759,CT_enriched,0.0238095238095238,True,126.0,43,45,8.1003,27.1343,-1.6283,Dominant,-0.338444484784303,0.629967226436928,flat,DIEr,Dominant Isoform Erosion,trial_failure_explanation,SR
Inhibitory_neuron,ZNF550-204,ZNF550,0.5238095238095238,0.1379310344827586,3.205649174900741e-09,1.7479158653859167e-08,True,0.3858784893267653,AD_enriched,0.0396825396825396,True,126.0,66,8,12.1554,1.9568,2.1536,Minor,-0.338444484784303,0.629967226436928,flat,MIR,Minor Isoform Redistribution,new_target_candidate,SR
Inhibitory_neuron,ZNF571-202,ZNF571,0.0833333333333333,0.4468085106382978,3.8187652531002786e-12,2.953387996842163e-11,True,-0.3634751773049645,CT_enriched,0.0328282828282828,True,792.0,14,21,3.2396,10.4226,-1.4299,Dominant,0.0365310042706237,0.966826044580133,flat,DIEr,Dominant Isoform Erosion,trial_failure_explanation,SR
Inhibitory_neuron,transcript99320.chr19.nic,ZNF571,0.7261904761904762,0.2553191489361702,3.8187652531002786e-12,2.953387996842163e-11,True,0.4708713272543059,AD_enriched,0.0303030303030303,True,792.0,122,12,35.6393,8.5831,1.9348,Minor,0.0365310042706237,0.966826044580133,flat,MIR,Minor Isoform Redistribution,new_target_candidate,SR
Inhibitory_neuron,ZNF596-203,ZNF596,0.7123287671232876,0.3292682926829268,4.6945685188970336e-06,1.6859198033726908e-05,True,0.3830604744403608,AD_enriched,0.0448717948717948,True,1716.0,52,27,16.5201,9.2867,0.7682,Minor,0.51066923737895,0.480417373357157,flat,MIR,Minor Isoform Redistribution,new_target_candidate,SR
Inhibitory_neuron,ZNF682-203,ZNF682,0.1374407582938388,0.392156862745098,1.6902520867042725e-07,7.509567584585253e-07,True,-0.2547161044512591,CT_enriched,0.0433316683316683,True,8008.0,29,60,12.5901,21.5348,-0.7296,Minor,0.358901349803429,0.681199645615829,flat,MIEr,Minor Isoform Erosion,,SR
Inhibitory_neuron,ZNF7-202,ZNF7,0.3428571428571428,0.036036036036036,5.53202149516573e-12,4.192142095395751e-11,True,0.3068211068211068,AD_enriched,0.0485514485514485,True,5005.0,48,4,33.7258,0.8453,4.2341,Minor,-0.0834120545114273,0.949201854292067,flat,MIR,Minor Isoform Redistribution,new_target_candidate,SR
Inhibitory_neuron,ZNF7-216,ZNF7,0.3928571428571428,0.8018018018018018,5.53202149516573e-12,4.192142095395751e-11,True,-0.408944658944659,CT_enriched,0.0261738261738261,True,5005.0,55,89,12.9919,76.8464,-2.476,Dominant,-0.0834120545114273,0.949201854292067,flat,DIEr,Dominant Isoform Erosion,trial_failure_explanation,SR
Inhibitory_neuron,ZNF75A-211,ZNF75A,0.4736842105263157,0.1276595744680851,0.0016452051571251,0.003858430397617,True,0.3460246360582306,AD_enriched,0.0458430458430458,True,1287.0,63,6,17.1445,2.4274,2.4043,Minor,0.206456161057842,0.748485501795839,flat,MIR,Minor Isoform Redistribution,new_target_candidate,SR
Inhibitory_neuron,transcript98913.chr19.nic,ZNF875,0.6753246753246753,0.2,2.159303460371367e-11,1.5160837994487878e-10,True,0.4753246753246753,AD_enriched,0.0428571428571428,True,70.0,52,24,7.4178,5.5049,0.3719,Minor,-0.13522127867087,0.621961627674018,flat,MIR,Minor Isoform Redistribution,new_target_candidate,SR
Inhibitory_neuron,ZNG1B-201,ZNG1B,0.3714285714285714,0.6756756756756757,0.0042944628654673,0.0091810117713953,True,-0.3042471042471042,CT_enriched,0.0396825396825396,True,126.0,13,25,2.404,6.9445,-1.2227,Dominant,-0.132146258021312,0.848088558343996,flat,DIEr,Dominant Isoform Erosion,trial_failure_explanation,SR
Inhibitory_neuron,ZSCAN32-202,ZSCAN32,0.0677966101694915,0.7777777777777778,8.783265431147426e-17,1.1113049598315684e-15,True,-0.7099811676082863,CT_enriched,0.0428571428571428,True,70.0,4,91,3.8656,25.9279,-2.4684,Dominant,-0.388559609961353,0.505358669959485,flat,DIEr,Dominant Isoform Erosion,trial_failure_explanation,SR
Inhibitory_neuron,ZSCAN32-213,ZSCAN32,0.8135593220338984,0.1965811965811965,8.783265431147426e-17,1.1113049598315684e-15,True,0.6169781254527018,AD_enriched,0.0142857142857142,True,70.0,48,23,4.84,5.0228,-0.0445,Minor,-0.388559609961353,0.505358669959485,flat,MIR,Minor Isoform Redistribution,new_target_candidate,SR
Inhibitory_neuron,ZSWIM8-221,ZSWIM8,0.1269841269841269,0.8648648648648649,7.109974204037189e-11,4.6342236488279376e-10,True,-0.737880737880738,CT_enriched,0.0277777777777777,True,36.0,8,32,1.9934,14.735,-2.3941,Dominant,-0.132317380138598,0.855666968780896,flat,DIEr,Dominant Isoform Erosion,trial_failure_explanation,SR
Inhibitory_neuron,ZZEF1-201,ZZEF1,0.7375,0.968503937007874,3.065519859823755e-06,1.132844509375736e-05,True,-0.2310039370078739,CT_enriched,0.0169830169830169,True,3003.0,118,123,62.15,130.7235,-1.0607,Dominant,0.194984148719957,0.656243529179709,flat,DIEr,Dominant Isoform Erosion,trial_failure_explanation,SR
Lymphocyte,N4BP2L2-229,N4BP2L2,0.0,0.5789473684210527,2.6917784276234603e-09,6.729446069058649e-09,True,-0.5789473684210527,CT_enriched,0.0,True,15.0,0,22,0.0,10788.5428,-13.3973,Dominant,,,flat,DIEr,Dominant Isoform Erosion,trial_failure_explanation,SR
Microglia,AFF4-201,AFF4,0.390625,0.0625,9.291345611836522e-07,3.2039122799436287e-06,True,0.328125,AD_enriched,0.0315656565656565,True,792.0,75,4,207.4244,64.2307,1.6759,Minor,-0.10017886123035,0.971874381494774,flat,MIR,Minor Isoform Redistribution,new_target_candidate,SR
Microglia,AKAP9-212,AKAP9,0.4815950920245399,0.009009009009009,1.949850684962332e-26,6.881825946925878e-25,True,0.4725860830155308,AD_enriched,0.0063936063936063,True,5005.0,157,1,419.211,2.7698,6.8005,Minor,0.175461316073311,0.919296313410235,flat,MIR,Minor Isoform Redistribution,new_target_candidate,SR
Microglia,ANKRD44-209,ANKRD44,0.1079136690647482,0.4743589743589743,3.615443333326403e-15,3.556173770484986e-14,True,-0.3664453052942261,CT_enriched,0.0341880341880341,True,1287.0,30,37,77.4589,137.9252,-0.8243,Dominant,0.213814666965071,0.955480833083331,flat,DIEr,Dominant Isoform Erosion,trial_failure_explanation,SR
Microglia,ANO6-202,ANO6,0.0681818181818181,1.0,4.9168497835162754e-18,6.508071938854071e-17,True,-0.931818181818182,CT_enriched,0.0,True,10.0,3,47,4.151,230.6653,-5.4911,Dominant,0.0625234088917322,0.993086456347906,flat,DIEr,Dominant Isoform Erosion,trial_failure_explanation,SR
Microglia,ATP6V1B2-206,ATP6V1B2,0.4375,0.054054054054054,8.610761639353995e-13,6.7096843943018135e-12,True,0.383445945945946,AD_enriched,0.0064935064935064,True,462.0,28,10,70.2746,48.7254,0.5194,Minor,-0.173765537429131,0.968915473442311,flat,MIR,Minor Isoform Redistribution,new_target_candidate,SR
Microglia,ATP6V1B2-201,ATP6V1B2,0.5625,0.945945945945946,8.610761639353995e-13,6.7096843943018135e-12,True,-0.383445945945946,CT_enriched,0.0064935064935064,True,462.0,36,175,163.7904,1164.0813,-2.8217,Dominant,-0.173765537429131,0.968915473442311,flat,DIEr,Dominant Isoform Erosion,trial_failure_explanation,SR
Microglia,BTK-206,BTK,0.8592964824120602,0.3962264150943396,2.1750872251555823e-27,8.156577094333433e-26,True,0.4630700673177206,AD_enriched,0.0038,True,10000.0,342,63,1279.7178,515.0268,1.3114,Minor,0.418837364804595,0.869010463356166,flat,MIR,Minor Isoform Redistribution,new_target_candidate,SR
Microglia,BTK-207,BTK,0.1105527638190954,0.4716981132075472,2.1750872251555823e-27,8.156577094333433e-26,True,-0.3611453493884518,CT_enriched,0.019,True,10000.0,44,75,77.0749,225.0677,-1.5338,Dominant,0.418837364804595,0.869010463356166,flat,DIEr,Dominant Isoform Erosion,trial_failure_explanation,SR
Microglia,C3-201,C3,0.8096514745308311,0.553030303030303,9.054912249660857e-14,8.108876641487335e-13,True,0.2566211715005281,AD_enriched,0.0151848151848151,True,5005.0,302,73,1392.6897,521.5532,1.4153,Dominant,0.310643564827744,0.654933757828856,flat,DIR,Dominant Isoform Redistribution,,SR
Microglia,CRELD1-243,CRELD1,0.5412844036697247,0.0,1.393881368072445e-32,9.2925424538163e-31,True,0.5412844036697247,AD_enriched,0.0396825396825396,True,126.0,59,0,54.7112,0.0,5.7999,Minor,-0.696375446856937,0.56042628372342,down,MIC,Minor Isoform Concentration,new_target_candidate,SR
Microglia,CSDE1-202,CSDE1,0.45625,0.8104575163398693,4.2283192027348855e-15,4.091921809098276e-14,True,-0.3542075163398693,CT_enriched,0.0419580419580419,True,715.0,73,124,245.5569,374.3668,-0.6064,Dominant,0.0868696534837805,0.981394702309319,flat,DIEr,Dominant Isoform Erosion,trial_failure_explanation,SR
Microglia,DOCK10-201,DOCK10,0.1391941391941392,0.6178861788617886,4.6986448780007895e-22,9.397289756001576e-21,True,-0.4786920396676494,CT_enriched,0.002020202020202,True,495.0,38,76,90.4083,351.0027,-1.9452,Dominant,0.108223044986621,0.9725560805243,flat,DIEr,Dominant Isoform Erosion,trial_failure_explanation,SR
Microglia,DOCK10-202,DOCK10,0.8241758241758241,0.3333333333333333,4.6986448780007895e-22,9.397289756001576e-21,True,0.4908424908424908,AD_enriched,0.002020202020202,True,495.0,225,41,674.8257,243.4749,1.467,Minor,0.108223044986621,0.9725560805243,flat,MIR,Minor Isoform Redistribution,new_target_candidate,SR
Microglia,EIF4G2-208,EIF4G2,0.0,0.2340425531914893,1.260926017513583e-05,3.84038380968604e-05,True,-0.2340425531914893,CT_enriched,0.0317460317460317,True,252.0,0,11,0.0,28.2011,-4.8679,Minor,-0.237551207964013,0.968380127565823,flat,MIEr,Minor Isoform Erosion,,SR
Microglia,ERC1-204,ERC1,0.1148936170212766,0.6201550387596899,9.709811184592544e-30,4.854905592296272e-28,True,-0.5052614217384133,CT_enriched,0.0116550116550116,True,3003.0,27,80,86.6388,714.2434,-3.0288,Dominant,-0.0734096292754089,0.97307131229995,flat,DIEr,Dominant Isoform Erosion,trial_failure_explanation,SR
Microglia,ERC2-211,ERC2,0.7368421052631579,0.951219512195122,0.0279187664270538,0.047860742446378,True,-0.2143774069319641,CT_enriched,0.0,True,15.0,28,39,58.6195,105.5504,-0.8377,Dominant,0.011409320746242,0.999303551447624,flat,DIEr,Dominant Isoform Erosion,trial_failure_explanation,SR
Microglia,ERCC6L2-211,ERCC6L2,0.1081081081081081,0.4677419354838709,3.636252714205301e-19,5.194646734579e-18,True,-0.3596338273757627,CT_enriched,0.0321678321678321,True,715.0,20,29,67.7665,109.0692,-0.6786,Dominant,0.0403853825819931,0.993086456347906,flat,DIEr,Dominant Isoform Erosion,trial_failure_explanation,SR
Microglia,EZH1-208,EZH1,0.7130434782608696,0.9256198347107438,0.0001074900905014,0.0002860938240487,True,-0.2125763564498742,CT_enriched,0.0284382284382284,True,6435.0,82,112,244.6749,1225.6653,-2.3199,Dominant,-0.0714395649997126,0.993086456347906,flat,DIEr,Dominant Isoform Erosion,trial_failure_explanation,SR
Microglia,FGD4-211,FGD4,0.4363636363636363,0.9482758620689656,1.0500183837000896e-07,4.144809409342458e-07,True,-0.5119122257053293,CT_enriched,0.0333333333333333,True,120.0,24,55,72.7478,279.1048,-1.9253,Dominant,0.0639843956777393,0.991493187661146,flat,DIEr,Dominant Isoform Erosion,trial_failure_explanation,SR
Microglia,FGD4-216,FGD4,0.3818181818181818,0.0344827586206896,1.0500183837000896e-07,4.144809409342458e-07,True,0.3473354231974921,AD_enriched,0.025,True,120.0,21,2,67.6898,5.1275,3.4867,Minor,0.0639843956777393,0.991493187661146,flat,MIR,Minor Isoform Redistribution,new_target_candidate,SR
Microglia,FOXP1-249,FOXP1,0.5,0.0,7.348931073379992e-10,3.945246258841062e-09,True,0.5,AD_enriched,0.0396825396825396,True,126.0,15,0,194.6706,0.0,7.6123,Minor,0.520674165376614,0.56042628372342,flat,MIR,Minor Isoform Redistribution,new_target_candidate,SR
Microglia,FOXP1-266,FOXP1,0.1333333333333333,0.8636363636363636,7.348931073379992e-10,3.945246258841062e-09,True,-0.7303030303030303,CT_enriched,0.0,True,126.0,4,38,21.5975,142.711,-2.6689,Dominant,0.520674165376614,0.56042628372342,flat,DIEr,Dominant Isoform Erosion,trial_failure_explanation,SR
Microglia,transcript164377.chrX.nnic,GAB3,0.2456140350877192,0.6756756756756757,7.466539974800789e-07,2.6198385876494e-06,True,-0.4300616405879565,CT_enriched,0.0476190476190476,True,126.0,14,25,45.2889,136.7287,-1.5731,Dominant,0.154643486782799,0.936565250952227,flat,DIEr,Dominant Isoform Erosion,trial_failure_explanation,SR
Microglia,GDAP1-217,GDAP1,0.3410852713178294,0.0,1.5464713546923561e-18,2.108824574580485e-17,True,0.3410852713178294,AD_enriched,0.0476190476190476,True,84.0,44,0,99.8523,0.0,6.6561,Minor,0.347798512795054,0.968380127565823,flat,MIR,Minor Isoform Redistribution,new_target_candidate,SR
Microglia,HLA-DMA-208,HLA-DMA,0.686046511627907,0.98,0.000234520566665,0.0005887545606653,True,-0.293953488372093,CT_enriched,0.0317460317460317,True,126.0,59,49,127.255,563.9126,-2.139,Dominant,0.259641634602349,0.969399309922903,flat,DIEr,Dominant Isoform Erosion,trial_failure_explanation,SR
Microglia,HLA-DMA-201,HLA-DMA,0.3023255813953488,0.02,0.000234520566665,0.0005887545606653,True,0.2823255813953488,AD_enriched,0.0317460317460317,True,126.0,26,1,63.5721,7.4061,2.9414,Minor,0.259641634602349,0.969399309922903,flat,MIR,Minor Isoform Redistribution,new_target_candidate,SR
Microglia,HSPA5-201,HSPA5,0.9863481228668942,0.6925795053003534,3.710797796216967e-53,2.22647867773018e-50,True,0.2937686175665408,AD_enriched,0.0332167832167832,True,8008.0,867,196,2259.3399,1237.7307,0.8677,Dominant,-0.825236356746767,0.931404172349297,down,DIC,Dominant Isoform Concentration,,SR
Microglia,IL6ST-204,IL6ST,0.5175438596491229,0.9306569343065694,6.050466904083324e-21,1.1000848916515135e-19,True,-0.4131130746574465,CT_enriched,0.0181818181818181,True,715.0,59,255,145.7927,1174.2956,-3.0012,Dominant,-0.203841503693312,0.971874381494774,flat,DIEr,Dominant Isoform Erosion,trial_failure_explanation,SR
Microglia,transcript131979.chr16.nic,IRF8,0.825,0.3546099290780142,1.237181233662942e-22,2.5596853110267768e-21,True,0.4703900709219857,AD_enriched,0.0372960372960372,True,1716.0,231,50,491.2831,212.1667,1.2075,Minor,-0.0730972074166737,0.993086456347906,flat,MIR,Minor Isoform Redistribution,new_target_candidate,SR
Microglia,transcript131729.chr16.nic,IRF8,0.0571428571428571,0.3617021276595745,1.237181233662942e-22,2.5596853110267768e-21,True,-0.3045592705167174,CT_enriched,0.0483682983682983,True,1716.0,16,51,14.8369,207.4423,-3.7183,Dominant,-0.0730972074166737,0.993086456347906,flat,DIEr,Dominant Isoform Erosion,trial_failure_explanation,SR
Microglia,ITPRID2-205,ITPRID2,0.71875,0.0434782608695652,1.0668052973159832e-11,7.357277912524023e-11,True,0.6752717391304348,AD_enriched,0.0238095238095238,True,84.0,23,2,86.2031,21.2121,1.973,Minor,0.204233227786207,0.968380127565823,flat,MIR,Minor Isoform Redistribution,new_target_candidate,SR
Microglia,LAMP2-201,LAMP2,0.3529411764705882,0.0357142857142857,4.341398939198667e-06,1.3929622264808556e-05,True,0.3172268907563025,AD_enriched,0.0119047619047619,True,84.0,18,3,31.2463,15.4278,0.973,Minor,-0.1846936041784,0.968380127565823,flat,MIR,Minor Isoform Redistribution,new_target_candidate,SR
Microglia,LAMP2-202,LAMP2,0.6274509803921569,0.9523809523809524,4.341398939198667e-06,1.3929622264808556e-05,True,-0.3249299719887956,CT_enriched,0.0119047619047619,True,84.0,32,80,105.4683,357.0335,-1.7497,Dominant,-0.1846936041784,0.968380127565823,flat,DIEr,Dominant Isoform Erosion,trial_failure_explanation,SR
Microglia,LCOR-222,LCOR,0.25,0.0,1.7039294678841686e-07,6.59585600471291e-07,True,0.25,AD_enriched,0.0357142857142857,True,56.0,9,0,17.7115,0.0,4.2259,Minor,-0.0039418354162322,0.999303551447624,flat,MIR,Minor Isoform Redistribution,new_target_candidate,SR
Microglia,LINC01094-202,LINC01094,0.2868525896414343,0.0434782608695652,2.534630262723105e-08,1.1100570493677834e-07,True,0.2433743287718691,AD_enriched,0.0354853479853479,True,4368.0,72,5,374.9873,28.9033,3.6523,Minor,0.446966441622586,0.877605215377976,flat,MIR,Minor Isoform Redistribution,new_target_candidate,SR
Microglia,LRRK2-201,LRRK2,0.9090909090909092,0.3125,3.409131950244801e-10,1.985902106938719e-09,True,0.5965909090909092,AD_enriched,0.0285714285714285,True,70.0,70,10,251.3152,35.3221,2.7963,Minor,0.0729968060096582,0.993086456347906,flat,MIR,Minor Isoform Redistribution,new_target_candidate,SR
Microglia,LRRK2-210,LRRK2,0.0,0.375,3.409131950244801e-10,1.985902106938719e-09,True,-0.375,CT_enriched,0.0142857142857142,True,70.0,0,12,0.0,427.3504,-8.7426,Dominant,0.0729968060096582,0.993086456347906,flat,DIEr,Dominant Isoform Erosion,trial_failure_explanation,SR
Microglia,MYCBP2-207,MYCBP2,0.4898989898989899,0.9245283018867924,1.680022322348762e-20,2.8000372039146043e-19,True,-0.4346293119878024,CT_enriched,0.0454545454545454,True,462.0,97,196,244.5122,1220.234,-2.3145,Dominant,0.0336167095610466,0.993086456347906,flat,DIEr,Dominant Isoform Erosion,trial_failure_explanation,SR
Microglia,NAV3-207,NAV3,0.1864406779661017,1.0,1.7873365742472426e-16,2.144803889096692e-15,True,-0.8135593220338984,CT_enriched,0.0,True,35.0,22,35,73.0662,242.8461,-1.7191,Dominant,-0.0067125710051919,0.999303551447624,flat,DIEr,Dominant Isoform Erosion,trial_failure_explanation,SR
Microglia,NOL8-208,NOL8,0.5609756097560976,0.1626016260162601,7.317231316163032e-24,1.7561355158791281e-22,True,0.3983739837398375,AD_enriched,0.0139860139860139,True,1287.0,115,20,298.7389,175.0132,0.768,Minor,0.0665959456769553,0.993086456347906,flat,MIR,Minor Isoform Redistribution,new_target_candidate,SR
Microglia,transcript176161.chr8.nnic,NSMCE2,0.375,0.027027027027027,0.0002011052316544,0.000511284487257,True,0.347972972972973,AD_enriched,0.0,True,3.0,15,1,13.9096,2.7698,1.9837,Minor,-0.0027424525178641,0.999303551447624,flat,MIR,Minor Isoform Redistribution,new_target_candidate,SR
Microglia,transcript176277.chr8.nic,NSMCE2,0.575,0.972972972972973,0.0002011052316544,0.000511284487257,True,-0.397972972972973,CT_enriched,0.0,True,3.0,23,36,38.3805,104.3504,-1.4196,Dominant,-0.0027424525178641,0.999303551447624,flat,DIEr,Dominant Isoform Erosion,trial_failure_explanation,SR
Microglia,NUMA1-212,NUMA1,0.0129870129870129,0.4857142857142857,1.6353064911921365e-11,1.0550364459304106e-10,True,-0.4727272727272728,CT_enriched,0.0272727272727272,True,330.0,1,17,1.7651,572.5704,-7.6965,Dominant,0.217257679529518,0.919296313410235,flat,DIEr,Dominant Isoform Erosion,trial_failure_explanation,SR
Microglia,NUP210-202,NUP210,0.7044025157232704,0.9682539682539684,0.0001077620070583,0.0002860938240487,True,-0.2638514525306979,CT_enriched,0.0238095238095238,True,126.0,112,61,129.3799,336.3904,-1.3717,Dominant,-0.526440801093888,0.931404172349297,flat,DIEr,Dominant Isoform Erosion,trial_failure_explanation,SR
Microglia,NUP210-201,NUP210,0.2893081761006289,0.0317460317460317,0.0001077620070583,0.0002860938240487,True,0.2575621443545972,AD_enriched,0.0238095238095238,True,126.0,46,2,46.7633,5.5397,2.8686,Minor,-0.526440801093888,0.931404172349297,flat,MIR,Minor Isoform Redistribution,new_target_candidate,SR
Microglia,NUP62-202,NUP62,0.7484276729559748,0.131578947368421,4.4914145020914593e-17,5.614268127614328e-16,True,0.6168487255875538,AD_enriched,0.0222222222222222,True,495.0,119,5,584.3358,13.2309,5.3622,Minor,0.0572044791912847,0.993086456347906,flat,MIR,Minor Isoform Redistribution,new_target_candidate,SR
Microglia,PALD1-211,PALD1,0.0094786729857819,0.2978723404255319,1.0160874638569978e-14,9.237158762336345e-14,True,-0.28839366743975,CT_enriched,0.0005827505827505,True,1716.0,2,14,4.5927,180.7559,-5.0223,Minor,0.249703864877797,0.919296313410235,flat,MIEr,Minor Isoform Erosion,,SR
Microglia,PALD1-201,PALD1,0.7962085308056872,0.3404255319148936,1.0160874638569978e-14,9.237158762336345e-14,True,0.4557829988907936,AD_enriched,0.0023310023310023,True,1716.0,168,16,467.5624,238.1718,0.9702,Dominant,0.249703864877797,0.919296313410235,flat,DIR,Dominant Isoform Redistribution,,SR
Microglia,PCNT-209,PCNT,0.5138888888888888,0.9130434782608696,0.0001000248038321,0.0002703373076544,True,-0.3991545893719808,CT_enriched,0.0357142857142857,True,28.0,37,42,96.0192,131.8886,-0.4539,Dominant,0.212272711552485,0.971874381494774,flat,DIEr,Dominant Isoform Erosion,trial_failure_explanation,SR
Microglia,PHC3-214,PHC3,0.0108695652173913,0.64,1.1410450072922388e-16,1.3971979681129456e-15,True,-0.6291304347826087,CT_enriched,0.0158730158730158,True,126.0,1,32,3.0592,98.1241,-4.61,Dominant,0.0285711454080504,0.993086456347906,flat,DIEr,Dominant Isoform Erosion,trial_failure_explanation,SR
Microglia,PHF3-204,PHF3,0.5068618481244281,0.2711323763955343,1.4159707537559885e-44,1.6991649045071862e-42,True,0.2357294717288938,AD_enriched,0.0104,True,10000.0,554,170,2402.6244,2503.5955,-0.0594,Minor,0.110203631409271,0.973849281273005,flat,MIR,Minor Isoform Redistribution,new_target_candidate,SR
Microglia,transcript251349.chr3.nic,PLSCR1,0.0869565217391304,0.3181818181818182,0.0038719718060042,0.0078485914986571,True,-0.2312252964426877,CT_enriched,0.0416666666666666,True,120.0,8,14,21.7773,42.2991,-0.9267,Minor,0.346773230351445,0.96285972558004,flat,MIEr,Minor Isoform Erosion,,SR
Microglia,POMK-201,POMK,0.872093023255814,0.0,1.9373508460508324e-21,3.749711314937096e-20,True,0.872093023255814,AD_enriched,0.0,True,4.0,75,0,530.3526,0.0,9.0535,Minor,-0.456315810301958,0.951699220518578,flat,MIR,Minor Isoform Redistribution,new_target_candidate,SR
Microglia,RALGAPA1-219,RALGAPA1,0.9277777777777778,0.6,3.744048036892192e-09,1.826364896044972e-08,True,0.3277777777777778,AD_enriched,0.0333333333333333,True,120.0,167,30,693.8017,162.1263,2.0906,Dominant,0.063106129422791,0.980032431681739,flat,DIR,Dominant Isoform Redistribution,,SR
Microglia,RALGAPA1-201,RALGAPA1,0.0611111111111111,0.4,3.744048036892192e-09,1.826364896044972e-08,True,-0.3388888888888889,CT_enriched,0.0333333333333333,True,120.0,11,20,20.7106,179.4752,-3.0553,Minor,0.063106129422791,0.980032431681739,flat,MIEr,Minor Isoform Erosion,,SR
Microglia,RPL32-204,RPL32,0.3414634146341463,0.0952380952380952,0.0009062771773811,0.002124087134487,True,0.2462253193960511,AD_enriched,0.0,True,6.0,14,8,36.735,34.8305,0.0747,Minor,-0.361412019191757,0.969399309922903,flat,MIR,Minor Isoform Redistribution,new_target_candidate,SR
Microglia,transcript24581.chr3.nic,RPL32,0.6341463414634146,0.9047619047619048,0.0009062771773811,0.002124087134487,True,-0.2706155632984901,CT_enriched,0.0,True,6.0,26,76,133.7855,217.626,-0.6978,Dominant,-0.361412019191757,0.969399309922903,flat,DIEr,Dominant Isoform Erosion,trial_failure_explanation,SR
Microglia,SARAF-203,SARAF,0.1525423728813559,0.5324675324675324,6.500672275999486e-07,2.302742786240755e-06,True,-0.3799251595861765,CT_enriched,0.0357420357420357,True,1287.0,9,41,23.0049,1045.6745,-5.4463,Dominant,-0.355228665209149,0.93149130062124,flat,DIEr,Dominant Isoform Erosion,trial_failure_explanation,SR
Microglia,SPEN-201,SPEN,0.1686746987951807,0.9428571428571428,1.0874250997739413e-13,9.59492735094654e-13,True,-0.7741824440619621,CT_enriched,0.0,True,10.0,14,33,42.8285,473.4791,-3.4364,Dominant,-0.0540783110936284,0.993086456347906,flat,DIEr,Dominant Isoform Erosion,trial_failure_explanation,SR
Microglia,SRRM2-225,SRRM2,0.0909090909090909,0.4210526315789473,8.704256737275106e-05,0.0002373888201075,True,-0.3301435406698564,CT_enriched,0.0454545454545454,True,2002.0,6,16,21.4799,369.7487,-4.0437,Dominant,0.269374340605573,0.900667780196291,flat,DIEr,Dominant Isoform Erosion,trial_failure_explanation,SR
Microglia,SRSF11-202,SRSF11,0.0391061452513966,0.3333333333333333,4.432833808011018e-07,1.6217684663454944e-06,True,-0.2942271880819367,CT_enriched,0.0444444444444444,True,495.0,7,11,18.5179,30.4682,-0.6891,Dominant,0.19195575096768,0.93149130062124,flat,DIEr,Dominant Isoform Erosion,trial_failure_explanation,SR
Microglia,TET2-201,TET2,0.0408163265306122,0.5384615384615384,1.8577564942806128e-15,1.9218170630489105e-14,True,-0.4976452119309262,CT_enriched,0.034090909090909,True,792.0,6,28,18.2792,71.7846,-1.9166,Dominant,-0.0259853193007287,0.993086456347906,flat,DIEr,Dominant Isoform Erosion,trial_failure_explanation,SR
Microglia,TPP2-218,TPP2,0.0,0.7875,2.611446448179108e-24,7.834339344537321e-23,True,-0.7875,CT_enriched,0.0476190476190476,True,84.0,0,63,0.0,406.2658,-8.6698,Dominant,0.0102961635677928,0.999303551447624,flat,DIEr,Dominant Isoform Erosion,trial_failure_explanation,SR
Microglia,TPP2-202,TPP2,0.3406593406593406,0.0125,2.611446448179108e-24,7.834339344537321e-23,True,0.3281593406593406,AD_enriched,0.0238095238095238,True,84.0,31,1,84.3645,5.2519,3.7713,Minor,0.0102961635677928,0.999303551447624,flat,MIR,Minor Isoform Redistribution,new_target_candidate,SR
Microglia,TRIM38-201,TRIM38,0.437037037037037,0.9012345679012346,4.229104319965992e-10,2.416631039980567e-09,True,-0.4641975308641975,CT_enriched,0.0303030303030303,True,1287.0,59,73,184.2215,350.3734,-0.9238,Dominant,0.30009661641042,0.896528990675755,flat,DIEr,Dominant Isoform Erosion,trial_failure_explanation,SR
Microglia,TSC1-246,TSC1,0.4,0.0,1.2874139952324976e-08,5.8518817965113536e-08,True,0.4,AD_enriched,0.0476190476190476,True,21.0,12,0,71.5704,0.0,6.1813,Minor,0.0133939609786786,0.999303551447624,flat,MIR,Minor Isoform Redistribution,new_target_candidate,SR
Microglia,TUT4-220,TUT4,0.5555555555555556,0.0344827586206896,1.0271051127586508e-09,5.4058163829402675e-09,True,0.521072796934866,AD_enriched,0.0151515151515151,True,330.0,40,2,108.9388,14.8122,2.7976,Minor,0.135150030417717,0.955480833083331,flat,MIR,Minor Isoform Redistribution,new_target_candidate,SR
Microglia,TUT4-204,TUT4,0.3888888888888889,0.8448275862068966,1.0271051127586508e-09,5.4058163829402675e-09,True,-0.4559386973180077,CT_enriched,0.0151515151515151,True,330.0,28,49,75.3132,288.4299,-1.9232,Dominant,0.135150030417717,0.955480833083331,flat,DIEr,Dominant Isoform Erosion,trial_failure_explanation,SR
Microglia,VCP-201,VCP,0.6593406593406593,0.9422222222222222,1.2083635830586976e-11,8.238842611763847e-11,True,-0.2828815628815628,CT_enriched,0.0,True,210.0,60,212,214.2767,1504.3733,-2.8059,Dominant,-0.299793374071445,0.951699220518578,flat,DIEr,Dominant Isoform Erosion,trial_failure_explanation,SR
Microglia,VPS13C-207,VPS13C,0.0067114093959731,0.3384615384615385,1.6308273009835382e-11,1.0550364459304106e-10,True,-0.3317501290655654,CT_enriched,0.0484848484848484,True,330.0,1,22,5.3493,56.4022,-3.1764,Minor,-0.0200674536203883,0.994932540262242,flat,MIEr,Minor Isoform Erosion,,SR
Microglia,VSIG4-204,VSIG4,0.3062787136294027,0.6903225806451613,4.9895218197881216e-18,6.508071938854071e-17,True,-0.3840438670157586,CT_enriched,0.047,True,10000.0,200,107,1011.6292,709.3893,0.5114,Dominant,0.0145820510417213,0.999303551447624,flat,DIEr,Dominant Isoform Erosion,trial_failure_explanation,SR
Microglia,YWHAB-201,YWHAB,0.7777777777777778,0.9936305732484076,3.3057749924803793e-08,1.426953234164193e-07,True,-0.2158527954706298,CT_enriched,0.0144855144855144,True,2002.0,70,156,369.3061,982.0779,-1.4086,Dominant,-0.18413477946069,0.971874381494774,flat,DIEr,Dominant Isoform Erosion,trial_failure_explanation,SR
Microglia,ZNF267-206,ZNF267,0.0230547550432276,0.3774509803921568,3.871123987100583e-28,1.5484495948402332e-26,True,-0.3543962253489292,CT_enriched,0.0473970473970474,True,1287.0,8,77,21.8702,283.4282,-3.6365,Minor,-0.0311345302526908,0.996209597911491,flat,MIEr,Minor Isoform Erosion,,SR
Microglia,ZNF267-201,ZNF267,0.9769452449567724,0.6225490196078431,3.871123987100583e-28,1.5484495948402332e-26,True,0.3543962253489292,AD_enriched,0.0473970473970474,True,1287.0,339,127,948.8786,759.0001,0.3217,Dominant,-0.0311345302526908,0.996209597911491,flat,DIR,Dominant Isoform Redistribution,,SR
Microglia,ZNF268-209,ZNF268,0.6617647058823529,0.0,2.601656584306996e-24,7.834339344537321e-23,True,0.6617647058823529,AD_enriched,0.0476190476190476,True,21.0,45,0,137.6631,0.0,7.1154,Minor,0.193485776603902,0.976318712601536,flat,MIR,Minor Isoform Redistribution,new_target_candidate,SR
Microglia,ZNF268-205,ZNF268,0.2794117647058823,1.0,2.601656584306996e-24,7.834339344537321e-23,True,-0.7205882352941178,CT_enriched,0.0476190476190476,True,21.0,19,109,56.3503,298.2024,-2.3832,Dominant,0.193485776603902,0.976318712601536,flat,DIEr,Dominant Isoform Erosion,trial_failure_explanation,SR
Oligodendrocyte,AAR2-201,AAR2,0.650887573964497,0.2087227414330218,2.4136187454063305e-29,5.0729679060689605e-28,True,0.4421648325314752,AD_enriched,0.0404040404040404,True,495.0,220,67,55.2804,26.4337,1.0367,Minor,-0.207432808679156,0.751758609397164,flat,MIR,Minor Isoform Redistribution,new_target_candidate,SR
Oligodendrocyte,ABCB7-215,ABCB7,0.2261904761904762,0.0,1.3961697853794488e-06,4.484929912232047e-06,True,0.2261904761904762,AD_enriched,0.0,True,70.0,19,0,4.0662,0.0,2.3409,Minor,0.103523279088304,0.815717493254807,flat,MIR,Minor Isoform Redistribution,new_target_candidate,SR
Oligodendrocyte,ABCD4-214,ABCD4,0.918918918918919,0.303030303030303,5.5480775128850505e-25,8.855951906306205e-24,True,0.615888615888616,AD_enriched,0.0,True,2002.0,204,20,76.9738,11.3988,2.6528,Minor,-0.0307304118466244,0.973035102671041,flat,MIR,Minor Isoform Redistribution,new_target_candidate,SR
Oligodendrocyte,ABCD4-201,ABCD4,0.072072072072072,0.6060606060606061,5.5480775128850505e-25,8.855951906306205e-24,True,-0.5339885339885341,CT_enriched,0.0,True,2002.0,16,40,4.6406,19.5906,-1.8681,Dominant,-0.0307304118466244,0.973035102671041,flat,DIEr,Dominant Isoform Erosion,trial_failure_explanation,SR
Oligodendrocyte,ABHD6-201,ABHD6,0.8588235294117647,0.5862068965517241,3.834409265774257e-07,1.311548677431622e-06,True,0.2726166328600405,AD_enriched,0.041083916083916,True,8008.0,146,68,64.1803,34.8116,0.864,Dominant,0.0283302475957858,0.948664383016803,flat,DIR,Dominant Isoform Redistribution,,SR
Oligodendrocyte,ABHD6-205,ABHD6,0.1411764705882353,0.4137931034482758,3.834409265774257e-07,1.311548677431622e-06,True,-0.2726166328600405,CT_enriched,0.041083916083916,True,8008.0,24,48,7.3594,18.8545,-1.248,Minor,0.0283302475957858,0.948664383016803,flat,MIEr,Minor Isoform Erosion,,SR
Oligodendrocyte,ABI1-210,ABI1,0.2888888888888888,0.0,0.0001055374407441,0.0002634182763334,True,0.2888888888888888,AD_enriched,0.0158730158730158,True,126.0,13,0,1.1569,0.0,1.109,Minor,-0.0340463616934555,0.96595679690722,flat,MIR,Minor Isoform Redistribution,new_target_candidate,SR
Oligodendrocyte,ACAD11-208,ACAD11,0.6175869120654397,0.3038674033149171,6.6581934971593335e-19,6.782304560154628e-18,True,0.3137195087505226,AD_enriched,0.0257,True,10000.0,302,110,90.5743,75.0534,0.2679,Minor,0.156540412330127,0.802837135569104,flat,MIR,Minor Isoform Redistribution,new_target_candidate,SR
Oligodendrocyte,ACAD11-202,ACAD11,0.3762781186094069,0.6933701657458563,6.6581934971593335e-19,6.782304560154628e-18,True,-0.3170920471364494,CT_enriched,0.0239,True,10000.0,184,251,84.4363,257.2505,-1.5958,Dominant,0.156540412330127,0.802837135569104,flat,DIEr,Dominant Isoform Erosion,trial_failure_explanation,SR
Oligodendrocyte,ACAP3-206,ACAP3,0.2020725388601036,0.0,0.022906027816112,0.0395827750021728,True,0.2020725388601036,AD_enriched,0.0476190476190476,True,21.0,39,0,14.6491,0.0,3.968,Minor,0.0033823013758697,0.998079573856121,flat,MIR,Minor Isoform Redistribution,new_target_candidate,SR
Oligodendrocyte,ACSL4-204,ACSL4,0.0377668308702791,0.3517241379310344,5.6396676941157134e-30,1.241528741192772e-28,True,-0.3139573070607553,CT_enriched,0.024,True,10000.0,23,51,25.3192,56.9186,-1.1379,Minor,0.35007755438757,0.549288469007395,flat,MIEr,Minor Isoform Erosion,,SR
Oligodendrocyte,ADAM22-207,ADAM22,0.8265682656826568,0.032258064516129,1.0883272284876468e-31,2.6747513102249307e-30,True,0.7943102011665278,AD_enriched,0.0238095238095238,True,126.0,224,2,121.4875,2.4268,5.1596,Minor,0.209799504445105,0.731376217188601,flat,MIR,Minor Isoform Redistribution,new_target_candidate,SR
Oligodendrocyte,ADAM22-204,ADAM22,0.1476014760147601,0.8709677419354839,1.0883272284876468e-31,2.6747513102249307e-30,True,-0.7233662659207238,CT_enriched,0.0476190476190476,True,126.0,40,54,12.0705,67.6268,-2.3925,Dominant,0.209799504445105,0.731376217188601,flat,DIEr,Dominant Isoform Erosion,trial_failure_explanation,SR
Oligodendrocyte,ADAP1-201,ADAP1,0.9194630872483222,0.4285714285714285,4.722669864027927e-11,2.429324642127323e-10,True,0.4908916586768936,AD_enriched,0.0436507936507936,True,252.0,137,15,35.1826,50.5381,-0.5103,Dominant,-0.0290624054749182,0.988487132928057,flat,DIR,Dominant Isoform Redistribution,,SR
Oligodendrocyte,ADSL-232,ADSL,0.0294117647058823,0.2702702702702703,1.0771256970863683e-05,3.086519964815658e-05,True,-0.2408585055643879,CT_enriched,0.0,True,462.0,3,10,1.1047,17.8505,-3.1629,Minor,-0.430754017216654,0.604451246877146,flat,MIEr,Minor Isoform Erosion,,SR
Oligodendrocyte,AGAP3-212,AGAP3,0.0606060606060606,0.832,8.087869360431769e-21,9.682513705980817e-20,True,-0.7713939393939394,CT_enriched,0.0357142857142857,True,56.0,2,104,1.0317,48.4445,-4.6051,Dominant,-0.126415780865603,0.862122322182023,flat,DIEr,Dominant Isoform Erosion,trial_failure_explanation,SR
Oligodendrocyte,transcript25226.chr7.nic,AGMO,0.4186046511627907,0.1739130434782608,3.759841961414021e-05,0.000100312842681,True,0.2446916076845299,AD_enriched,0.0142857142857142,True,70.0,36,12,3.9638,7.0185,-0.6919,Minor,-0.0380449971656583,0.985470221407625,flat,MIR,Minor Isoform Redistribution,new_target_candidate,SR
Oligodendrocyte,AKAP8L-234,AKAP8L,0.0289473684210526,0.4759825327510917,1.1742994586625514e-59,1.558463138710729e-57,True,-0.4470351643300391,CT_enriched,0.0373,True,10000.0,11,109,6.1245,35.2404,-2.3467,Dominant,0.48686782632626,0.334739046239838,flat,DIEr,Dominant Isoform Erosion,trial_failure_explanation,SR
Oligodendrocyte,AKAP8L-201,AKAP8L,0.4789473684210526,0.1004366812227074,1.1742994586625514e-59,1.558463138710729e-57,True,0.3785106871983452,AD_enriched,0.0316,True,10000.0,182,23,47.4737,74.2828,-0.6351,Minor,0.48686782632626,0.334739046239838,flat,MIR,Minor Isoform Redistribution,new_target_candidate,SR
Oligodendrocyte,ALMS1-219,ALMS1,0.0,0.4430379746835443,2.812093841448383e-20,3.2412347130341783e-19,True,-0.4430379746835443,CT_enriched,0.0066600066600066,True,3003.0,0,35,0.0,10.6875,-3.5469,Dominant,0.0776977412373851,0.929763861329334,flat,DIEr,Dominant Isoform Erosion,trial_failure_explanation,SR
Oligodendrocyte,AMD1-210,AMD1,0.0402629416598192,0.2560975609756097,1.3661588894594676e-19,1.4723452532573612e-18,True,-0.2158346193157905,CT_enriched,0.0282828282828282,True,495.0,49,21,3.2087,6.2824,-0.791,Minor,0.191732513864596,0.747469632225307,flat,MIEr,Minor Isoform Erosion,,SR
Oligodendrocyte,AMMECR1-201,AMMECR1,0.0,0.3644859813084112,1.3945075357206336e-10,6.796943865081153e-10,True,-0.3644859813084112,CT_enriched,0.0393939393939393,True,330.0,0,39,0.0,15.3146,-4.0281,Minor,-0.0644412075234224,0.947211795936774,flat,MIEr,Minor Isoform Erosion,,SR
Oligodendrocyte,AMPD3-203,AMPD3,0.4166666666666667,0.9787234042553192,3.962557973109872e-13,2.4640002389685882e-12,True,-0.5620567375886525,CT_enriched,0.0238095238095238,True,210.0,15,92,4.444,42.7785,-3.0075,Dominant,-0.0860333516198922,0.943013707422081,flat,DIEr,Dominant Isoform Erosion,trial_failure_explanation,SR
Oligodendrocyte,ANKRD11-229,ANKRD11,0.4037267080745341,0.7913669064748201,2.0182457876435425e-13,1.284212559397843e-12,True,-0.387640198400286,CT_enriched,0.0239,True,10000.0,65,110,35.3135,68.1983,-0.9302,Dominant,-0.0359219517981902,0.969202221770367,flat,DIEr,Dominant Isoform Erosion,trial_failure_explanation,SR
Oligodendrocyte,ANKRD50-202,ANKRD50,0.024,0.6285714285714286,1.483775035145878e-20,1.7492728523483765e-19,True,-0.6045714285714285,CT_enriched,0.0151515151515151,True,792.0,3,44,0.9994,25.9725,-3.7539,Dominant,0.077194934682519,0.952036002169519,flat,DIEr,Dominant Isoform Erosion,trial_failure_explanation,SR
Oligodendrocyte,ANKRD50-201,ANKRD50,0.976,0.3714285714285714,1.483775035145878e-20,1.7492728523483765e-19,True,0.6045714285714285,AD_enriched,0.0151515151515151,True,792.0,122,26,31.5129,161.349,-2.32,Minor,0.077194934682519,0.952036002169519,flat,MIR,Minor Isoform Redistribution,new_target_candidate,SR
Oligodendrocyte,ARHGAP22-210,ARHGAP22,0.4426229508196721,0.017094017094017,1.430616770599832e-12,8.31691476775497e-12,True,0.4255289337256551,AD_enriched,0.0432900432900432,True,462.0,27,2,16.9334,0.599,3.4874,Minor,0.157199436754485,0.884089498065721,flat,MIR,Minor Isoform Redistribution,new_target_candidate,SR
Oligodendrocyte,ARHGAP22-201,ARHGAP22,0.5081967213114754,0.9487179487179488,1.430616770599832e-12,8.31691476775497e-12,True,-0.4405212274064733,CT_enriched,0.0497835497835497,True,462.0,31,111,11.2364,43.8578,-1.8742,Dominant,0.157199436754485,0.884089498065721,flat,DIEr,Dominant Isoform Erosion,trial_failure_explanation,SR
Oligodendrocyte,ARID4B-201,ARID4B,0.5308516063233044,0.7975113122171946,9.809296074947892e-43,4.899374222379888e-41,True,-0.2666597058938902,CT_enriched,0.0086,True,10000.0,1041,705,460.3979,553.6229,-0.2655,Dominant,0.238326681534513,0.502379566735735,flat,DIEr,Dominant Isoform Erosion,trial_failure_explanation,SR
Oligodendrocyte,transcript149637.chr7.nic,ARMC10,0.0129449838187702,0.2307692307692307,3.1705286224034306e-12,1.7851036910380528e-11,True,-0.2178242469504605,CT_enriched,0.0238095238095238,True,126.0,4,15,0.4912,4.557,-1.8978,Minor,0.138725209901156,0.78453923507401,flat,MIEr,Minor Isoform Erosion,,SR
Oligodendrocyte,ARMC6-202,ARMC6,0.0655021834061135,0.5818181818181818,2.9402524488663184e-20,3.3722154629590245e-19,True,-0.5163159984120683,CT_enriched,0.0153180153180153,True,3003.0,15,32,5.5972,217.9272,-5.0524,Dominant,-0.249707905286529,0.836767818584825,flat,DIEr,Dominant Isoform Erosion,trial_failure_explanation,SR
Oligodendrocyte,transcript36472.chr6.nic,ATAT1,0.0526315789473684,0.7959183673469388,5.881939747565649e-14,3.908670976744268e-13,True,-0.7432867883995704,CT_enriched,0.0,True,70.0,4,39,0.5676,11.4711,-2.992,Dominant,0.145521490169952,0.833573098566401,flat,DIEr,Dominant Isoform Erosion,trial_failure_explanation,SR
Oligodendrocyte,ATG14-202,ATG14,0.4521739130434782,0.0227272727272727,7.377915890993906e-07,2.4513890782308075e-06,True,0.4294466403162055,AD_enriched,0.0377622377622377,True,715.0,52,1,24.0205,0.3054,4.2606,Minor,0.479646616983306,0.213886869969653,flat,MIR,Minor Isoform Redistribution,new_target_candidate,SR
Oligodendrocyte,ATG14-201,ATG14,0.5478260869565217,0.9772727272727272,7.377915890993906e-07,2.4513890782308075e-06,True,-0.4294466403162055,CT_enriched,0.0377622377622377,True,715.0,63,43,26.4467,33.378,-0.3248,Dominant,0.479646616983306,0.213886869969653,flat,DIEr,Dominant Isoform Erosion,trial_failure_explanation,SR
Oligodendrocyte,ATG7-201,ATG7,0.2666666666666666,0.6857142857142857,2.32122029619496e-05,6.346126118790811e-05,True,-0.4190476190476191,CT_enriched,0.0315656565656565,True,792.0,20,24,12.9697,11.7159,0.1357,Dominant,0.220320285220203,0.700514946325407,flat,DIEr,Dominant Isoform Erosion,trial_failure_explanation,SR
Oligodendrocyte,ATL1-221,ATL1,0.3700564971751412,0.1407766990291262,9.620859503312613e-08,3.5215833248926e-07,True,0.229279798146015,AD_enriched,0.0188,True,10000.0,131,29,44.486,12.8223,1.7184,Minor,-0.10799310744282,0.853831140451477,flat,MIR,Minor Isoform Redistribution,new_target_candidate,SR
Oligodendrocyte,transcript158596.chr12.nic,ATP2A2,0.3666666666666666,0.0921052631578947,1.3366547144251446e-06,4.302675778589602e-06,True,0.2745614035087719,AD_enriched,0.0357142857142857,True,28.0,11,7,1.4157,2.1141,-0.3664,Minor,-0.307593470090132,0.337763411157628,flat,MIR,Minor Isoform Redistribution,new_target_candidate,SR
Oligodendrocyte,ATP2A2-201,ATP2A2,0.3333333333333333,0.8421052631578947,1.3366547144251446e-06,4.302675778589602e-06,True,-0.5087719298245614,CT_enriched,0.0,True,28.0,10,64,4.5874,19.4083,-1.8689,Dominant,-0.307593470090132,0.337763411157628,flat,DIEr,Dominant Isoform Erosion,trial_failure_explanation,SR
Oligodendrocyte,ATP2C1-218,ATP2C1,0.2058823529411764,0.0,6.58399268914965e-10,3.0249897172205874e-09,True,0.2058823529411764,AD_enriched,0.0393939393939393,True,330.0,14,0,0.9168,0.0,0.9387,Minor,-0.0209834757728575,0.974443659911136,flat,MIR,Minor Isoform Redistribution,new_target_candidate,SR
Oligodendrocyte,ATP6V0B-203,ATP6V0B,0.0651162790697674,0.4930232558139535,2.9476046356582183e-22,3.9007474451944216e-21,True,-0.4279069767441861,CT_enriched,0.0079,True,10000.0,14,106,9.3474,58.4096,-2.5214,Minor,-0.458515278247773,0.798196054803634,flat,MIEr,Minor Isoform Erosion,,SR
Oligodendrocyte,ATP6V0B-205,ATP6V0B,0.8930232558139535,0.4976744186046511,2.9476046356582183e-22,3.9007474451944216e-21,True,0.3953488372093023,AD_enriched,0.0123,True,10000.0,192,107,50.4634,75.308,-0.5683,Dominant,-0.458515278247773,0.798196054803634,flat,DIR,Dominant Isoform Redistribution,,SR
Oligodendrocyte,transcript41287.chr6.nnic,ATP6V1G2,0.5581395348837209,0.0129589632829373,1.8070599791840168e-53,1.7130191027162776e-51,True,0.5451805716007836,AD_enriched,0.0476190476190476,True,126.0,48,6,16.9358,7.3994,1.0945,Minor,-0.552231301301595,0.710619276563551,flat,MIR,Minor Isoform Redistribution,new_target_candidate,SR
Oligodendrocyte,ATP6V1G2-205,ATP6V1G2,0.4418604651162791,0.9870410367170628,1.8070599791840168e-53,1.7130191027162776e-51,True,-0.5451805716007837,CT_enriched,0.0476190476190476,True,126.0,38,457,10.8904,139.7687,-3.5655,Dominant,-0.552231301301595,0.710619276563551,flat,DIEr,Dominant Isoform Erosion,trial_failure_explanation,SR
Oligodendrocyte,BEST1-204,BEST1,0.0095087163232963,0.2962962962962963,7.778627390266295e-30,1.6963250811167575e-28,True,-0.286787579973,CT_enriched,0.0139860139860139,True,3003.0,6,16,2.0621,4.8691,-0.9386,Minor,0.380541521322977,0.508624601848504,flat,MIEr,Minor Isoform Erosion,,SR
Oligodendrocyte,BEST1-202,BEST1,0.9635499207606972,0.6481481481481481,7.778627390266295e-30,1.6963250811167575e-28,True,0.3154017726125491,AD_enriched,0.0482850482850482,True,3003.0,608,35,191.6459,20.9763,3.1319,Dominant,0.380541521322977,0.508624601848504,flat,DIR,Dominant Isoform Redistribution,,SR
Oligodendrocyte,BICD2-201,BICD2,0.077490774907749,0.612565445026178,1.2931425832959536e-34,3.7777655971130215e-33,True,-0.535074670118429,CT_enriched,0.0184815184815184,True,2002.0,21,117,3.4395,51.5114,-3.5642,Dominant,-0.43944169053413,0.455544124119815,flat,DIEr,Dominant Isoform Erosion,trial_failure_explanation,SR
Oligodendrocyte,BICD2-202,BICD2,0.922509225092251,0.387434554973822,1.2931425832959536e-34,3.7777655971130215e-33,True,0.535074670118429,AD_enriched,0.0184815184815184,True,2002.0,250,74,36.8791,34.908,0.0771,Minor,-0.43944169053413,0.455544124119815,flat,MIR,Minor Isoform Redistribution,new_target_candidate,SR
Oligodendrocyte,BTF3L4-201,BTF3L4,0.8237410071942446,0.6203703703703703,4.3199627537402194e-05,0.0001136896713378,True,0.2033706368238742,AD_enriched,0.038073038073038,True,1287.0,229,67,37.2196,21.4618,0.7668,Dominant,0.0682461483390039,0.940408673768404,flat,DIR,Dominant Isoform Redistribution,,SR
Oligodendrocyte,BTF3L4-202,BTF3L4,0.1690647482014388,0.3796296296296296,4.3199627537402194e-05,0.0001136896713378,True,-0.2105648814281908,CT_enriched,0.0365190365190365,True,1287.0,47,41,10.0897,24.0156,-1.1736,Minor,0.0682461483390039,0.940408673768404,flat,MIEr,Minor Isoform Erosion,,SR
Oligodendrocyte,transcript89852.chr2.nic,C2orf42,0.1237113402061855,0.4933333333333333,3.128052977902047e-07,1.0835053006976145e-06,True,-0.3696219931271478,CT_enriched,0.0396825396825396,True,126.0,12,37,0.7858,19.1675,-3.4974,Dominant,0.0447105691146093,0.968636818674677,flat,DIEr,Dominant Isoform Erosion,trial_failure_explanation,SR
Oligodendrocyte,transcript15300.chr22.nic,CABIN1,0.0239520958083832,0.4133333333333333,8.241642490128906e-14,5.407122791899544e-13,True,-0.3893812375249501,CT_enriched,0.0052,True,10000.0,4,31,1.417,19.1748,-3.0612,Minor,0.231817152534827,0.764974160785462,flat,MIEr,Minor Isoform Erosion,,SR
Oligodendrocyte,CALCOCO1-218,CALCOCO1,0.6019900497512438,0.2713178294573643,1.1203374389568746e-14,7.981545098090006e-14,True,0.3306722202938795,AD_enriched,0.0407148407148407,True,6435.0,121,35,61.5736,19.3623,1.6197,Minor,-0.328753448194891,0.692842400779906,flat,MIR,Minor Isoform Redistribution,new_target_candidate,SR
Oligodendrocyte,CAPN10-207,CAPN10,0.15625,0.7058823529411765,4.1556708242053754e-10,1.940009143561203e-09,True,-0.5496323529411765,CT_enriched,0.0046620046620046,True,3003.0,15,36,1.2115,26.6582,-3.6446,Dominant,-0.222400960177943,0.837391353391222,flat,DIEr,Dominant Isoform Erosion,trial_failure_explanation,SR
Oligodendrocyte,CASC3-203,CASC3,0.7818181818181819,0.2413793103448276,7.102452550887097e-15,5.138768239699466e-14,True,0.5404388714733542,AD_enriched,0.0116133866133866,True,8008.0,215,14,85.9708,4.9576,3.8677,Minor,0.252392947965528,0.685220163994018,flat,MIR,Minor Isoform Redistribution,new_target_candidate,SR
Oligodendrocyte,CASC3-201,CASC3,0.2072727272727272,0.7241379310344828,7.102452550887097e-15,5.138768239699466e-14,True,-0.5168652037617556,CT_enriched,0.0163586413586413,True,8008.0,57,42,14.5473,28.2497,-0.9118,Dominant,0.252392947965528,0.685220163994018,flat,DIEr,Dominant Isoform Erosion,trial_failure_explanation,SR
Oligodendrocyte,CDK13-202,CDK13,0.15234375,0.4246575342465753,7.719845787447142e-09,3.167728240520492e-08,True,-0.2723137842465753,CT_enriched,0.0499500499500499,True,2002.0,39,31,9.4443,15.0872,-0.6232,Dominant,0.138633239340435,0.703179712393021,flat,DIEr,Dominant Isoform Erosion,trial_failure_explanation,SR
Oligodendrocyte,CDK14-203,CDK14,0.0697674418604651,0.9,5.354810005434367e-31,1.28211816882694e-29,True,-0.8302325581395349,CT_enriched,0.0378787878787878,True,1716.0,9,63,6.0025,34.3469,-2.3356,Dominant,0.543125967081098,0.618381111846818,flat,DIEr,Dominant Isoform Erosion,trial_failure_explanation,SR
Oligodendrocyte,CDK14-202,CDK14,0.9302325581395348,0.0857142857142857,5.354810005434367e-31,1.28211816882694e-29,True,0.844518272425249,AD_enriched,0.0343822843822843,True,1716.0,120,6,456.1566,2.4457,7.0518,Minor,0.543125967081098,0.618381111846818,flat,MIR,Minor Isoform Redistribution,new_target_candidate,SR
Oligodendrocyte,CDK5RAP2-223,CDK5RAP2,0.0858585858585858,0.4141104294478527,4.548759898228656e-37,1.6379061804086904e-35,True,-0.3282518435892669,CT_enriched,0.0011,True,10000.0,51,135,25.2209,117.1909,-2.1723,Minor,0.236358604297923,0.727219320705406,flat,MIEr,Minor Isoform Erosion,,SR
Oligodendrocyte,CDK5RAP3-237,CDK5RAP3,0.2521008403361344,0.050632911392405,0.0006768946341778,0.0014972264646457,True,0.2014679289437294,AD_enriched,0.0279720279720279,True,1001.0,30,4,22.1428,1.3428,3.3043,Minor,-0.166458941069099,0.833135980915908,flat,MIR,Minor Isoform Redistribution,new_target_candidate,SR
Oligodendrocyte,CEP83-201,CEP83,0.8627450980392157,0.0888888888888888,1.3076009009636083e-25,2.2006544148463627e-24,True,0.7738562091503269,AD_enriched,0.0484848484848484,True,165.0,88,8,43.5937,7.5265,2.3868,Minor,0.300976321442916,0.641247245554779,flat,MIR,Minor Isoform Redistribution,new_target_candidate,SR
Oligodendrocyte,CEP95-201,CEP95,0.217391304347826,0.0147058823529411,5.8182100149467e-06,1.717000350662479e-05,True,0.2026854219948849,AD_enriched,0.0106560106560106,True,3003.0,10,1,3.0735,0.2923,1.6564,Minor,0.0808130045026002,0.916921962274321,flat,MIR,Minor Isoform Redistribution,new_target_candidate,SR
Oligodendrocyte,CHD1-205,CHD1,0.3125,0.0147058823529411,1.2821542477717537e-23,1.901906422064629e-22,True,0.2977941176470589,AD_enriched,0.0095238095238095,True,210.0,15,2,13.9815,0.6049,3.2227,Minor,0.151648365414737,0.777943153503292,flat,MIR,Minor Isoform Redistribution,new_target_candidate,SR
Oligodendrocyte,CHD1-212,CHD1,0.25,0.0073529411764705,1.2821542477717537e-23,1.901906422064629e-22,True,0.2426470588235295,AD_enriched,0.0142857142857142,True,210.0,12,1,2.6991,0.3054,1.5027,Minor,0.151648365414737,0.777943153503292,flat,MIR,Minor Isoform Redistribution,new_target_candidate,SR
Oligodendrocyte,CHD1-211,CHD1,0.125,0.8161764705882353,1.2821542477717537e-23,1.901906422064629e-22,True,-0.6911764705882353,CT_enriched,0.0,True,210.0,6,111,3.8754,67.2221,-3.8066,Dominant,0.151648365414737,0.777943153503292,flat,DIEr,Dominant Isoform Erosion,trial_failure_explanation,SR
Oligodendrocyte,transcript224122.chr1.nic,CHD1L,0.2971428571428571,0.0072992700729927,1.1181625275330266e-10,5.501975572447992e-10,True,0.2898435870698644,AD_enriched,0.0476190476190476,True,126.0,52,1,9.6602,0.2995,3.0362,Minor,-0.30636679786382,0.807899953042686,flat,MIR,Minor Isoform Redistribution,new_target_candidate,SR
Oligodendrocyte,CHN2-208,CHN2,0.4447674418604651,0.732,1.540868147713553e-16,1.3084703009377433e-15,True,-0.2872325581395349,CT_enriched,0.0206460206460206,True,3003.0,153,183,31.0799,76.4428,-1.2715,Dominant,-0.131261077280996,0.853592577042253,flat,DIEr,Dominant Isoform Erosion,trial_failure_explanation,SR
Oligodendrocyte,transcript116487.chr19.nnic,CIC,0.0,0.7058823529411765,5.4990030671683084e-09,2.3011593916213328e-08,True,-0.7058823529411765,CT_enriched,0.0396825396825396,True,126.0,0,24,0.0,7.0147,-3.0026,Dominant,0.37035803824821,0.725067818859875,flat,DIEr,Dominant Isoform Erosion,trial_failure_explanation,SR
Oligodendrocyte,CIT-220,CIT,0.0434782608695652,0.4193548387096774,0.000336932912953,0.0007790210954041,True,-0.3758765778401122,CT_enriched,0.0429292929292929,True,792.0,3,13,2.464,34.5711,-3.3602,Dominant,0.210050653086302,0.870318813673364,flat,DIEr,Dominant Isoform Erosion,trial_failure_explanation,SR
Oligodendrocyte,CLASP1-217,CLASP1,0.5393258426966292,0.0652173913043478,2.9384540061186544e-15,2.2014707836163145e-14,True,0.4741084513922814,AD_enriched,0.0,True,36.0,48,3,4.4362,1.3762,1.1939,Minor,0.0483894396265388,0.931774736908333,flat,MIR,Minor Isoform Redistribution,new_target_candidate,SR
Oligodendrocyte,CLCC1-203,CLCC1,0.24,0.019108280254777,6.685895940030269e-37,2.3706860031634043e-35,True,0.2208917197452229,AD_enriched,0.0307692307692307,True,715.0,60,3,8.2109,0.9102,2.2696,Minor,0.0048903498802022,0.994497708212426,flat,MIR,Minor Isoform Redistribution,new_target_candidate,SR
Oligodendrocyte,CLCN7-204,CLCN7,0.0871794871794871,0.3245283018867924,4.4273084130418044e-16,3.595253073178178e-15,True,-0.2373488147073053,CT_enriched,0.0155400155400155,True,1287.0,17,86,7.6535,26.801,-1.6838,Minor,-0.120759760852473,0.900399118414971,flat,MIEr,Minor Isoform Erosion,,SR
Oligodendrocyte,CLINT1-206,CLINT1,0.4462365591397849,0.7280701754385965,1.443393396274489e-05,4.0633711064818194e-05,True,-0.2818336162988116,CT_enriched,0.0228438228438228,True,6435.0,83,83,28.7149,56.0295,-0.9405,Dominant,0.234610729798342,0.620988411050978,flat,DIEr,Dominant Isoform Erosion,trial_failure_explanation,SR
Oligodendrocyte,CLK4-201,CLK4,0.3245901639344262,0.5608465608465608,8.263196157439914e-07,2.733799583426524e-06,True,-0.2362563969121346,CT_enriched,0.0361,True,10000.0,99,106,14.4494,43.2822,-1.5192,Dominant,-0.044385942995994,0.942658645556625,flat,DIEr,Dominant Isoform Erosion,trial_failure_explanation,SR
Oligodendrocyte,transcript111775.chr16.nnic,CMTR2,0.0033333333333333,0.2466666666666666,4.7524803073432535e-27,8.656969030435063e-26,True,-0.2433333333333333,CT_enriched,0.0346320346320346,True,462.0,1,37,0.0655,16.5291,-4.0402,Minor,-0.19551826516134,0.802470394965664,flat,MIEr,Minor Isoform Erosion,,SR
Oligodendrocyte,transcript223081.chr2.nic,CNOT11,0.2716981132075471,0.6443514644351465,3.51943906285385e-16,2.8883029058226386e-15,True,-0.3726533512275993,CT_enriched,0.0003330003330003,True,3003.0,72,154,14.6386,72.7097,-2.2367,Dominant,0.0037160111688078,0.997292608953302,flat,DIEr,Dominant Isoform Erosion,trial_failure_explanation,SR
Oligodendrocyte,CNOT11-201,CNOT11,0.6,0.3263598326359833,3.51943906285385e-16,2.8883029058226386e-15,True,0.2736401673640167,AD_enriched,0.0009990009990009,True,3003.0,159,78,44.9499,34.1342,0.3872,Minor,0.0037160111688078,0.997292608953302,flat,MIR,Minor Isoform Redistribution,new_target_candidate,SR
Oligodendrocyte,CNOT4-205,CNOT4,0.3588709677419355,0.0260869565217391,1.1774853282449582e-20,1.3988284781835885e-19,True,0.3327840112201964,AD_enriched,0.0318181818181818,True,220.0,89,3,22.7143,0.9161,3.6295,Minor,-0.041484225688125,0.926350751835363,flat,MIR,Minor Isoform Redistribution,new_target_candidate,SR
Oligodendrocyte,CNTN1-204,CNTN1,0.3716814159292035,0.0075187969924812,1.78792636808832e-14,1.2358508898467628e-13,True,0.3641626189367223,AD_enriched,0.0303030303030303,True,1287.0,42,1,3.651,0.2995,1.8396,Minor,0.113547426139409,0.954228066401174,flat,MIR,Minor Isoform Redistribution,new_target_candidate,SR
Oligodendrocyte,CNTN2-208,CNTN2,0.0276595744680851,0.4270833333333333,1.1161204332220628e-102,8.640632353860805e-100,True,-0.3994237588652482,CT_enriched,0.0091,True,10000.0,26,205,12.7169,95.5087,-2.8147,Dominant,-0.0741068403114612,0.833573098566401,flat,DIEr,Dominant Isoform Erosion,trial_failure_explanation,SR
Oligodendrocyte,CNTN2-201,CNTN2,0.4734042553191489,0.1854166666666666,1.1161204332220628e-102,8.640632353860805e-100,True,0.2879875886524823,AD_enriched,0.0465,True,10000.0,445,89,123.994,40.4817,1.5913,Minor,-0.0741068403114612,0.833573098566401,flat,MIR,Minor Isoform Redistribution,new_target_candidate,SR
Oligodendrocyte,COG4-222,COG4,0.2837370242214533,0.0662983425414364,1.0411993452652449e-17,9.595974124517981e-17,True,0.2174386816800169,AD_enriched,0.0357,True,10000.0,82,36,50.2399,27.1361,0.8648,Minor,-0.207205461686932,0.682607537395677,flat,MIR,Minor Isoform Redistribution,new_target_candidate,SR
Oligodendrocyte,COL4A5-202,COL4A5,0.4539682539682539,0.0606826801517067,1.8937785228419625e-73,4.398300619300457e-71,True,0.3932855738165472,AD_enriched,0.0105,True,10000.0,286,48,99.8193,23.6541,2.0319,Minor,0.15754215051768,0.734294138972854,flat,MIR,Minor Isoform Redistribution,new_target_candidate,SR
Oligodendrocyte,COPS7A-210,COPS7A,0.0838323353293413,0.3939393939393939,2.5025364616414573e-08,9.876195296792324e-08,True,-0.3101070586100526,CT_enriched,0.0419580419580419,True,2002.0,14,26,5.0782,15.9689,-1.4812,Minor,-0.6405292516333,0.321934006805117,down,MIDe,Minor Isoform Depletion,,SR
Oligodendrocyte,transcript177239.chr10.nic,CRTAC1,0.6666666666666666,0.0,2.1831886746193537e-18,2.1394327834613708e-17,True,0.6666666666666666,AD_enriched,0.0476190476190476,True,21.0,38,0,5.3921,0.0,2.6763,Minor,-0.405061562758301,0.779844736392228,flat,MIR,Minor Isoform Redistribution,new_target_candidate,SR
Oligodendrocyte,CRTAC1-203,CRTAC1,0.087719298245614,0.9272727272727272,2.1831886746193537e-18,2.1394327834613708e-17,True,-0.8395534290271133,CT_enriched,0.0476190476190476,True,21.0,5,51,4.9656,16.4043,-1.5447,Dominant,-0.405061562758301,0.779844736392228,flat,DIEr,Dominant Isoform Erosion,trial_failure_explanation,SR
Oligodendrocyte,CRTAP-201,CRTAP,0.6464646464646465,0.912621359223301,1.2893273508808518e-06,4.158976072806636e-06,True,-0.2661567127586545,CT_enriched,0.0189393939393939,True,792.0,128,94,17.5824,90.4328,-2.2988,Dominant,0.137289960579519,0.802837135569104,flat,DIEr,Dominant Isoform Erosion,trial_failure_explanation,SR
Oligodendrocyte,transcript48800.chr3.nnic,CRTAP,0.3535353535353535,0.087378640776699,1.2893273508808518e-06,4.158976072806636e-06,True,0.2661567127586545,AD_enriched,0.0189393939393939,True,792.0,70,9,19.112,8.6321,1.0621,Minor,0.137289960579519,0.802837135569104,flat,MIR,Minor Isoform Redistribution,new_target_candidate,SR
Oligodendrocyte,CTNND1-250,CTNND1,0.6447368421052632,0.1532258064516129,4.4896504218393984e-20,5.049497871536083e-19,True,0.4915110356536503,AD_enriched,0.0075757575757575,True,924.0,49,19,14.7981,7.4753,0.8984,Minor,0.154704613946813,0.785137788986351,flat,MIR,Minor Isoform Redistribution,new_target_candidate,SR
Oligodendrocyte,CTTN-202,CTTN,0.5384615384615384,0.8852459016393442,0.0002470635673669,0.0005834317592371,True,-0.3467843631778058,CT_enriched,0.003030303030303,True,330.0,42,54,11.7755,24.4459,-0.994,Dominant,-0.0559400800918194,0.900399118414971,flat,DIEr,Dominant Isoform Erosion,trial_failure_explanation,SR
Oligodendrocyte,CYBC1-241,CYBC1,0.6075949367088608,0.083743842364532,6.192216105330925e-49,4.793807301543691e-47,True,0.5238510943443287,AD_enriched,0.0189810189810189,True,3003.0,144,17,87.1798,9.5378,3.0649,Minor,-0.147769260428432,0.89684336595497,flat,MIR,Minor Isoform Redistribution,new_target_candidate,SR
Oligodendrocyte,transcript3160.chr19.nic,DAZAP1,0.2083333333333333,0.4626865671641791,0.0002228753324855,0.0005303565160836,True,-0.2543532338308458,CT_enriched,0.0499500499500499,True,2002.0,15,31,3.7852,11.1775,-1.3476,Dominant,0.137269583212285,0.791482129564307,flat,DIEr,Dominant Isoform Erosion,trial_failure_explanation,SR
Oligodendrocyte,DCAF11-217,DCAF11,0.6732673267326733,0.1666666666666666,9.844464807847356e-23,1.3409835493387385e-21,True,0.5066006600660067,AD_enriched,0.0397602397602397,True,5005.0,136,19,48.0596,14.0761,1.7023,Minor,-0.101546197235075,0.903502103812378,flat,MIR,Minor Isoform Redistribution,new_target_candidate,SR
Oligodendrocyte,DDX55-209,DDX55,0.3488372093023256,0.9,1.5500614958316793e-05,4.3452236862632166e-05,True,-0.5511627906976744,CT_enriched,0.05,True,120.0,15,27,9.8794,8.7455,0.1588,Dominant,0.128389808287703,0.888847410914326,flat,DIEr,Dominant Isoform Erosion,trial_failure_explanation,SR
Oligodendrocyte,DENND4A-202,DENND4A,0.1785095320623916,0.4402985074626865,2.0721349671362538e-49,1.7500121676996182e-47,True,-0.2617889754002949,CT_enriched,0.0313020313020313,True,3003.0,103,177,14.0993,75.8443,-2.3475,Dominant,0.310009946900172,0.528753447880394,flat,DIEr,Dominant Isoform Erosion,trial_failure_explanation,SR
Oligodendrocyte,DIS3-201,DIS3,0.7955555555555556,0.2040816326530612,1.1621497128321157e-29,2.5225165495818583e-28,True,0.5914739229024943,AD_enriched,0.0116,True,10000.0,179,30,35.7427,16.2938,1.0872,Minor,0.154726149381131,0.844462063750336,flat,MIR,Minor Isoform Redistribution,new_target_candidate,SR
Oligodendrocyte,DIS3-202,DIS3,0.1244444444444444,0.6530612244897959,1.1621497128321157e-29,2.5225165495818583e-28,True,-0.5286167800453515,CT_enriched,0.0171,True,10000.0,28,96,8.1769,66.3125,-2.8748,Dominant,0.154726149381131,0.844462063750336,flat,DIEr,Dominant Isoform Erosion,trial_failure_explanation,SR
Oligodendrocyte,DMAP1-214,DMAP1,0.4627659574468085,0.0168067226890756,3.136385554375252e-39,1.3244100818248222e-37,True,0.4459592347577329,AD_enriched,0.0395604395604395,True,1820.0,87,2,67.4442,0.6107,5.4092,Minor,-0.0249656621778819,0.980217044440052,flat,MIR,Minor Isoform Redistribution,new_target_candidate,SR
Oligodendrocyte,DMTF1-229,DMTF1,0.0674157303370786,0.3538461538461538,2.19032053498357e-25,3.6078152074463424e-24,True,-0.2864304235090752,CT_enriched,0.0036,True,10000.0,36,23,10.621,21.8157,-0.9733,Dominant,0.0509067478502057,0.913331037241526,flat,DIEr,Dominant Isoform Erosion,trial_failure_explanation,SR
Oligodendrocyte,DMTF1-227,DMTF1,0.2846441947565543,0.0307692307692307,2.19032053498357e-25,3.6078152074463424e-24,True,0.2538749639873235,AD_enriched,0.0327,True,10000.0,152,2,39.4163,0.599,4.6597,Minor,0.0509067478502057,0.913331037241526,flat,MIR,Minor Isoform Redistribution,new_target_candidate,SR
Oligodendrocyte,DNAJC27-201,DNAJC27,0.4442815249266862,0.2023809523809523,0.0001183509882368,0.0002925706973711,True,0.2419005725457339,AD_enriched,0.0,True,126.0,303,17,38.7586,5.4087,2.6332,Minor,0.0401575666046452,0.95689081100865,flat,MIR,Minor Isoform Redistribution,new_target_candidate,SR
Oligodendrocyte,DOCK1-201,DOCK1,0.7784064120697785,0.5573212258796821,5.343678243889684e-34,1.5227843829980108e-32,True,0.2210851861900963,AD_enriched,0.0011,True,10000.0,1651,491,766.8097,318.8175,1.2635,Dominant,0.0552810242002346,0.947260404020588,flat,DIR,Dominant Isoform Redistribution,,SR
Oligodendrocyte,DOCK1-206,DOCK1,0.2215935879302216,0.4426787741203178,5.343678243889684e-34,1.5227843829980108e-32,True,-0.2210851861900962,CT_enriched,0.0011,True,10000.0,470,390,279.8766,331.1082,-0.2417,Minor,0.0552810242002346,0.947260404020588,flat,MIEr,Minor Isoform Erosion,,SR
Oligodendrocyte,DOCK4-212,DOCK4,0.0990712074303405,0.4469026548672566,4.581058574048314e-19,4.781801590214476e-18,True,-0.3478314474369161,CT_enriched,0.0281274281274281,True,6435.0,32,101,14.1186,71.2807,-2.2573,Dominant,0.0386791517882071,0.956694279354036,flat,DIEr,Dominant Isoform Erosion,trial_failure_explanation,SR
Oligodendrocyte,DOCK7-229,DOCK7,0.0107913669064748,0.2916666666666667,8.906630297223388e-38,3.3363949782744066e-36,True,-0.2808752997601919,CT_enriched,0.0238095238095238,True,84.0,3,21,1.0066,26.8349,-3.7941,Minor,0.399325576136828,0.435960398926465,flat,MIEr,Minor Isoform Erosion,,SR
Oligodendrocyte,DPF3-209,DPF3,0.5572519083969466,0.160919540229885,1.9352069152245248e-10,9.286194340101151e-10,True,0.3963323681670616,AD_enriched,0.0349650349650349,True,715.0,73,14,50.4173,11.7262,2.0144,Minor,0.231714559097489,0.788748933951955,flat,MIR,Minor Isoform Redistribution,new_target_candidate,SR
Oligodendrocyte,DPH3-204,DPH3,0.8660287081339713,0.4875621890547263,5.065243636190404e-16,4.091835946105118e-15,True,0.3784665190792449,AD_enriched,0.0216450216450216,True,462.0,181,98,23.2221,33.1448,-0.4953,Minor,-0.742412434434345,0.213886869969653,down,MIC,Minor Isoform Concentration,new_target_candidate,SR
Oligodendrocyte,DPH3-202,DPH3,0.1339712918660287,0.5124378109452736,5.065243636190404e-16,4.091835946105118e-15,True,-0.3784665190792449,CT_enriched,0.0216450216450216,True,462.0,28,103,5.6082,49.8373,-2.9436,Dominant,-0.742412434434345,0.213886869969653,down,DIDe,Dominant Isoform Depletion,trial_failure_explanation,SR
Oligodendrocyte,DPP3-209,DPP3,0.3469387755102041,0.7948717948717948,6.989550416502179e-05,0.0001778009949871,True,-0.4479330193615907,CT_enriched,0.0178571428571428,True,56.0,17,31,1.5743,15.0717,-2.6423,Dominant,-0.477677750873668,0.682607537395677,flat,DIEr,Dominant Isoform Erosion,trial_failure_explanation,SR
Oligodendrocyte,DPP3-211,DPP3,0.6530612244897959,0.2051282051282051,6.989550416502179e-05,0.0001778009949871,True,0.4479330193615908,AD_enriched,0.0178571428571428,True,56.0,32,8,4.2583,3.3515,0.2731,Minor,-0.477677750873668,0.682607537395677,flat,MIR,Minor Isoform Redistribution,new_target_candidate,SR
Oligodendrocyte,transcript31963.chr2.nic,DPYSL5,0.2549019607843137,0.0309278350515463,8.592661514369524e-32,2.1230272730982163e-30,True,0.2239741257327674,AD_enriched,0.04004329004329,True,924.0,52,6,13.2161,3.6306,1.6182,Minor,-0.278078623196944,0.837391353391222,flat,MIR,Minor Isoform Redistribution,new_target_candidate,SR
Oligodendrocyte,DRG2-203,DRG2,0.3469387755102041,0.6987951807228916,5.285797947946374e-05,0.000137088394574,True,-0.3518564052126875,CT_enriched,0.0389610389610389,True,2002.0,34,58,13.1418,33.3707,-1.2812,Dominant,-0.307574959094009,0.620988411050978,flat,DIEr,Dominant Isoform Erosion,trial_failure_explanation,SR
Oligodendrocyte,DUSP18-201,DUSP18,0.5272727272727272,0.1578947368421052,6.0168293206351995e-09,2.5043165048701173e-08,True,0.369377990430622,AD_enriched,0.0372960372960372,True,3003.0,58,9,28.0391,2.7073,2.9696,Minor,-0.627080606091543,0.333531027702633,down,MIC,Minor Isoform Concentration,new_target_candidate,SR
Oligodendrocyte,EIF2AK2-213,EIF2AK2,0.4887892376681614,0.1752577319587628,4.5097590913316e-08,1.7255214974658385e-07,True,0.3135315057093986,AD_enriched,0.0139,True,10000.0,109,17,30.4078,5.2612,2.3266,Minor,0.0825121949873546,0.853831140451477,flat,MIR,Minor Isoform Redistribution,new_target_candidate,SR
Oligodendrocyte,EIF2AK2-201,EIF2AK2,0.452914798206278,0.8041237113402062,4.5097590913316e-08,1.7255214974658385e-07,True,-0.3512089131339282,CT_enriched,0.0258,True,10000.0,101,78,19.7268,80.3337,-1.9724,Dominant,0.0825121949873546,0.853831140451477,flat,DIEr,Dominant Isoform Erosion,trial_failure_explanation,SR
Oligodendrocyte,ELF2-201,ELF2,0.1172413793103448,0.5714285714285714,3.562244917640697e-13,2.230003725396367e-12,True,-0.4541871921182266,CT_enriched,0.0384615384615384,True,2002.0,17,40,6.3677,37.1455,-2.3722,Dominant,0.161744236262247,0.744409503073828,flat,DIEr,Dominant Isoform Erosion,trial_failure_explanation,SR
Oligodendrocyte,transcript91335.chr17.nic,EME1,0.3531598513011152,0.9,9.559874141295482e-10,4.340724866697706e-09,True,-0.5468401486988848,CT_enriched,0.0357142857142857,True,56.0,95,36,16.1873,15.8954,0.0247,Dominant,1.33134232386578,0.547256853290012,up,DIDi,Dominant Isoform Dilution,trial_failure_explanation,SR
Oligodendrocyte,transcript50202.chr2.nnic,EML4,0.5581395348837209,0.0,2.326510602717522e-29,4.934539611699949e-28,True,0.5581395348837209,AD_enriched,0.0444444444444444,True,45.0,96,0,57.0668,0.0,5.8596,Minor,0.206048091432062,0.725067818859875,flat,MIR,Minor Isoform Redistribution,new_target_candidate,SR
Oligodendrocyte,EMSY-219,EMSY,0.6847826086956522,0.336,2.9003848934870404e-15,2.1764600695068343e-14,True,0.3487826086956522,AD_enriched,0.0123626373626373,True,8008.0,189,84,76.9034,56.0448,0.4496,Minor,-0.0627569275574198,0.91987526108049,flat,MIR,Minor Isoform Redistribution,new_target_candidate,SR
Oligodendrocyte,EMSY-201,EMSY,0.2572463768115942,0.596,2.9003848934870404e-15,2.1764600695068343e-14,True,-0.3387536231884058,CT_enriched,0.0332167832167832,True,8008.0,71,149,25.2118,117.2566,-2.1736,Dominant,-0.0627569275574198,0.91987526108049,flat,DIEr,Dominant Isoform Erosion,trial_failure_explanation,SR
Oligodendrocyte,ENAH-203,ENAH,0.4343434343434343,0.9166666666666666,1.008641741521107e-09,4.561967759849606e-09,True,-0.4823232323232323,CT_enriched,0.0079365079365079,True,126.0,86,55,6.2482,19.1787,-1.4771,Dominant,0.18166019075243,0.65470508621113,flat,DIEr,Dominant Isoform Erosion,trial_failure_explanation,SR
Oligodendrocyte,transcript325983.chr1.nnic,ENAH,0.3535353535353535,0.0,1.008641741521107e-09,4.561967759849606e-09,True,0.3535353535353535,AD_enriched,0.0396825396825396,True,126.0,70,0,4.5838,0.0,2.4813,Minor,0.18166019075243,0.65470508621113,flat,MIR,Minor Isoform Redistribution,new_target_candidate,SR
Oligodendrocyte,ENPP5-201,ENPP5,0.1643835616438356,0.5918367346938775,3.513925505898047e-07,1.2063698429339564e-06,True,-0.4274531730500419,CT_enriched,0.0259740259740259,True,462.0,12,58,5.2156,44.3585,-2.8674,Dominant,-0.27907630048396,0.783048597969614,flat,DIEr,Dominant Isoform Erosion,trial_failure_explanation,SR
Oligodendrocyte,ENST00000422473,ENSG00000233393,0.3815028901734104,0.0551948051948051,1.897479590664018e-37,6.885775545808095e-36,True,0.3263080849786053,AD_enriched,0.0326340326340326,True,1287.0,66,17,18.9478,5.6206,1.5912,Minor,-0.102884670543511,0.936479141690801,flat,MIR,Minor Isoform Redistribution,new_target_candidate,SR
Oligodendrocyte,ENST00000522841,ENSG00000291073,0.3157894736842105,0.5477855477855478,1.4481733412180318e-16,1.2365377150657644e-15,True,-0.2319960741013372,CT_enriched,0.0383,True,10000.0,258,235,131.901,151.59,-0.1993,Dominant,0.0542081630939322,0.976484307673428,flat,DIEr,Dominant Isoform Erosion,trial_failure_explanation,SR
Oligodendrocyte,transcript98107.chr19.nnic,ENSG00000291089,0.95,0.0,2.2816146481533776e-14,1.5631415989192389e-13,True,0.95,AD_enriched,0.05,True,20.0,38,0,13.9844,0.0,3.9054,Minor,0.357016670753509,0.674488995756387,flat,MIR,Minor Isoform Redistribution,new_target_candidate,SR
Oligodendrocyte,ERCC4-215,ERCC4,0.2857142857142857,0.0458715596330275,2.0686742415846905e-11,1.0956661176922332e-10,True,0.2398427260812582,AD_enriched,0.0411810411810411,True,1287.0,26,5,11.4562,2.622,1.782,Minor,-0.0943403010979974,0.868653121812997,flat,MIR,Minor Isoform Redistribution,new_target_candidate,SR
Oligodendrocyte,ERCC6-219,ERCC6,0.0,0.2083333333333333,4.8131605665123895e-22,6.2977833328028266e-21,True,-0.2083333333333333,CT_enriched,0.0183982683982684,True,924.0,0,15,0.0,5.8075,-2.7671,Minor,-0.0440905127090288,0.972730959616119,flat,MIEr,Minor Isoform Erosion,,SR
Oligodendrocyte,ERCC6-201,ERCC6,0.8181818181818182,0.2638888888888889,4.8131605665123895e-22,6.2977833328028266e-21,True,0.5542929292929293,AD_enriched,0.0248917748917748,True,924.0,153,19,52.0178,17.2079,1.5419,Minor,-0.0440905127090288,0.972730959616119,flat,MIR,Minor Isoform Redistribution,new_target_candidate,SR
Oligodendrocyte,ERCC6-214,ERCC6,0.0320855614973262,0.3055555555555556,4.8131605665123895e-22,6.2977833328028266e-21,True,-0.2734699940582293,CT_enriched,0.0357142857142857,True,924.0,6,22,2.1041,31.4869,-3.3876,Dominant,-0.0440905127090288,0.972730959616119,flat,DIEr,Dominant Isoform Erosion,trial_failure_explanation,SR
Oligodendrocyte,FAAH-201,FAAH,0.928030303030303,0.6382978723404256,1.9025831372832802e-19,2.031608890271457e-18,True,0.2897324306898774,AD_enriched,0.0239316239316239,True,6435.0,245,60,67.2223,163.4105,-1.269,Dominant,0.101845116777835,0.922777847608281,flat,DIR,Dominant Isoform Redistribution,,SR
Oligodendrocyte,transcript83711.chr1.nnic,FAAH,0.0075757575757575,0.3297872340425531,1.9025831372832802e-19,2.031608890271457e-18,True,-0.3222114764667956,CT_enriched,0.0317016317016317,True,6435.0,2,31,1.0632,13.7021,-2.8331,Minor,0.101845116777835,0.922777847608281,flat,MIEr,Minor Isoform Erosion,,SR
Oligodendrocyte,transcript67394.chr11.nic,FADS2,0.9014778325123152,0.6329113924050633,1.646378733655074e-08,6.598299583975685e-08,True,0.2685664401072518,AD_enriched,0.0313686313686313,True,5005.0,183,100,75.8109,251.0629,-1.7144,Dominant,0.422720507042716,0.782862151776796,flat,DIR,Dominant Isoform Redistribution,,SR
Oligodendrocyte,FAM124A-202,FAM124A,0.6500777604976672,0.1666666666666666,2.0674887167260797e-38,8.00290424099387e-37,True,0.4834110938310005,AD_enriched,0.0208,True,10000.0,418,43,88.7712,19.5092,2.13,Minor,-0.0436564332975597,0.95275960029869,flat,MIR,Minor Isoform Redistribution,new_target_candidate,SR
Oligodendrocyte,FAM124A-204,FAM124A,0.2923794712286158,0.7558139534883721,2.0674887167260797e-38,8.00290424099387e-37,True,-0.4634344822597563,CT_enriched,0.0194,True,10000.0,188,195,70.643,163.8026,-1.2018,Dominant,-0.0436564332975597,0.95275960029869,flat,DIEr,Dominant Isoform Erosion,trial_failure_explanation,SR
Oligodendrocyte,FAM13C-204,FAM13C,0.3557046979865771,0.1160220994475138,1.5918823716731945e-14,1.1069301820991005e-13,True,0.2396825985390633,AD_enriched,0.0126,True,10000.0,106,21,51.5439,8.4348,2.4775,Minor,0.0976321159783087,0.877300245436604,flat,MIR,Minor Isoform Redistribution,new_target_candidate,SR
Oligodendrocyte,FAM50B-201,FAM50B,0.0875,0.6086956521739131,1.1864961374117134e-09,5.330052764291498e-09,True,-0.5211956521739131,CT_enriched,0.0129870129870129,True,462.0,7,28,2.0652,80.5258,-4.7332,Dominant,-0.582422771476545,0.779048664997321,flat,DIEr,Dominant Isoform Erosion,trial_failure_explanation,SR
Oligodendrocyte,FAM50B-202,FAM50B,0.9125,0.391304347826087,1.1864961374117134e-09,5.330052764291498e-09,True,0.521195652173913,AD_enriched,0.0129870129870129,True,462.0,73,18,28.871,39.5289,-0.4402,Minor,-0.582422771476545,0.779048664997321,flat,MIR,Minor Isoform Redistribution,new_target_candidate,SR
Oligodendrocyte,FAM76B-201,FAM76B,0.238095238095238,0.6097560975609756,2.953379577641618e-07,1.025295077589336e-06,True,-0.3716608594657375,CT_enriched,0.0419580419580419,True,1001.0,25,25,8.59,24.4561,-1.4084,Dominant,0.135444701473797,0.806186576759457,flat,DIEr,Dominant Isoform Erosion,trial_failure_explanation,SR
Oligodendrocyte,transcript151399.chr11.nnic,FAM76B,0.5428571428571428,0.048780487804878,2.953379577641618e-07,1.025295077589336e-06,True,0.4940766550522648,AD_enriched,0.0069930069930069,True,1001.0,57,2,15.1956,0.599,3.3404,Minor,0.135444701473797,0.806186576759457,flat,MIR,Minor Isoform Redistribution,new_target_candidate,SR
Oligodendrocyte,FAT4-204,FAT4,0.0,0.7533333333333333,2.668005526571495e-56,2.882066435098743e-54,True,-0.7533333333333333,CT_enriched,0.0443722943722943,True,924.0,0,113,0.0,611.6042,-9.2588,Dominant,0.0055527231124546,0.997292608953302,flat,DIEr,Dominant Isoform Erosion,trial_failure_explanation,SR
Oligodendrocyte,FAT4-202,FAT4,0.9956521739130436,0.22,2.668005526571495e-56,2.882066435098743e-54,True,0.7756521739130436,AD_enriched,0.0303030303030303,True,924.0,229,33,173.1241,69.7833,1.2986,Minor,0.0055527231124546,0.997292608953302,flat,MIR,Minor Isoform Redistribution,new_target_candidate,SR
Oligodendrocyte,FBXW7-204,FBXW7,0.2553191489361702,0.0427807486631016,1.823038000466394e-09,7.966144414079398e-09,True,0.2125384002730685,AD_enriched,0.0242424242424242,True,330.0,12,8,4.0288,3.5107,0.1569,Minor,0.220831931451939,0.671105736248274,flat,MIR,Minor Isoform Redistribution,new_target_candidate,SR
Oligodendrocyte,FBXW7-203,FBXW7,0.574468085106383,0.9411764705882352,1.823038000466394e-09,7.966144414079398e-09,True,-0.3667083854818521,CT_enriched,0.0272727272727272,True,330.0,27,176,39.98,82.2262,-1.0221,Dominant,0.220831931451939,0.671105736248274,flat,DIEr,Dominant Isoform Erosion,trial_failure_explanation,SR
Oligodendrocyte,transcript108478.chr11.nic,FCHSD2,0.5667655786350149,0.0,6.279081039080109e-46,3.94139613871988e-44,True,0.5667655786350149,AD_enriched,0.0027,True,10000.0,191,0,13.4395,0.0,3.852,Minor,0.0406325887688808,0.966638331551929,flat,MIR,Minor Isoform Redistribution,new_target_candidate,SR
Oligodendrocyte,FGD5-AS1-208,FGD5-AS1,0.330188679245283,0.7768595041322314,1.0858274096060629e-25,1.8340612064073315e-24,True,-0.4466708248869483,CT_enriched,0.0336330336330336,True,3003.0,105,188,20.2431,68.1275,-1.7023,Dominant,-0.258121027425131,0.61306188436464,flat,DIEr,Dominant Isoform Erosion,trial_failure_explanation,SR
Oligodendrocyte,FGFR2-204,FGFR2,0.0842696629213483,0.5934065934065934,1.6704830081997462e-18,1.6686867899113593e-17,True,-0.5091369304852451,CT_enriched,0.0116550116550116,True,1287.0,15,54,4.4695,81.2701,-3.9109,Dominant,0.149481144115269,0.710619276563551,flat,DIEr,Dominant Isoform Erosion,trial_failure_explanation,SR
Oligodendrocyte,FHL1-205,FHL1,0.0428571428571428,0.3151515151515151,1.358815553259405e-15,1.0590097726325392e-14,True,-0.2722943722943723,CT_enriched,0.0479520479520479,True,3003.0,9,52,1.4326,40.5012,-4.0926,Minor,-0.0476783115311125,0.978586005089992,flat,MIEr,Minor Isoform Erosion,,SR
Oligodendrocyte,FIGNL1-212,FIGNL1,0.1687116564417178,0.4705882352941176,3.681568982221401e-09,1.5674507719906886e-08,True,-0.3018765788523998,CT_enriched,0.0317460317460317,True,126.0,55,24,3.6016,7.2408,-0.8407,Dominant,-0.235765238726151,0.806861203041059,flat,DIEr,Dominant Isoform Erosion,trial_failure_explanation,SR
Oligodendrocyte,FKBP15-215,FKBP15,0.0619047619047619,0.2706270627062706,2.5739988691649816e-17,2.3081514956122275e-16,True,-0.2087223008015087,CT_enriched,0.0455544455544455,True,5005.0,26,82,4.5691,44.4132,-3.0276,Minor,0.0007183813169693,0.999610998918753,flat,MIEr,Minor Isoform Erosion,,SR
Oligodendrocyte,FLNB-227,FLNB,0.410828025477707,0.0168918918918918,1.5758793726204883e-101,1.045708526546024e-98,True,0.3939361335858152,AD_enriched,0.0119880119880119,True,8008.0,258,10,87.5189,2.9951,4.4697,Minor,-0.135448802211834,0.887232946632635,flat,MIR,Minor Isoform Redistribution,new_target_candidate,SR
Oligodendrocyte,FXR1-203,FXR1,0.5761904761904761,0.3747645951035782,5.479717579806626e-30,1.2178606774259226e-28,True,0.2014258810868979,AD_enriched,0.046,True,10000.0,605,199,175.1729,87.842,0.9877,Dominant,-0.26870900532428,0.334927548047074,flat,DIR,Dominant Isoform Redistribution,,SR
Oligodendrocyte,G2E3-201,G2E3,0.6623376623376623,0.3975903614457831,6.749614973509277e-05,0.000172074432228,True,0.2647473008918792,AD_enriched,0.0121212121212121,True,165.0,51,33,17.8729,10.5837,0.7042,Dominant,0.155158472083315,0.760798885372145,flat,DIR,Dominant Isoform Redistribution,,SR
Oligodendrocyte,GABPB1-AS1-208,GABPB1-AS1,0.3607038123167155,0.583941605839416,1.2649000659058399e-24,1.991681629197501e-23,True,-0.2232377935227005,CT_enriched,0.0494,True,10000.0,123,240,50.8691,140.7038,-1.4499,Dominant,0.177681389315945,0.78276223557374,flat,DIEr,Dominant Isoform Erosion,trial_failure_explanation,SR
Oligodendrocyte,GABPB1-AS1-206,GABPB1-AS1,0.4252199413489736,0.1630170316301703,1.2649000659058399e-24,1.991681629197501e-23,True,0.2622029097188033,AD_enriched,0.0029,True,10000.0,145,67,49.0887,37.7312,0.371,Minor,0.177681389315945,0.78276223557374,flat,MIR,Minor Isoform Redistribution,new_target_candidate,SR
Oligodendrocyte,GAN-203,GAN,0.081081081081081,0.7094594594594594,1.5448203971598803e-54,1.5945979432905877e-52,True,-0.6283783783783784,CT_enriched,0.0003330003330003,True,3003.0,24,210,11.8354,132.8643,-3.3826,Dominant,0.12472467677715,0.859423789543744,flat,DIEr,Dominant Isoform Erosion,trial_failure_explanation,SR
Oligodendrocyte,GAN-202,GAN,0.918918918918919,0.2905405405405405,1.5448203971598803e-54,1.5945979432905877e-52,True,0.6283783783783785,AD_enriched,0.0003330003330003,True,3003.0,272,86,44.5724,25.6618,0.7734,Minor,0.12472467677715,0.859423789543744,flat,MIR,Minor Isoform Redistribution,new_target_candidate,SR
Oligodendrocyte,GAPVD1-219,GAPVD1,0.3251533742331288,0.048780487804878,1.1637771518397807e-26,2.0632614008762529e-25,True,0.2763728864282508,AD_enriched,0.0302197802197802,True,8008.0,106,8,74.4024,2.5642,4.4029,Minor,0.1769610523267,0.633522532728849,flat,MIR,Minor Isoform Redistribution,new_target_candidate,SR
Oligodendrocyte,GAPVD1-201,GAPVD1,0.0736196319018405,0.4207317073170731,1.1637771518397807e-26,2.0632614008762529e-25,True,-0.3471120754152326,CT_enriched,0.031093906093906,True,8008.0,24,69,4.3744,61.2751,-3.5345,Dominant,0.1769610523267,0.633522532728849,flat,DIEr,Dominant Isoform Erosion,trial_failure_explanation,SR
Oligodendrocyte,GARS1-DT-216,GARS1-DT,0.2711864406779661,0.774390243902439,9.213727050963e-12,5.0055862165758046e-11,True,-0.503203803224473,CT_enriched,0.0056610056610056,True,3003.0,16,127,6.9038,39.3808,-2.3531,Dominant,-0.132812369446674,0.861624975388167,flat,DIEr,Dominant Isoform Erosion,trial_failure_explanation,SR
Oligodendrocyte,GATM-201,GATM,0.4902189781021898,0.7510259917920656,1.2678572227172099e-77,3.92613119968096e-75,True,-0.2608070136898758,CT_enriched,0.038,True,10000.0,1679,1098,681.1269,599.0586,0.1849,Dominant,-0.054235692584102,0.920247309561405,flat,DIEr,Dominant Isoform Erosion,trial_failure_explanation,SR
Oligodendrocyte,GIGYF2-201,GIGYF2,0.3263157894736842,0.7627118644067796,1.0020122912921804e-12,5.967111657759204e-12,True,-0.4363960749330954,CT_enriched,0.0365190365190365,True,6435.0,31,90,12.6838,115.2144,-3.0862,Dominant,0.143956793435578,0.766516573258127,flat,DIEr,Dominant Isoform Erosion,trial_failure_explanation,SR
Oligodendrocyte,GIGYF2-205,GIGYF2,0.3684210526315789,0.0677966101694915,1.0020122912921804e-12,5.967111657759204e-12,True,0.3006244424620874,AD_enriched,0.0041958041958041,True,6435.0,35,8,12.4586,8.4644,0.5079,Minor,0.143956793435578,0.766516573258127,flat,MIR,Minor Isoform Redistribution,new_target_candidate,SR
Oligodendrocyte,transcript104560.chr15.nic,GLCE,0.268041237113402,0.0063291139240506,1.3326878710124564e-25,2.2347780364089748e-24,True,0.2617121231893514,AD_enriched,0.0038850038850038,True,1287.0,52,1,9.0252,0.2923,2.9556,Minor,-0.0260722555721953,0.981973824953289,flat,MIR,Minor Isoform Redistribution,new_target_candidate,SR
Oligodendrocyte,GMPR2-201,GMPR2,0.6967741935483871,0.2204301075268817,5.856869728492073e-29,1.2199623268540671e-27,True,0.4763440860215054,AD_enriched,0.0279720279720279,True,286.0,108,41,36.4049,14.7144,1.2511,Minor,-0.337897559747491,0.75291266553643,flat,MIR,Minor Isoform Redistribution,new_target_candidate,SR
Oligodendrocyte,GOLGA3-220,GOLGA3,0.1831932773109243,0.7449392712550608,3.0082064279594886e-54,3.0376345343199618e-52,True,-0.5617459939441365,CT_enriched,0.0026,True,10000.0,109,184,216.2736,122.8457,0.811,Dominant,-0.137666525168026,0.860289063262507,flat,DIEr,Dominant Isoform Erosion,trial_failure_explanation,SR
Oligodendrocyte,GOLGA3-202,GOLGA3,0.6756302521008404,0.1740890688259109,3.0082064279594886e-54,3.0376345343199618e-52,True,0.5015411832749295,AD_enriched,0.0091,True,10000.0,402,43,171.08,34.73,2.2679,Minor,-0.137666525168026,0.860289063262507,flat,MIR,Minor Isoform Redistribution,new_target_candidate,SR
Oligodendrocyte,GOLGA8A-202,GOLGA8A,0.5121951219512195,1.0,4.669002825998544e-18,4.399090897923577e-17,True,-0.4878048780487805,CT_enriched,0.0164835164835164,True,364.0,105,112,62.2413,40.0123,0.6248,Dominant,0.414451783971632,0.858377000910829,flat,DIEr,Dominant Isoform Erosion,trial_failure_explanation,SR
Oligodendrocyte,GOLGA8A-205,GOLGA8A,0.473170731707317,0.0,4.669002825998544e-18,4.399090897923577e-17,True,0.473170731707317,AD_enriched,0.0219780219780219,True,364.0,97,0,82.6086,0.0,6.3856,Minor,0.414451783971632,0.858377000910829,flat,MIR,Minor Isoform Redistribution,new_target_candidate,SR
Oligodendrocyte,GORASP1-215,GORASP1,0.3064516129032258,0.0,1.2115488536906216e-26,2.1397887549022577e-25,True,0.3064516129032258,AD_enriched,0.0303030303030303,True,792.0,38,0,8.329,0.0,3.2217,Minor,-0.436569417826737,0.575239571849154,flat,MIR,Minor Isoform Redistribution,new_target_candidate,SR
Oligodendrocyte,GPBP1L1-202,GPBP1L1,0.5116279069767442,0.125,0.0001401810996051,0.0003434289069968,True,0.3866279069767442,AD_enriched,0.0380952380952381,True,210.0,22,4,2.5885,1.2097,0.6995,Minor,-0.168482075406325,0.620988411050978,flat,MIR,Minor Isoform Redistribution,new_target_candidate,SR
Oligodendrocyte,transcript25823.chr18.nnic,GREB1L,0.2362869198312236,0.0,2.18462018130412e-22,2.907610527838864e-21,True,0.2362869198312236,AD_enriched,0.0374625374625374,True,2002.0,56,0,3.6671,0.0,2.2225,Minor,0.121341007999233,0.923291225128641,flat,MIR,Minor Isoform Redistribution,new_target_candidate,SR
Oligodendrocyte,HBS1L-205,HBS1L,0.2894295302013422,0.6383928571428571,6.63133295752221e-47,4.338386139111364e-45,True,-0.3489633269415149,CT_enriched,0.035,True,10000.0,345,429,66.7797,152.9027,-1.1831,Dominant,0.0984688268729614,0.836499577323959,flat,DIEr,Dominant Isoform Erosion,trial_failure_explanation,SR
Oligodendrocyte,HBS1L-203,HBS1L,0.5511744966442953,0.2693452380952381,6.63133295752221e-47,4.338386139111364e-45,True,0.2818292585490572,AD_enriched,0.0438,True,10000.0,657,181,223.3577,84.2849,1.3954,Minor,0.0984688268729614,0.836499577323959,flat,MIR,Minor Isoform Redistribution,new_target_candidate,SR
Oligodendrocyte,transcript11931.chrX.nic,HCCS,0.1596638655462184,0.639344262295082,8.487167751068665e-14,5.552520310382247e-13,True,-0.4796803967488636,CT_enriched,0.0285714285714285,True,70.0,19,39,1.2442,14.9474,-2.8291,Dominant,-0.258242724698556,0.859937226104836,flat,DIEr,Dominant Isoform Erosion,trial_failure_explanation,SR
Oligodendrocyte,HECW2-214,HECW2,0.0462184873949579,0.475,5.333457280414091e-27,9.677308229501348e-26,True,-0.428781512605042,CT_enriched,0.0214,True,10000.0,11,57,6.3252,22.4531,-1.6788,Dominant,-0.0093966403689133,0.992175236159265,flat,DIEr,Dominant Isoform Erosion,trial_failure_explanation,SR
Oligodendrocyte,HELB-202,HELB,0.2121212121212121,0.0,1.0573350585737807e-27,2.0046209579898823e-26,True,0.2121212121212121,AD_enriched,0.0285714285714285,True,35.0,7,0,2.1407,0.0,1.6511,Minor,0.89578248399952,0.477430373581538,up,MIEx,Minor Isoform Expansion,new_target_candidate,SR
Oligodendrocyte,HERC4-202,HERC4,0.8291139240506329,0.1619047619047619,3.7659419243646135e-33,1.0289882493337428e-31,True,0.667209162145871,AD_enriched,0.0181818181818181,True,495.0,131,17,15.1903,5.0916,1.4102,Minor,-0.0588534008028126,0.91267779675804,flat,MIR,Minor Isoform Redistribution,new_target_candidate,SR
Oligodendrocyte,HGSNAT-201,HGSNAT,0.4380530973451327,0.0384615384615384,2.1762129294093394e-10,1.0399700676035372e-09,True,0.3995915588835943,AD_enriched,0.0454545454545454,True,220.0,99,3,49.1687,1.2228,4.4963,Minor,0.341199066890159,0.502379566735735,flat,MIR,Minor Isoform Redistribution,new_target_candidate,SR
Oligodendrocyte,HM13-223,HM13,0.6318681318681318,0.905,5.340627692048356e-09,2.2409408879462163e-08,True,-0.2731318681318682,CT_enriched,0.0066391941391941,True,4368.0,115,181,49.6864,106.4593,-1.0841,Dominant,-0.146866262771381,0.781333926235384,flat,DIEr,Dominant Isoform Erosion,trial_failure_explanation,SR
Oligodendrocyte,HNRNPH1-203,HNRNPH1,0.3288590604026846,0.0592885375494071,1.8177017552148487e-16,1.5295696835095966e-15,True,0.2695705228532775,AD_enriched,0.0228,True,10000.0,49,15,12.2985,8.4309,0.4958,Minor,-0.396939693802845,0.306769248887462,flat,MIR,Minor Isoform Redistribution,new_target_candidate,SR
Oligodendrocyte,HPS5-201,HPS5,0.3636363636363636,0.9696969696969696,2.527228957405665e-07,8.826299629435574e-07,True,-0.606060606060606,CT_enriched,0.0,True,70.0,16,32,4.193,10.2737,-1.1183,Dominant,0.0759117052022725,0.903502103812378,flat,DIEr,Dominant Isoform Erosion,trial_failure_explanation,SR
Oligodendrocyte,transcript26405.chr11.nnic,HPS5,0.5681818181818182,0.0,2.527228957405665e-07,8.826299629435574e-07,True,0.5681818181818182,AD_enriched,0.0142857142857142,True,70.0,25,0,9.7696,0.0,3.4289,Minor,0.0759117052022725,0.903502103812378,flat,MIR,Minor Isoform Redistribution,new_target_candidate,SR
Oligodendrocyte,transcript150699.chrX.nic,HTATSF1,0.2655367231638418,0.0,2.068906942354316e-64,4.004196978014915e-62,True,0.2655367231638418,AD_enriched,0.0069930069930069,True,1287.0,188,0,22.1683,0.0,4.5341,Minor,-0.177937202047141,0.79939029321696,flat,MIR,Minor Isoform Redistribution,new_target_candidate,SR
Oligodendrocyte,HYCC1-204,HYCC1,0.7647058823529411,0.1724137931034483,5.32822417857307e-35,1.586512904453328e-33,True,0.5922920892494928,AD_enriched,0.0413336663336663,True,8008.0,143,45,63.918,25.1167,1.3136,Minor,0.0370338726182688,0.964687347808082,flat,MIR,Minor Isoform Redistribution,new_target_candidate,SR
Oligodendrocyte,HYCC1-207,HYCC1,0.2299465240641711,0.8237547892720306,5.32822417857307e-35,1.586512904453328e-33,True,-0.5938082652078596,CT_enriched,0.0434565434565434,True,8008.0,43,215,11.2944,74.9454,-2.627,Dominant,0.0370338726182688,0.964687347808082,flat,DIEr,Dominant Isoform Erosion,trial_failure_explanation,SR
Oligodendrocyte,IARS1-227,IARS1,0.25,0.028169014084507,1.0329432051580836e-13,6.7199176301951e-13,True,0.221830985915493,AD_enriched,0.0265734265734265,True,715.0,19,2,4.8632,0.6107,1.864,Minor,0.0485906762873271,0.930745233369798,flat,MIR,Minor Isoform Redistribution,new_target_candidate,SR
Oligodendrocyte,ICE2-201,ICE2,0.1132075471698113,0.5757575757575758,3.387570030587514e-24,5.2450875973596683e-23,True,-0.4625500285877645,CT_enriched,0.0335497835497835,True,924.0,30,95,3.9905,28.4503,-2.561,Dominant,0.0361670197825276,0.953532607824317,flat,DIEr,Dominant Isoform Erosion,trial_failure_explanation,SR
Oligodendrocyte,ICE2-203,ICE2,0.7245283018867924,0.3696969696969697,3.387570030587514e-24,5.2450875973596683e-23,True,0.3548313321898227,AD_enriched,0.0216450216450216,True,924.0,192,61,32.3417,20.4038,0.6395,Minor,0.0361670197825276,0.953532607824317,flat,MIR,Minor Isoform Redistribution,new_target_candidate,SR
Oligodendrocyte,ILF3-216,ILF3,0.1770833333333333,0.58125,9.77418279475951e-21,1.1641302328630241e-19,True,-0.4041666666666668,CT_enriched,0.0013,True,10000.0,51,93,15.7209,58.6521,-1.8349,Dominant,0.110472514591634,0.837391353391222,flat,DIEr,Dominant Isoform Erosion,trial_failure_explanation,SR
Oligodendrocyte,ILF3-207,ILF3,0.5798611111111112,0.28125,9.77418279475951e-21,1.1641302328630241e-19,True,0.2986111111111111,AD_enriched,0.0161,True,10000.0,167,45,126.6575,69.4214,0.8582,Minor,0.110472514591634,0.837391353391222,flat,MIR,Minor Isoform Redistribution,new_target_candidate,SR
Oligodendrocyte,INTS14-217,INTS14,0.6938775510204082,0.0857142857142857,2.1955747848787258e-17,1.984133244311611e-16,True,0.6081632653061224,AD_enriched,0.0428571428571428,True,210.0,68,6,13.5893,1.7753,2.3942,Minor,0.201830398353147,0.697842426262519,flat,MIR,Minor Isoform Redistribution,new_target_candidate,SR
Oligodendrocyte,transcript158592.chr5.nic,ISOC1,0.3360655737704918,0.0,1.2976850566436489e-17,1.184233219667927e-16,True,0.3360655737704918,AD_enriched,0.0178571428571428,True,56.0,41,0,4.3659,0.0,2.4238,Minor,-0.652665296362814,0.410245581954811,down,MIC,Minor Isoform Concentration,new_target_candidate,SR
Oligodendrocyte,ISOC1-201,ISOC1,0.6639344262295082,1.0,1.2976850566436489e-17,1.184233219667927e-16,True,-0.3360655737704918,CT_enriched,0.0178571428571428,True,56.0,81,197,15.4593,75.5121,-2.2168,Dominant,-0.652665296362814,0.410245581954811,down,DIDe,Dominant Isoform Depletion,trial_failure_explanation,SR
Oligodendrocyte,transcript13360.chr2.nic,ITGB1BP1,0.0,0.3829787234042553,1.9610456496507707e-11,1.0422262062503236e-10,True,-0.3829787234042553,CT_enriched,0.0303030303030303,True,924.0,0,18,0.0,8.8705,-3.3031,Dominant,-0.304362676688165,0.519254665657603,flat,DIEr,Dominant Isoform Erosion,trial_failure_explanation,SR
Oligodendrocyte,JRK-209,JRK,0.0351758793969849,0.2577319587628865,7.380932092327135e-13,4.481624780243077e-12,True,-0.2225560793659016,CT_enriched,0.0343822843822843,True,1716.0,7,25,2.5788,10.5366,-1.6887,Minor,0.0540426254960925,0.964535176615512,flat,MIEr,Minor Isoform Erosion,,SR
Oligodendrocyte,JRK-203,JRK,0.964824120603015,0.6494845360824743,7.380932092327135e-13,4.481624780243077e-12,True,0.3153395845205408,AD_enriched,0.0215617715617715,True,1716.0,192,63,82.3827,39.1882,1.053,Dominant,0.0540426254960925,0.964535176615512,flat,DIR,Dominant Isoform Redistribution,,SR
Oligodendrocyte,KAT6A-211,KAT6A,0.1365705614567526,0.3777777777777777,6.235669169370444e-37,2.228052560901978e-35,True,-0.2412072163210251,CT_enriched,0.0104,True,10000.0,90,102,41.2104,53.8868,-0.3789,Minor,0.141194783665384,0.807899953042686,flat,MIEr,Minor Isoform Erosion,,SR
Oligodendrocyte,KCNK10-203,KCNK10,0.3333333333333333,0.654639175257732,2.384039558016413e-09,1.0339742060678094e-08,True,-0.3213058419243986,CT_enriched,0.0469530469530469,True,3003.0,62,127,38.3892,45.9471,-0.2532,Dominant,0.650053529251037,0.335947135772319,up,DIDi,Dominant Isoform Dilution,trial_failure_explanation,SR
Oligodendrocyte,KIAA0319L-201,KIAA0319L,0.2644067796610169,0.71900826446281,5.870168756134247e-31,1.3983043011406965e-29,True,-0.4546014848017931,CT_enriched,0.0409590409590409,True,1001.0,78,87,26.0377,28.6321,-0.1322,Dominant,0.0881169387007467,0.854312675681753,flat,DIEr,Dominant Isoform Erosion,trial_failure_explanation,SR
Oligodendrocyte,KIAA1755-201,KIAA1755,0.2513368983957219,0.8929765886287625,2.9651001922120984e-62,4.9188894260089996e-60,True,-0.6416396902330406,CT_enriched,0.0429570429570429,True,3003.0,94,267,23.4795,99.7469,-2.0411,Dominant,-0.0710097226258195,0.931774736908333,flat,DIEr,Dominant Isoform Erosion,trial_failure_explanation,SR
Oligodendrocyte,KIAA2026-201,KIAA2026,0.3243243243243243,0.6534653465346535,3.3268123023053656e-10,1.5624917233780003e-09,True,-0.3291410222103292,CT_enriched,0.0447552447552447,True,715.0,36,66,21.6089,23.3674,-0.1081,Dominant,0.0945273786679418,0.871786478707613,flat,DIEr,Dominant Isoform Erosion,trial_failure_explanation,SR
Oligodendrocyte,KIF2A-220,KIF2A,0.7023255813953488,0.1138211382113821,9.041452788403356e-38,3.359803856170687e-36,True,0.5885044431839668,AD_enriched,0.0349650349650349,True,3003.0,151,14,24.0073,43.0577,-0.817,Minor,0.0484933507842246,0.936620390103636,flat,MIR,Minor Isoform Redistribution,new_target_candidate,SR
Oligodendrocyte,KIF5A-204,KIF5A,0.4230769230769231,0.0166666666666666,4.156791842321422e-12,2.326300976817229e-11,True,0.4064102564102564,AD_enriched,0.003030303030303,True,330.0,22,2,7.3475,2.586,1.219,Minor,0.0049958923342812,0.998017260039811,flat,MIR,Minor Isoform Redistribution,new_target_candidate,SR
Oligodendrocyte,KIF5A-202,KIF5A,0.5,0.9166666666666666,4.156791842321422e-12,2.326300976817229e-11,True,-0.4166666666666666,CT_enriched,0.0333333333333333,True,330.0,26,110,20.7966,38.6068,-0.8616,Dominant,0.0049958923342812,0.998017260039811,flat,DIEr,Dominant Isoform Erosion,trial_failure_explanation,SR
Oligodendrocyte,KIF5C-234,KIF5C,0.0697674418604651,0.3246753246753247,3.202403825915772e-28,6.3030363438045606e-27,True,-0.2549078828148595,CT_enriched,0.0469114219114219,True,3432.0,18,25,2.899,9.5987,-1.4427,Dominant,-0.0773754799621696,0.883968778091346,flat,DIEr,Dominant Isoform Erosion,trial_failure_explanation,SR
Oligodendrocyte,KLF3-AS1-201,KLF3-AS1,0.75,0.9714285714285714,0.0213729387993643,0.0370852823022217,True,-0.2214285714285714,CT_enriched,0.0212121212121212,True,330.0,42,34,12.1837,11.0626,0.1282,Dominant,0.502540353418982,0.144716398482672,flat,DIEr,Dominant Isoform Erosion,trial_failure_explanation,SR
Oligodendrocyte,KLF3-AS1-214,KLF3-AS1,0.2321428571428571,0.0285714285714285,0.0213729387993643,0.0370852823022217,True,0.2035714285714286,AD_enriched,0.0454545454545454,True,330.0,13,1,6.054,0.2923,2.4485,Minor,0.502540353418982,0.144716398482672,flat,MIR,Minor Isoform Redistribution,new_target_candidate,SR
Oligodendrocyte,LAMTOR3-202,LAMTOR3,0.2575757575757575,0.9482758620689656,6.296279243020078e-14,4.178031011975466e-13,True,-0.6907001044932082,CT_enriched,0.0396825396825396,True,126.0,17,55,2.9117,24.312,-2.694,Dominant,-0.0770902353334608,0.912536986281657,flat,DIEr,Dominant Isoform Erosion,trial_failure_explanation,SR
Oligodendrocyte,LAP3-201,LAP3,0.2522522522522522,0.691358024691358,8.57598925352191e-12,4.664574951125208e-11,True,-0.4391057724391058,CT_enriched,0.0476190476190476,True,210.0,28,112,3.4811,33.4777,-2.9437,Dominant,-0.437797529192524,0.438453624845511,flat,DIEr,Dominant Isoform Erosion,trial_failure_explanation,SR
Oligodendrocyte,transcript31883.chr4.nic,LAP3,0.7387387387387387,0.3024691358024691,8.57598925352191e-12,4.664574951125208e-11,True,0.4362696029362696,AD_enriched,0.0476190476190476,True,210.0,82,49,21.8646,16.6186,0.376,Minor,-0.437797529192524,0.438453624845511,flat,MIR,Minor Isoform Redistribution,new_target_candidate,SR
Oligodendrocyte,LATS1-202,LATS1,0.6221562809099901,0.8390804597701149,4.882020022837279e-13,3.007557427861955e-12,True,-0.2169241788601248,CT_enriched,0.0475,True,10000.0,629,292,283.3331,238.7041,0.2463,Dominant,0.0949263190631588,0.882107299370888,flat,DIEr,Dominant Isoform Erosion,trial_failure_explanation,SR
Oligodendrocyte,LEMD3-201,LEMD3,0.594059405940594,0.8522727272727273,0.0001711010181291,0.0004124360296886,True,-0.2582133213321332,CT_enriched,0.0199800199800199,True,2002.0,60,75,23.2291,30.1416,-0.3621,Dominant,0.0225488910024653,0.973035102671041,flat,DIEr,Dominant Isoform Erosion,trial_failure_explanation,SR
Oligodendrocyte,transcript90801.chr12.nic,LEMD3,0.4059405940594059,0.1477272727272727,0.0001711010181291,0.0004124360296886,True,0.2582133213321332,AD_enriched,0.0199800199800199,True,2002.0,41,13,13.8302,3.8647,1.6081,Minor,0.0225488910024653,0.973035102671041,flat,MIR,Minor Isoform Redistribution,new_target_candidate,SR
Oligodendrocyte,LIG1-201,LIG1,0.0857142857142857,0.5234375,7.993214107406875e-24,1.2093967273258937e-22,True,-0.4377232142857143,CT_enriched,0.0469530469530469,True,3003.0,27,67,11.0143,33.6275,-1.5272,Dominant,0.12589599368872,0.913331037241526,flat,DIEr,Dominant Isoform Erosion,trial_failure_explanation,SR
Oligodendrocyte,LIG4-213,LIG4,0.0017699115044247,0.4943820224719101,1.5232745894851833e-93,7.075610468158676e-91,True,-0.4926121109674854,CT_enriched,0.0277777777777777,True,792.0,1,44,0.1419,16.9391,-3.9736,Dominant,-0.259631180880844,0.725067818859875,flat,DIEr,Dominant Isoform Erosion,trial_failure_explanation,SR
Oligodendrocyte,LIG4-201,LIG4,0.9380530973451328,0.1573033707865168,1.5232745894851833e-93,7.075610468158676e-91,True,0.780749726558616,AD_enriched,0.0037878787878787,True,792.0,530,14,68.4669,4.179,3.7456,Minor,-0.259631180880844,0.725067818859875,flat,MIR,Minor Isoform Redistribution,new_target_candidate,SR
Oligodendrocyte,LINC00877-215,LINC00877,0.0136363636363636,0.3333333333333333,2.150540671385465e-21,2.7071169156058223e-20,True,-0.3196969696969697,CT_enriched,0.0,True,70.0,3,12,0.4257,3.5669,-1.6795,Dominant,0.270024406418146,0.801267603777157,flat,DIEr,Dominant Isoform Erosion,trial_failure_explanation,SR
Oligodendrocyte,LINC02610-207,LINC02610,0.4349315068493151,0.948948948948949,4.492159691775266e-44,2.544644118084892e-42,True,-0.514017442099634,CT_enriched,0.0334665334665334,True,2002.0,127,316,28.5064,174.5158,-2.5725,Dominant,-0.505291609058862,0.685220163994018,flat,DIEr,Dominant Isoform Erosion,trial_failure_explanation,SR
Oligodendrocyte,LINC02610-205,LINC02610,0.2705479452054795,0.0,4.492159691775266e-44,2.544644118084892e-42,True,0.2705479452054795,AD_enriched,0.0339660339660339,True,2002.0,79,0,40.3868,0.0,5.3711,Minor,-0.505291609058862,0.685220163994018,flat,MIR,Minor Isoform Redistribution,new_target_candidate,SR
Oligodendrocyte,LRCH3-204,LRCH3,0.4431818181818182,0.96,6.325802926643551e-11,3.2077898028667336e-10,True,-0.5168181818181818,CT_enriched,0.0238095238095238,True,126.0,39,72,8.5932,42.0733,-2.1667,Dominant,0.123334274940216,0.78631700185559,flat,DIEr,Dominant Isoform Erosion,trial_failure_explanation,SR
Oligodendrocyte,transcript9764.chr1.nnic,LRRC47,0.0229007633587786,0.5284552845528455,1.0655181985679929e-18,1.0806401817354425e-17,True,-0.505554521194067,CT_enriched,0.0476190476190476,True,126.0,3,65,0.6576,32.8374,-4.3514,Dominant,-0.131904596486803,0.837391353391222,flat,DIEr,Dominant Isoform Erosion,trial_failure_explanation,SR
Oligodendrocyte,LRRC4C-201,LRRC4C,0.9178082191780822,0.3877551020408163,1.054090557579977e-15,8.341142487153309e-15,True,0.5300531171372659,AD_enriched,0.0043290043290043,True,462.0,134,19,75.9553,26.3177,1.4942,Minor,0.108891964181359,0.890126014922625,flat,MIR,Minor Isoform Redistribution,new_target_candidate,SR
Oligodendrocyte,LRRC4C-202,LRRC4C,0.0547945205479452,0.5918367346938775,1.054090557579977e-15,8.341142487153309e-15,True,-0.5370422141459323,CT_enriched,0.0043290043290043,True,462.0,8,29,2.2898,56.3551,-4.1238,Dominant,0.108891964181359,0.890126014922625,flat,DIEr,Dominant Isoform Erosion,trial_failure_explanation,SR
Oligodendrocyte,LTBP3-202,LTBP3,0.8606811145510835,0.5106382978723404,1.072579569225109e-07,3.898381924139773e-07,True,0.3500428166787431,AD_enriched,0.0086580086580086,True,462.0,278,24,100.8354,12.0298,2.9664,Dominant,0.0051686216013957,0.997292608953302,flat,DIR,Dominant Isoform Redistribution,,SR
Oligodendrocyte,LTBP3-222,LTBP3,0.0959752321981424,0.2978723404255319,1.072579569225109e-07,3.898381924139773e-07,True,-0.2018971082273895,CT_enriched,0.0389610389610389,True,462.0,31,14,19.1835,50.2066,-1.3432,Minor,0.0051686216013957,0.997292608953302,flat,MIEr,Minor Isoform Erosion,,SR
Oligodendrocyte,transcript1117.chr16.nnic,LUC7L,0.0104166666666666,0.2653061224489796,1.9669364225914606e-10,9.418989363852923e-10,True,-0.254889455782313,CT_enriched,0.0214646464646464,True,792.0,1,13,0.1419,3.9521,-2.1166,Dominant,0.368069578372101,0.516491633114594,flat,DIEr,Dominant Isoform Erosion,trial_failure_explanation,SR
Oligodendrocyte,MAGI2-212,MAGI2,0.1616766467065868,0.6506024096385542,4.765262584050158e-13,2.943436795600131e-12,True,-0.4889257629319674,CT_enriched,0.0103,True,10000.0,27,54,12.0705,18.5552,-0.5812,Dominant,0.063422193778016,0.922777847608281,flat,DIEr,Dominant Isoform Erosion,trial_failure_explanation,SR
Oligodendrocyte,MAN1B1-209,MAN1B1,0.2875816993464052,0.001466275659824,7.016291704316231e-58,7.948945113792411e-56,True,0.2861154236865812,AD_enriched,0.0244,True,10000.0,88,1,34.9984,0.3054,4.7854,Minor,0.078671473481802,0.932730761916747,flat,MIR,Minor Isoform Redistribution,new_target_candidate,SR
Oligodendrocyte,MAN2B1-203,MAN2B1,0.5901639344262295,0.9545454545454546,3.666470170196286e-07,1.2550297671747786e-06,True,-0.3643815201192251,CT_enriched,0.05,True,120.0,72,63,11.6257,25.4913,-1.0692,Dominant,0.0225352392865341,0.978604276739444,flat,DIEr,Dominant Isoform Erosion,trial_failure_explanation,SR
Oligodendrocyte,MAP3K1-201,MAP3K1,0.053763440860215,0.631578947368421,4.8082116685532685e-14,3.218176253664255e-13,True,-0.577815506508206,CT_enriched,0.05,True,20.0,5,36,2.0581,12.0549,-2.0939,Dominant,0.0855622730038856,0.941103355374783,flat,DIEr,Dominant Isoform Erosion,trial_failure_explanation,SR
Oligodendrocyte,MATN2-216,MATN2,0.6875,0.0625,1.1010567838516156e-12,6.506881375306303e-12,True,0.625,AD_enriched,0.0161616161616161,True,495.0,44,3,5.979,0.9044,1.8737,Minor,0.0268402669429035,0.979767395653388,flat,MIR,Minor Isoform Redistribution,new_target_candidate,SR
Oligodendrocyte,MBD5-210,MBD5,0.0,0.4516129032258064,4.3028480662195575e-11,2.220747696398872e-10,True,-0.4516129032258064,CT_enriched,0.0178571428571428,True,56.0,0,14,0.0,4.1573,-2.3666,Minor,0.0966547054829605,0.878957619501946,flat,MIEr,Minor Isoform Erosion,,SR
Oligodendrocyte,MBD5-233,MBD5,0.967741935483871,0.5483870967741935,4.3028480662195575e-11,2.220747696398872e-10,True,0.4193548387096775,AD_enriched,0.0357142857142857,True,56.0,90,17,62.2945,6.6071,3.0567,Dominant,0.0966547054829605,0.878957619501946,flat,DIR,Dominant Isoform Redistribution,,SR
Oligodendrocyte,MCCC2-231,MCCC2,0.008695652173913,0.2361111111111111,4.3818614226670724e-07,1.4889353553978455e-06,True,-0.2274154589371981,CT_enriched,0.0428571428571428,True,210.0,1,17,0.0655,5.1618,-2.5319,Minor,0.0926122219968384,0.864750665438436,flat,MIEr,Minor Isoform Erosion,,SR
Oligodendrocyte,MCM3AP-204,MCM3AP,0.0051413881748071,0.2333333333333333,1.4176351673740793e-21,1.814026267893278e-20,True,-0.2281919451585262,CT_enriched,0.0442890442890442,True,3003.0,2,28,0.2838,8.1838,-2.8387,Minor,0.254988779003206,0.697865677100479,flat,MIEr,Minor Isoform Erosion,,SR
Oligodendrocyte,MCM4-216,MCM4,0.0138888888888888,0.25,3.369469630817414e-07,1.161929208251439e-06,True,-0.2361111111111112,CT_enriched,0.0134032634032634,True,1716.0,2,11,0.6735,23.8883,-3.8945,Minor,0.166390417370604,0.878286018389314,flat,MIEr,Minor Isoform Erosion,,SR
Oligodendrocyte,MEAF6-204,MEAF6,0.0862068965517241,0.5135135135135135,1.992182696977911e-05,5.497912340402568e-05,True,-0.4273066169617894,CT_enriched,0.0252525252525252,True,792.0,5,19,1.0919,18.6996,-3.2352,Dominant,-0.0041581057916304,0.997292608953302,flat,DIEr,Dominant Isoform Erosion,trial_failure_explanation,SR
Oligodendrocyte,MEF2C-217,MEF2C,0.4598930481283422,0.0,1.4968609119392034e-15,1.1607544133485141e-14,True,0.4598930481283422,AD_enriched,0.0169830169830169,True,1001.0,86,0,20.3591,0.0,4.4168,Minor,0.8507854479851,0.620988411050978,up,MIEx,Minor Isoform Expansion,new_target_candidate,SR
Oligodendrocyte,MEGF10-203,MEGF10,0.9859154929577464,0.5227272727272727,2.950399586039652e-15,2.206860881989401e-14,True,0.4631882202304737,AD_enriched,0.019047619047619,True,210.0,140,23,89.9875,11.4158,2.8735,Dominant,-0.0178903134348628,0.983754945239023,flat,DIR,Dominant Isoform Redistribution,,SR
Oligodendrocyte,transcript156309.chr5.nnic,MEGF10,0.0140845070422535,0.4772727272727273,2.950399586039652e-15,2.206860881989401e-14,True,-0.4631882202304738,CT_enriched,0.019047619047619,True,210.0,2,21,0.5971,7.4272,-2.3996,Minor,-0.0178903134348628,0.983754945239023,flat,MIEr,Minor Isoform Erosion,,SR
Oligodendrocyte,MIGA2-203,MIGA2,0.2297297297297297,0.0,2.087231772634783e-06,6.564110754156105e-06,True,0.2297297297297297,AD_enriched,0.0158730158730158,True,252.0,17,0,8.3706,0.0,3.2281,Minor,0.0126204753285542,0.995260734831888,flat,MIR,Minor Isoform Redistribution,new_target_candidate,SR
Oligodendrocyte,MIR100HG-297,MIR100HG,0.3072916666666667,0.0238095238095238,1.3889191800852158e-58,1.6542383567938018e-56,True,0.2834821428571429,AD_enriched,0.0173160173160173,True,3003.0,59,6,21.7053,1.9608,2.939,Minor,0.177816360894406,0.622250064967155,flat,MIR,Minor Isoform Redistribution,new_target_candidate,SR
Oligodendrocyte,MIR100HG-209,MIR100HG,0.25,0.0079365079365079,1.3889191800852158e-58,1.6542383567938018e-56,True,0.2420634920634921,AD_enriched,0.0179820179820179,True,3003.0,48,2,10.5943,0.599,2.8582,Minor,0.177816360894406,0.622250064967155,flat,MIR,Minor Isoform Redistribution,new_target_candidate,SR
Oligodendrocyte,MOB3C-202,MOB3C,0.4242424242424242,1.0,5.054548120448242e-10,2.345492109838369e-09,True,-0.5757575757575758,CT_enriched,0.0,True,10.0,14,59,7.8107,17.2444,-1.0501,Dominant,-0.106381385254606,,flat,DIEr,Dominant Isoform Erosion,trial_failure_explanation,SR
Oligodendrocyte,transcript124454.chrX.nnic,MORC4,0.5904059040590406,0.0,2.542636317835612e-34,7.335742668538145e-33,True,0.5904059040590406,AD_enriched,0.0178571428571428,True,56.0,160,0,14.6866,0.0,3.9715,Minor,-0.22975055224176,0.58904528705093,flat,MIR,Minor Isoform Redistribution,new_target_candidate,SR
Oligodendrocyte,MORC4-202,MORC4,0.3505535055350554,0.9928057553956836,2.542636317835612e-34,7.335742668538145e-33,True,-0.6422522498606282,CT_enriched,0.0178571428571428,True,56.0,95,138,10.3699,40.851,-1.88,Dominant,-0.22975055224176,0.58904528705093,flat,DIEr,Dominant Isoform Erosion,trial_failure_explanation,SR
Oligodendrocyte,MPRIP-219,MPRIP,0.0054347826086956,0.2264150943396226,1.85905411061058e-15,1.4210829654292811e-14,True,-0.220980311730927,CT_enriched,0.0253080253080253,True,3003.0,1,12,0.2192,5.3385,-2.3782,Minor,0.0500311440104079,0.95307704083911,flat,MIEr,Minor Isoform Erosion,,SR
Oligodendrocyte,MRFAP1-201,MRFAP1,0.3270042194092827,0.0888888888888888,8.197515588768763e-13,4.938710753544865e-12,True,0.2381153305203939,AD_enriched,0.0172,True,10000.0,155,24,39.1215,15.7442,1.2607,Minor,-0.497180231665706,0.77039177826528,flat,MIR,Minor Isoform Redistribution,new_target_candidate,SR
Oligodendrocyte,MRFAP1-202,MRFAP1,0.5864978902953587,0.8296296296296296,8.197515588768763e-13,4.938710753544865e-12,True,-0.2431317393342709,CT_enriched,0.0314,True,10000.0,278,224,73.5043,120.1448,-0.7013,Dominant,-0.497180231665706,0.77039177826528,flat,DIEr,Dominant Isoform Erosion,trial_failure_explanation,SR
Oligodendrocyte,transcript228230.chr3.nnic,MRPL3,0.0,0.25,0.0004287944770593,0.0009720597100735,True,-0.25,CT_enriched,0.0476190476190476,True,126.0,0,9,0.0,3.8331,-2.273,Minor,-0.0086625520770102,0.992351677292037,flat,MIEr,Minor Isoform Erosion,,SR
Oligodendrocyte,MRPS22-210,MRPS22,0.0258064516129032,0.2913385826771653,1.2344795016233062e-10,6.035955036884482e-10,True,-0.2655321310642621,CT_enriched,0.0371628371628371,True,5005.0,4,37,1.4026,27.6727,-3.577,Minor,0.296111972403662,0.721689621867824,flat,MIEr,Minor Isoform Erosion,,SR
Oligodendrocyte,transcript11591.chr13.nnic,MTIF3,0.8468468468468469,0.046875,5.953027224345951e-41,2.6846418890375687e-39,True,0.7999718468468469,AD_enriched,0.003030303030303,True,330.0,188,3,26.4104,0.8985,3.8518,Minor,0.174655933867605,0.800085818589283,flat,MIR,Minor Isoform Redistribution,new_target_candidate,SR
Oligodendrocyte,MTO1-212,MTO1,0.1896551724137931,0.8191489361702128,1.6397480944755973e-17,1.4905342267786984e-16,True,-0.6294937637564197,CT_enriched,0.0202020202020202,True,792.0,11,77,1.3316,39.2017,-4.1078,Dominant,0.0634452650332907,0.926350751835363,flat,DIEr,Dominant Isoform Erosion,trial_failure_explanation,SR
Oligodendrocyte,MTO1-252,MTO1,0.2758620689655172,0.0,1.6397480944755973e-17,1.4905342267786984e-16,True,0.2758620689655172,AD_enriched,0.0037878787878787,True,792.0,16,0,2.8922,0.0,1.9606,Minor,0.0634452650332907,0.926350751835363,flat,MIR,Minor Isoform Redistribution,new_target_candidate,SR
Oligodendrocyte,MVP-202,MVP,0.5031847133757962,0.2342007434944238,2.4773765428670774e-08,9.801885895756025e-08,True,0.2689839698813724,AD_enriched,0.0236430236430236,True,3003.0,79,63,16.7061,25.1466,-0.5624,Minor,-0.0102951633948548,0.997181410099301,flat,MIR,Minor Isoform Redistribution,new_target_candidate,SR
Oligodendrocyte,MVP-201,MVP,0.4968152866242038,0.7657992565055762,2.4773765428670774e-08,9.801885895756025e-08,True,-0.2689839698813724,CT_enriched,0.0236430236430236,True,3003.0,78,206,29.8761,93.5518,-1.6146,Dominant,-0.0102951633948548,0.997181410099301,flat,DIEr,Dominant Isoform Erosion,trial_failure_explanation,SR
Oligodendrocyte,MZF1-201,MZF1,0.045045045045045,0.4150943396226415,2.6378921530133936e-10,1.2490325230119491e-09,True,-0.3700492945775965,CT_enriched,0.0175824175824175,True,1365.0,5,22,0.6358,37.1772,-4.5447,Minor,-0.0307414873230798,0.973035102671041,flat,MIEr,Minor Isoform Erosion,,SR
Oligodendrocyte,MZF1-207,MZF1,0.954954954954955,0.5283018867924528,2.6378921530133936e-10,1.2490325230119491e-09,True,0.4266530681625021,AD_enriched,0.0021978021978021,True,1365.0,106,28,45.6485,14.5241,1.5873,Dominant,-0.0307414873230798,0.973035102671041,flat,DIR,Dominant Isoform Redistribution,,SR
Oligodendrocyte,NAA60-203,NAA60,0.0403587443946188,0.25625,9.46971282991715e-12,5.138646740066023e-11,True,-0.2158912556053812,CT_enriched,0.0181068931068931,True,8008.0,9,41,3.9258,15.1237,-1.7107,Minor,0.136119932790606,0.805940900287672,flat,MIEr,Minor Isoform Erosion,,SR
Oligodendrocyte,NAA60-202,NAA60,0.3318385650224215,0.1,9.46971282991715e-12,5.138646740066023e-11,True,0.2318385650224214,AD_enriched,0.0413336663336663,True,8008.0,74,16,43.9578,10.9131,1.916,Minor,0.136119932790606,0.805940900287672,flat,MIR,Minor Isoform Redistribution,new_target_candidate,SR
Oligodendrocyte,NAMPT-245,NAMPT,0.2549019607843137,0.0061349693251533,7.846173393255497e-18,7.303702487308975e-17,True,0.2487669914591604,AD_enriched,0.0428571428571428,True,210.0,26,1,26.0644,0.2995,4.3804,Minor,0.0227608344406455,0.975996830248773,flat,MIR,Minor Isoform Redistribution,new_target_candidate,SR
Oligodendrocyte,NARF-224,NARF,0.2358078602620087,0.022508038585209,1.3439161721229446e-13,8.622224612584366e-13,True,0.2132998216767997,AD_enriched,0.0305694305694305,True,5005.0,54,7,27.2434,2.0807,3.1966,Minor,0.104525335607798,0.915444443202299,flat,MIR,Minor Isoform Redistribution,new_target_candidate,SR
Oligodendrocyte,NCOA6-201,NCOA6,0.4678899082568807,0.975,1.0060650396172346e-07,3.676767985068493e-07,True,-0.5071100917431193,CT_enriched,0.0,True,15.0,51,39,4.0274,11.8856,-1.3579,Dominant,0.18503265979101,0.678666901574671,flat,DIEr,Dominant Isoform Erosion,trial_failure_explanation,SR
Oligodendrocyte,NDUFA10-201,NDUFA10,0.1612903225806451,0.3879310344827586,4.370452377173355e-16,3.555297949556959e-15,True,-0.2266407119021135,CT_enriched,0.0257,True,10000.0,75,90,17.5712,31.4289,-0.8042,Dominant,0.1063639897597,0.69723907142172,flat,DIEr,Dominant Isoform Erosion,trial_failure_explanation,SR
Oligodendrocyte,NET1-201,NET1,0.2368421052631578,1.0,8.972974634895273e-11,4.4576970245014476e-10,True,-0.7631578947368423,CT_enriched,0.05,True,20.0,9,36,0.6658,19.7981,-3.6422,Dominant,0.101909595661407,0.898584540814202,flat,DIEr,Dominant Isoform Erosion,trial_failure_explanation,SR
Oligodendrocyte,NFAT5-201,NFAT5,0.58125,0.0647482014388489,7.827642300746448e-20,8.615971205442481e-19,True,0.5165017985611511,AD_enriched,0.0167832167832167,True,715.0,93,9,22.0776,2.7073,2.6381,Minor,0.0110190250613684,0.987926798267765,flat,MIR,Minor Isoform Redistribution,new_target_candidate,SR
Oligodendrocyte,NHLRC3-204,NHLRC3,0.9682926829268292,0.5630252100840336,4.7472504745613486e-32,1.1984227420835578e-30,True,0.4052674728427956,AD_enriched,0.0293040293040293,True,3003.0,397,67,196.9156,29.8085,2.6835,Dominant,-0.0060945329900307,0.994742282429421,flat,DIR,Dominant Isoform Redistribution,,SR
Oligodendrocyte,NPHP3-201,NPHP3,0.6926829268292682,0.9339622641509434,4.847771001849789e-05,0.0001265050354134,True,-0.2412793373216751,CT_enriched,0.0136363636363636,True,220.0,142,99,46.7718,68.6047,-0.543,Dominant,-0.0541222093596092,0.954228066401174,flat,DIEr,Dominant Isoform Erosion,trial_failure_explanation,SR
Oligodendrocyte,NRCAM-201,NRCAM,0.6451612903225806,0.18,3.1031239682834724e-06,9.552028384808966e-06,True,0.4651612903225806,AD_enriched,0.0363636363636363,True,715.0,40,9,15.692,2.7014,2.173,Minor,0.237383626139986,0.89724281623562,flat,MIR,Minor Isoform Redistribution,new_target_candidate,SR
Oligodendrocyte,NRDC-201,NRDC,0.315018315018315,0.5247524752475248,7.138937789859181e-14,4.716979521180071e-13,True,-0.2097341602292097,CT_enriched,0.0498,True,10000.0,172,159,50.0299,210.421,-2.0507,Dominant,-0.0147031051030544,0.978645648048863,flat,DIEr,Dominant Isoform Erosion,trial_failure_explanation,SR
Oligodendrocyte,NRXN1-219,NRXN1,0.0508474576271186,0.7547169811320755,1.7844361144234256e-13,1.1385584823484628e-12,True,-0.7038695235049569,CT_enriched,0.0239898989898989,True,792.0,3,40,0.9994,211.5434,-6.7321,Dominant,0.17187393415297,0.929671282190218,flat,DIEr,Dominant Isoform Erosion,trial_failure_explanation,SR
Oligodendrocyte,NSD1-223,NSD1,0.484764542936288,0.1333333333333333,4.9227663108244284e-24,7.47263056005865e-23,True,0.3514312096029547,AD_enriched,0.0105,True,10000.0,175,30,49.2977,76.677,-0.627,Minor,0.072596623481132,0.893993343409198,flat,MIR,Minor Isoform Redistribution,new_target_candidate,SR
Oligodendrocyte,NUBP2-211,NUBP2,0.2129032258064516,0.4285714285714285,2.010870350447972e-05,5.540031303577003e-05,True,-0.2156682027649769,CT_enriched,0.0484848484848484,True,495.0,33,27,5.9598,8.4518,-0.4415,Dominant,-0.154146700572031,0.925312226953833,flat,DIEr,Dominant Isoform Erosion,trial_failure_explanation,SR
Oligodendrocyte,NUBP2-215,NUBP2,0.4,0.1111111111111111,2.010870350447972e-05,5.540031303577003e-05,True,0.2888888888888889,AD_enriched,0.0181818181818181,True,495.0,62,7,18.5918,2.0663,2.6757,Minor,-0.154146700572031,0.925312226953833,flat,MIR,Minor Isoform Redistribution,new_target_candidate,SR
Oligodendrocyte,NUP62-223,NUP62,0.2244897959183673,0.018348623853211,1.036555867385391e-13,6.73398881679041e-13,True,0.2061411720651562,AD_enriched,0.0499500499500499,True,3003.0,33,4,17.6546,11.7423,0.5499,Minor,-0.343187855532218,0.665098112902336,flat,MIR,Minor Isoform Redistribution,new_target_candidate,SR
Oligodendrocyte,NXF1-201,NXF1,0.1666666666666666,0.5909090909090909,1.481197706276745e-09,6.5587829796525105e-09,True,-0.4242424242424243,CT_enriched,0.0375624375624375,True,5005.0,18,39,8.3704,32.303,-1.8295,Dominant,-0.293305308156901,0.730108410186009,flat,DIEr,Dominant Isoform Erosion,trial_failure_explanation,SR
Oligodendrocyte,NXF1-211,NXF1,0.8240740740740741,0.3484848484848485,1.481197706276745e-09,6.5587829796525105e-09,True,0.4755892255892255,AD_enriched,0.0269730269730269,True,5005.0,89,23,43.5338,11.6684,1.8137,Minor,-0.293305308156901,0.730108410186009,flat,MIR,Minor Isoform Redistribution,new_target_candidate,SR
Oligodendrocyte,OGT-210,OGT,0.4703425229741019,0.7027027027027027,5.956257649103431e-20,6.618855689015656e-19,True,-0.2323601797286008,CT_enriched,0.0162,True,10000.0,563,390,175.2157,286.5387,-0.7064,Dominant,-0.047506625871929,0.936622321123005,flat,DIEr,Dominant Isoform Erosion,trial_failure_explanation,SR
Oligodendrocyte,OLFM1-201,OLFM1,0.425531914893617,0.6785714285714286,0.0004877649003318,0.0010993051732369,True,-0.2530395136778116,CT_enriched,0.0223110223110223,True,3003.0,20,57,12.094,40.1768,-1.6529,Dominant,0.029800956128974,0.994736605620989,flat,DIEr,Dominant Isoform Erosion,trial_failure_explanation,SR
Oligodendrocyte,OPHN1-212,OPHN1,0.5419847328244275,0.9672131147540984,1.551135032959459e-08,6.232718190395056e-08,True,-0.4252283819296709,CT_enriched,0.0357142857142857,True,56.0,142,59,47.3784,31.7711,0.5619,Dominant,0.281696322400047,0.700204408003027,flat,DIEr,Dominant Isoform Erosion,trial_failure_explanation,SR
Oligodendrocyte,OSBPL5-208,OSBPL5,0.3076923076923077,0.0,7.914521466447813e-07,2.6240508359493283e-06,True,0.3076923076923077,AD_enriched,0.0238095238095238,True,84.0,16,0,3.507,0.0,2.1722,Minor,0.12127821106043,0.884269241565557,flat,MIR,Minor Isoform Redistribution,new_target_candidate,SR
Oligodendrocyte,OSBPL5-201,OSBPL5,0.5192307692307693,0.9344262295081968,7.914521466447813e-07,2.6240508359493283e-06,True,-0.4151954602774275,CT_enriched,0.0238095238095238,True,84.0,27,57,4.6597,17.0199,-1.6708,Dominant,0.12127821106043,0.884269241565557,flat,DIEr,Dominant Isoform Erosion,trial_failure_explanation,SR
Oligodendrocyte,OSBPL9-203,OSBPL9,0.0604534005037783,0.3670411985018726,4.462392476013818e-23,6.300247127989114e-22,True,-0.3065877979980943,CT_enriched,0.0318431568431568,True,8008.0,24,98,8.6321,34.2255,-1.8707,Minor,0.18310711015136,0.70883635248375,flat,MIEr,Minor Isoform Erosion,,SR
Oligodendrocyte,OSTM1-216,OSTM1,0.0416666666666666,0.3095238095238095,1.0617242879313116e-16,9.166745943198778e-16,True,-0.2678571428571429,CT_enriched,0.0,True,10.0,11,13,0.7203,3.8936,-1.5082,Minor,0.0630254662074925,0.904656502240262,flat,MIEr,Minor Isoform Erosion,,SR
Oligodendrocyte,P4HB-220,P4HB,0.3187250996015936,0.0674157303370786,4.643379071096186e-24,7.094899929355851e-23,True,0.251309369264515,AD_enriched,0.049,True,10000.0,240,24,56.6175,8.935,2.5359,Minor,-0.101932302414818,0.91429881862503,flat,MIR,Minor Isoform Redistribution,new_target_candidate,SR
Oligodendrocyte,transcript127065.chr8.nnic,PAG1,0.5446428571428571,0.0,3.4837721880780204e-29,7.289244060190273e-28,True,0.5446428571428571,AD_enriched,0.0411255411255411,True,462.0,61,0,8.6557,0.0,3.2714,Minor,-0.0636051284968924,0.954421426380512,flat,MIR,Minor Isoform Redistribution,new_target_candidate,SR
Oligodendrocyte,PAG1-201,PAG1,0.4553571428571428,1.0,3.4837721880780204e-29,7.289244060190273e-28,True,-0.5446428571428572,CT_enriched,0.0411255411255411,True,462.0,51,189,18.0349,90.5441,-2.2658,Dominant,-0.0636051284968924,0.954421426380512,flat,DIEr,Dominant Isoform Erosion,trial_failure_explanation,SR
Oligodendrocyte,transcript363799.chr2.nic,PARD3B,0.6829268292682927,0.9807692307692308,0.0011000703521358,0.0023667562694168,True,-0.2978424015009381,CT_enriched,0.0178571428571428,True,56.0,28,51,4.7407,15.3598,-1.5109,Dominant,0.5795713553362,0.641247245554779,flat,DIEr,Dominant Isoform Erosion,trial_failure_explanation,SR
Oligodendrocyte,PARP2-201,PARP2,0.2295081967213114,0.0,0.0004070400886602,0.0009254533587013,True,0.2295081967213114,AD_enriched,0.0444444444444444,True,495.0,14,0,3.1428,0.0,2.0506,Minor,0.818605420237291,0.251689673816968,up,MIEx,Minor Isoform Expansion,new_target_candidate,SR
Oligodendrocyte,PCCA-202,PCCA,0.4634146341463415,0.9473684210526316,7.938292389765693e-09,3.2544896867132964e-08,True,-0.4839537869062901,CT_enriched,0.0428571428571428,True,70.0,19,72,2.5056,25.5819,-2.9227,Dominant,0.145353959792815,0.793021611590767,flat,DIEr,Dominant Isoform Erosion,trial_failure_explanation,SR
Oligodendrocyte,PDE12-202,PDE12,0.1645299145299145,0.3677419354838709,3.8152525709432586e-17,3.388498698285169e-16,True,-0.2032120209539564,CT_enriched,0.0404,True,10000.0,154,171,40.3997,75.1346,-0.8789,Minor,0.0973381003957748,0.893993343409198,flat,MIEr,Minor Isoform Erosion,,SR
Oligodendrocyte,PDE12-201,PDE12,0.8354700854700855,0.632258064516129,3.8152525709432586e-17,3.388498698285169e-16,True,0.2032120209539565,AD_enriched,0.0404,True,10000.0,782,294,220.9612,116.4222,0.9186,Dominant,0.0973381003957748,0.893993343409198,flat,DIR,Dominant Isoform Redistribution,,SR
Oligodendrocyte,PDE4DIP-245,PDE4DIP,0.225,0.0112359550561797,1.6129581607293555e-16,1.3646977516553472e-15,True,0.2137640449438203,AD_enriched,0.0272,True,10000.0,36,2,25.6371,0.5846,4.0713,Minor,-0.103928991527237,0.891554728154802,flat,MIR,Minor Isoform Redistribution,new_target_candidate,SR
Oligodendrocyte,transcript134425.chr7.nnic,PEG10,0.2916666666666667,0.0188679245283018,1.1854149202650453e-07,4.288358492703377e-07,True,0.2727987421383648,AD_enriched,0.0179820179820179,True,3003.0,14,2,3.7118,0.751,1.4281,Minor,0.0118628413926629,0.996229486518872,flat,MIR,Minor Isoform Redistribution,new_target_candidate,SR
Oligodendrocyte,PELI3-202,PELI3,0.6444444444444445,0.3289473684210526,5.762618670456684e-05,0.0001484601426748,True,0.3154970760233919,AD_enriched,0.0393939393939393,True,330.0,58,25,129.1682,8.0017,3.854,Minor,0.072594427978985,0.971664749972395,flat,MIR,Minor Isoform Redistribution,new_target_candidate,SR
Oligodendrocyte,PELI3-201,PELI3,0.3333333333333333,0.6710526315789473,5.762618670456684e-05,0.0001484601426748,True,-0.337719298245614,CT_enriched,0.0333333333333333,True,330.0,30,51,15.3337,19.6097,-0.3355,Dominant,0.072594427978985,0.971664749972395,flat,DIEr,Dominant Isoform Erosion,trial_failure_explanation,SR
Oligodendrocyte,PHACTR3-209,PHACTR3,0.1941747572815534,0.4489795918367347,3.4200106012023173e-13,2.1438527992691984e-12,True,-0.2548048345551813,CT_enriched,0.03003663003663,True,1365.0,40,66,17.6312,20.6816,-0.2188,Minor,0.157846155627964,0.803737136541146,flat,MIEr,Minor Isoform Erosion,,SR
Oligodendrocyte,transcript42261.chr6.nic,PHF1,0.0774193548387096,0.3636363636363636,6.595340442238179e-06,1.930394225217161e-05,True,-0.286217008797654,CT_enriched,0.0229770229770229,True,1001.0,12,16,4.8439,5.1975,-0.0848,Minor,0.0108998191089225,0.994524999887275,flat,MIEr,Minor Isoform Erosion,,SR
Oligodendrocyte,PHF1-202,PHF1,0.896774193548387,0.6363636363636364,6.595340442238179e-06,1.930394225217161e-05,True,0.2604105571847507,AD_enriched,0.0219780219780219,True,1001.0,139,28,72.8755,15.5472,2.1585,Dominant,0.0108998191089225,0.994524999887275,flat,DIR,Dominant Isoform Redistribution,,SR
Oligodendrocyte,transcript41581.chr20.nic,PIGU,0.0078740157480314,0.6929824561403509,8.07980556286432e-29,1.6680309706446573e-27,True,-0.6851084403923196,CT_enriched,0.014069264069264,True,924.0,1,79,0.1419,83.9466,-6.2171,Dominant,0.314484214538152,0.277275030050337,flat,DIEr,Dominant Isoform Erosion,trial_failure_explanation,SR
Oligodendrocyte,PIGU-201,PIGU,0.9921259842519684,0.3070175438596491,8.07980556286432e-29,1.6680309706446573e-27,True,0.6851084403923193,AD_enriched,0.014069264069264,True,924.0,126,35,70.2533,22.7305,1.5862,Minor,0.314484214538152,0.277275030050337,flat,MIR,Minor Isoform Redistribution,new_target_candidate,SR
Oligodendrocyte,PIGV-206,PIGV,0.328125,0.04375,7.486425671819622e-08,2.777511760830843e-07,True,0.284375,AD_enriched,0.0324675324675324,True,924.0,21,7,3.6751,17.4353,-1.9794,Minor,-0.487253710487715,0.505336438159165,flat,MIR,Minor Isoform Redistribution,new_target_candidate,SR
Oligodendrocyte,PINX1-203,PINX1,0.2571428571428571,0.0,1.5516880031590608e-05,4.3471596952194434e-05,True,0.2571428571428571,AD_enriched,0.0357142857142857,True,56.0,9,0,1.6662,0.0,1.4148,Minor,0.088003808246602,0.93906979613345,flat,MIR,Minor Isoform Redistribution,new_target_candidate,SR
Oligodendrocyte,transcript30796.chr22.nic,PISD,0.0436681222707423,0.3015873015873015,6.643820328374205e-20,7.3652853043671125e-19,True,-0.2579191793165592,CT_enriched,0.0479797979797979,True,792.0,10,19,3.2743,20.2693,-2.315,Minor,0.0767599831988954,0.893993343409198,flat,MIEr,Minor Isoform Erosion,,SR
Oligodendrocyte,PLPP5-203,PLPP5,0.015267175572519,0.3457943925233644,5.4046943145414464e-11,2.767894717866044e-10,True,-0.3305272169508454,CT_enriched,0.0303030303030303,True,495.0,2,37,0.2838,12.1851,-3.3604,Minor,-0.120067586600022,0.913331037241526,flat,MIEr,Minor Isoform Erosion,,SR
Oligodendrocyte,POR-201,POR,0.5877712031558185,0.0501672240802675,2.694805650116716e-52,2.4543867146651265e-50,True,0.537603979075551,AD_enriched,0.0481,True,10000.0,298,15,130.4814,15.6887,2.9779,Minor,0.0868246960681626,0.942194332315516,flat,MIR,Minor Isoform Redistribution,new_target_candidate,SR
Oligodendrocyte,POR-218,POR,0.4003944773175542,0.9498327759197324,2.694805650116716e-52,2.4543867146651265e-50,True,-0.5494382986021782,CT_enriched,0.0457,True,10000.0,203,284,74.9323,107.1031,-0.5096,Dominant,0.0868246960681626,0.942194332315516,flat,DIEr,Dominant Isoform Erosion,trial_failure_explanation,SR
Oligodendrocyte,PPP1CA-212,PPP1CA,0.0114285714285714,0.625,1.760745186783377e-27,3.297847335729349e-26,True,-0.6135714285714285,CT_enriched,0.0363636363636363,True,715.0,2,50,0.6663,19.4491,-3.6174,Dominant,-0.241126258292759,0.807632693535343,flat,DIEr,Dominant Isoform Erosion,trial_failure_explanation,SR
Oligodendrocyte,PRIM2-203,PRIM2,0.5641025641025641,0.8783783783783784,3.794388479348864e-05,0.0001011764321847,True,-0.3142758142758143,CT_enriched,0.0138888888888888,True,792.0,44,65,10.6266,31.4933,-1.4827,Dominant,-0.0488965512546375,0.957970513141682,flat,DIEr,Dominant Isoform Erosion,trial_failure_explanation,SR
Oligodendrocyte,PRIM2-207,PRIM2,0.4358974358974359,0.1216216216216216,3.794388479348864e-05,0.0001011764321847,True,0.3142758142758143,AD_enriched,0.0138888888888888,True,792.0,34,9,8.8347,2.645,1.432,Minor,-0.0488965512546375,0.957970513141682,flat,MIR,Minor Isoform Redistribution,new_target_candidate,SR
Oligodendrocyte,PRKAB1-207,PRKAB1,0.636986301369863,0.925531914893617,2.958044289722584e-06,9.129645000505914e-06,True,-0.2885456135237539,CT_enriched,0.0416666666666666,True,120.0,93,87,37.5116,31.7254,0.2349,Dominant,-0.082074806968517,0.927415472356369,flat,DIEr,Dominant Isoform Erosion,trial_failure_explanation,SR
Oligodendrocyte,PRPF39-202,PRPF39,0.392,0.0340136054421768,9.401942818013949e-16,7.490913274386756e-15,True,0.3579863945578232,AD_enriched,0.0166500166500166,True,3003.0,98,5,18.216,2.6527,2.3953,Minor,-0.0334639607268229,0.950876484956179,flat,MIR,Minor Isoform Redistribution,new_target_candidate,SR
Oligodendrocyte,PSD3-201,PSD3,0.8,0.4038461538461538,8.442910463112512e-36,2.6678448368134435e-34,True,0.3961538461538462,AD_enriched,0.029,True,10000.0,788,105,160.2314,108.3568,0.5601,Minor,0.286164181736873,0.53625652579791,flat,MIR,Minor Isoform Redistribution,new_target_candidate,SR
Oligodendrocyte,PSD3-203,PSD3,0.1441624365482233,0.4884615384615384,8.442910463112512e-36,2.6678448368134435e-34,True,-0.3442991019133151,CT_enriched,0.0325,True,10000.0,142,127,96.2081,63.9217,0.5824,Dominant,0.286164181736873,0.53625652579791,flat,DIEr,Dominant Isoform Erosion,trial_failure_explanation,SR
Oligodendrocyte,PSMD8-213,PSMD8,0.2711864406779661,0.6842105263157895,5.348784070340868e-13,3.2907419876467992e-12,True,-0.4130240856378234,CT_enriched,0.0139194139194139,True,1365.0,64,78,13.6018,33.4637,-1.2389,Dominant,-0.356247955093829,0.80026735785246,flat,DIEr,Dominant Isoform Erosion,trial_failure_explanation,SR
Oligodendrocyte,PSME4-209,PSME4,0.0396039603960396,0.3636363636363636,2.5920038019303825e-14,1.767967350949578e-13,True,-0.324032403240324,CT_enriched,0.0333333333333333,True,120.0,16,16,5.3223,4.9923,0.0773,Minor,0.128971431455843,0.78791828314132,flat,MIEr,Minor Isoform Erosion,,SR
Oligodendrocyte,PSME4-202,PSME4,0.9603960396039604,0.6363636363636364,2.5920038019303825e-14,1.767967350949578e-13,True,0.324032403240324,AD_enriched,0.0333333333333333,True,120.0,388,28,77.4757,8.4946,3.0471,Dominant,0.128971431455843,0.78791828314132,flat,DIR,Dominant Isoform Redistribution,,SR
Oligodendrocyte,PTPMT1-202,PTPMT1,0.6578947368421053,0.9240506329113924,0.0014729784715347,0.003098725090706,True,-0.2661558960692871,CT_enriched,0.0,True,462.0,25,73,4.1123,39.3614,-2.9809,Dominant,-0.168998250033811,0.93474401704527,flat,DIEr,Dominant Isoform Erosion,trial_failure_explanation,SR
Oligodendrocyte,RAB3IP-201,RAB3IP,0.5288888888888889,0.8928571428571429,1.605062344758223e-14,1.1144266952768233e-13,True,-0.363968253968254,CT_enriched,0.0489510489510489,True,1001.0,119,150,26.0845,46.2271,-0.8021,Dominant,-0.100344682574309,0.90963091876574,flat,DIEr,Dominant Isoform Erosion,trial_failure_explanation,SR
Oligodendrocyte,RAB3IP-204,RAB3IP,0.4311111111111111,0.0714285714285714,1.605062344758223e-14,1.1144266952768233e-13,True,0.3596825396825397,AD_enriched,0.0449550449550449,True,1001.0,97,12,30.7384,3.7726,2.7334,Minor,-0.100344682574309,0.90963091876574,flat,MIR,Minor Isoform Redistribution,new_target_candidate,SR
Oligodendrocyte,RARS1-207,RARS1,0.2093023255813953,0.0,4.682453314369664e-08,1.790123098374246e-07,True,0.2093023255813953,AD_enriched,0.0178571428571428,True,56.0,9,0,1.9727,0.0,1.5718,Minor,0.162074309510495,0.807632693535343,flat,MIR,Minor Isoform Redistribution,new_target_candidate,SR
Oligodendrocyte,RARS1-201,RARS1,0.6744186046511628,1.0,4.682453314369664e-08,1.790123098374246e-07,True,-0.3255813953488372,CT_enriched,0.0178571428571428,True,56.0,29,93,12.4986,53.0819,-2.0023,Dominant,0.162074309510495,0.807632693535343,flat,DIEr,Dominant Isoform Erosion,trial_failure_explanation,SR
Oligodendrocyte,RARS2-233,RARS2,0.0,0.5,3.612136791368032e-08,1.3993640863973734e-07,True,-0.5,CT_enriched,0.019047619047619,True,210.0,0,17,0.0,8.5592,-3.2569,Dominant,0.0568680012646344,0.914316763040753,flat,DIEr,Dominant Isoform Erosion,trial_failure_explanation,SR
Oligodendrocyte,RASSF2-202,RASSF2,0.5045871559633027,0.8966565349544073,1.3736708809442519e-27,2.593780992677256e-26,True,-0.3920693789911046,CT_enriched,0.041,True,10000.0,165,295,54.6282,154.1961,-1.4802,Dominant,-0.326776183833003,0.544378705358461,flat,DIEr,Dominant Isoform Erosion,trial_failure_explanation,SR
Oligodendrocyte,transcript8576.chr20.nnic,RASSF2,0.4954128440366973,0.1033434650455927,1.3736708809442519e-27,2.593780992677256e-26,True,0.3920693789911045,AD_enriched,0.041,True,10000.0,162,34,35.0314,12.2161,1.447,Minor,-0.326776183833003,0.544378705358461,flat,MIR,Minor Isoform Redistribution,new_target_candidate,SR
Oligodendrocyte,RBBP8-204,RBBP8,0.081081081081081,0.7291666666666666,1.082195217325693e-12,6.4117305924462296e-12,True,-0.6480855855855856,CT_enriched,0.0357142857142857,True,28.0,6,35,3.1896,11.7081,-1.6009,Dominant,0.0706068415145889,0.964038720173073,flat,DIEr,Dominant Isoform Erosion,trial_failure_explanation,SR
Oligodendrocyte,RBBP8-201,RBBP8,0.8378378378378378,0.2291666666666666,1.082195217325693e-12,6.4117305924462296e-12,True,0.6086711711711712,AD_enriched,0.0357142857142857,True,28.0,62,11,17.4039,3.3472,2.0818,Minor,0.0706068415145889,0.964038720173073,flat,MIR,Minor Isoform Redistribution,new_target_candidate,SR
Oligodendrocyte,RBCK1-202,RBCK1,0.4178794178794179,0.7030456852791879,5.771832561785829e-45,3.4372002883968175e-43,True,-0.2851662673997699,CT_enriched,0.0465416936005171,True,6188.0,201,277,93.6852,100.0116,-0.0933,Dominant,-0.233456970178173,0.750148450074638,flat,DIEr,Dominant Isoform Erosion,trial_failure_explanation,SR
Oligodendrocyte,transcript240716.chr7.nnic,RBM33,0.0316742081447963,0.6923076923076923,5.5861991113148365e-39,2.316776327862269e-37,True,-0.660633484162896,CT_enriched,0.0153,True,10000.0,7,99,2.6149,63.3415,-4.1537,Dominant,0.201740847675541,0.718003992512056,flat,DIEr,Dominant Isoform Erosion,trial_failure_explanation,SR
Oligodendrocyte,RBM4-201,RBM4,0.0867052023121387,0.4533333333333333,4.276497202891794e-20,4.821439200833103e-19,True,-0.3666281310211946,CT_enriched,0.0194805194805194,True,2002.0,30,34,10.8162,12.3606,-0.1772,Dominant,0.258674777319226,0.323773593462258,flat,DIEr,Dominant Isoform Erosion,trial_failure_explanation,SR
Oligodendrocyte,RBMXL1-202,RBMXL1,0.9518072289156626,0.3271028037383177,3.4177439789532585e-18,3.2732826355129657e-17,True,0.6247044251773449,AD_enriched,0.006060606060606,True,165.0,79,35,33.3985,16.5965,0.9671,Minor,-0.0637904802886164,0.942272033154131,flat,MIR,Minor Isoform Redistribution,new_target_candidate,SR
Oligodendrocyte,transcript62901.chr17.nnic,RFFL,0.0026385224274406,0.2364864864864864,1.3442390903290903e-20,1.5928547384129146e-19,True,-0.2338479640590458,CT_enriched,0.0225330225330225,True,1287.0,1,35,0.3331,14.1441,-3.5059,Minor,0.0335406166482337,0.964535176615512,flat,MIEr,Minor Isoform Erosion,,SR
Oligodendrocyte,RIC3-204,RIC3,0.3181818181818182,0.0088495575221238,1.3041483415110242e-16,1.1176695657414588e-15,True,0.3093322606596944,AD_enriched,0.0202020202020202,True,792.0,14,2,3.7568,5.7119,-0.4967,Minor,0.0390949464947052,0.965176293962397,flat,MIR,Minor Isoform Redistribution,new_target_candidate,SR
Oligodendrocyte,RICTOR-209,RICTOR,0.0095238095238095,0.3956043956043956,1.108760235978538e-44,6.519229488759885e-43,True,-0.3860805860805861,CT_enriched,0.0116550116550116,True,1287.0,3,36,2.0894,16.0607,-2.4653,Dominant,0.0586788864868804,0.917857992265686,flat,DIEr,Dominant Isoform Erosion,trial_failure_explanation,SR
Oligodendrocyte,RIF1-201,RIF1,0.0755864465682015,0.4788732394366197,8.428795893197738e-74,2.060618785468605e-71,True,-0.4032867928684182,CT_enriched,0.0423576423576423,True,5005.0,87,204,64.1189,384.3025,-2.5648,Minor,0.157352318170906,0.773934130325797,flat,MIEr,Minor Isoform Erosion,,SR
Oligodendrocyte,RIF1-203,RIF1,0.8748913987836664,0.5,8.428795893197738e-74,2.060618785468605e-71,True,0.3748913987836664,AD_enriched,0.0431568431568431,True,5005.0,1007,213,186.4846,77.7431,1.2515,Dominant,0.157352318170906,0.773934130325797,flat,DIR,Dominant Isoform Redistribution,,SR
Oligodendrocyte,transcript10099.chr2.nnic,RNF144A,0.5361216730038023,0.826865671641791,3.9715752448474956e-27,7.262979138707329e-26,True,-0.2907439986379887,CT_enriched,0.029,True,10000.0,282,554,101.691,308.3346,-1.5909,Dominant,-0.0843356836801217,0.886195121105299,flat,DIEr,Dominant Isoform Erosion,trial_failure_explanation,SR
Oligodendrocyte,RNF157-201,RNF157,0.7741935483870968,0.9848484848484848,0.0002756081731455,0.0006455874756738,True,-0.210654936461388,CT_enriched,0.0303030303030303,True,792.0,24,65,15.4622,24.8761,-0.6525,Dominant,-0.0068918174756854,0.996548089954383,flat,DIEr,Dominant Isoform Erosion,trial_failure_explanation,SR
Oligodendrocyte,RNF157-206,RNF157,0.2258064516129032,0.0,0.0002756081731455,0.0006455874756738,True,0.2258064516129032,AD_enriched,0.0138888888888888,True,792.0,7,0,2.7374,0.0,1.902,Minor,-0.0068918174756854,0.996548089954383,flat,MIR,Minor Isoform Redistribution,new_target_candidate,SR
Oligodendrocyte,RNF216-202,RNF216,0.5243055555555556,0.225,5.420828313633164e-10,2.507019319187225e-09,True,0.2993055555555556,AD_enriched,0.0411,True,10000.0,151,36,69.8465,31.2158,1.1369,Minor,0.147531187470107,0.808439852220072,flat,MIR,Minor Isoform Redistribution,new_target_candidate,SR
Oligodendrocyte,RNF216-205,RNF216,0.4236111111111111,0.74375,5.420828313633164e-10,2.507019319187225e-09,True,-0.3201388888888889,CT_enriched,0.0368,True,10000.0,122,119,46.8149,88.0164,-0.8966,Dominant,0.147531187470107,0.808439852220072,flat,DIEr,Dominant Isoform Erosion,trial_failure_explanation,SR
Oligodendrocyte,RNMT-202,RNMT,0.1818181818181818,0.5853658536585366,1.1618664343828475e-05,3.315030459280299e-05,True,-0.4035476718403548,CT_enriched,0.0383838383838383,True,495.0,14,24,8.8392,7.2394,0.256,Dominant,0.120438337962218,0.89684336595497,flat,DIEr,Dominant Isoform Erosion,trial_failure_explanation,SR
Oligodendrocyte,RNMT-203,RNMT,0.8181818181818182,0.3902439024390244,1.1618664343828475e-05,3.315030459280299e-05,True,0.4279379157427938,AD_enriched,0.0404040404040404,True,495.0,63,16,22.1463,8.4042,1.2994,Minor,0.120438337962218,0.89684336595497,flat,MIR,Minor Isoform Redistribution,new_target_candidate,SR
Oligodendrocyte,RNPC3-201,RNPC3,0.3193717277486911,0.5616438356164384,2.42864015871418e-07,8.501155642221073e-07,True,-0.2422721078677472,CT_enriched,0.015,True,10000.0,183,82,65.0637,38.0673,0.7579,Dominant,0.321451146774588,0.519254665657603,flat,DIEr,Dominant Isoform Erosion,trial_failure_explanation,SR
Oligodendrocyte,RNPS1-221,RNPS1,0.1144708423326133,0.3307692307692307,3.0045328089186757e-09,1.2874589388770525e-08,True,-0.2162983884366174,CT_enriched,0.018543956043956,True,4368.0,53,43,23.3679,23.273,0.0056,Minor,-0.140766253907638,0.853831140451477,flat,MIEr,Minor Isoform Erosion,,SR
Oligodendrocyte,RPL9-213,RPL9,0.0434782608695652,0.2777777777777778,0.0041119674987236,0.0081069987400557,True,-0.2342995169082126,CT_enriched,0.0,True,35.0,3,10,0.4266,5.1413,-2.106,Minor,-0.272728569178237,0.874457022142097,flat,MIEr,Minor Isoform Erosion,,SR
Oligodendrocyte,RPS23-209,RPS23,0.2587412587412587,0.0290456431535269,2.1948478619944105e-12,1.2493956273240242e-11,True,0.2296956155877318,AD_enriched,0.043997668997669,True,3432.0,74,7,6.0339,2.0965,1.1837,Minor,-0.287337986381555,0.891610610029099,flat,MIR,Minor Isoform Redistribution,new_target_candidate,SR
Oligodendrocyte,RPS23-201,RPS23,0.7202797202797203,0.9543568464730292,2.1948478619944105e-12,1.2493956273240242e-11,True,-0.2340771261933089,CT_enriched,0.0177738927738927,True,3432.0,206,230,31.9219,151.0685,-2.2076,Dominant,-0.287337986381555,0.891610610029099,flat,DIEr,Dominant Isoform Erosion,trial_failure_explanation,SR
Oligodendrocyte,transcript344469.chr1.nnic,RYR2,0.5274725274725275,0.1386861313868613,1.8492458634414146e-15,1.4174500058886752e-14,True,0.3887863960856662,AD_enriched,0.032051282051282,True,1716.0,96,19,44.3485,16.9129,1.3401,Minor,0.472574113886023,0.664612854798412,flat,MIR,Minor Isoform Redistribution,new_target_candidate,SR
Oligodendrocyte,SACM1L-201,SACM1L,0.4335664335664335,0.6371681415929203,1.378275089746571e-06,4.430510582610949e-06,True,-0.2036017080264868,CT_enriched,0.0357142857142857,True,56.0,62,72,4.5949,21.5575,-2.0114,Dominant,0.0907306290946674,0.86580462779287,flat,DIEr,Dominant Isoform Erosion,trial_failure_explanation,SR
Oligodendrocyte,SBF2-213,SBF2,0.8240740740740741,0.375,1.5663411843548809e-21,1.9988062641012144e-20,True,0.449074074074074,AD_enriched,0.0303030303030303,True,330.0,267,36,84.5,10.8759,2.8479,Dominant,0.165851430904743,0.77310904968587,flat,DIR,Dominant Isoform Redistribution,,SR
Oligodendrocyte,SCAF4-201,SCAF4,0.2473118279569892,0.8630952380952381,1.3933930681178342e-31,3.406479369161758e-30,True,-0.6157834101382489,CT_enriched,0.0174825174825174,True,2002.0,46,145,21.1375,54.0704,-1.3148,Dominant,-0.174535273811499,0.801687870542713,flat,DIEr,Dominant Isoform Erosion,trial_failure_explanation,SR
Oligodendrocyte,SCAMP3-202,SCAMP3,0.3636363636363636,0.074074074074074,0.0002603634577436,0.0006120385937344,True,0.2895622895622896,AD_enriched,0.0333333333333333,True,120.0,32,4,6.2503,1.502,1.5349,Minor,-0.226503421990453,0.854312675681753,flat,MIR,Minor Isoform Redistribution,new_target_candidate,SR
Oligodendrocyte,SCAMP3-201,SCAMP3,0.6363636363636364,0.925925925925926,0.0002603634577436,0.0006120385937344,True,-0.2895622895622897,CT_enriched,0.0333333333333333,True,120.0,56,50,14.4484,17.1639,-0.2336,Dominant,-0.226503421990453,0.854312675681753,flat,DIEr,Dominant Isoform Erosion,trial_failure_explanation,SR
Oligodendrocyte,SEC24C-203,SEC24C,0.7741935483870968,0.25,6.521853878039624e-08,2.439131341666188e-07,True,0.5241935483870968,AD_enriched,0.0436507936507936,True,252.0,48,12,17.8622,7.0302,1.232,Minor,0.0253797904865258,0.969202221770367,flat,MIR,Minor Isoform Redistribution,new_target_candidate,SR
Oligodendrocyte,SEC61A1-221,SEC61A1,0.3701657458563536,0.0778688524590164,4.719386128041477e-19,4.904149567058761e-18,True,0.2922968933973372,AD_enriched,0.0314685314685314,True,2002.0,67,19,20.9209,6.7198,1.5057,Minor,-0.301602869961305,0.558590966924707,flat,MIR,Minor Isoform Redistribution,new_target_candidate,SR
Oligodendrocyte,transcript138624.chr7.nic,SEM1,0.5070422535211268,0.103030303030303,8.771747079425978e-20,9.587003572690276e-19,True,0.4040119504908237,AD_enriched,0.025,True,120.0,36,17,4.9392,5.2742,-0.0792,Minor,-0.830296982671017,0.213886869969653,down,MIC,Minor Isoform Concentration,new_target_candidate,SR
Oligodendrocyte,transcript65664.chr12.nic,SENP1,0.3137254901960784,0.96875,9.036229382214097e-08,3.3259338732475814e-07,True,-0.6550245098039216,CT_enriched,0.0047619047619047,True,210.0,16,31,1.8887,12.9083,-2.2675,Dominant,0.347439553306461,0.601940039123849,flat,DIEr,Dominant Isoform Erosion,trial_failure_explanation,SR
Oligodendrocyte,SENP7-207,SENP7,0.7991452991452992,0.3423423423423423,9.80941201397364e-26,1.6690373188610833e-24,True,0.4568029568029569,AD_enriched,0.0019,True,10000.0,374,38,168.2412,18.6722,3.1049,Minor,0.153520024155605,0.74910306419225,flat,MIR,Minor Isoform Redistribution,new_target_candidate,SR
Oligodendrocyte,SENP7-206,SENP7,0.0726495726495726,0.3693693693693693,9.80941201397364e-26,1.6690373188610833e-24,True,-0.2967197967197967,CT_enriched,0.0062,True,10000.0,34,41,25.7362,40.0135,-0.6173,Dominant,0.153520024155605,0.74910306419225,flat,DIEr,Dominant Isoform Erosion,trial_failure_explanation,SR
Oligodendrocyte,SETD4-206,SETD4,0.0,0.2142857142857142,4.506538422361309e-09,1.9081924313462423e-08,True,-0.2142857142857142,CT_enriched,0.0142857142857142,True,70.0,0,9,0.0,2.6956,-1.8858,Minor,-0.0010835895717861,0.998587947940547,flat,MIEr,Minor Isoform Erosion,,SR
Oligodendrocyte,SHMT1-205,SHMT1,0.0126182965299684,0.2325581395348837,6.257783829862747e-19,6.3884408548818596e-18,True,-0.2199398430049153,CT_enriched,0.0043290043290043,True,462.0,4,10,1.187,2.9503,-0.853,Minor,0.375615823291608,0.782583347829528,flat,MIEr,Minor Isoform Erosion,,SR
Oligodendrocyte,SKIC3-247,SKIC3,0.2779661016949152,0.0,2.6782587496649303e-26,4.69453278950702e-25,True,0.2779661016949152,AD_enriched,0.0186480186480186,True,3003.0,82,0,47.2052,0.0,5.5911,Minor,0.148755864933203,0.694918276826792,flat,MIR,Minor Isoform Redistribution,new_target_candidate,SR
Oligodendrocyte,transcript113962.chr14.nic,SLC25A29,0.3846153846153846,0.0,8.947701406516476e-21,1.0684337540686124e-19,True,0.3846153846153846,AD_enriched,0.0021645021645021,True,462.0,190,0,36.7,0.0,5.2365,Minor,0.206525902195642,0.78276223557374,flat,MIR,Minor Isoform Redistribution,new_target_candidate,SR
Oligodendrocyte,transcript171246.chr5.nnic,SLC25A48,0.2,0.0,0.00028729252545,0.0006705898395555,True,0.2,AD_enriched,0.025,True,120.0,13,0,8.2733,0.0,3.2131,Minor,0.164997469594497,0.956474285239256,flat,MIR,Minor Isoform Redistribution,new_target_candidate,SR
Oligodendrocyte,SLC35D2-201,SLC35D2,0.1270718232044199,0.4117647058823529,1.673721282239783e-05,4.658139817857275e-05,True,-0.284692882677933,CT_enriched,0.05,True,120.0,23,14,3.9316,37.8979,-2.9796,Dominant,0.126045279889502,0.858201833946866,flat,DIEr,Dominant Isoform Erosion,trial_failure_explanation,SR
Oligodendrocyte,SLC6A1-211,SLC6A1,0.0439024390243902,0.3026315789473684,2.625136564809722e-16,2.185261531100566e-15,True,-0.2587291399229782,CT_enriched,0.0271950271950271,True,1287.0,18,69,2.7097,42.0807,-3.5377,Dominant,0.18495910611873,0.80037230252478,flat,DIEr,Dominant Isoform Erosion,trial_failure_explanation,SR
Oligodendrocyte,SLC6A15-221,SLC6A15,0.585820895522388,0.0103626943005181,1.3529890285506051e-53,1.3092987578369917e-51,True,0.57545820122187,AD_enriched,0.0124320124320124,True,1287.0,471,2,90.493,0.599,5.8384,Minor,-0.0060712424324064,0.997292608953302,flat,MIR,Minor Isoform Redistribution,new_target_candidate,SR
Oligodendrocyte,SLITRK2-201,SLITRK2,0.3716814159292035,0.0127877237851662,7.210000268982399e-43,3.680269368068488e-41,True,0.3588936921440373,AD_enriched,0.0315126050420168,True,6188.0,168,5,101.9332,1.6554,5.2766,Minor,-0.0164883020570901,0.984640264823359,flat,MIR,Minor Isoform Redistribution,new_target_candidate,SR
Oligodendrocyte,SMARCAD1-201,SMARCAD1,0.6846153846153846,0.0555555555555555,1.885918479055856e-18,1.8678233124124626e-17,True,0.6290598290598292,AD_enriched,0.0233100233100233,True,1716.0,89,5,9.8142,1.5268,2.0975,Minor,-0.0475479706412318,0.940408673768404,flat,MIR,Minor Isoform Redistribution,new_target_candidate,SR
Oligodendrocyte,SNHG29-227,SNHG29,0.0,0.3246753246753247,1.7750324171137377e-12,1.0216884234812034e-11,True,-0.3246753246753247,CT_enriched,0.0377622377622377,True,5005.0,0,25,0.0,15.3486,-4.0311,Minor,-0.0658889855712583,0.942272033154131,flat,MIEr,Minor Isoform Erosion,,SR
Oligodendrocyte,SNX14-226,SNX14,0.3407407407407407,0.1006944444444444,1.1535514760559319e-26,2.0529680483830663e-25,True,0.2400462962962962,AD_enriched,0.0357142857142857,True,252.0,46,29,11.908,8.7676,0.4022,Minor,0.0541288266991166,0.93070718178712,flat,MIR,Minor Isoform Redistribution,new_target_candidate,SR
Oligodendrocyte,SPATA2-202,SPATA2,0.0303030303030303,0.3387096774193548,1.620995748147901e-05,4.5249550782133416e-05,True,-0.3084066471163245,CT_enriched,0.0212121212121212,True,330.0,2,21,0.475,7.484,-2.524,Minor,-0.174440481022106,0.840906473892288,flat,MIEr,Minor Isoform Erosion,,SR
Oligodendrocyte,SPATA2-201,SPATA2,0.9696969696969696,0.6612903225806451,1.620995748147901e-05,4.5249550782133416e-05,True,0.3084066471163245,AD_enriched,0.0212121212121212,True,330.0,64,41,49.4403,25.9837,0.9025,Dominant,-0.174440481022106,0.840906473892288,flat,DIR,Dominant Isoform Redistribution,,SR
Oligodendrocyte,SPATA20-202,SPATA20,0.0202020202020202,0.3846153846153846,1.7288558144858342e-08,6.899085273442181e-08,True,-0.3644133644133643,CT_enriched,0.0404040404040404,True,495.0,2,15,0.131,6.0488,-2.6398,Minor,0.689491052420281,0.73098699352404,up,MIDi,Minor Isoform Dilution,,SR
Oligodendrocyte,SPATA20-205,SPATA20,0.3535353535353535,0.1025641025641025,1.7288558144858342e-08,6.899085273442181e-08,True,0.2509712509712509,AD_enriched,0.0323232323232323,True,495.0,35,4,14.5797,1.3748,2.7138,Minor,0.689491052420281,0.73098699352404,up,MIEx,Minor Isoform Expansion,new_target_candidate,SR
Oligodendrocyte,SPINT2-201,SPINT2,0.581081081081081,1.0,3.975768771847268e-26,6.890838039265135e-25,True,-0.4189189189189189,CT_enriched,0.0476190476190476,True,84.0,43,263,11.7191,85.3135,-2.7626,Dominant,0.0539681069052179,0.984683335724152,flat,DIEr,Dominant Isoform Erosion,trial_failure_explanation,SR
Oligodendrocyte,SPINT2-203,SPINT2,0.3108108108108108,0.0,3.975768771847268e-26,6.890838039265135e-25,True,0.3108108108108108,AD_enriched,0.0476190476190476,True,84.0,23,0,20.8759,0.0,4.4513,Minor,0.0539681069052179,0.984683335724152,flat,MIR,Minor Isoform Redistribution,new_target_candidate,SR
Oligodendrocyte,SRBD1-201,SRBD1,0.6875,1.0,0.0037389804648784,0.0074252091745876,True,-0.3125,CT_enriched,0.0,True,84.0,22,30,10.5124,11.8503,-0.1586,Dominant,-0.029417251052799,0.976694555729383,flat,DIEr,Dominant Isoform Erosion,trial_failure_explanation,SR
Oligodendrocyte,transcript54232.chr2.nnic,SRBD1,0.28125,0.0,0.0037389804648784,0.0074252091745876,True,0.28125,AD_enriched,0.0238095238095238,True,84.0,9,0,5.0703,0.0,2.6018,Minor,-0.029417251052799,0.976694555729383,flat,MIR,Minor Isoform Redistribution,new_target_candidate,SR
Oligodendrocyte,SRGAP2-203,SRGAP2,0.768,0.5238095238095238,0.0039527231458571,0.0078229224595254,True,0.2441904761904761,AD_enriched,0.0349650349650349,True,2002.0,96,22,46.0499,44.6684,0.043,Dominant,0.0810612022237743,0.913331037241526,flat,DIR,Dominant Isoform Redistribution,,SR
Oligodendrocyte,SRGAP2-215,SRGAP2,0.176,0.4285714285714285,0.0039527231458571,0.0078229224595254,True,-0.2525714285714285,CT_enriched,0.0369630369630369,True,2002.0,22,18,10.1964,10.5598,-0.0461,Minor,0.0810612022237743,0.913331037241526,flat,MIEr,Minor Isoform Erosion,,SR
Oligodendrocyte,transcript63184.chr11.nic,SSRP1,0.275,0.0192307692307692,1.8335783132484488e-11,9.767168881925511e-11,True,0.2557692307692308,AD_enriched,0.0176767676767676,True,792.0,22,3,17.8959,1.3762,2.9913,Minor,-0.116227410159693,0.857344960808768,flat,MIR,Minor Isoform Redistribution,new_target_candidate,SR
Oligodendrocyte,SSRP1-201,SSRP1,0.625,0.967948717948718,1.8335783132484488e-11,9.767168881925511e-11,True,-0.3429487179487179,CT_enriched,0.0164141414141414,True,792.0,50,151,17.4424,62.0089,-1.7725,Dominant,-0.116227410159693,0.857344960808768,flat,DIEr,Dominant Isoform Erosion,trial_failure_explanation,SR
Oligodendrocyte,transcript158638.chr3.nnic,ST3GAL6,0.8153846153846154,0.0185185185185185,8.163855369553852e-24,1.2312048114148584e-22,True,0.7968660968660969,AD_enriched,0.0324675324675324,True,462.0,106,1,12.2929,1.4312,2.4509,Minor,0.096351453043254,0.942160132520181,flat,MIR,Minor Isoform Redistribution,new_target_candidate,SR
Oligodendrocyte,STAU1-205,STAU1,0.0112994350282485,0.5208333333333334,1.7625176162456018e-20,2.0726314753065368e-19,True,-0.5095338983050849,CT_enriched,0.0181818181818181,True,715.0,2,25,2.4886,11.4686,-1.8376,Dominant,0.0198102871595266,0.970357270184743,flat,DIEr,Dominant Isoform Erosion,trial_failure_explanation,SR
Oligodendrocyte,STAU1-203,STAU1,0.6271186440677966,0.1458333333333333,1.7625176162456018e-20,2.0726314753065368e-19,True,0.4812853107344633,AD_enriched,0.0433566433566433,True,715.0,111,7,53.3855,2.4267,3.9883,Minor,0.0198102871595266,0.970357270184743,flat,MIR,Minor Isoform Redistribution,new_target_candidate,SR
Oligodendrocyte,STPG1-201,STPG1,0.0657894736842105,0.6136363636363636,9.842150838786116e-20,1.070650834804719e-18,True,-0.5478468899521531,CT_enriched,0.0238095238095238,True,126.0,10,54,2.1669,19.2033,-2.6735,Dominant,0.00010050112996,0.999771710697274,flat,DIEr,Dominant Isoform Erosion,trial_failure_explanation,SR
Oligodendrocyte,STXBP1-201,STXBP1,0.4848484848484848,0.7837837837837838,6.857809139517854e-06,2.003429147991222e-05,True,-0.2989352989352989,CT_enriched,0.0216450216450216,True,924.0,48,58,28.2071,52.7441,-0.8798,Dominant,-0.057443469084253,0.967962110526861,flat,DIEr,Dominant Isoform Erosion,trial_failure_explanation,SR
Oligodendrocyte,SUCLG2-201,SUCLG2,0.9516129032258064,0.4222222222222222,4.589958371169568e-09,1.9382142394620583e-08,True,0.5293906810035842,AD_enriched,0.0216450216450216,True,462.0,59,19,11.5497,8.6261,0.3826,Minor,0.318204269654241,0.602009801075986,flat,MIR,Minor Isoform Redistribution,new_target_candidate,SR
Oligodendrocyte,transcript114796.chr3.nnic,SUCLG2,0.0483870967741935,0.5777777777777777,4.589958371169568e-09,1.9382142394620583e-08,True,-0.5293906810035842,CT_enriched,0.0216450216450216,True,462.0,3,26,0.1964,7.7183,-2.8653,Dominant,0.318204269654241,0.602009801075986,flat,DIEr,Dominant Isoform Erosion,trial_failure_explanation,SR
Oligodendrocyte,SUGP2-214,SUGP2,0.082995951417004,0.3625730994152046,2.7040801831450487e-19,2.841731323689763e-18,True,-0.2795771479982006,CT_enriched,0.035,True,10000.0,41,62,22.9436,57.2092,-1.2816,Minor,0.191794706077991,0.642681283201421,flat,MIEr,Minor Isoform Erosion,,SR
Oligodendrocyte,transcript41441.chr17.nic,SUPT6H,0.1560283687943262,0.6699029126213593,2.082946873897252e-22,2.7882675012255724e-21,True,-0.5138745438270331,CT_enriched,0.0247252747252747,True,1820.0,44,69,37.7539,67.1516,-0.8144,Dominant,0.334641184698426,0.472125040594503,flat,DIEr,Dominant Isoform Erosion,trial_failure_explanation,SR
Oligodendrocyte,SYNJ2-201,SYNJ2,0.7272727272727273,0.9724770642201837,2.0182909826989003e-06,6.358732612412697e-06,True,-0.2452043369474563,CT_enriched,0.0121212121212121,True,330.0,88,106,19.2405,47.2385,-1.2529,Dominant,0.0637840494652949,0.919216660090732,flat,DIEr,Dominant Isoform Erosion,trial_failure_explanation,SR
Oligodendrocyte,SYNRG-217,SYNRG,0.926829268292683,0.6439393939393939,6.844818038302141e-12,3.7581772798952056e-11,True,0.282889874353289,AD_enriched,0.0376290376290376,True,3003.0,228,85,93.491,27.4721,1.7306,Dominant,0.0936540627822466,0.843487208900755,flat,DIR,Dominant Isoform Redistribution,,SR
Oligodendrocyte,transcript35572.chr1.nnic,SZRD1,0.2115384615384615,0.0,6.176063645074996e-07,2.065357496859133e-06,True,0.2115384615384615,AD_enriched,0.0277777777777777,True,252.0,11,0,6.5994,0.0,2.9259,Minor,-0.21455630388302,0.738316297949252,flat,MIR,Minor Isoform Redistribution,new_target_candidate,SR
Oligodendrocyte,TAF5-205,TAF5,0.8292682926829268,0.3170731707317073,8.455756239306909e-06,2.4441187138506906e-05,True,0.5121951219512195,AD_enriched,0.0476190476190476,True,126.0,34,13,7.6376,3.8808,0.8235,Minor,0.211667434128721,0.790298646067299,flat,MIR,Minor Isoform Redistribution,new_target_candidate,SR
Oligodendrocyte,TANGO2-210,TANGO2,0.5833333333333334,0.0303030303030303,2.788851077582072e-07,9.696267406713115e-07,True,0.5530303030303031,AD_enriched,0.0476190476190476,True,126.0,28,1,10.6248,0.2995,3.1612,Minor,-0.0763913303964739,0.89684336595497,flat,MIR,Minor Isoform Redistribution,new_target_candidate,SR
Oligodendrocyte,TARS2-213,TARS2,0.3571428571428571,0.0350877192982456,2.2246173530793265e-07,7.804643206233739e-07,True,0.3220551378446115,AD_enriched,0.0202020202020202,True,792.0,15,4,7.4386,1.5282,1.7389,Minor,0.0950164697448024,0.883614861281834,flat,MIR,Minor Isoform Redistribution,new_target_candidate,SR
Oligodendrocyte,TARS2-204,TARS2,0.6428571428571429,0.9649122807017544,2.2246173530793265e-07,7.804643206233739e-07,True,-0.3220551378446115,CT_enriched,0.0202020202020202,True,792.0,27,110,8.8057,36.6503,-1.941,Dominant,0.0950164697448024,0.883614861281834,flat,DIEr,Dominant Isoform Erosion,trial_failure_explanation,SR
Oligodendrocyte,TBC1D14-208,TBC1D14,0.2619047619047619,0.0331125827814569,2.088993102359806e-40,9.154125434397451e-39,True,0.228792179123305,AD_enriched,0.0424242424242424,True,330.0,44,5,4.8046,1.4831,1.2251,Minor,0.241294337873068,0.632941609792384,flat,MIR,Minor Isoform Redistribution,new_target_candidate,SR
Oligodendrocyte,transcript16738.chr4.nnic,TBC1D14,0.3273809523809524,0.0066225165562913,2.088993102359806e-40,9.154125434397451e-39,True,0.320758435824661,AD_enriched,0.0333333333333333,True,330.0,55,1,3.6016,0.2923,1.8322,Minor,0.241294337873068,0.632941609792384,flat,MIR,Minor Isoform Redistribution,new_target_candidate,SR
Oligodendrocyte,TBCEL-202,TBCEL,0.0105263157894736,0.717391304347826,2.2607655477875305e-33,6.250747600876833e-32,True,-0.7068649885583524,CT_enriched,0.0064935064935064,True,462.0,2,33,0.6663,46.127,-4.8219,Dominant,0.0824729800286715,0.924315775893111,flat,DIEr,Dominant Isoform Erosion,trial_failure_explanation,SR
Oligodendrocyte,TBL3-206,TBL3,0.4084507042253521,0.0,2.331319882780839e-16,1.947658427251259e-15,True,0.4084507042253521,AD_enriched,0.0125874125874125,True,715.0,58,0,21.7477,0.0,4.5077,Minor,-0.0859432175136841,0.961239469169496,flat,MIR,Minor Isoform Redistribution,new_target_candidate,SR
Oligodendrocyte,TBL3-205,TBL3,0.5704225352112676,1.0,2.331319882780839e-16,1.947658427251259e-15,True,-0.4295774647887324,CT_enriched,0.0125874125874125,True,715.0,81,130,60.8938,46.1481,0.3926,Dominant,-0.0859432175136841,0.961239469169496,flat,DIEr,Dominant Isoform Erosion,trial_failure_explanation,SR
Oligodendrocyte,TCERG1-202,TCERG1,0.2190082644628099,0.552,2.5898466697623144e-11,1.3608413779463743e-10,True,-0.3329917355371901,CT_enriched,0.0169830169830169,True,8008.0,53,69,31.2322,51.6432,-0.7077,Dominant,0.285073232010382,0.575239571849154,flat,DIEr,Dominant Isoform Erosion,trial_failure_explanation,SR
Oligodendrocyte,TCERG1-207,TCERG1,0.3264462809917355,0.08,2.5898466697623144e-11,1.3608413779463743e-10,True,0.2464462809917355,AD_enriched,0.0154845154845154,True,8008.0,79,10,34.5006,9.2225,1.7961,Minor,0.285073232010382,0.575239571849154,flat,MIR,Minor Isoform Redistribution,new_target_candidate,SR
Oligodendrocyte,TERF1-201,TERF1,0.1290322580645161,0.3824884792626728,1.291789273585524e-12,7.547624120509132e-12,True,-0.2534562211981567,CT_enriched,0.0119,True,10000.0,52,83,7.4915,68.0936,-3.0245,Dominant,-0.018424998297234,0.970430147587411,flat,DIEr,Dominant Isoform Erosion,trial_failure_explanation,SR
Oligodendrocyte,TGOLN2-202,TGOLN2,0.3145336225596529,0.1098484848484848,1.665044657918452e-09,7.3309312189869284e-09,True,0.204685137711168,AD_enriched,0.029,True,10000.0,145,29,40.9985,15.3185,1.3638,Minor,-0.315196350587725,0.659203327374524,flat,MIR,Minor Isoform Redistribution,new_target_candidate,SR
Oligodendrocyte,TGOLN2-201,TGOLN2,0.6529284164859002,0.8674242424242424,1.665044657918452e-09,7.3309312189869284e-09,True,-0.2144958259383422,CT_enriched,0.0338,True,10000.0,301,229,116.8248,103.7915,0.1691,Dominant,-0.315196350587725,0.659203327374524,flat,DIEr,Dominant Isoform Erosion,trial_failure_explanation,SR
Oligodendrocyte,THOC2-220,THOC2,0.0416666666666666,0.5,9.187803999403704e-08,3.373703523891716e-07,True,-0.4583333333333333,CT_enriched,0.0357142857142857,True,56.0,2,28,0.131,8.5266,-3.0744,Dominant,0.284799955043655,0.366233789515442,flat,DIEr,Dominant Isoform Erosion,trial_failure_explanation,SR
Oligodendrocyte,TIAM1-207,TIAM1,0.0,0.5196078431372549,1.4024012537116708e-36,4.825299128511638e-35,True,-0.5196078431372549,CT_enriched,0.0072,True,10000.0,0,53,0.0,18.2265,-4.265,Dominant,0.259567491412955,0.7621829662904,flat,DIEr,Dominant Isoform Erosion,trial_failure_explanation,SR
Oligodendrocyte,TIGD6-201,TIGD6,0.6129032258064516,0.94,9.653622056936888e-07,3.1667425462197628e-06,True,-0.3270967741935483,CT_enriched,0.004040404040404,True,495.0,38,94,11.0851,35.2366,-1.5842,Dominant,-0.459308950095854,0.508115219758601,flat,DIEr,Dominant Isoform Erosion,trial_failure_explanation,SR
Oligodendrocyte,TIGD6-202,TIGD6,0.3387096774193548,0.06,9.653622056936888e-07,3.1667425462197628e-06,True,0.2787096774193548,AD_enriched,0.0282828282828282,True,495.0,21,6,9.8611,1.8029,1.9542,Minor,-0.459308950095854,0.508115219758601,flat,MIR,Minor Isoform Redistribution,new_target_candidate,SR
Oligodendrocyte,transcript149227.chr9.nic,TLE4,0.3486590038314176,0.0,3.00252001223863e-24,4.664449985568039e-23,True,0.3486590038314176,AD_enriched,0.0441919191919191,True,792.0,91,0,5.959,0.0,2.7989,Minor,-0.307711488932788,0.436729960745558,flat,MIR,Minor Isoform Redistribution,new_target_candidate,SR
Oligodendrocyte,TMC6-229,TMC6,0.2915851272015655,0.0627137970353477,1.1186367149562196e-41,5.144621327694694e-40,True,0.2288713301662178,AD_enriched,0.021,True,10000.0,298,55,132.6296,21.1235,2.5946,Minor,-0.185130170406059,0.647233159089295,flat,MIR,Minor Isoform Redistribution,new_target_candidate,SR
Oligodendrocyte,TMCC1-203,TMCC1,0.238095238095238,0.9195402298850576,1.6257785721605717e-21,2.0689702651194123e-20,True,-0.6814449917898195,CT_enriched,0.0209790209790209,True,715.0,30,80,7.8214,25.8661,-1.6067,Dominant,0.129457812990469,0.781501093131041,flat,DIEr,Dominant Isoform Erosion,trial_failure_explanation,SR
Oligodendrocyte,TMCC1-201,TMCC1,0.746031746031746,0.0804597701149425,1.6257785721605717e-21,2.0689702651194123e-20,True,0.6655719759168035,AD_enriched,0.0209790209790209,True,715.0,94,7,39.663,7.2446,2.3022,Minor,0.129457812990469,0.781501093131041,flat,MIR,Minor Isoform Redistribution,new_target_candidate,SR
Oligodendrocyte,TMEM127-201,TMEM127,0.921875,0.6590909090909091,0.0013633033071354,0.0028902527894314,True,0.2627840909090909,AD_enriched,0.0,True,10.0,59,29,4.6277,244.6664,-5.448,Dominant,-0.106614986608733,0.871786478707613,flat,DIR,Dominant Isoform Redistribution,,SR
Oligodendrocyte,TMEM127-202,TMEM127,0.078125,0.3409090909090909,0.0013633033071354,0.0028902527894314,True,-0.2627840909090909,CT_enriched,0.0,True,10.0,5,15,0.4038,5.6477,-2.2435,Minor,-0.106614986608733,0.871786478707613,flat,MIEr,Minor Isoform Erosion,,SR
Oligodendrocyte,transcript212767.chr6.nic,TMEM181,0.6235294117647059,0.2711864406779661,4.0926310443614855e-16,3.340996696143955e-15,True,0.3523429710867398,AD_enriched,0.0285714285714285,True,35.0,106,16,18.7622,13.2992,0.4668,Minor,-0.173087989383539,0.730108410186009,flat,MIR,Minor Isoform Redistribution,new_target_candidate,SR
Oligodendrocyte,TMEM181-202,TMEM181,0.1529411764705882,0.6610169491525424,4.0926310443614855e-16,3.340996696143955e-15,True,-0.5080757726819543,CT_enriched,0.0285714285714285,True,35.0,26,39,2.3903,11.8329,-1.9204,Dominant,-0.173087989383539,0.730108410186009,flat,DIEr,Dominant Isoform Erosion,trial_failure_explanation,SR
Oligodendrocyte,transcript190990.chr11.nic,TMEM218,0.4571428571428571,0.0307692307692307,4.9271371058774724e-08,1.8744104714824617e-07,True,0.4263736263736263,AD_enriched,0.0476190476190476,True,126.0,16,2,3.5742,0.7641,1.3746,Minor,-0.16794082442986,0.815717493254807,flat,MIR,Minor Isoform Redistribution,new_target_candidate,SR
Oligodendrocyte,transcript191742.chr11.nic,TMEM218,0.4,0.9384615384615383,4.9271371058774724e-08,1.8744104714824617e-07,True,-0.5384615384615383,CT_enriched,0.0396825396825396,True,126.0,14,61,6.5404,52.5589,-2.8284,Dominant,-0.16794082442986,0.815717493254807,flat,DIEr,Dominant Isoform Erosion,trial_failure_explanation,SR
Oligodendrocyte,TMEM255A-203,TMEM255A,0.9854014598540146,0.6333333333333333,5.424229097487964e-10,2.507019319187225e-09,True,0.3520681265206813,AD_enriched,0.0285714285714285,True,35.0,135,19,58.5601,5.7843,3.1341,Dominant,-0.017693771390883,0.996772927243133,flat,DIR,Dominant Isoform Redistribution,,SR
Oligodendrocyte,TNIK-201,TNIK,0.4757281553398058,0.0,1.8392960985252745e-08,7.333502470085754e-08,True,0.4757281553398058,AD_enriched,0.0325,True,10000.0,49,0,87.4037,0.0,6.466,Minor,0.0632322914271431,0.954228066401174,flat,MIR,Minor Isoform Redistribution,new_target_candidate,SR
Oligodendrocyte,TNIK-204,TNIK,0.4854368932038835,0.96,1.8392960985252745e-08,7.333502470085754e-08,True,-0.4745631067961164,CT_enriched,0.0383,True,10000.0,50,48,36.5237,44.9131,-0.2911,Dominant,0.0632322914271431,0.954228066401174,flat,DIEr,Dominant Isoform Erosion,trial_failure_explanation,SR
Oligodendrocyte,TNPO1-204,TNPO1,0.3830155979202773,0.7063953488372093,1.853879084802009e-20,2.169085226424517e-19,True,-0.323379750916932,CT_enriched,0.0432012432012432,True,6435.0,221,243,27.5059,86.5733,-1.6192,Dominant,0.0397273540682827,0.953655252397412,flat,DIEr,Dominant Isoform Erosion,trial_failure_explanation,SR
Oligodendrocyte,TOM1L2-202,TOM1L2,0.9833333333333332,0.2051282051282051,5.479851594557562e-15,4.0021872101760816e-14,True,0.7782051282051281,AD_enriched,0.0,True,495.0,59,8,34.1437,14.8826,1.1458,Minor,-0.0626925151107196,0.919216660090732,flat,MIR,Minor Isoform Redistribution,new_target_candidate,SR
Oligodendrocyte,transcript58754.chr20.nic,TOMM34,0.1690140845070422,0.6470588235294118,5.312518322021046e-07,1.7881628699846205e-06,True,-0.4780447390223696,CT_enriched,0.0062160062160062,True,1287.0,12,22,1.3591,16.284,-2.8731,Dominant,-0.0060244091121705,0.997292608953302,flat,DIEr,Dominant Isoform Erosion,trial_failure_explanation,SR
Oligodendrocyte,transcript160367.chr3.nic,TOMM70,0.0,0.2641509433962264,5.067938389212427e-11,2.601168377667593e-10,True,-0.2641509433962264,CT_enriched,0.0343434343434343,True,495.0,0,28,0.0,8.5091,-3.2493,Minor,-0.149032037310104,0.782063048538774,flat,MIEr,Minor Isoform Erosion,,SR
Oligodendrocyte,TOP2B-212,TOP2B,0.1004784688995215,0.4285714285714285,1.1695619242752112e-14,8.306750975930209e-14,True,-0.328092959671907,CT_enriched,0.0279720279720279,True,2002.0,21,27,7.1822,8.2154,-0.1716,Dominant,0.0139875144115009,0.984136439095584,flat,DIEr,Dominant Isoform Erosion,trial_failure_explanation,SR
Oligodendrocyte,TRAK1-206,TRAK1,0.7028985507246377,0.1666666666666666,4.545436420497721e-12,2.537686559280278e-11,True,0.5362318840579711,AD_enriched,0.0475,True,10000.0,97,6,22.1999,5.4453,1.8478,Minor,-0.0958990412866446,0.888946814436077,flat,MIR,Minor Isoform Redistribution,new_target_candidate,SR
Oligodendrocyte,TRAPPC9-201,TRAPPC9,0.7536842105263157,0.9839357429718876,3.002708738330959e-14,2.0302157335585605e-13,True,-0.2302515324455718,CT_enriched,0.0404,True,10000.0,358,245,196.3343,179.2819,0.1304,Dominant,0.168160385189877,0.837391353391222,flat,DIEr,Dominant Isoform Erosion,trial_failure_explanation,SR
Oligodendrocyte,TRHDE-AS1-218,TRHDE-AS1,0.018018018018018,0.3466666666666667,5.3445182215393224e-14,3.5617341662912697e-13,True,-0.3286486486486487,CT_enriched,0.0492424242424242,True,792.0,4,26,0.606,7.751,-2.446,Dominant,-0.2855285624808,0.920850768466897,flat,DIEr,Dominant Isoform Erosion,trial_failure_explanation,SR
Oligodendrocyte,transcript219031.chr2.nnic,TSGA10,0.0,0.2957746478873239,6.607124968742202e-29,1.3700935482056931e-27,True,-0.2957746478873239,CT_enriched,0.0067,True,10000.0,0,21,0.0,6.1378,-2.8355,Minor,-0.0953303113980188,0.920247309561405,flat,MIEr,Minor Isoform Erosion,,SR
Oligodendrocyte,TSGA10-207,TSGA10,0.9153846153846154,0.4929577464788732,6.607124968742202e-29,1.3700935482056931e-27,True,0.4224268689057421,AD_enriched,0.0146,True,10000.0,238,35,94.4491,32.6052,1.506,Dominant,-0.0953303113980188,0.920247309561405,flat,DIR,Dominant Isoform Redistribution,,SR
Oligodendrocyte,TTC19-202,TTC19,0.1224489795918367,0.3461538461538461,0.0020949129851867,0.0043306056146828,True,-0.2237048665620093,CT_enriched,0.029040404040404,True,792.0,12,18,1.6724,9.0952,-1.9175,Dominant,-0.0610669807172972,0.89078452715029,flat,DIEr,Dominant Isoform Erosion,trial_failure_explanation,SR
Oligodendrocyte,TTC21B-214,TTC21B,0.0,0.3265306122448979,2.4905923442501125e-15,1.878052181662625e-14,True,-0.3265306122448979,CT_enriched,0.0181818181818181,True,330.0,0,16,0.0,4.8857,-2.5572,Dominant,0.222648020864479,0.624980123309662,flat,DIEr,Dominant Isoform Erosion,trial_failure_explanation,SR
Oligodendrocyte,TUBGCP2-201,TUBGCP2,0.4280442804428044,0.7147335423197492,1.3580575625204484e-44,7.885221722384354e-43,True,-0.2866892618769447,CT_enriched,0.0345,True,10000.0,116,228,18.2488,124.9555,-2.7101,Dominant,0.175723551986503,0.733645101544668,flat,DIEr,Dominant Isoform Erosion,trial_failure_explanation,SR
Oligodendrocyte,UBE3B-202,UBE3B,0.7435897435897436,0.0476190476190476,5.1166616841161775e-21,6.205455227864137e-20,True,0.695970695970696,AD_enriched,0.0094905094905094,True,2002.0,116,3,47.0059,35.7351,0.3861,Minor,0.0448204072843338,0.937438202556472,flat,MIR,Minor Isoform Redistribution,new_target_candidate,SR
Oligodendrocyte,UPF2-202,UPF2,0.7276119402985075,0.9875,4.002632383421112e-06,1.212009610234098e-05,True,-0.2598880597014925,CT_enriched,0.0381,True,10000.0,195,79,93.3022,30.9866,1.5598,Dominant,0.0352297808998215,0.961061640129264,flat,DIEr,Dominant Isoform Erosion,trial_failure_explanation,SR
Oligodendrocyte,USB1-201,USB1,0.9381443298969072,0.5887850467289719,3.876787429378787e-09,1.6490547261414345e-08,True,0.3493592831679353,AD_enriched,0.0281385281385281,True,462.0,91,63,19.0951,26.7705,-0.4667,Dominant,-0.0396050032104766,0.971664749972395,flat,DIR,Dominant Isoform Redistribution,,SR
Oligodendrocyte,USB1-219,USB1,0.0,0.2710280373831775,3.876787429378787e-09,1.6490547261414345e-08,True,-0.2710280373831775,CT_enriched,0.0281385281385281,True,462.0,0,29,0.0,9.1812,-3.3478,Minor,-0.0396050032104766,0.971664749972395,flat,MIEr,Minor Isoform Erosion,,SR
Oligodendrocyte,USP1-202,USP1,0.6493055555555556,0.3208955223880597,5.583168779237141e-10,2.577914411486731e-09,True,0.3284100331674959,AD_enriched,0.0136363636363636,True,220.0,187,43,35.6127,18.4096,0.9156,Minor,-0.254229116690933,0.729599735411647,flat,MIR,Minor Isoform Redistribution,new_target_candidate,SR
Oligodendrocyte,USP1-201,USP1,0.3506944444444444,0.6791044776119403,5.583168779237141e-10,2.577914411486731e-09,True,-0.3284100331674958,CT_enriched,0.0136363636363636,True,220.0,101,91,22.424,27.9727,-0.3067,Dominant,-0.254229116690933,0.729599735411647,flat,DIEr,Dominant Isoform Erosion,trial_failure_explanation,SR
Oligodendrocyte,USP11-201,USP11,0.2752293577981651,0.7362637362637363,1.6139390488695996e-14,1.1172499078985529e-13,True,-0.4610343784655712,CT_enriched,0.0023310023310023,True,3003.0,30,134,4.1125,68.2486,-3.7597,Dominant,0.12274989415564,0.871630594500851,flat,DIEr,Dominant Isoform Erosion,trial_failure_explanation,SR
Oligodendrocyte,USP11-206,USP11,0.2477064220183486,0.0439560439560439,1.6139390488695996e-14,1.1172499078985529e-13,True,0.2037503780623047,AD_enriched,0.0186480186480186,True,3003.0,27,8,9.9967,8.9375,0.1461,Minor,0.12274989415564,0.871630594500851,flat,MIR,Minor Isoform Redistribution,new_target_candidate,SR
Oligodendrocyte,UTY-205,UTY,0.01,0.2682926829268293,1.0232671401792343e-06,3.347236525445453e-06,True,-0.2582926829268293,CT_enriched,0.0357142857142857,True,56.0,1,11,0.3331,12.826,-3.3745,Minor,0.124945353133641,0.873284614255059,flat,MIEr,Minor Isoform Erosion,,SR
Oligodendrocyte,VPS13B-219,VPS13B,0.0461538461538461,0.4851485148514851,2.860689595151009e-23,4.126678002942993e-22,True,-0.438994668697639,CT_enriched,0.0201048951048951,True,3432.0,9,49,2.7906,70.1298,-4.23,Dominant,0.124110330149636,0.85495395978418,flat,DIEr,Dominant Isoform Erosion,trial_failure_explanation,SR
Oligodendrocyte,VPS39-205,VPS39,0.0374064837905236,0.5532994923857868,2.1089870626659988e-48,1.5306632665755567e-46,True,-0.5158930085952632,CT_enriched,0.0223776223776223,True,715.0,15,109,4.3978,32.1068,-2.6167,Dominant,0.127733945153866,0.718003992512056,flat,DIEr,Dominant Isoform Erosion,trial_failure_explanation,SR
Oligodendrocyte,VPS39-201,VPS39,0.85785536159601,0.4416243654822335,2.1089870626659988e-48,1.5306632665755567e-46,True,0.4162309961137764,AD_enriched,0.0237762237762237,True,715.0,344,87,100.6134,30.2122,1.7029,Minor,0.127733945153866,0.718003992512056,flat,MIR,Minor Isoform Redistribution,new_target_candidate,SR
Oligodendrocyte,WASHC2A-209,WASHC2A,0.01875,0.2222222222222222,6.801095765191536e-07,2.266218782590723e-06,True,-0.2034722222222222,CT_enriched,0.0495726495726495,True,6435.0,3,18,2.164,21.7938,-2.8488,Minor,0.0085222412330093,0.995432058976201,flat,MIEr,Minor Isoform Erosion,,SR
Oligodendrocyte,WDR47-203,WDR47,0.5844155844155844,0.2,1.891636722986973e-05,5.233265383129535e-05,True,0.3844155844155844,AD_enriched,0.0295260295260295,True,1287.0,45,10,9.1768,2.9968,1.3484,Minor,-0.0176594221152946,0.980697487957192,flat,MIR,Minor Isoform Redistribution,new_target_candidate,SR
Oligodendrocyte,XPNPEP1-213,XPNPEP1,0.3118279569892473,0.0239520958083832,9.851675969525524e-11,4.888999452825434e-10,True,0.2878758611808641,AD_enriched,0.0168997668997669,True,1716.0,29,4,9.7446,6.3023,0.5572,Minor,0.157331579129889,0.792469548308318,flat,MIR,Minor Isoform Redistribution,new_target_candidate,SR
Oligodendrocyte,transcript114140.chr5.nic,XRCC4,0.7368421052631579,0.9620253164556962,0.002788156099506,0.0056529834492385,True,-0.2251832111925383,CT_enriched,0.0238095238095238,True,84.0,28,76,11.7239,23.8089,-0.9633,Dominant,0.226826490150981,0.743316822222095,flat,DIEr,Dominant Isoform Erosion,trial_failure_explanation,SR
Oligodendrocyte,YTHDF2-206,YTHDF2,0.3346814964610718,0.0523255813953488,3.798436709607431e-33,1.0317975740424863e-31,True,0.282355915065723,AD_enriched,0.0384,True,10000.0,331,27,105.4507,18.8256,2.4247,Minor,-0.0637212404283927,0.91987526108049,flat,MIR,Minor Isoform Redistribution,new_target_candidate,SR
Oligodendrocyte,ZBTB20-201,ZBTB20,0.1237756010685663,0.3457446808510638,2.73291365068522e-46,1.7631088760323401e-44,True,-0.2219690797824975,CT_enriched,0.0364,True,10000.0,139,195,54.9647,107.9382,-0.9609,Minor,0.0991408115684435,0.854312675681753,flat,MIEr,Minor Isoform Erosion,,SR
Oligodendrocyte,ZBTB44-201,ZBTB44,0.1304347826086956,0.5892857142857143,3.489846407843102e-15,2.5978103468639763e-14,True,-0.4588509316770187,CT_enriched,0.0357142857142857,True,84.0,21,33,1.6835,10.0768,-2.0454,Dominant,0.0499050993892816,0.93906979613345,flat,DIEr,Dominant Isoform Erosion,trial_failure_explanation,SR
Oligodendrocyte,ZC3H13-206,ZC3H13,0.3569023569023569,0.5598141695702671,2.824641545221347e-16,2.342939281705921e-15,True,-0.2029118126679102,CT_enriched,0.0225,True,10000.0,318,482,165.7182,298.2274,-0.8438,Dominant,0.073938173463993,0.94050026315158,flat,DIEr,Dominant Isoform Erosion,trial_failure_explanation,SR
Oligodendrocyte,ZDHHC20-210,ZDHHC20,0.0,0.5,3.779483195707439e-15,2.808911911049769e-14,True,-0.5,CT_enriched,0.0126262626262626,True,792.0,0,19,0.0,5.5794,-2.718,Dominant,-0.317686110098144,0.65397168141149,flat,DIEr,Dominant Isoform Erosion,trial_failure_explanation,SR
Oligodendrocyte,ZDHHC6-202,ZDHHC6,0.2562814070351759,0.7802197802197802,2.970857853582027e-18,2.8869528723616134e-17,True,-0.5239383731846043,CT_enriched,0.0023310023310023,True,1716.0,51,71,7.3833,38.5932,-2.2397,Dominant,0.0220164677678973,0.985470221407625,flat,DIEr,Dominant Isoform Erosion,trial_failure_explanation,SR
Oligodendrocyte,ZDHHC6-210,ZDHHC6,0.4974874371859296,0.0219780219780219,2.970857853582027e-18,2.8869528723616134e-17,True,0.4755094152079077,AD_enriched,0.0285547785547785,True,1716.0,99,2,14.6292,1.7366,2.5138,Minor,0.0220164677678973,0.985470221407625,flat,MIR,Minor Isoform Redistribution,new_target_candidate,SR
Oligodendrocyte,ZFPL1-215,ZFPL1,0.7064220183486238,0.9538904899135446,9.542730063177246e-16,7.590065264290807e-15,True,-0.2474684715649208,CT_enriched,0.0242257742257742,True,8008.0,154,331,56.5313,163.4174,-1.5149,Dominant,-0.446265898734583,0.699120314791146,flat,DIEr,Dominant Isoform Erosion,trial_failure_explanation,SR
Oligodendrocyte,ZFPL1-201,ZFPL1,0.2522935779816513,0.0461095100864553,9.542730063177246e-16,7.590065264290807e-15,True,0.206184067895196,AD_enriched,0.040084915084915,True,8008.0,55,16,10.7936,5.8968,0.774,Minor,-0.446265898734583,0.699120314791146,flat,MIR,Minor Isoform Redistribution,new_target_candidate,SR
Oligodendrocyte,ZNF131-221,ZNF131,0.2542372881355932,0.0192307692307692,3.65758049677065e-06,1.1147940556102144e-05,True,0.235006518904824,AD_enriched,0.0126262626262626,True,792.0,15,2,4.1953,0.7641,1.5583,Minor,0.0712506532379269,0.899283702631467,flat,MIR,Minor Isoform Redistribution,new_target_candidate,SR
Oligodendrocyte,ZNF160-202,ZNF160,0.8197747183979975,0.0833333333333333,4.074049278569796e-96,2.102662099884077e-93,True,0.7364413850646643,AD_enriched,0.0037962037962037,True,5005.0,655,20,97.8766,17.1321,2.4471,Minor,-0.0380352031387767,0.973035102671041,flat,MIR,Minor Isoform Redistribution,new_target_candidate,SR
Oligodendrocyte,ZNF197-204,ZNF197,0.294478527607362,0.0137931034482758,2.5096483004531328e-12,1.4198923697447992e-11,True,0.2806854241590862,AD_enriched,0.0217560217560217,True,1287.0,48,2,14.7086,1.7366,2.5211,Minor,0.428678512397509,0.392030207227121,flat,MIR,Minor Isoform Redistribution,new_target_candidate,SR
Oligodendrocyte,ZNF197-202,ZNF197,0.5521472392638037,0.903448275862069,2.5096483004531328e-12,1.4198923697447992e-11,True,-0.3513010365982653,CT_enriched,0.0295260295260295,True,1287.0,90,131,19.0748,72.958,-1.8813,Dominant,0.428678512397509,0.392030207227121,flat,DIEr,Dominant Isoform Erosion,trial_failure_explanation,SR
Oligodendrocyte,ZNF207-201,ZNF207,0.1089108910891089,0.4473684210526316,1.7557289518845826e-18,1.7425985003213433e-17,True,-0.3384575299635227,CT_enriched,0.0333,True,10000.0,44,68,20.9354,57.0327,-1.4036,Dominant,0.0190943379521627,0.972179268305971,flat,DIEr,Dominant Isoform Erosion,trial_failure_explanation,SR
Oligodendrocyte,ZNF224-201,ZNF224,0.64,0.016,4.036878999194221e-32,1.0246613634566753e-30,True,0.624,AD_enriched,0.0315656565656565,True,792.0,96,2,14.1652,0.7583,3.1086,Minor,-0.134037456184536,0.836398456235489,flat,MIR,Minor Isoform Redistribution,new_target_candidate,SR
Oligodendrocyte,ZNF224-209,ZNF224,0.0066666666666666,0.456,4.036878999194221e-32,1.0246613634566753e-30,True,-0.4493333333333334,CT_enriched,0.0214646464646464,True,792.0,1,57,0.1419,22.1821,-4.3435,Minor,-0.134037456184536,0.836398456235489,flat,MIEr,Minor Isoform Erosion,,SR
Oligodendrocyte,ZNF254-202,ZNF254,0.2852011494252873,0.5345268542199488,4.0499397079121196e-22,5.314115803178473e-21,True,-0.2493257047946615,CT_enriched,0.0273,True,10000.0,397,209,140.7031,134.7052,0.0624,Dominant,0.175056483107695,0.685220163994018,flat,DIEr,Dominant Isoform Erosion,trial_failure_explanation,SR
Oligodendrocyte,ZNF266-201,ZNF266,0.0555555555555555,0.934959349593496,9.624085150884011e-31,2.2464259058219214e-29,True,-0.8794037940379406,CT_enriched,0.0,True,15.0,3,115,0.1964,33.6191,-4.8547,Dominant,0.235987795274756,0.796555556639466,flat,DIEr,Dominant Isoform Erosion,trial_failure_explanation,SR
Oligodendrocyte,ZNF266-206,ZNF266,0.925925925925926,0.040650406504065,9.624085150884011e-31,2.2464259058219214e-29,True,0.885275519421861,AD_enriched,0.0,True,15.0,50,5,14.4847,1.4686,2.6491,Minor,0.235987795274756,0.796555556639466,flat,MIR,Minor Isoform Redistribution,new_target_candidate,SR
Oligodendrocyte,ZNF37A-207,ZNF37A,0.4876957494407158,0.2132616487455197,1.3535816453264939e-25,2.261649907389052e-24,True,0.2744341006951961,AD_enriched,0.0177,True,10000.0,436,119,88.3885,41.2468,1.0812,Minor,0.194234646295244,0.769741853216514,flat,MIR,Minor Isoform Redistribution,new_target_candidate,SR
Oligodendrocyte,ZNF37A-201,ZNF37A,0.3389261744966443,0.5860215053763441,1.3535816453264939e-25,2.261649907389052e-24,True,-0.2470953308796998,CT_enriched,0.0396,True,10000.0,303,327,53.3533,191.445,-1.824,Dominant,0.194234646295244,0.769741853216514,flat,DIEr,Dominant Isoform Erosion,trial_failure_explanation,SR
Oligodendrocyte,ZNF502-203,ZNF502,0.7039106145251397,0.4298245614035088,1.335979867857793e-16,1.1428409735173938e-15,True,0.2740860531216309,AD_enriched,0.0486180486180486,True,3003.0,126,49,42.2352,21.3215,0.9538,Minor,0.0894594764906563,0.942160132520181,flat,MIR,Minor Isoform Redistribution,new_target_candidate,SR
Oligodendrocyte,ZNF502-204,ZNF502,0.1284916201117318,0.5701754385964912,1.335979867857793e-16,1.1428409735173938e-15,True,-0.4416838184847594,CT_enriched,0.0362970362970362,True,3003.0,23,65,9.4231,29.8746,-1.5666,Dominant,0.0894594764906563,0.942160132520181,flat,DIEr,Dominant Isoform Erosion,trial_failure_explanation,SR
Oligodendrocyte,ZNF514-201,ZNF514,0.7565543071161048,0.2077922077922078,1.3523745892989015e-76,3.695164686643175e-74,True,0.5487620993238971,AD_enriched,0.02,True,10000.0,404,64,116.872,36.3214,1.6591,Minor,-0.184141051823391,0.805756373805351,flat,MIR,Minor Isoform Redistribution,new_target_candidate,SR
Oligodendrocyte,ZNF514-205,ZNF514,0.1029962546816479,0.5162337662337663,1.3523745892989015e-76,3.695164686643175e-74,True,-0.4132375115521183,CT_enriched,0.0478,True,10000.0,55,159,14.2359,83.1892,-2.4662,Dominant,-0.184141051823391,0.805756373805351,flat,DIEr,Dominant Isoform Erosion,trial_failure_explanation,SR
Oligodendrocyte,ZNF558-207,ZNF558,0.9102112676056338,0.6,8.503613973693511e-23,1.168617955852259e-21,True,0.3102112676056338,AD_enriched,0.0,True,35.0,517,21,83.2701,15.522,2.3506,Dominant,0.0249126469056723,0.983291952814634,flat,DIR,Dominant Isoform Redistribution,,SR
Oligodendrocyte,transcript102246.chr19.nnic,ZNF571,0.0,0.4873949579831932,4.2948496448631714e-19,4.4931478829705935e-18,True,-0.4873949579831932,CT_enriched,0.0371,True,10000.0,0,58,0.0,17.3713,-4.1994,Dominant,0.0294093471538909,0.971664749972395,flat,DIEr,Dominant Isoform Erosion,trial_failure_explanation,SR
Oligodendrocyte,ZNF7-218,ZNF7,0.7307692307692307,0.0256410256410256,4.856221448907871e-19,5.035077819235951e-18,True,0.7051282051282052,AD_enriched,0.0,True,126.0,57,2,11.7586,0.7583,2.8593,Minor,-0.066454161861125,0.945741436165783,flat,MIR,Minor Isoform Redistribution,new_target_candidate,SR
Oligodendrocyte,ZNF738-206,ZNF738,0.3140495867768595,0.7272727272727273,4.0515319176305035e-11,2.0980340866659623e-10,True,-0.4132231404958678,CT_enriched,0.0396825396825396,True,126.0,38,40,3.8638,33.8949,-2.8429,Dominant,-0.0774016125100303,0.91919903208631,flat,DIEr,Dominant Isoform Erosion,trial_failure_explanation,SR
Oligodendrocyte,ZNF738-201,ZNF738,0.6694214876033058,0.1272727272727272,4.0515319176305035e-11,2.0980340866659623e-10,True,0.5421487603305786,AD_enriched,0.0158730158730158,True,126.0,81,7,9.7439,3.2283,1.3454,Minor,-0.0774016125100303,0.91919903208631,flat,MIR,Minor Isoform Redistribution,new_target_candidate,SR
Oligodendrocyte,ZNHIT6-201,ZNHIT6,0.3664383561643836,1.0,9.07163052193076e-42,4.2137723774368376e-40,True,-0.6335616438356164,CT_enriched,0.0075757575757575,True,1716.0,107,178,28.4077,102.555,-1.8161,Dominant,0.1090938860962,0.837481511917317,flat,DIEr,Dominant Isoform Erosion,trial_failure_explanation,SR
Oligodendrocyte,transcript148113.chr1.nnic,ZNHIT6,0.6335616438356164,0.0,9.07163052193076e-42,4.2137723774368376e-40,True,0.6335616438356164,AD_enriched,0.0075757575757575,True,1716.0,185,0,26.0218,0.0,4.7561,Minor,0.1090938860962,0.837481511917317,flat,MIR,Minor Isoform Redistribution,new_target_candidate,SR
OPC,AARS1-225,AARS1,0.9636363636363636,0.2564102564102564,1.7771019228750813e-27,4.40782032494315e-26,True,0.7072261072261072,AD_enriched,0.0454545454545454,True,462.0,159,10,94.0172,40.6684,1.1892,Minor,0.0582805368823157,0.982915007463618,flat,MIR,Minor Isoform Redistribution,new_target_candidate,SR
OPC,AARS1-201,AARS1,0.006060606060606,0.5384615384615384,1.7771019228750813e-27,4.40782032494315e-26,True,-0.5324009324009324,CT_enriched,0.0324675324675324,True,462.0,1,21,1.9443,32.3592,-3.5021,Dominant,0.0582805368823157,0.982915007463618,flat,DIEr,Dominant Isoform Erosion,trial_failure_explanation,SR
OPC,ABCC8-269,ABCC8,0.4287790697674418,0.1212121212121212,1.1921489421626205e-33,4.942308900222749e-32,True,0.3075669485553206,AD_enriched,0.0341,True,10000.0,295,48,228.1963,65.0445,1.7951,Minor,0.265025811227615,0.908915730445332,flat,MIR,Minor Isoform Redistribution,new_target_candidate,SR
OPC,ACAP2-206,ACAP2,0.0384615384615384,0.7215189873417721,1.5092366254611689e-33,6.168738995899031e-32,True,-0.6830574488802337,CT_enriched,0.0034965034965034,True,1716.0,7,57,9.0193,94.3237,-3.2501,Dominant,0.047268092327,0.971093155564999,flat,DIEr,Dominant Isoform Erosion,trial_failure_explanation,SR
OPC,ACAP2-201,ACAP2,0.9505494505494504,0.2025316455696202,1.5092366254611689e-33,6.168738995899031e-32,True,0.7480178049798302,AD_enriched,0.0029137529137529,True,1716.0,173,16,150.8875,19.2239,2.9089,Minor,0.047268092327,0.971093155564999,flat,MIR,Minor Isoform Redistribution,new_target_candidate,SR
OPC,ACER3-219,ACER3,0.2678571428571428,0.0,4.1802991769181893e-19,5.075827703521585e-18,True,0.2678571428571428,AD_enriched,0.0212121212121212,True,330.0,15,0,7.9421,0.0,3.1606,Minor,0.0544846881723499,0.976755703373281,flat,MIR,Minor Isoform Redistribution,new_target_candidate,SR
OPC,ACSL6-205,ACSL6,0.0,0.2941176470588235,1.8322904222892487e-10,8.981937171424661e-10,True,-0.2941176470588235,CT_enriched,0.0454545454545454,True,220.0,0,10,0.0,5.2263,-2.6384,Minor,-0.129740427407447,0.923438087792159,flat,MIEr,Minor Isoform Erosion,,SR
OPC,ADD1-201,ADD1,0.044776119402985,0.4107142857142857,1.4814762179122318e-06,4.622842993958384e-06,True,-0.3659381663113007,CT_enriched,0.0443556443556443,True,5005.0,3,23,3.8874,71.7037,-3.8949,Dominant,0.0697918789544525,0.961285777690498,flat,DIEr,Dominant Isoform Erosion,trial_failure_explanation,SR
OPC,ADGRB2-206,ADGRB2,0.5046728971962616,0.7415730337078652,0.0007413058516736,0.0015600214514554,True,-0.2369001365116035,CT_enriched,0.0329,True,10000.0,108,66,95.3354,135.6368,-0.5042,Dominant,-0.173975344743507,0.949814669249896,flat,DIEr,Dominant Isoform Erosion,trial_failure_explanation,SR
OPC,AK2-214,AK2,0.4201388888888889,0.7540983606557377,6.016613922582974e-14,4.343336717247709e-13,True,-0.3339594717668487,CT_enriched,0.0415,True,10000.0,121,138,93.6202,216.6952,-1.2021,Dominant,-0.0146991882234047,0.995527218310204,flat,DIEr,Dominant Isoform Erosion,trial_failure_explanation,SR
OPC,AKAP8L-239,AKAP8L,0.0749063670411985,0.5342465753424658,4.875689343630764e-25,9.560304375146269e-24,True,-0.4593402083012672,CT_enriched,0.0455544455544455,True,5005.0,20,39,23.4586,65.8465,-1.4505,Dominant,0.404196063714322,0.807598633653669,flat,DIEr,Dominant Isoform Erosion,trial_failure_explanation,SR
OPC,ALDH1L1-203,ALDH1L1,0.75,0.96,5.5800151731759875e-11,2.8916435772422704e-10,True,-0.2099999999999999,CT_enriched,0.0442890442890442,True,3003.0,60,312,81.4611,216.1612,-1.397,Dominant,0.243529901877033,0.945568520576479,flat,DIEr,Dominant Isoform Erosion,trial_failure_explanation,SR
OPC,AMPH-201,AMPH,0.4788732394366197,0.0,5.729393156418372e-10,2.664535086526621e-09,True,0.4788732394366197,AD_enriched,0.0382284382284382,True,6435.0,34,0,18.0484,0.0,4.2516,Minor,-0.0088085469528669,0.997918456544355,flat,MIR,Minor Isoform Redistribution,new_target_candidate,SR
OPC,AMPH-202,AMPH,0.5211267605633803,0.9848484848484848,5.729393156418372e-10,2.664535086526621e-09,True,-0.4637217242851045,CT_enriched,0.0343434343434343,True,6435.0,37,65,49.8661,260.8596,-2.364,Dominant,-0.0088085469528669,0.997918456544355,flat,DIEr,Dominant Isoform Erosion,trial_failure_explanation,SR
OPC,AMT-242,AMT,0.5777777777777777,0.0222222222222222,3.3657308665977074e-09,1.4427401735401105e-08,True,0.5555555555555556,AD_enriched,0.0476190476190476,True,126.0,26,1,37.183,0.5226,4.6483,Minor,-0.34489239503822,0.923438087792159,flat,MIR,Minor Isoform Redistribution,new_target_candidate,SR
OPC,AMZ1-207,AMZ1,0.822141560798548,0.3338842975206612,3.2428452194715337e-72,9.410736826906388e-70,True,0.4882572632778869,AD_enriched,0.0158,True,10000.0,453,202,468.3253,330.9346,0.4997,Minor,0.0402569938457401,0.985796500763378,flat,MIR,Minor Isoform Redistribution,new_target_candidate,SR
OPC,AMZ1-202,AMZ1,0.1361161524500907,0.6595041322314049,3.2428452194715337e-72,9.410736826906388e-70,True,-0.5233879797813142,CT_enriched,0.0161,True,10000.0,75,399,65.1121,250.747,-1.929,Dominant,0.0402569938457401,0.985796500763378,flat,DIEr,Dominant Isoform Erosion,trial_failure_explanation,SR
OPC,ANAPC5-201,ANAPC5,0.2743362831858407,0.7288732394366197,1.014441785087862e-18,1.1918664211842005e-17,True,-0.454536956250779,CT_enriched,0.0083,True,10000.0,31,207,31.3014,168.5004,-2.3916,Dominant,0.0958677060953972,0.937776781874447,flat,DIEr,Dominant Isoform Erosion,trial_failure_explanation,SR
OPC,ANKRD18A-201,ANKRD18A,0.2,0.6,1.7346208649919162e-06,5.36088365304211e-06,True,-0.3999999999999999,CT_enriched,0.0346736596736596,True,3432.0,21,42,28.6855,85.4803,-1.5426,Dominant,0.0562758460185662,0.993436445388217,flat,DIEr,Dominant Isoform Erosion,trial_failure_explanation,SR
OPC,ANTXR1-201,ANTXR1,0.3658536585365853,0.0166666666666666,7.959207251634972e-06,2.24248732468395e-05,True,0.3491869918699187,AD_enriched,0.0083333333333333,True,120.0,15,1,22.2154,0.7628,3.7191,Minor,0.0686822064548094,0.98281390826268,flat,MIR,Minor Isoform Redistribution,new_target_candidate,SR
OPC,ANTXR1-210,ANTXR1,0.6341463414634146,0.9333333333333332,7.959207251634972e-06,2.24248732468395e-05,True,-0.2991869918699186,CT_enriched,0.0083333333333333,True,120.0,26,56,36.9797,94.2941,-1.3272,Dominant,0.0686822064548094,0.98281390826268,flat,DIEr,Dominant Isoform Erosion,trial_failure_explanation,SR
OPC,transcript2998.chr11.nic,AP2A2,0.7910447761194029,0.0697674418604651,7.406866832736607e-15,5.856873991444587e-14,True,0.7212773342589378,AD_enriched,0.0334110334110334,True,1287.0,53,3,45.1161,4.7877,2.9942,Minor,0.364831098951578,0.884421455567624,flat,MIR,Minor Isoform Redistribution,new_target_candidate,SR
OPC,transcript3042.chr11.nic,AP2A2,0.0298507462686567,0.5813953488372093,7.406866832736607e-15,5.856873991444587e-14,True,-0.5515446025685526,CT_enriched,0.0264180264180264,True,1287.0,2,25,2.7629,26.0698,-2.8468,Dominant,0.364831098951578,0.884421455567624,flat,DIEr,Dominant Isoform Erosion,trial_failure_explanation,SR
OPC,AP3D1-202,AP3D1,0.9047619047619048,0.03125,5.094963108214862e-22,7.949238139806198e-21,True,0.8735119047619048,AD_enriched,0.0047619047619047,True,210.0,95,1,79.5779,0.7628,5.5144,Minor,0.256612556156848,0.891553431758182,flat,MIR,Minor Isoform Redistribution,new_target_candidate,SR
OPC,AP4E1-202,AP4E1,0.0135135135135135,0.2205882352941176,1.7327225048926015e-11,9.559621120148915e-11,True,-0.2070747217806041,CT_enriched,0.0317460317460317,True,126.0,1,15,0.8186,22.5585,-3.6953,Minor,0.173621409990288,0.905687519595108,flat,MIEr,Minor Isoform Erosion,,SR
OPC,APBB1-204,APBB1,0.2,0.0,9.759286281856361e-14,6.924559606344048e-13,True,0.2,AD_enriched,0.0343822843822843,True,1716.0,7,0,3.8412,0.0,2.2754,Minor,0.0288006334410575,0.990542258072317,flat,MIR,Minor Isoform Redistribution,new_target_candidate,SR
OPC,ARF5-201,ARF5,0.4935897435897436,0.8,0.001903514731343,0.0037105320411688,True,-0.3064102564102564,CT_enriched,0.0366300366300366,True,3003.0,77,28,71.6503,56.2151,0.3446,Dominant,-0.302558854464831,0.97341155147354,flat,DIEr,Dominant Isoform Erosion,trial_failure_explanation,SR
OPC,ARF5-204,ARF5,0.5064102564102564,0.2,0.001903514731343,0.0037105320411688,True,0.3064102564102564,AD_enriched,0.0366300366300366,True,3003.0,79,7,51.0659,15.4297,1.664,Minor,-0.302558854464831,0.97341155147354,flat,MIR,Minor Isoform Redistribution,new_target_candidate,SR
OPC,ARID1B-226,ARID1B,0.0071556350626118,0.4576271186440678,1.5605421412863458e-79,9.057386588025947e-77,True,-0.450471483581456,CT_enriched,0.0096570096570096,True,3003.0,4,27,4.0104,29.6537,-2.6131,Dominant,0.0543998812139268,0.969331900405304,flat,DIEr,Dominant Isoform Erosion,trial_failure_explanation,SR
OPC,ARID1B-221,ARID1B,0.0017889087656529,0.2203389830508474,1.5605421412863458e-79,9.057386588025947e-77,True,-0.2185500742851945,CT_enriched,0.0333000333000333,True,3003.0,1,13,1.0656,65.7615,-5.0144,Minor,0.0543998812139268,0.969331900405304,flat,MIEr,Minor Isoform Erosion,,SR
OPC,ARID4A-204,ARID4A,0.5254237288135594,0.0903225806451612,8.135365492114938e-11,4.105883592716095e-10,True,0.4351011481683982,AD_enriched,0.0468,True,10000.0,31,14,34.8083,34.4833,0.0132,Minor,-0.0456417177183942,0.98030871729158,flat,MIR,Minor Isoform Redistribution,new_target_candidate,SR
OPC,ARMC8-210,ARMC8,0.02,0.4054054054054054,1.2254712689868398e-07,4.342268159462526e-07,True,-0.3854054054054053,CT_enriched,0.0324675324675324,True,462.0,1,30,1.9443,54.9988,-4.2494,Minor,0.114753941424612,0.916353629632459,flat,MIEr,Minor Isoform Erosion,,SR
OPC,ARMCX4-201,ARMCX4,0.6112469437652812,0.9037037037037036,1.119253845820265e-09,5.020208130711606e-09,True,-0.2924567599384223,CT_enriched,0.0395,True,10000.0,250,122,260.4358,184.1515,0.4978,Dominant,0.25710973101774,0.876756678462989,flat,DIEr,Dominant Isoform Erosion,trial_failure_explanation,SR
OPC,ASH1L-210,ASH1L,0.3789808917197452,0.0836501901140684,1.7116770435123088e-17,1.7728190905447038e-16,True,0.2953307016056767,AD_enriched,0.0291,True,10000.0,119,22,146.6328,26.8401,2.4068,Minor,0.179979271373151,0.896395386344675,flat,MIR,Minor Isoform Redistribution,new_target_candidate,SR
OPC,ATF7IP-222,ATF7IP,0.2276422764227642,0.0059880239520958,2.3484061621180397e-10,1.1320722063897927e-09,True,0.2216542524706684,AD_enriched,0.0279720279720279,True,715.0,28,1,29.0156,0.5226,4.3011,Minor,-0.112854729024268,0.924791632419316,flat,MIR,Minor Isoform Redistribution,new_target_candidate,SR
OPC,ATL1-209,ATL1,0.0194174757281553,0.345679012345679,7.703831205012173e-09,3.109390564248307e-08,True,-0.3262615366175237,CT_enriched,0.0444,True,10000.0,2,28,2.4118,55.0589,-4.0383,Dominant,-0.179705459895047,0.918038422647648,flat,DIEr,Dominant Isoform Erosion,trial_failure_explanation,SR
OPC,ATM-241,ATM,0.380281690140845,0.0454545454545454,1.0038821125377364e-25,2.0515956975947263e-24,True,0.3348271446862996,AD_enriched,0.0404595404595404,True,2002.0,54,7,48.0479,8.6827,2.3407,Minor,-0.0962647309478127,0.945568520576479,flat,MIR,Minor Isoform Redistribution,new_target_candidate,SR
OPC,ATP6V1B2-206,ATP6V1B2,0.3578947368421052,0.024340770791075,3.075672151849881e-36,1.512813658418365e-34,True,0.3335539660510302,AD_enriched,0.0033,True,10000.0,102,12,175.9299,18.5952,3.1746,Minor,-0.138478994423998,0.926550362637734,flat,MIR,Minor Isoform Redistribution,new_target_candidate,SR
OPC,ATP6V1B2-201,ATP6V1B2,0.6421052631578947,0.9756592292089248,3.075672151849881e-36,1.512813658418365e-34,True,-0.33355396605103,CT_enriched,0.0033,True,10000.0,183,481,253.4067,548.2837,-1.1104,Dominant,-0.138478994423998,0.926550362637734,flat,DIEr,Dominant Isoform Erosion,trial_failure_explanation,SR
OPC,ATP7A-229,ATP7A,0.6078431372549019,0.0,1.5951257887506176e-11,8.908314372280499e-11,True,0.6078431372549019,AD_enriched,0.0333333333333333,True,210.0,31,0,18.5052,0.0,4.2858,Minor,0.082278461936721,0.969267352114468,flat,MIR,Minor Isoform Redistribution,new_target_candidate,SR
OPC,AUP1-201,AUP1,0.6607142857142857,0.25,1.116619535165561e-05,3.074411661338196e-05,True,0.4107142857142857,AD_enriched,0.0484848484848484,True,330.0,74,9,60.6882,9.4468,2.5619,Minor,-0.440571001511125,0.905687519595108,flat,MIR,Minor Isoform Redistribution,new_target_candidate,SR
OPC,transcript196245.chr3.nnic,B4GALT4,0.490566037735849,0.0,1.235554636820177e-08,4.865101161536165e-08,True,0.490566037735849,AD_enriched,0.0202020202020202,True,495.0,26,0,17.7682,0.0,4.2302,Minor,-0.0223995699602458,0.994750194222423,flat,MIR,Minor Isoform Redistribution,new_target_candidate,SR
OPC,BPTF-215,BPTF,0.0,0.7037037037037037,6.348006066213443e-59,8.772339811500672e-57,True,-0.7037037037037037,CT_enriched,0.0006660006660006,True,3003.0,0,57,0.0,50.1463,-5.6766,Dominant,0.162743679883468,0.91036778505502,flat,DIEr,Dominant Isoform Erosion,trial_failure_explanation,SR
OPC,BPTF-207,BPTF,0.9559748427672956,0.2222222222222222,6.348006066213443e-59,8.772339811500672e-57,True,0.7337526205450734,AD_enriched,0.0033300033300033,True,3003.0,304,18,422.3662,23.646,4.1025,Minor,0.162743679883468,0.91036778505502,flat,MIR,Minor Isoform Redistribution,new_target_candidate,SR
OPC,BSCL2-236,BSCL2,0.1934782608695652,0.6,7.625156734445109e-24,1.357558579347221e-22,True,-0.4065217391304347,CT_enriched,0.006,True,10000.0,89,120,86.8354,185.795,-1.0886,Dominant,-0.35277051003518,0.908888369022467,flat,DIEr,Dominant Isoform Erosion,trial_failure_explanation,SR
OPC,BSCL2-203,BSCL2,0.7543478260869565,0.375,7.625156734445109e-24,1.357558579347221e-22,True,0.3793478260869565,AD_enriched,0.0049,True,10000.0,347,75,324.5242,208.2256,0.6377,Minor,-0.35277051003518,0.908888369022467,flat,MIR,Minor Isoform Redistribution,new_target_candidate,SR
OPC,transcript52007.chr6.nnic,BTBD9,0.25,0.0,2.6125166273050743e-16,2.3916477137032568e-15,True,0.25,AD_enriched,0.0,True,5.0,13,0,7.9819,0.0,3.167,Minor,0.149471414102047,0.919172393924685,flat,MIR,Minor Isoform Redistribution,new_target_candidate,SR
OPC,BUB3-201,BUB3,0.6722222222222223,0.0379746835443038,1.817293622060032e-20,2.597924182866115e-19,True,0.6342475386779185,AD_enriched,0.0475524475524475,True,715.0,121,3,76.2912,2.1353,4.6236,Minor,-0.34700818289805,0.896395386344675,flat,MIR,Minor Isoform Redistribution,new_target_candidate,SR
OPC,BUB3-203,BUB3,0.3277777777777778,0.9620253164556962,1.817293622060032e-20,2.597924182866115e-19,True,-0.6342475386779185,CT_enriched,0.0475524475524475,True,715.0,59,76,43.366,84.278,-0.9427,Dominant,-0.34700818289805,0.896395386344675,flat,DIEr,Dominant Isoform Erosion,trial_failure_explanation,SR
OPC,C6orf89-201,C6orf89,0.45,0.0408163265306122,1.1898273623432733e-08,4.697794565333577e-08,True,0.4091836734693878,AD_enriched,0.04004329004329,True,924.0,18,4,13.4182,3.2253,1.7708,Minor,-0.0660840290787833,0.969331900405304,flat,MIR,Minor Isoform Redistribution,new_target_candidate,SR
OPC,C6orf89-204,C6orf89,0.55,0.9591836734693876,1.1898273623432733e-08,4.697794565333577e-08,True,-0.4091836734693875,CT_enriched,0.04004329004329,True,924.0,22,94,23.0483,89.016,-1.9042,Dominant,-0.0660840290787833,0.969331900405304,flat,DIEr,Dominant Isoform Erosion,trial_failure_explanation,SR
OPC,C7orf50-204,C7orf50,0.8557692307692307,0.5,0.0001078756108765,0.0002580832833996,True,0.3557692307692307,AD_enriched,0.0324675324675324,True,462.0,89,17,59.0931,32.9914,0.822,Dominant,-0.305151467548676,0.868003553142229,flat,DIR,Dominant Isoform Redistribution,,SR
OPC,CACNB4-265,CACNB4,0.0043103448275862,0.2076502732240437,5.7027521153111165e-25,1.110697089841132e-23,True,-0.2033399283964575,CT_enriched,0.0227,True,10000.0,1,38,0.5295,44.384,-4.8911,Dominant,-0.0411406278077827,0.990682232089446,flat,DIEr,Dominant Isoform Erosion,trial_failure_explanation,SR
OPC,CALCOCO1-217,CALCOCO1,0.3086419753086419,0.016,5.883002835105817e-08,2.1720705124016642e-07,True,0.2926419753086419,AD_enriched,0.0187812187812187,True,5005.0,25,2,20.732,6.3602,1.562,Minor,-0.12373373443325,0.953866398686664,flat,MIR,Minor Isoform Redistribution,new_target_candidate,SR
OPC,CAMTA1-215,CAMTA1,0.7703349282296651,0.1349206349206349,7.90805996930552e-35,3.5858109423319734e-33,True,0.6354142933090302,AD_enriched,0.0113886113886113,True,5005.0,161,17,159.4448,30.256,2.3599,Minor,0.162493771480375,0.901813012403943,flat,MIR,Minor Isoform Redistribution,new_target_candidate,SR
OPC,transcript610.chr5.nnic,CCDC127,0.6486486486486487,0.0892857142857142,3.79288735279736e-09,1.609204546464611e-08,True,0.5593629343629345,AD_enriched,0.0181818181818181,True,330.0,24,5,18.138,3.9882,1.9399,Minor,-0.474097606111522,0.875902856613962,flat,MIR,Minor Isoform Redistribution,new_target_candidate,SR
OPC,CDK13-214,CDK13,0.2307692307692307,0.0,7.819184229869864e-36,3.6598826830777964e-34,True,0.2307692307692307,AD_enriched,0.0041958041958041,True,715.0,36,0,20.4757,0.0,4.4246,Minor,0.0330836847921169,0.982915007463618,flat,MIR,Minor Isoform Redistribution,new_target_candidate,SR
OPC,CDK13-217,CDK13,0.4615384615384615,0.0,7.819184229869864e-36,3.6598826830777964e-34,True,0.4615384615384615,AD_enriched,0.0153846153846153,True,715.0,72,0,38.1219,0.0,5.2899,Minor,0.0330836847921169,0.982915007463618,flat,MIR,Minor Isoform Redistribution,new_target_candidate,SR
OPC,CDK13-202,CDK13,0.0192307692307692,0.73,7.819184229869864e-36,3.6598826830777964e-34,True,-0.7107692307692308,CT_enriched,0.0013986013986013,True,715.0,3,73,3.7549,78.2831,-4.0595,Dominant,0.0330836847921169,0.982915007463618,flat,DIEr,Dominant Isoform Erosion,trial_failure_explanation,SR
OPC,CEP126-203,CEP126,0.3944315545243619,0.0717488789237668,4.494638796371067e-57,4.658372066810298e-55,True,0.3226826756005951,AD_enriched,0.0355,True,10000.0,170,80,102.6114,162.9152,-0.6618,Minor,-0.171246684918139,0.908915730445332,flat,MIR,Minor Isoform Redistribution,new_target_candidate,SR
OPC,CEP350-202,CEP350,0.7874251497005988,0.0301204819277108,3.373356280019932e-79,1.6315799874363067e-76,True,0.7573046677728881,AD_enriched,0.0402,True,10000.0,263,5,170.3397,6.6406,4.487,Minor,0.167137394625859,0.91219265601968,flat,MIR,Minor Isoform Redistribution,new_target_candidate,SR
OPC,CERT1-216,CERT1,0.3658536585365853,0.8552631578947368,7.583500565583253e-14,5.447356099337276e-13,True,-0.4894094993581515,CT_enriched,0.0396270396270396,True,1287.0,15,130,24.5409,108.6017,-2.1014,Dominant,0.0171536390692794,0.994750194222423,flat,DIEr,Dominant Isoform Erosion,trial_failure_explanation,SR
OPC,CGGBP1-201,CGGBP1,0.8350515463917526,0.2692307692307692,6.871825860677955e-16,5.935130549906972e-15,True,0.5658207771609833,AD_enriched,0.0091908091908091,True,5005.0,162,14,131.54,27.3206,2.2265,Minor,-0.430935540215021,0.732514813110134,flat,MIR,Minor Isoform Redistribution,new_target_candidate,SR
OPC,transcript96920.chr4.nnic,CHIC2,0.5185185185185185,0.8823529411764706,0.0017327892204058,0.0034207852500801,True,-0.3638344226579521,CT_enriched,0.0386280386280386,True,3003.0,28,30,40.4735,22.5226,0.8181,Dominant,-0.0078217159290291,0.997753977436535,flat,DIEr,Dominant Isoform Erosion,trial_failure_explanation,SR
OPC,CHORDC1-201,CHORDC1,0.2553191489361702,0.735632183908046,1.7743274308211178e-10,8.72728509193709e-10,True,-0.4803130349718758,CT_enriched,0.0076,True,10000.0,24,64,30.5316,119.3228,-1.932,Dominant,-0.490879173485123,0.699893106713776,flat,DIEr,Dominant Isoform Erosion,trial_failure_explanation,SR
OPC,CHTOP-203,CHTOP,0.5373134328358209,0.0625,2.2039035575738546e-08,8.516282455498438e-08,True,0.4748134328358209,AD_enriched,0.0247668997668997,True,3432.0,36,4,23.0249,5.1315,1.9702,Minor,0.157925000034887,0.923127571549949,flat,MIR,Minor Isoform Redistribution,new_target_candidate,SR
OPC,CHTOP-206,CHTOP,0.4626865671641791,0.921875,2.2039035575738546e-08,8.516282455498438e-08,True,-0.4591884328358209,CT_enriched,0.0262237762237762,True,3432.0,31,59,26.4734,100.1648,-1.8806,Dominant,0.157925000034887,0.923127571549949,flat,DIEr,Dominant Isoform Erosion,trial_failure_explanation,SR
OPC,CIAO1-201,CIAO1,0.3787878787878788,0.1153846153846153,0.0001109073815452,0.0002646819253653,True,0.2634032634032635,AD_enriched,0.0083,True,10000.0,25,12,31.3473,34.3172,-0.1267,Minor,0.132364562281974,0.941936444055061,flat,MIR,Minor Isoform Redistribution,new_target_candidate,SR
OPC,CIAO1-203,CIAO1,0.6212121212121212,0.8846153846153846,0.0001109073815452,0.0002646819253653,True,-0.2634032634032633,CT_enriched,0.0083,True,10000.0,41,92,49.1545,128.138,-1.3645,Dominant,0.132364562281974,0.941936444055061,flat,DIEr,Dominant Isoform Erosion,trial_failure_explanation,SR
OPC,transcript3047.chr19.nic,CIRBP,0.0562659846547314,0.2916666666666667,2.42527700351457e-14,1.8381971807692641e-13,True,-0.2354006820119352,CT_enriched,0.0007,True,10000.0,22,49,18.8485,35.2922,-0.8706,Minor,0.0563141637168007,0.984854470440907,flat,MIEr,Minor Isoform Erosion,,SR
OPC,CLINT1-206,CLINT1,0.1041666666666666,0.6739130434782609,2.3856476309261613e-12,1.4605800474573248e-11,True,-0.5697463768115942,CT_enriched,0.0079365079365079,True,126.0,5,31,8.5716,47.8384,-2.3512,Dominant,0.33207120506022,0.829461798499815,flat,DIEr,Dominant Isoform Erosion,trial_failure_explanation,SR
OPC,CLINT1-201,CLINT1,0.8125,0.0434782608695652,2.3856476309261613e-12,1.4605800474573248e-11,True,0.7690217391304348,AD_enriched,0.0238095238095238,True,126.0,39,2,48.7908,4.879,3.0822,Minor,0.33207120506022,0.829461798499815,flat,MIR,Minor Isoform Redistribution,new_target_candidate,SR
OPC,CNDP2-209,CNDP2,0.4887640449438202,0.117408906882591,2.0222256639904386e-18,2.3013721085883345e-17,True,0.3713551380612292,AD_enriched,0.0398,True,10000.0,87,29,151.3655,46.4897,1.6819,Minor,0.258608112616322,0.896395386344675,flat,MIR,Minor Isoform Redistribution,new_target_candidate,SR
OPC,CNDP2-201,CNDP2,0.4157303370786517,0.8178137651821862,2.0222256639904386e-18,2.3013721085883345e-17,True,-0.4020834281035345,CT_enriched,0.0392,True,10000.0,74,202,62.926,226.5655,-1.8318,Dominant,0.258608112616322,0.896395386344675,flat,DIEr,Dominant Isoform Erosion,trial_failure_explanation,SR
OPC,CNKSR2-225,CNKSR2,0.5308641975308642,0.0135135135135135,2.90133196931334e-17,2.8736059300161475e-16,True,0.5173506840173507,AD_enriched,0.0088383838383838,True,792.0,43,1,57.0954,1.09,4.7968,Minor,0.191384947088617,0.919883977426271,flat,MIR,Minor Isoform Redistribution,new_target_candidate,SR
OPC,CNKSR2-226,CNKSR2,0.2345679012345679,0.9324324324324323,2.90133196931334e-17,2.8736059300161475e-16,True,-0.6978645311978644,CT_enriched,0.005050505050505,True,792.0,19,69,32.9947,133.262,-1.9817,Dominant,0.191384947088617,0.919883977426271,flat,DIEr,Dominant Isoform Erosion,trial_failure_explanation,SR
OPC,COG8-202,COG8,0.6226415094339622,0.1587301587301587,7.040580568112035e-07,2.2803308938237863e-06,True,0.4639113507038035,AD_enriched,0.0317460317460317,True,126.0,33,10,27.3578,5.4665,2.1327,Minor,-0.344764187093963,0.903739724329243,flat,MIR,Minor Isoform Redistribution,new_target_candidate,SR
OPC,COG8-201,COG8,0.3773584905660377,0.8412698412698413,7.040580568112035e-07,2.2803308938237863e-06,True,-0.4639113507038035,CT_enriched,0.0317460317460317,True,126.0,20,53,25.1771,46.7138,-0.8661,Dominant,-0.344764187093963,0.903739724329243,flat,DIEr,Dominant Isoform Erosion,trial_failure_explanation,SR
OPC,CRB1-203,CRB1,0.0455764075067024,0.3434782608695652,5.785705109533942e-23,9.818781419805554e-22,True,-0.2979018533628628,CT_enriched,0.0101,True,10000.0,17,79,23.8582,95.2182,-1.9526,Minor,0.0999177949747943,0.962151023135758,flat,MIEr,Minor Isoform Erosion,,SR
OPC,transcript202838.chr7.nic,CREB3L2,0.3888888888888889,0.0,4.5598390957602764e-06,1.3245898954851174e-05,True,0.3888888888888889,AD_enriched,0.0349650349650349,True,286.0,21,0,32.093,0.0,5.0485,Minor,-0.0085600564885822,0.997918456544355,flat,MIR,Minor Isoform Redistribution,new_target_candidate,SR
OPC,CREB3L2-201,CREB3L2,0.0925925925925925,0.45,4.5598390957602764e-06,1.3245898954851174e-05,True,-0.3574074074074075,CT_enriched,0.0454545454545454,True,286.0,5,18,8.555,12.285,-0.4755,Minor,-0.0085600564885822,0.997918456544355,flat,MIEr,Minor Isoform Erosion,,SR
OPC,CRELD1-234,CRELD1,0.00875,0.2258883248730964,1.3236310529595786e-75,4.801471644610871e-73,True,-0.2171383248730964,CT_enriched,0.0483,True,10000.0,7,89,4.8606,50.8375,-3.1449,Dominant,-0.750593848718263,0.234576120151164,down,DIDe,Dominant Isoform Depletion,trial_failure_explanation,SR
OPC,CSGALNACT1-203,CSGALNACT1,0.005050505050505,0.3065902578796561,8.632837243209138e-62,1.473676098811348e-59,True,-0.3015397528291511,CT_enriched,0.0036,True,10000.0,1,107,0.5969,58.6454,-5.223,Dominant,0.0456692099020941,0.984866011516702,flat,DIEr,Dominant Isoform Erosion,trial_failure_explanation,SR
OPC,CTNNB1-202,CTNNB1,0.0,0.2530864197530864,9.218400446607236e-32,3.0058200107926065e-30,True,-0.2530864197530864,CT_enriched,0.0023,True,10000.0,0,41,0.0,69.9959,-6.1497,Minor,-0.0734602800164291,0.948959214439125,flat,MIEr,Minor Isoform Erosion,,SR
OPC,CTPS1-210,CTPS1,0.0777777777777777,0.3409090909090909,0.0010127844298167,0.0020844683796654,True,-0.2631313131313132,CT_enriched,0.0438228438228438,True,6435.0,7,15,11.816,19.2178,-0.6577,Minor,0.392183220050531,0.896395386344675,flat,MIEr,Minor Isoform Erosion,,SR
OPC,CTTNBP2-201,CTTNBP2,0.605080831408776,0.8612903225806452,5.3734209390126656e-14,3.918006925883104e-13,True,-0.2562094911718692,CT_enriched,0.0263,True,10000.0,262,267,313.1838,406.7059,-0.3759,Dominant,0.12750606177295,0.920612464477353,flat,DIEr,Dominant Isoform Erosion,trial_failure_explanation,SR
OPC,CTTNBP2-206,CTTNBP2,0.394919168591224,0.1387096774193548,5.3734209390126656e-14,3.918006925883104e-13,True,0.2562094911718692,AD_enriched,0.0263,True,10000.0,171,43,218.8183,81.6502,1.4112,Minor,0.12750606177295,0.920612464477353,flat,MIR,Minor Isoform Redistribution,new_target_candidate,SR
OPC,CYB5R3-201,CYB5R3,0.8929889298892989,0.5862068965517241,4.134717113937187e-09,1.7465719162511962e-08,True,0.3067820333375748,AD_enriched,0.0483193277310924,True,2380.0,242,34,209.1689,28.2316,2.846,Dominant,0.0810229897305854,0.982915007463618,flat,DIR,Dominant Isoform Redistribution,,SR
OPC,CYB5R3-204,CYB5R3,0.084870848708487,0.396551724137931,4.134717113937187e-09,1.7465719162511962e-08,True,-0.311680875429444,CT_enriched,0.0495798319327731,True,2380.0,23,23,42.5881,16.3135,1.332,Minor,0.0810229897305854,0.982915007463618,flat,MIEr,Minor Isoform Erosion,,SR
OPC,CYFIP2-221,CYFIP2,0.4146341463414634,0.0,7.880169630262505e-13,5.025989509235558e-12,True,0.4146341463414634,AD_enriched,0.0272727272727272,True,220.0,34,0,20.296,0.0,4.4125,Minor,0.128969274901077,0.919883977426271,flat,MIR,Minor Isoform Redistribution,new_target_candidate,SR
OPC,CYP4V2-203,CYP4V2,0.8582677165354331,0.5121951219512195,1.5889652001249392e-07,5.522367677559969e-07,True,0.3460725945842136,AD_enriched,0.0405594405594405,True,5005.0,109,42,145.2538,63.2301,1.1872,Dominant,-0.309186675774498,0.908915730445332,flat,DIR,Dominant Isoform Redistribution,,SR
OPC,DAAM1-201,DAAM1,0.7833333333333333,0.2592592592592592,2.1873610708795995e-08,8.463629103590132e-08,True,0.5240740740740741,AD_enriched,0.0419580419580419,True,1716.0,47,14,36.1118,22.4308,0.6635,Minor,0.326934735174305,0.848044986414853,flat,MIR,Minor Isoform Redistribution,new_target_candidate,SR
OPC,DBNL-210,DBNL,0.9021739130434784,0.1139240506329113,2.868651763463706e-26,6.212557774307221e-25,True,0.788249862410567,AD_enriched,0.0238095238095238,True,84.0,83,9,81.2994,17.6937,2.1383,Minor,-0.0014439162352326,0.999693074562841,flat,MIR,Minor Isoform Redistribution,new_target_candidate,SR
OPC,DBNL-217,DBNL,0.0108695652173913,0.7721518987341772,2.868651763463706e-26,6.212557774307221e-25,True,-0.7612823335167859,CT_enriched,0.0476190476190476,True,84.0,1,61,1.5301,39.9606,-4.017,Dominant,-0.0014439162352326,0.999693074562841,flat,DIEr,Dominant Isoform Erosion,trial_failure_explanation,SR
OPC,DCTN5-203,DCTN5,0.373134328358209,0.0729166666666666,1.0800337305019126e-08,4.287630486889945e-08,True,0.3002176616915424,AD_enriched,0.0224358974358974,True,3432.0,25,14,23.2725,19.456,0.2468,Minor,0.071038941488897,0.970895917742425,flat,MIR,Minor Isoform Redistribution,new_target_candidate,SR
OPC,DCTN5-201,DCTN5,0.6268656716417911,0.9270833333333334,1.0800337305019126e-08,4.287630486889945e-08,True,-0.3002176616915423,CT_enriched,0.0224358974358974,True,3432.0,42,178,34.0242,309.5679,-3.1485,Dominant,0.071038941488897,0.970895917742425,flat,DIEr,Dominant Isoform Erosion,trial_failure_explanation,SR
OPC,DDX54-202,DDX54,0.8701298701298701,0.125,9.450929164823044e-16,7.996092255485851e-15,True,0.7451298701298701,AD_enriched,0.0285714285714285,True,210.0,67,6,205.02,7.9374,4.5268,Minor,-0.05734026420244,0.993541757353524,flat,MIR,Minor Isoform Redistribution,new_target_candidate,SR
OPC,DDX54-201,DDX54,0.1298701298701298,0.875,9.450929164823044e-16,7.996092255485851e-15,True,-0.7451298701298702,CT_enriched,0.0238095238095238,True,210.0,10,42,24.2437,26.8516,-0.1418,Dominant,-0.05734026420244,0.993541757353524,flat,DIEr,Dominant Isoform Erosion,trial_failure_explanation,SR
OPC,DENND4A-201,DENND4A,0.0357142857142857,0.3828125,1.84116190687506e-10,9.010205486933259e-10,True,-0.3470982142857143,CT_enriched,0.0285714285714285,True,210.0,3,49,4.4064,106.6081,-4.315,Dominant,0.232659716354933,0.898532366592173,flat,DIEr,Dominant Isoform Erosion,trial_failure_explanation,SR
OPC,DENND4C-201,DENND4C,0.7857142857142857,0.1428571428571428,8.237231478503137e-08,2.976892372430399e-07,True,0.6428571428571429,AD_enriched,0.0476190476190476,True,252.0,33,6,31.4539,6.5402,2.1057,Minor,0.148625450327709,0.905687519595108,flat,MIR,Minor Isoform Redistribution,new_target_candidate,SR
OPC,DICER1-225,DICER1,0.3865546218487395,0.0209790209790209,4.1627674735195175e-18,4.5758906091491056e-17,True,0.3655756008697186,AD_enriched,0.0077922077922077,True,5005.0,46,3,61.9836,3.9547,3.6681,Minor,0.223602696496772,0.86204988634989,flat,MIR,Minor Isoform Redistribution,new_target_candidate,SR
OPC,DIPK1A-202,DIPK1A,0.0217391304347826,0.696969696969697,6.094875076975614e-10,2.829972395741317e-09,True,-0.6752305665349144,CT_enriched,0.0428571428571428,True,70.0,1,23,1.5074,17.771,-2.9042,Dominant,-0.0683207737098044,0.970895917742425,flat,DIEr,Dominant Isoform Erosion,trial_failure_explanation,SR
OPC,DIPK1A-201,DIPK1A,0.9782608695652174,0.303030303030303,6.094875076975614e-10,2.829972395741317e-09,True,0.6752305665349144,AD_enriched,0.0428571428571428,True,70.0,45,10,62.0309,14.2729,2.0451,Minor,-0.0683207737098044,0.970895917742425,flat,MIR,Minor Isoform Redistribution,new_target_candidate,SR
OPC,transcript319159.chr3.nic,DLG1,0.3095238095238095,0.0238095238095238,7.90989900306278e-10,3.6092023438503446e-09,True,0.2857142857142857,AD_enriched,0.0444444444444444,True,45.0,13,1,21.2728,4.7643,1.9501,Minor,0.215168718224802,0.880484357385122,flat,MIR,Minor Isoform Redistribution,new_target_candidate,SR
OPC,DMD-252,DMD,0.73046875,0.4071146245059288,4.0404464204490255e-16,3.5748096073606926e-15,True,0.3233541254940712,AD_enriched,0.0224,True,10000.0,187,103,214.4351,141.8997,0.5923,Dominant,0.0244271339192184,0.993541757353524,flat,DIR,Dominant Isoform Redistribution,,SR
OPC,DMPK-223,DMPK,0.5733333333333334,0.0428571428571428,1.011659361037094e-11,5.7678496379757294e-11,True,0.5304761904761905,AD_enriched,0.0193806193806193,True,5005.0,43,3,23.7107,13.7249,0.7469,Minor,-0.118763858832243,0.958055985050566,flat,MIR,Minor Isoform Redistribution,new_target_candidate,SR
OPC,DMXL2-201,DMXL2,0.9902912621359224,0.3292682926829268,2.032279262332593e-20,2.849118076951298e-19,True,0.6610229694529957,AD_enriched,0.0158730158730158,True,252.0,102,27,152.6842,58.6794,1.3647,Minor,0.152172089733308,0.918038422647648,flat,MIR,Minor Isoform Redistribution,new_target_candidate,SR
OPC,DMXL2-205,DMXL2,0.0,0.5121951219512195,2.032279262332593e-20,2.849118076951298e-19,True,-0.5121951219512195,CT_enriched,0.0357142857142857,True,252.0,0,42,0.0,25.002,-4.7005,Dominant,0.152172089733308,0.918038422647648,flat,DIEr,Dominant Isoform Erosion,trial_failure_explanation,SR
OPC,DNAJB6-204,DNAJB6,0.7441860465116279,0.2516129032258064,7.804406482179032e-18,8.296112678125843e-17,True,0.4925731432858215,AD_enriched,0.0211,True,10000.0,96,39,78.2247,49.6345,0.6458,Minor,-0.376651369826719,0.690349173461557,flat,MIR,Minor Isoform Redistribution,new_target_candidate,SR
OPC,DOCK4-212,DOCK4,0.3592233009708738,0.90625,4.798160900000517e-07,1.5859069398407177e-06,True,-0.5470266990291262,CT_enriched,0.0363636363636363,True,330.0,37,29,47.3791,43.1403,0.1323,Dominant,0.0952278742158594,0.944899577515114,flat,DIEr,Dominant Isoform Erosion,trial_failure_explanation,SR
OPC,DPAGT1-201,DPAGT1,0.6956521739130435,0.1538461538461538,7.08219476239512e-12,4.118743326747623e-11,True,0.5418060200668897,AD_enriched,0.0238095238095238,True,84.0,32,10,31.6336,11.8756,1.3417,Minor,-0.382623421761255,0.924327830278478,flat,MIR,Minor Isoform Redistribution,new_target_candidate,SR
OPC,DYNC1H1-212,DYNC1H1,0.4802631578947368,0.0,4.921113130526186e-15,3.944982749352277e-14,True,0.4802631578947368,AD_enriched,0.0029,True,10000.0,73,0,76.1193,0.0,6.269,Minor,0.144343579355738,0.930928514846593,flat,MIR,Minor Isoform Redistribution,new_target_candidate,SR
OPC,DYNC1H1-249,DYNC1H1,0.0592105263157894,0.3272727272727272,4.921113130526186e-15,3.944982749352277e-14,True,-0.2680622009569378,CT_enriched,0.0051,True,10000.0,9,18,6.8192,48.1271,-2.6514,Dominant,0.144343579355738,0.930928514846593,flat,DIEr,Dominant Isoform Erosion,trial_failure_explanation,SR
OPC,ECHDC1-210,ECHDC1,0.2121212121212121,0.9666666666666668,6.443285392966092e-09,2.6410189562694363e-08,True,-0.7545454545454546,CT_enriched,0.0428571428571428,True,70.0,7,29,7.1753,38.4658,-2.2713,Dominant,0.020911782560004,0.990682232089446,flat,DIEr,Dominant Isoform Erosion,trial_failure_explanation,SR
OPC,EDEM3-201,EDEM3,0.0,0.8580246913580247,3.35744963147325e-33,1.3347012096623795e-31,True,-0.8580246913580247,CT_enriched,0.0396825396825396,True,126.0,0,139,0.0,114.7451,-6.8548,Dominant,-0.0625062209394142,0.974419304154764,flat,DIEr,Dominant Isoform Erosion,trial_failure_explanation,SR
OPC,EDEM3-207,EDEM3,0.4444444444444444,0.0,3.35744963147325e-33,1.3347012096623795e-31,True,0.4444444444444444,AD_enriched,0.0079365079365079,True,126.0,16,0,24.4817,0.0,4.6714,Minor,-0.0625062209394142,0.974419304154764,flat,MIR,Minor Isoform Redistribution,new_target_candidate,SR
OPC,EDEM3-215,EDEM3,0.2222222222222222,0.0061728395061728,3.35744963147325e-33,1.3347012096623795e-31,True,0.2160493827160494,AD_enriched,0.0,True,126.0,8,1,12.4251,0.7628,2.929,Minor,-0.0625062209394142,0.974419304154764,flat,MIR,Minor Isoform Redistribution,new_target_candidate,SR
OPC,EFR3A-201,EFR3A,0.9941176470588236,0.6808510638297872,3.4400598693005544e-12,2.0457077337520918e-11,True,0.3132665832290363,AD_enriched,0.0398351648351648,True,4368.0,169,32,158.6872,39.7608,1.97,Dominant,0.257934754887258,0.884421455567624,flat,DIR,Dominant Isoform Redistribution,,SR
OPC,transcript181031.chr8.nnic,EFR3A,0.0058823529411764,0.3191489361702128,3.4400598693005544e-12,2.0457077337520918e-11,True,-0.3132665832290364,CT_enriched,0.0398351648351648,True,4368.0,1,15,1.5301,36.5925,-3.8932,Minor,0.257934754887258,0.884421455567624,flat,MIEr,Minor Isoform Erosion,,SR
OPC,EIF4E2-207,EIF4E2,0.0744680851063829,0.4675925925925926,1.8895506764917006e-34,8.184292631610322e-33,True,-0.3931245074862097,CT_enriched,0.0223110223110223,True,3003.0,14,101,9.9647,92.7726,-3.0963,Dominant,0.0033766956315114,0.999318978285367,flat,DIEr,Dominant Isoform Erosion,trial_failure_explanation,SR
OPC,EIF4E2-202,EIF4E2,0.5,0.0092592592592592,1.8895506764917006e-34,8.184292631610322e-33,True,0.4907407407407408,AD_enriched,0.0119880119880119,True,3003.0,94,2,64.6107,1.0453,5.0036,Minor,0.0033766956315114,0.999318978285367,flat,MIR,Minor Isoform Redistribution,new_target_candidate,SR
OPC,ELMO1-203,ELMO1,0.723404255319149,0.9587628865979382,9.559244209820752e-05,0.0002307897395748,True,-0.2353586312787892,CT_enriched,0.034032634032634,True,6435.0,34,93,42.7483,164.492,-1.9195,Dominant,-0.0995052679597702,0.965395110292229,flat,DIEr,Dominant Isoform Erosion,trial_failure_explanation,SR
OPC,ENTPD6-201,ENTPD6,0.15,0.6714285714285714,1.1333880800467164e-11,6.424008219327288e-11,True,-0.5214285714285714,CT_enriched,0.0224,True,10000.0,12,47,17.1668,59.6227,-1.7386,Dominant,0.0501877888808725,0.98890654026749,flat,DIEr,Dominant Isoform Erosion,trial_failure_explanation,SR
OPC,ERBB4-204,ERBB4,0.8163265306122449,0.1875,2.4574500181492423e-10,1.180715223951838e-09,True,0.6288265306122449,AD_enriched,0.0285714285714285,True,70.0,40,6,35.3909,3.8564,2.9056,Minor,0.028362488452421,0.988038134590658,flat,MIR,Minor Isoform Redistribution,new_target_candidate,SR
OPC,ERCC4-215,ERCC4,0.1538461538461538,0.875,1.346494519983255e-10,6.702447850757124e-10,True,-0.7211538461538463,CT_enriched,0.0416666666666666,True,120.0,6,42,3.5816,34.5248,-2.9549,Dominant,-0.131968374289672,0.943131267498588,flat,DIEr,Dominant Isoform Erosion,trial_failure_explanation,SR
OPC,ERCC6L2-201,ERCC6L2,0.4292091836734694,0.0731504571903574,7.223068762448275e-116,1.0480672774312446e-112,True,0.356058726483112,AD_enriched,0.0245,True,10000.0,673,88,473.2937,136.6891,1.7844,Minor,0.027800275610722,0.992322246287392,flat,MIR,Minor Isoform Redistribution,new_target_candidate,SR
OPC,ERGIC1-211,ERGIC1,0.4611398963730569,0.0,9.26197195072713e-21,1.3574870000510172e-19,True,0.4611398963730569,AD_enriched,0.0041,True,10000.0,89,0,53.7832,0.0,5.7757,Minor,-0.0848025539979709,0.968839758558835,flat,MIR,Minor Isoform Redistribution,new_target_candidate,SR
OPC,ETNK1-201,ETNK1,0.4893617021276595,0.8409090909090909,3.692857352625263e-05,9.50059577776464e-05,True,-0.3515473887814314,CT_enriched,0.0244755244755244,True,3432.0,23,74,28.6377,102.3663,-1.8023,Dominant,-0.0257510724823667,0.990542258072317,flat,DIEr,Dominant Isoform Erosion,trial_failure_explanation,SR
OPC,ETNK1-207,ETNK1,0.5106382978723404,0.1590909090909091,3.692857352625263e-05,9.50059577776464e-05,True,0.3515473887814313,AD_enriched,0.0244755244755244,True,3432.0,24,14,24.2571,35.5008,-0.5312,Minor,-0.0257510724823667,0.990542258072317,flat,MIR,Minor Isoform Redistribution,new_target_candidate,SR
OPC,ETV1-205,ETV1,0.0472103004291845,0.6333333333333333,1.9673788843402606e-20,2.7715211273570096e-19,True,-0.5861230329041488,CT_enriched,0.0285714285714285,True,70.0,11,19,7.638,30.6507,-1.8735,Dominant,-0.238335994481374,0.884421455567624,flat,DIEr,Dominant Isoform Erosion,trial_failure_explanation,SR
OPC,EVL-217,EVL,0.4871794871794871,0.1454545454545454,0.0012554334250016,0.0025477397198284,True,0.3417249417249417,AD_enriched,0.0424242424242424,True,165.0,19,8,14.0851,6.7571,0.9595,Minor,1.64419187783439e-05,0.999903764462701,flat,MIR,Minor Isoform Redistribution,new_target_candidate,SR
OPC,EVL-203,EVL,0.4871794871794871,0.8363636363636363,0.0012554334250016,0.0025477397198284,True,-0.3491841491841492,CT_enriched,0.0484848484848484,True,165.0,19,46,25.8105,51.0467,-0.957,Dominant,1.64419187783439e-05,0.999903764462701,flat,DIEr,Dominant Isoform Erosion,trial_failure_explanation,SR
OPC,EXOC4-201,EXOC4,0.660377358490566,0.8819444444444444,5.5454203943222826e-08,2.0552758600668282e-07,True,-0.2215670859538784,CT_enriched,0.0197,True,10000.0,105,254,132.75,247.3403,-0.8928,Dominant,0.0977037907991736,0.945600122639629,flat,DIEr,Dominant Isoform Erosion,trial_failure_explanation,SR
OPC,FAM13A-202,FAM13A,0.6275862068965518,0.0097087378640776,1.4649826679622865e-35,6.7482217498834214e-34,True,0.6178774690324742,AD_enriched,0.0333333333333333,True,120.0,91,1,82.1931,4.7643,3.8513,Minor,-0.138107413730004,0.945600122639629,flat,MIR,Minor Isoform Redistribution,new_target_candidate,SR
OPC,FAM13A-201,FAM13A,0.1034482758620689,0.912621359223301,1.4649826679622865e-35,6.7482217498834214e-34,True,-0.8091730833612321,CT_enriched,0.05,True,120.0,15,94,25.04,59.6961,-1.2209,Dominant,-0.138107413730004,0.945600122639629,flat,DIEr,Dominant Isoform Erosion,trial_failure_explanation,SR
OPC,FARP1-222,FARP1,0.2882882882882883,0.0805369127516778,2.7192951011473942e-09,1.18134646460026e-08,True,0.2077513755366105,AD_enriched,0.0139652014652014,True,4368.0,32,12,30.7309,18.8297,0.6782,Minor,0.139318012688074,0.94138783614133,flat,MIR,Minor Isoform Redistribution,new_target_candidate,SR
OPC,FASTKD5-202,FASTKD5,0.6888888888888889,0.0,4.597583587411578e-18,4.997073996505019e-17,True,0.6888888888888889,AD_enriched,0.0222222222222222,True,45.0,62,0,64.9713,0.0,6.0438,Minor,-0.557236369063961,0.905687519595108,flat,MIR,Minor Isoform Redistribution,new_target_candidate,SR
OPC,FASTKD5-201,FASTKD5,0.3111111111111111,1.0,4.597583587411578e-18,4.997073996505019e-17,True,-0.6888888888888889,CT_enriched,0.0222222222222222,True,45.0,28,69,38.9778,55.0004,-0.4862,Dominant,-0.557236369063961,0.905687519595108,flat,DIEr,Dominant Isoform Erosion,trial_failure_explanation,SR
OPC,FCHSD2-204,FCHSD2,0.2028985507246377,0.9482758620689656,1.8427270205622718e-20,2.6213695165057417e-19,True,-0.7453773113443279,CT_enriched,0.009090909090909,True,330.0,28,55,34.744,73.143,-1.0526,Dominant,0.033777782917579,0.988905348808204,flat,DIEr,Dominant Isoform Erosion,trial_failure_explanation,SR
OPC,FGFR1OP2-202,FGFR1OP2,0.1826923076923076,0.6388888888888888,5.2629886015550055e-06,1.5182100319793862e-05,True,-0.4561965811965812,CT_enriched,0.0327,True,10000.0,19,23,23.5908,58.1702,-1.2668,Dominant,-0.0934274716361532,0.943131267498588,flat,DIEr,Dominant Isoform Erosion,trial_failure_explanation,SR
OPC,transcript241388.chr1.nic,FLAD1,0.3902439024390244,0.025,4.1748460475063456e-12,2.4624803312730515e-11,True,0.3652439024390244,AD_enriched,0.0,True,6.0,16,1,15.7241,0.5226,3.4573,Minor,-0.340733606477317,0.914980487893112,flat,MIR,Minor Isoform Redistribution,new_target_candidate,SR
OPC,FLYWCH1-212,FLYWCH1,0.835820895522388,0.0807453416149068,3.459688107673046e-28,9.04505845807854e-27,True,0.7550755539074813,AD_enriched,0.0346320346320346,True,462.0,56,13,38.8512,49.8999,-0.353,Minor,0.0461733888014599,0.987847629276846,flat,MIR,Minor Isoform Redistribution,new_target_candidate,SR
OPC,FMO5-201,FMO5,0.0212765957446808,0.4444444444444444,1.8711076024462823e-08,7.278759064744117e-08,True,-0.4231678486997636,CT_enriched,0.0,True,84.0,1,16,1.0656,15.0114,-2.9544,Dominant,-0.644185205291153,0.879563240155056,down,DIDe,Dominant Isoform Depletion,trial_failure_explanation,SR
OPC,FTX-260,FTX,0.4,0.6825396825396826,1.6200087008185078e-05,4.36920562246776e-05,True,-0.2825396825396825,CT_enriched,0.0036,True,10000.0,54,86,51.7267,130.9539,-1.3234,Dominant,-0.027487442250329,0.98567448054402,flat,DIEr,Dominant Isoform Erosion,trial_failure_explanation,SR
OPC,GCC2-218,GCC2,0.704868154158215,0.3758815232722144,2.2154254875023065e-57,2.3811721350858117e-55,True,0.3289866308860006,AD_enriched,0.0212,True,10000.0,695,533,773.8258,501.2852,0.6254,Minor,0.187154316514289,0.903739724329243,flat,MIR,Minor Isoform Redistribution,new_target_candidate,SR
OPC,GDAP1-233,GDAP1,0.088,0.3452914798206278,8.194221963877723e-43,5.169485247646338e-41,True,-0.2572914798206278,CT_enriched,0.0419,True,10000.0,55,154,54.8154,185.1421,-1.7377,Dominant,-0.238450492275043,0.908915730445332,flat,DIEr,Dominant Isoform Erosion,trial_failure_explanation,SR
OPC,GFRA1-209,GFRA1,0.4545454545454545,0.1538461538461538,0.0011651654712336,0.0023812043644506,True,0.3006993006993007,AD_enriched,0.0194805194805194,True,462.0,15,6,20.381,14.2406,0.4884,Minor,0.120518402469605,0.970810742454823,flat,MIR,Minor Isoform Redistribution,new_target_candidate,SR
OPC,GMDS-DT-220,GMDS-DT,0.0925925925925925,0.8333333333333334,7.475746850417224e-18,7.975962264673081e-17,True,-0.7407407407407409,CT_enriched,0.0346320346320346,True,924.0,5,60,4.0932,70.0315,-3.8018,Dominant,0.230659501007668,0.896395386344675,flat,DIEr,Dominant Isoform Erosion,trial_failure_explanation,SR
OPC,GOLIM4-201,GOLIM4,0.3066666666666666,0.08,0.0051886075523155,0.009458127585942,True,0.2266666666666665,AD_enriched,0.0499,True,10000.0,23,4,26.9388,14.4877,0.8511,Minor,0.01238087991751,0.994970665489847,flat,MIR,Minor Isoform Redistribution,new_target_candidate,SR
OPC,GOLIM4-202,GOLIM4,0.6933333333333334,0.92,0.0051886075523155,0.009458127585942,True,-0.2266666666666666,CT_enriched,0.0499,True,10000.0,52,46,59.0079,85.8778,-0.5338,Dominant,0.01238087991751,0.994970665489847,flat,DIEr,Dominant Isoform Erosion,trial_failure_explanation,SR
OPC,GON4L-204,GON4L,0.1297071129707113,0.8064516129032258,8.639697468322413e-28,2.180208874180143e-26,True,-0.6767444999325145,CT_enriched,0.0045454545454545,True,220.0,31,50,24.6933,61.2278,-1.2762,Dominant,0.30521210795806,0.877231420828891,flat,DIEr,Dominant Isoform Erosion,trial_failure_explanation,SR
OPC,GORASP1-201,GORASP1,0.7352941176470589,0.1597222222222222,3.926919149026141e-14,2.9145573837529054e-13,True,0.5755718954248367,AD_enriched,0.0285714285714285,True,70.0,25,23,16.647,17.1271,-0.0387,Minor,0.0127700712808578,0.997895441424885,flat,MIR,Minor Isoform Redistribution,new_target_candidate,SR
OPC,GPAA1-216,GPAA1,0.0304568527918781,0.2602739726027397,5.675404709798445e-09,2.3495042036854625e-08,True,-0.2298171198108616,CT_enriched,0.0434,True,10000.0,6,19,5.2203,28.8974,-2.265,Minor,-0.686868736972303,0.86204988634989,down,MIDe,Minor Isoform Depletion,,SR
OPC,GPBP1-208,GPBP1,0.3333333333333333,0.0555555555555555,1.889143127361293e-06,5.789116531787194e-06,True,0.2777777777777778,AD_enriched,0.007,True,10000.0,31,6,35.1552,8.9926,1.8553,Minor,0.0060737331143997,0.996593037685696,flat,MIR,Minor Isoform Redistribution,new_target_candidate,SR
OPC,transcript81872.chr1.nnic,GPBP1L1,0.5625,0.0,1.897903281513553e-09,8.40872568389669e-09,True,0.5625,AD_enriched,0.0476190476190476,True,252.0,18,0,30.8577,0.0,4.9936,Minor,0.0520399192500568,0.979233591819141,flat,MIR,Minor Isoform Redistribution,new_target_candidate,SR
OPC,GPR17-206,GPR17,0.014792899408284,0.2560975609756097,3.302785921985674e-15,2.684785643025889e-14,True,-0.2413046615673257,CT_enriched,0.023,True,10000.0,5,21,7.7171,26.1814,-1.6407,Minor,-0.0462459998618651,0.994750194222423,flat,MIEr,Minor Isoform Erosion,,SR
OPC,GPR17-204,GPR17,0.985207100591716,0.7439024390243902,3.302785921985674e-15,2.684785643025889e-14,True,0.2413046615673257,AD_enriched,0.023,True,10000.0,333,61,518.9239,101.2795,2.3458,Dominant,-0.0462459998618651,0.994750194222423,flat,DIR,Dominant Isoform Redistribution,,SR
OPC,GRAMD1C-201,GRAMD1C,0.9765625,0.7529411764705882,1.3430218773402914e-06,4.208908734386096e-06,True,0.2236213235294117,AD_enriched,0.0346320346320346,True,462.0,125,64,100.5806,65.7506,0.6058,Dominant,0.166546757581573,0.934329416507915,flat,DIR,Dominant Isoform Redistribution,,SR
OPC,GRAMD1C-205,GRAMD1C,0.0234375,0.2470588235294117,1.3430218773402914e-06,4.208908734386096e-06,True,-0.2236213235294117,CT_enriched,0.0346320346320346,True,462.0,3,21,4.31,18.601,-1.8841,Minor,0.166546757581573,0.934329416507915,flat,MIEr,Minor Isoform Erosion,,SR
OPC,GRIA4-201,GRIA4,0.0,0.3288590604026846,3.174773023032417e-18,3.52995835740999e-17,True,-0.3288590604026846,CT_enriched,0.0439,True,10000.0,0,49,0.0,39.4748,-5.339,Minor,0.106530530424077,0.966592719150178,flat,MIEr,Minor Isoform Erosion,,SR
OPC,transcript27348.chr7.nic,HDAC9,0.1379310344827586,0.578125,1.5317550175772668e-06,4.7746004951764e-06,True,-0.4401939655172414,CT_enriched,0.0366161616161616,True,792.0,8,37,10.199,56.5144,-2.3606,Dominant,-0.126911794739677,0.969331900405304,flat,DIEr,Dominant Isoform Erosion,trial_failure_explanation,SR
OPC,HDLBP-204,HDLBP,0.5319148936170213,0.0909090909090909,7.53829107948194e-08,2.742806445647575e-07,True,0.4410058027079304,AD_enriched,0.0029970029970029,True,1001.0,25,6,29.5127,7.8578,1.7844,Minor,0.090991098818532,0.945568520576479,flat,MIR,Minor Isoform Redistribution,new_target_candidate,SR
OPC,HECTD4-202,HECTD4,0.4421052631578947,0.8214285714285714,8.873756955770532e-05,0.0002157157975142,True,-0.3793233082706767,CT_enriched,0.0476190476190476,True,210.0,42,46,56.4567,83.4355,-0.5554,Dominant,0.133301339810769,0.915643427382962,flat,DIEr,Dominant Isoform Erosion,trial_failure_explanation,SR
OPC,HERPUD1-203,HERPUD1,0.4736842105263157,0.0303030303030303,5.076758954489559e-14,3.711021281090353e-13,True,0.4433811802232854,AD_enriched,0.0129870129870129,True,2002.0,45,3,23.8262,3.6558,2.4148,Minor,-0.493399436788634,0.871945696342622,flat,MIR,Minor Isoform Redistribution,new_target_candidate,SR
OPC,transcript47646.chr7.nic,HERPUD2,0.7083333333333334,0.0526315789473684,1.9442241237110883e-08,7.542965784772159e-08,True,0.655701754385965,AD_enriched,0.0285714285714285,True,70.0,34,2,27.2877,1.6127,3.4366,Minor,0.0042414628877714,0.999168261051987,flat,MIR,Minor Isoform Redistribution,new_target_candidate,SR
OPC,HIF3A-218,HIF3A,0.3010752688172043,0.0555555555555555,5.0158877050560894e-11,2.6180046978548156e-10,True,0.2455197132616488,AD_enriched,0.0181818181818181,True,165.0,28,3,18.5377,1.8081,2.7986,Minor,0.105131324758842,0.958055985050566,flat,MIR,Minor Isoform Redistribution,new_target_candidate,SR
OPC,HNRNPD-210,HNRNPD,0.0,0.2291666666666666,5.051713217617322e-13,3.2635271242878305e-12,True,-0.2291666666666666,CT_enriched,0.0396825396825396,True,126.0,0,11,0.0,15.8889,-4.078,Minor,0.161376093695628,0.898532366592173,flat,MIEr,Minor Isoform Erosion,,SR
OPC,HNRNPR-210,HNRNPR,0.7861635220125787,0.5146579804560261,8.520825383616234e-23,1.4293315181071856e-21,True,0.2715055415565526,AD_enriched,0.0438,True,10000.0,250,158,212.277,211.6608,0.0042,Dominant,0.0913628412518051,0.927367363181277,flat,DIR,Dominant Isoform Redistribution,,SR
OPC,HNRNPR-201,HNRNPR,0.0283018867924528,0.3322475570032573,8.520825383616234e-23,1.4293315181071856e-21,True,-0.3039456702108045,CT_enriched,0.0009,True,10000.0,9,102,12.3576,111.5642,-3.075,Minor,0.0913628412518051,0.927367363181277,flat,MIEr,Minor Isoform Erosion,,SR
OPC,HPS4-248,HPS4,0.325,0.0547945205479452,6.163655487883477e-16,5.339381559951597e-15,True,0.2702054794520548,AD_enriched,0.0355,True,10000.0,39,4,33.9879,4.2476,2.7371,Minor,0.0041529905267919,0.998538802702602,flat,MIR,Minor Isoform Redistribution,new_target_candidate,SR
OPC,HSD17B12-201,HSD17B12,1.0,0.6704545454545454,6.316035061068616e-11,3.2326514545363515e-10,True,0.3295454545454546,AD_enriched,0.0285964035964035,True,8008.0,108,118,108.7345,146.0079,-0.4219,Dominant,-0.343696453081272,0.896395386344675,flat,DIR,Dominant Isoform Redistribution,,SR
OPC,HSD17B12-203,HSD17B12,0.0,0.3295454545454545,6.316035061068616e-11,3.2326514545363515e-10,True,-0.3295454545454545,CT_enriched,0.0285964035964035,True,8008.0,0,58,0.0,55.7115,-5.8256,Minor,-0.343696453081272,0.896395386344675,flat,MIEr,Minor Isoform Erosion,,SR
OPC,HSPA1A-201,HSPA1A,0.8914285714285715,0.5146579804560261,1.5630993818980393e-22,2.5627765007164464e-21,True,0.3767705909725454,AD_enriched,0.0303030303030303,True,165.0,156,158,140.1178,87.2973,0.6765,Dominant,-1.43034665180299,0.20735265844137,down,DIC,Dominant Isoform Concentration,,SR
OPC,HTRA1-201,HTRA1,0.6068376068376068,0.9466666666666668,4.055404786781892e-07,1.351180791187262e-06,True,-0.33982905982906,CT_enriched,0.0061,True,10000.0,71,71,67.6125,122.5475,-0.8485,Dominant,-0.115989003726602,0.918174815125918,flat,DIEr,Dominant Isoform Erosion,trial_failure_explanation,SR
OPC,HTRA1-202,HTRA1,0.3931623931623931,0.0533333333333333,4.055404786781892e-07,1.351180791187262e-06,True,0.3398290598290598,AD_enriched,0.0061,True,10000.0,46,4,34.9008,3.611,2.9609,Minor,-0.115989003726602,0.918174815125918,flat,MIR,Minor Isoform Redistribution,new_target_candidate,SR
OPC,IARS1-241,IARS1,0.0294117647058823,0.4878048780487805,2.347423302369639e-13,1.5769033387677528e-12,True,-0.4583931133428982,CT_enriched,0.0238095238095238,True,126.0,2,20,1.6626,17.8845,-2.8263,Dominant,0.306478310697926,0.880484357385122,flat,DIEr,Dominant Isoform Erosion,trial_failure_explanation,SR
OPC,ICE2-203,ICE2,0.8571428571428571,0.1052631578947368,3.342800255512154e-09,1.4350305238899809e-08,True,0.7518796992481203,AD_enriched,0.0178571428571428,True,56.0,30,4,22.6511,4.3601,2.1416,Minor,-0.0064691476817281,0.998288078595947,flat,MIR,Minor Isoform Redistribution,new_target_candidate,SR
OPC,IFIT3-202,IFIT3,0.6335877862595419,0.2716049382716049,1.967746817576395e-06,6.010948699585998e-06,True,0.361982847987937,AD_enriched,0.028,True,10000.0,83,22,64.3754,21.5666,1.5346,Minor,-0.535826706611821,0.905687519595108,flat,MIR,Minor Isoform Redistribution,new_target_candidate,SR
OPC,ITGB4-203,ITGB4,0.0410958904109589,0.675,2.451601172782878e-12,1.491519204070422e-11,True,-0.6339041095890412,CT_enriched,0.0333333333333333,True,120.0,3,27,1.7275,14.1109,-2.4699,Dominant,-0.0095495988133863,0.999168261051987,flat,DIEr,Dominant Isoform Erosion,trial_failure_explanation,SR
OPC,ITSN2-206,ITSN2,0.0229885057471264,0.4137931034482758,1.3001310193095042e-08,5.1055212693317733e-08,True,-0.3908045977011494,CT_enriched,0.0463536463536463,True,5005.0,2,24,1.2913,18.6353,-3.0992,Minor,0.188554828778207,0.905687519595108,flat,MIEr,Minor Isoform Erosion,,SR
OPC,JAKMIP3-206,JAKMIP3,0.8060836501901141,0.0,1.834352062179479e-37,9.857943860083052e-36,True,0.8060836501901141,AD_enriched,0.0349650349650349,True,1001.0,212,0,355.0316,0.0,8.4759,Minor,0.231660154128365,0.934329416507915,flat,MIR,Minor Isoform Redistribution,new_target_candidate,SR
OPC,KCNIP4-204,KCNIP4,0.6666666666666666,1.0,2.595693524391018e-05,6.82928613579577e-05,True,-0.3333333333333333,CT_enriched,0.0285714285714285,True,210.0,24,55,28.5168,201.393,-2.7776,Dominant,0.0792195108628899,0.96730240295586,flat,DIEr,Dominant Isoform Erosion,trial_failure_explanation,SR
OPC,transcript35436.chr4.nnic,KCNIP4,0.3055555555555556,0.0,2.595693524391018e-05,6.82928613579577e-05,True,0.3055555555555556,AD_enriched,0.0285714285714285,True,210.0,11,0,15.893,0.0,4.0784,Minor,0.0792195108628899,0.96730240295586,flat,MIR,Minor Isoform Redistribution,new_target_candidate,SR
OPC,KDM5B-239,KDM5B,0.0,0.2577319587628865,3.3336647654157446e-09,1.4332289109979984e-08,True,-0.2577319587628865,CT_enriched,0.0324,True,10000.0,0,25,0.0,29.4205,-4.927,Minor,0.116130925645071,0.919883977426271,flat,MIEr,Minor Isoform Erosion,,SR
OPC,KIF16B-204,KIF16B,0.1805555555555555,0.8648648648648649,4.7588289368537476e-11,2.49547934455752e-10,True,-0.6843093093093094,CT_enriched,0.0212121212121212,True,330.0,13,32,16.904,31.6985,-0.8689,Dominant,0.0471455791151586,0.988958013184228,flat,DIEr,Dominant Isoform Erosion,trial_failure_explanation,SR
OPC,KIF3A-203,KIF3A,0.4777777777777778,0.859375,4.055876186781398e-06,1.1973705690782926e-05,True,-0.3815972222222222,CT_enriched,0.0341,True,10000.0,43,55,44.3296,54.7168,-0.2977,Dominant,0.0889826586584806,0.950932961045718,flat,DIEr,Dominant Isoform Erosion,trial_failure_explanation,SR
OPC,KLHL4-202,KLHL4,0.956140350877193,0.3414634146341463,4.88413649924093e-16,4.295080036605205e-15,True,0.6146769362430466,AD_enriched,0.0,True,15.0,109,14,77.4552,29.5372,1.3613,Minor,0.120334693195693,0.967777124095027,flat,MIR,Minor Isoform Redistribution,new_target_candidate,SR
OPC,KLHL4-203,KLHL4,0.043859649122807,0.6585365853658537,4.88413649924093e-16,4.295080036605205e-15,True,-0.6146769362430466,CT_enriched,0.0,True,15.0,5,27,2.9847,25.5471,-2.736,Dominant,0.120334693195693,0.967777124095027,flat,DIEr,Dominant Isoform Erosion,trial_failure_explanation,SR
OPC,KLHL42-201,KLHL42,0.1818181818181818,0.7142857142857143,1.1438732783871485e-06,3.616035134944995e-06,True,-0.5324675324675325,CT_enriched,0.0393939393939393,True,330.0,10,35,12.6472,32.7683,-1.3071,Dominant,0.129240416001845,0.90987577028389,flat,DIEr,Dominant Isoform Erosion,trial_failure_explanation,SR
OPC,transcript44618.chr12.nnic,KLHL42,0.7272727272727273,0.2448979591836734,1.1438732783871485e-06,3.616035134944995e-06,True,0.4823747680890539,AD_enriched,0.0272727272727272,True,330.0,40,12,30.3538,9.7677,1.5419,Minor,0.129240416001845,0.90987577028389,flat,MIR,Minor Isoform Redistribution,new_target_candidate,SR
OPC,KMT5B-201,KMT5B,0.4210526315789473,0.9210526315789472,0.0001221385260465,0.0002893436755811,True,-0.4999999999999999,CT_enriched,0.05,True,120.0,16,35,10.3198,43.9577,-1.9897,Dominant,0.0490205546628184,0.982915007463618,flat,DIEr,Dominant Isoform Erosion,trial_failure_explanation,SR
OPC,KRBA2-202,KRBA2,0.6290322580645161,0.0392156862745098,3.8147362418824004e-16,3.3958173539701603e-15,True,0.5898165717900063,AD_enriched,0.0489510489510489,True,1287.0,39,4,21.9994,2.3307,2.7877,Minor,-0.305122384463375,0.896395386344675,flat,MIR,Minor Isoform Redistribution,new_target_candidate,SR
OPC,KRBA2-201,KRBA2,0.3709677419354839,0.9607843137254902,3.8147362418824004e-16,3.3958173539701603e-15,True,-0.5898165717900063,CT_enriched,0.0489510489510489,True,1287.0,23,98,28.0142,82.1749,-1.5194,Dominant,-0.305122384463375,0.896395386344675,flat,DIEr,Dominant Isoform Erosion,trial_failure_explanation,SR
OPC,LCOR-203,LCOR,0.0729166666666666,0.3303571428571428,4.8638431111073386e-08,1.8119042860006817e-07,True,-0.2574404761904761,CT_enriched,0.0372960372960372,True,3003.0,7,37,9.8475,44.1417,-2.0571,Dominant,0.0972369334858431,0.942755312288754,flat,DIEr,Dominant Isoform Erosion,trial_failure_explanation,SR
OPC,LINC00662-233,LINC00662,0.1851851851851851,0.7053571428571429,4.275909851861011e-18,4.682524675509681e-17,True,-0.5201719576719578,CT_enriched,0.0432900432900432,True,462.0,10,158,11.7266,177.9799,-3.8139,Dominant,0.0944170824718804,0.951636006444718,flat,DIEr,Dominant Isoform Erosion,trial_failure_explanation,SR
OPC,LINC00667-204,LINC00667,0.2611940298507462,0.6492146596858639,4.4404814374549785e-24,8.313727181609256e-23,True,-0.3880206298351177,CT_enriched,0.0066,True,10000.0,35,124,50.6084,134.5506,-1.3932,Dominant,-0.250136402781137,0.896395386344675,flat,DIEr,Dominant Isoform Erosion,trial_failure_explanation,SR
OPC,LINC00667-229,LINC00667,0.5373134328358209,0.0837696335078534,4.4404814374549785e-24,8.313727181609256e-23,True,0.4535437993279675,AD_enriched,0.0417,True,10000.0,72,16,51.1393,17.1134,1.5253,Minor,-0.250136402781137,0.896395386344675,flat,MIR,Minor Isoform Redistribution,new_target_candidate,SR
OPC,LINC02930-201,LINC02930,0.0833333333333333,0.7727272727272727,2.33746826330892e-10,1.1286743594213787e-09,True,-0.6893939393939394,CT_enriched,0.0,True,21.0,3,34,5.1429,30.1018,-2.34,Dominant,0.450667785481452,0.86204988634989,flat,DIEr,Dominant Isoform Erosion,trial_failure_explanation,SR
OPC,LINC02981-229,LINC02981,0.2777777777777778,0.0344827586206896,7.362254788478553e-09,2.9798135838444576e-08,True,0.2432950191570881,AD_enriched,0.0108225108225108,True,462.0,10,3,10.2098,6.1294,0.6529,Minor,-0.577158221611347,0.896395386344675,flat,MIR,Minor Isoform Redistribution,new_target_candidate,SR
OPC,LINC02981-211,LINC02981,0.3055555555555556,0.0919540229885057,7.362254788478553e-09,2.9798135838444576e-08,True,0.2136015325670499,AD_enriched,0.0238095238095238,True,462.0,11,8,8.9232,17.2043,-0.8754,Minor,-0.577158221611347,0.896395386344675,flat,MIR,Minor Isoform Redistribution,new_target_candidate,SR
OPC,LMF1-201,LMF1,0.7837837837837838,1.0,0.0078466360850284,0.013859365744828,True,-0.2162162162162162,CT_enriched,0.0,True,21.0,29,38,23.0041,46.1045,-0.9726,Dominant,0.265104609505729,0.874551774292517,flat,DIEr,Dominant Isoform Erosion,trial_failure_explanation,SR
OPC,LMF1-212,LMF1,0.2162162162162162,0.0,0.0078466360850284,0.013859365744828,True,0.2162162162162162,AD_enriched,0.0,True,21.0,8,0,5.4919,0.0,2.6986,Minor,0.265104609505729,0.874551774292517,flat,MIR,Minor Isoform Redistribution,new_target_candidate,SR
OPC,LRRFIP2-205,LRRFIP2,0.6708860759493671,0.2424242424242424,5.118033526441284e-09,2.1370551501773536e-08,True,0.4284618335251247,AD_enriched,0.0424242424242424,True,330.0,53,8,35.8289,25.6943,0.4643,Minor,0.161309459992106,0.89021379671656,flat,MIR,Minor Isoform Redistribution,new_target_candidate,SR
OPC,LRRFIP2-219,LRRFIP2,0.050632911392405,0.6060606060606061,5.118033526441284e-09,2.1370551501773536e-08,True,-0.5554276946682011,CT_enriched,0.0484848484848484,True,330.0,4,20,6.2086,18.6101,-1.4438,Dominant,0.161309459992106,0.89021379671656,flat,DIEr,Dominant Isoform Erosion,trial_failure_explanation,SR
OPC,LRRN3-203,LRRN3,0.4908424908424908,0.7940199335548173,5.613459510491361e-14,4.0827718043724137e-13,True,-0.3031774427123264,CT_enriched,0.0489510489510489,True,3003.0,134,239,121.5491,252.2146,-1.047,Dominant,-0.600889492477086,0.86204988634989,down,DIDe,Dominant Isoform Depletion,trial_failure_explanation,SR
OPC,LRRN3-201,LRRN3,0.5091575091575091,0.2059800664451827,5.613459510491361e-14,4.0827718043724137e-13,True,0.3031774427123264,AD_enriched,0.0489510489510489,True,3003.0,139,62,135.9005,88.6349,0.611,Minor,-0.600889492477086,0.86204988634989,down,MIC,Minor Isoform Concentration,new_target_candidate,SR
OPC,MAEA-202,MAEA,0.6190476190476191,0.9166666666666666,2.3934861436290654e-07,8.162040879919563e-07,True,-0.2976190476190475,CT_enriched,0.0373,True,10000.0,91,88,144.1046,104.5237,0.4595,Dominant,0.0253964438166284,0.993541757353524,flat,DIEr,Dominant Isoform Erosion,trial_failure_explanation,SR
OPC,transcript160612.chrX.nic,MAMLD1,0.0519480519480519,0.5641025641025641,2.7711319269193303e-09,1.2020664950552913e-08,True,-0.5121545121545122,CT_enriched,0.0198412698412698,True,252.0,4,22,4.2625,35.1101,-2.7786,Dominant,0.318765363711302,0.875902856613962,flat,DIEr,Dominant Isoform Erosion,trial_failure_explanation,SR
OPC,MAPT-223,MAPT,0.5675675675675675,0.3247863247863248,8.582699427285432e-05,0.0002091267316371,True,0.2427812427812427,AD_enriched,0.0446,True,10000.0,147,38,157.4739,42.4974,1.8652,Minor,-0.0859925002003906,0.945568520576479,flat,MIR,Minor Isoform Redistribution,new_target_candidate,SR
OPC,transcript303166.chr3.nic,MASP1,0.0491803278688524,0.8627450980392157,2.4083644833387146e-17,2.418364612681297e-16,True,-0.8135647701703633,CT_enriched,0.0212121212121212,True,330.0,3,44,3.1927,73.6471,-4.1541,Dominant,-0.172945500838457,0.960818161566272,flat,DIEr,Dominant Isoform Erosion,trial_failure_explanation,SR
OPC,transcript302998.chr3.nic,MASP1,0.8688524590163934,0.0588235294117647,2.4083644833387146e-17,2.418364612681297e-16,True,0.8100289296046287,AD_enriched,0.0151515151515151,True,330.0,53,3,35.7508,5.2349,2.5593,Minor,-0.172945500838457,0.960818161566272,flat,MIR,Minor Isoform Redistribution,new_target_candidate,SR
OPC,MATN2-216,MATN2,0.3406593406593406,0.0391061452513966,7.394862831595511e-26,1.5664154698751951e-24,True,0.301553195407944,AD_enriched,0.0239760239760239,True,5005.0,31,7,20.6235,11.363,0.8066,Minor,0.398825910273122,0.905510837477365,flat,MIR,Minor Isoform Redistribution,new_target_candidate,SR
OPC,MBIP-201,MBIP,0.2564102564102564,0.0227272727272727,8.318024830823651e-08,3.002351748638089e-07,True,0.2336829836829836,AD_enriched,0.0474941724941724,True,3432.0,10,2,8.9163,1.8529,1.7974,Minor,-0.0791648145226809,0.955861272829661,flat,MIR,Minor Isoform Redistribution,new_target_candidate,SR
OPC,MGA-210,MGA,0.3825503355704698,0.7105263157894737,5.191936282154247e-22,8.057218765139906e-21,True,-0.3279759802190038,CT_enriched,0.0466,True,10000.0,171,135,228.0979,182.4014,0.321,Dominant,0.16776209458565,0.918174815125918,flat,DIEr,Dominant Isoform Erosion,trial_failure_explanation,SR
OPC,MGRN1-202,MGRN1,0.71875,0.3924050632911392,4.1648617136106207e-19,5.075827703521585e-18,True,0.3263449367088608,AD_enriched,0.0363386613386613,True,8008.0,115,124,174.4067,112.3131,0.6304,Minor,-0.0062028312104026,0.998288078595947,flat,MIR,Minor Isoform Redistribution,new_target_candidate,SR
OPC,MGRN1-203,MGRN1,0.18125,0.6012658227848101,4.1648617136106207e-19,5.075827703521585e-18,True,-0.4200158227848101,CT_enriched,0.0151098901098901,True,8008.0,29,190,29.6063,136.0098,-2.1624,Dominant,-0.0062028312104026,0.998288078595947,flat,DIEr,Dominant Isoform Erosion,trial_failure_explanation,SR
OPC,MIR124-1HG-201,MIR124-1HG,0.3275261324041811,0.6678832116788321,2.745237109842581e-17,2.728314415329851e-16,True,-0.340357079274651,CT_enriched,0.0492,True,10000.0,94,183,77.539,247.3454,-1.6609,Dominant,-0.199060481499987,0.92650304146581,flat,DIEr,Dominant Isoform Erosion,trial_failure_explanation,SR
OPC,MIR9-1HG-220,MIR9-1HG,0.9430379746835444,0.7352941176470589,4.395059736370963e-36,2.1257438924914223e-34,True,0.2077438570364855,AD_enriched,0.0359,True,10000.0,596,225,462.6692,288.7239,0.6784,Dominant,-0.30485956854979,0.901813012403943,flat,DIR,Dominant Isoform Redistribution,,SR
OPC,MIR9-1HG-228,MIR9-1HG,0.0031645569620253,0.2450980392156862,4.395059736370963e-36,2.1257438924914223e-34,True,-0.2419334822536609,CT_enriched,0.0036,True,10000.0,2,75,1.3481,51.2897,-4.477,Minor,-0.30485956854979,0.901813012403943,flat,MIEr,Minor Isoform Erosion,,SR
OPC,MIR9-3HG-212,MIR9-3HG,0.775,0.0363636363636363,3.268829346722928e-15,2.664646843873577e-14,True,0.7386363636363638,AD_enriched,0.0281385281385281,True,462.0,31,2,43.2249,4.4826,3.0119,Minor,0.0912315870176867,0.982915007463618,flat,MIR,Minor Isoform Redistribution,new_target_candidate,SR
OPC,MIR9-3HG-233,MIR9-3HG,0.0,0.7272727272727273,3.268829346722928e-15,2.664646843873577e-14,True,-0.7272727272727273,CT_enriched,0.0216450216450216,True,462.0,0,40,0.0,30.4616,-4.9755,Dominant,0.0912315870176867,0.982915007463618,flat,DIEr,Dominant Isoform Erosion,trial_failure_explanation,SR
OPC,MOCS1-203,MOCS1,0.8085106382978723,0.4463519313304721,3.716533881481979e-15,2.9876402559724945e-14,True,0.3621587069674002,AD_enriched,0.0454545454545454,True,330.0,76,104,188.36,121.0956,0.6331,Dominant,0.19367974132177,0.943462637335908,flat,DIR,Dominant Isoform Redistribution,,SR
OPC,transcript55281.chr6.nic,MOCS1,0.0106382978723404,0.2446351931330472,3.716533881481979e-15,2.9876402559724945e-14,True,-0.2339968952607068,CT_enriched,0.0272727272727272,True,330.0,1,57,1.5301,35.7924,-3.8621,Minor,0.19367974132177,0.943462637335908,flat,MIEr,Minor Isoform Erosion,,SR
OPC,MTFR1L-210,MTFR1L,0.2028985507246377,0.0,0.009811130156876,0.0170115465154649,True,0.2028985507246377,AD_enriched,0.0239760239760239,True,2002.0,14,0,14.2067,0.0,3.9266,Minor,-0.0833321305538625,0.98356170780561,flat,MIR,Minor Isoform Redistribution,new_target_candidate,SR
OPC,MTHFD1-223,MTHFD1,0.3493150684931507,0.0,5.756485089297918e-16,5.031722809982698e-15,True,0.3493150684931507,AD_enriched,0.0357142857142857,True,84.0,51,0,35.037,0.0,5.1714,Minor,0.123247861955873,0.951560959429468,flat,MIR,Minor Isoform Redistribution,new_target_candidate,SR
OPC,MTHFD1-220,MTHFD1,0.4520547945205479,0.9478260869565216,5.756485089297918e-16,5.031722809982698e-15,True,-0.4957712924359737,CT_enriched,0.0238095238095238,True,84.0,66,109,40.1474,90.7139,-1.1563,Dominant,0.123247861955873,0.951560959429468,flat,DIEr,Dominant Isoform Erosion,trial_failure_explanation,SR
OPC,MTMR2-219,MTMR2,0.0,0.6470588235294118,1.198796580156225e-12,7.530103193968322e-12,True,-0.6470588235294118,CT_enriched,0.0346320346320346,True,462.0,0,33,0.0,25.1736,-4.71,Dominant,0.197973723862977,0.899286229706626,flat,DIEr,Dominant Isoform Erosion,trial_failure_explanation,SR
OPC,MYSM1-212,MYSM1,0.0177514792899408,0.6375838926174496,7.433026231062539e-40,4.314128424508697e-38,True,-0.6198324133275088,CT_enriched,0.026,True,10000.0,3,95,2.5401,58.4965,-4.0709,Dominant,0.241738512111763,0.876900879959382,flat,DIEr,Dominant Isoform Erosion,trial_failure_explanation,SR
OPC,MYSM1-220,MYSM1,0.272189349112426,0.0,7.433026231062539e-40,4.314128424508697e-38,True,0.272189349112426,AD_enriched,0.0151,True,10000.0,46,0,41.2781,0.0,5.4018,Minor,0.241738512111763,0.876900879959382,flat,MIR,Minor Isoform Redistribution,new_target_candidate,SR
OPC,MZF1-201,MZF1,0.0,0.2045454545454545,8.114771682267166e-32,2.7067893588436013e-30,True,-0.2045454545454545,CT_enriched,0.0476190476190476,True,210.0,0,9,0.0,5.1841,-2.6286,Minor,-0.226233537159815,0.90987577028389,flat,MIEr,Minor Isoform Erosion,,SR
OPC,MZF1-207,MZF1,0.993975903614458,0.25,8.114771682267166e-32,2.7067893588436013e-30,True,0.743975903614458,AD_enriched,0.0333333333333333,True,210.0,165,11,156.9632,19.0993,2.9744,Minor,-0.226233537159815,0.90987577028389,flat,MIR,Minor Isoform Redistribution,new_target_candidate,SR
OPC,NAA60-214,NAA60,0.0197044334975369,0.3043478260869565,2.811190276570583e-11,1.5024077684360648e-10,True,-0.2846433925894195,CT_enriched,0.0084,True,10000.0,4,21,5.732,24.5143,-1.9222,Minor,-0.0661042429211715,0.970090782824052,flat,MIEr,Minor Isoform Erosion,,SR
OPC,NAP1L1-215,NAP1L1,0.275,0.0131578947368421,3.8197023816333454e-05,9.774935018959408e-05,True,0.2618421052631579,AD_enriched,0.0079920079920079,True,3003.0,11,1,9.552,1.09,2.3359,Minor,0.16147875900323,0.905510837477365,flat,MIR,Minor Isoform Redistribution,new_target_candidate,SR
OPC,NAP1L1-226,NAP1L1,0.575,0.8552631578947368,3.8197023816333454e-05,9.774935018959408e-05,True,-0.2802631578947369,CT_enriched,0.0293040293040293,True,3003.0,23,65,31.4156,179.8852,-2.4803,Dominant,0.16147875900323,0.905510837477365,flat,DIEr,Dominant Isoform Erosion,trial_failure_explanation,SR
OPC,NCAM1-225,NCAM1,0.1533980582524272,0.3542319749216301,3.9641561537636213e-16,3.5180370514440458e-15,True,-0.2008339166692029,CT_enriched,0.0179,True,10000.0,79,226,99.9543,285.6255,-1.5055,Dominant,0.0380493915769139,0.986267687800734,flat,DIEr,Dominant Isoform Erosion,trial_failure_explanation,SR
OPC,NCOA1-206,NCOA1,0.2954545454545454,0.0377358490566037,6.562084158822185e-09,2.6859193552753145e-08,True,0.2577186963979417,AD_enriched,0.0,True,21.0,13,2,8.1354,2.1801,1.5224,Minor,0.0298452253822499,0.990542258072317,flat,MIR,Minor Isoform Redistribution,new_target_candidate,SR
OPC,transcript184301.chr8.nic,NDRG1,0.1764705882352941,0.6428571428571429,2.2379224703653522e-07,7.66759269067326e-07,True,-0.4663865546218488,CT_enriched,0.0334665334665334,True,8008.0,15,27,18.8793,25.5854,-0.4194,Dominant,-0.071296769251827,0.988248259507471,flat,DIEr,Dominant Isoform Erosion,trial_failure_explanation,SR
OPC,NDUFA10-217,NDUFA10,0.575,0.0975609756097561,3.5434241782096966e-10,1.6829815000269295e-09,True,0.4774390243902439,AD_enriched,0.002020202020202,True,495.0,23,8,19.3733,5.7963,1.5839,Minor,0.0154545805060389,0.99347669131396,flat,MIR,Minor Isoform Redistribution,new_target_candidate,SR
OPC,NDUFA5-208,NDUFA5,0.5638297872340425,0.8118811881188119,0.001404382374839,0.0028145840136622,True,-0.2480514008847694,CT_enriched,0.0155400155400155,True,1287.0,53,82,40.9167,107.4339,-1.3712,Dominant,-0.268070367294449,0.909798984947495,flat,DIEr,Dominant Isoform Erosion,trial_failure_explanation,SR
OPC,NELFCD-213,NELFCD,0.046979865771812,0.75,1.8111585243689595e-24,3.480782806436239e-23,True,-0.703020134228188,CT_enriched,0.0285714285714285,True,210.0,7,36,3.9551,25.0782,-2.3959,Dominant,-0.14580293232419,0.939792953176315,flat,DIEr,Dominant Isoform Erosion,trial_failure_explanation,SR
OPC,NFAT5-208,NFAT5,0.5333333333333333,0.0642857142857142,8.847912397878067e-21,1.3033828314031551e-19,True,0.4690476190476191,AD_enriched,0.0324675324675324,True,462.0,16,9,15.9777,17.5316,-0.1263,Minor,0.080782355051375,0.945600122639629,flat,MIR,Minor Isoform Redistribution,new_target_candidate,SR
OPC,NFAT5-202,NFAT5,0.0,0.6428571428571429,8.847912397878067e-21,1.3033828314031551e-19,True,-0.6428571428571429,CT_enriched,0.0086580086580086,True,462.0,0,90,0.0,131.1775,-7.0463,Dominant,0.080782355051375,0.945600122639629,flat,DIEr,Dominant Isoform Erosion,trial_failure_explanation,SR
OPC,transcript6722.chrY.nic,NLGN4Y,0.8275862068965517,0.0165289256198347,1.356453251990495e-30,4.1876886566770387e-29,True,0.8110572812767171,AD_enriched,0.0476190476190476,True,84.0,72,2,42.9798,1.5257,4.1221,Minor,-0.0700964903866427,0.98281390826268,flat,MIR,Minor Isoform Redistribution,new_target_candidate,SR
OPC,NOL8-205,NOL8,0.2943722943722944,0.7534246575342466,9.928823541689472e-20,1.2805975963547928e-18,True,-0.4590523631619522,CT_enriched,0.0324675324675324,True,8008.0,68,110,97.4257,172.2897,-0.8161,Dominant,-0.049008642078515,0.988038134590658,flat,DIEr,Dominant Isoform Erosion,trial_failure_explanation,SR
OPC,NONO-216,NONO,0.4862745098039215,0.0046082949308755,7.311762541365332e-33,2.7203506275695118e-31,True,0.481666214873046,AD_enriched,0.0289710289710289,True,2002.0,124,1,76.2999,1.5959,4.8962,Minor,0.045556906351208,0.98567448054402,flat,MIR,Minor Isoform Redistribution,new_target_candidate,SR
OPC,transcript70613.chr20.nic,NPEPL1,0.0490797546012269,0.3458904109589041,2.5855087286463645e-43,1.7052605296663067e-41,True,-0.2968106563576772,CT_enriched,0.0455,True,10000.0,40,101,50.6162,122.7979,-1.2621,Dominant,0.338409458146966,0.877231420828891,flat,DIEr,Dominant Isoform Erosion,trial_failure_explanation,SR
OPC,NPM1-220,NPM1,0.2564102564102564,0.0,4.078964349218534e-05,0.0001037436857268,True,0.2564102564102564,AD_enriched,0.0357420357420357,True,1287.0,10,0,17.1432,0.0,4.1814,Minor,-0.155417708796779,0.942755312288754,flat,MIR,Minor Isoform Redistribution,new_target_candidate,SR
OPC,transcript80547.chr3.nic,NPRL2,0.0,0.92,6.125521368599069e-30,1.813904388946377e-28,True,-0.92,CT_enriched,0.0476190476190476,True,21.0,0,115,0.0,62.2638,-5.9833,Dominant,0.0102885541690834,0.999168261051987,flat,DIEr,Dominant Isoform Erosion,trial_failure_explanation,SR
OPC,NPRL2-212,NPRL2,0.6458333333333334,0.0,6.125521368599069e-30,1.813904388946377e-28,True,0.6458333333333334,AD_enriched,0.0476190476190476,True,21.0,31,0,16.4136,0.0,4.1221,Minor,0.0102885541690834,0.999168261051987,flat,MIR,Minor Isoform Redistribution,new_target_candidate,SR
OPC,NRBP1-201,NRBP1,0.9325842696629212,0.6976744186046512,1.7210049895351556e-05,4.63298374733861e-05,True,0.23490985105827,AD_enriched,0.0389610389610389,True,2002.0,83,60,119.0351,71.0324,0.7367,Dominant,0.139878466240464,0.934329416507915,flat,DIR,Dominant Isoform Redistribution,,SR
OPC,NRDC-211,NRDC,0.5714285714285714,0.1136363636363636,2.387053646292282e-16,2.1991205338222867e-15,True,0.4577922077922078,AD_enriched,0.0414,True,10000.0,64,10,55.5999,18.4311,1.5424,Minor,-0.124587338084441,0.905510837477365,flat,MIR,Minor Isoform Redistribution,new_target_candidate,SR
OPC,NUMA1-205,NUMA1,0.0127795527156549,0.2571428571428571,5.3448330711492387e-20,7.149607274082854e-19,True,-0.2443633044272022,CT_enriched,0.0241,True,10000.0,4,18,4.727,36.2144,-2.7,Minor,0.104064491801976,0.947692843861526,flat,MIEr,Minor Isoform Erosion,,SR
OPC,NUP88-222,NUP88,0.0,0.3015873015873015,3.2950738864258343e-19,4.051823906104988e-18,True,-0.3015873015873015,CT_enriched,0.0166666666666666,True,120.0,0,19,0.0,21.6057,-4.4986,Minor,0.170349205637334,0.923438087792159,flat,MIEr,Minor Isoform Erosion,,SR
OPC,OSBPL9-205,OSBPL9,0.0,0.2352941176470588,9.112752890058104e-07,2.909263903954743e-06,True,-0.2352941176470588,CT_enriched,0.0411255411255411,True,462.0,0,8,0.0,12.7687,-3.7833,Minor,0.201902941326584,0.896395386344675,flat,MIEr,Minor Isoform Erosion,,SR
OPC,OTUD6B-AS1-204,OTUD6B-AS1,0.108433734939759,0.4142857142857143,7.226261081076783e-05,0.0001781700055844,True,-0.3058519793459553,CT_enriched,0.0429570429570429,True,2002.0,9,29,6.2493,32.4281,-2.2052,Minor,-0.914879600352634,0.644426523116714,down,MIDe,Minor Isoform Depletion,,SR
OPC,P3H1-207,P3H1,0.9246231155778896,0.5,1.797640726603765e-13,1.2188676141598424e-12,True,0.4246231155778895,AD_enriched,0.0396825396825396,True,126.0,184,18,141.2784,52.5556,1.4096,Dominant,0.0746617521853185,0.984427022867537,flat,DIR,Dominant Isoform Redistribution,,SR
OPC,P3H1-214,P3H1,0.0251256281407035,0.3611111111111111,1.797640726603765e-13,1.2188676141598424e-12,True,-0.3359854829704076,CT_enriched,0.0396825396825396,True,126.0,5,13,6.5516,14.8846,-1.0728,Minor,0.0746617521853185,0.984427022867537,flat,MIEr,Minor Isoform Erosion,,SR
OPC,PABPN1-201,PABPN1,0.4202898550724637,0.1176470588235294,0.004094219806031,0.0076065466562754,True,0.3026427962489343,AD_enriched,0.0032051282051282,True,4368.0,29,4,32.0624,14.6439,1.0796,Minor,0.0583329585203604,0.988038134590658,flat,MIR,Minor Isoform Redistribution,new_target_candidate,SR
OPC,PABPN1-202,PABPN1,0.5797101449275363,0.8823529411764706,0.004094219806031,0.0076065466562754,True,-0.3026427962489343,CT_enriched,0.0032051282051282,True,4368.0,40,30,37.2976,36.1386,0.0443,Dominant,0.0583329585203604,0.988038134590658,flat,DIEr,Dominant Isoform Erosion,trial_failure_explanation,SR
OPC,PALS1-208,PALS1,1.0,0.1666666666666666,9.357622968840165e-14,6.655838690091709e-13,True,0.8333333333333334,AD_enriched,0.05,True,20.0,42,7,29.6978,10.6655,1.3959,Minor,0.145932554968767,0.908915730445332,flat,MIR,Minor Isoform Redistribution,new_target_candidate,SR
OPC,PAPOLA-223,PAPOLA,0.5930232558139535,0.2911392405063291,0.0003435061287758,0.0007551930194752,True,0.3018840153076244,AD_enriched,0.0087412587412587,True,8008.0,51,23,60.63,31.605,0.9185,Minor,-0.278686067567564,0.868003553142229,flat,MIR,Minor Isoform Redistribution,new_target_candidate,SR
OPC,PAPOLA-201,PAPOLA,0.2906976744186046,0.5822784810126582,0.0003435061287758,0.0007551930194752,True,-0.2915808065940536,CT_enriched,0.0184815184815184,True,8008.0,25,46,25.4023,51.6099,-0.9947,Dominant,-0.278686067567564,0.868003553142229,flat,DIEr,Dominant Isoform Erosion,trial_failure_explanation,SR
OPC,PARP10-207,PARP10,0.3950617283950617,0.0166666666666666,2.868619145527156e-07,9.713807188237811e-07,True,0.3783950617283951,AD_enriched,0.0301,True,10000.0,32,1,50.7832,0.5226,5.0879,Minor,-0.412159015816883,0.941936444055061,flat,MIR,Minor Isoform Redistribution,new_target_candidate,SR
OPC,transcript71512.chr4.nnic,PCDH7,0.1733333333333333,0.7446808510638298,1.0487359980480772e-17,1.102692705194029e-16,True,-0.5713475177304964,CT_enriched,0.029040404040404,True,792.0,26,70,37.5689,78.4119,-1.0419,Dominant,0.0481390953034995,0.982915007463618,flat,DIEr,Dominant Isoform Erosion,trial_failure_explanation,SR
OPC,PCNT-205,PCNT,0.3029739776951672,0.6692307692307692,2.263824713597083e-13,1.5245466565096958e-12,True,-0.366256791535602,CT_enriched,0.0016,True,10000.0,163,87,143.3949,153.3584,-0.0963,Dominant,0.273168291973212,0.914980487893112,flat,DIEr,Dominant Isoform Erosion,trial_failure_explanation,SR
OPC,PCNT-209,PCNT,0.5594795539033457,0.3,2.263824713597083e-13,1.5245466565096958e-12,True,0.2594795539033457,AD_enriched,0.0209,True,10000.0,301,39,340.763,76.6086,2.1387,Minor,0.273168291973212,0.914980487893112,flat,MIR,Minor Isoform Redistribution,new_target_candidate,SR
OPC,PCYOX1L-201,PCYOX1L,0.7692307692307693,0.0380952380952381,2.683989827388709e-26,5.856344721114311e-25,True,0.7311355311355312,AD_enriched,0.0444444444444444,True,495.0,80,4,45.9153,7.0591,2.5414,Minor,0.234099864002294,0.939074601243364,flat,MIR,Minor Isoform Redistribution,new_target_candidate,SR
OPC,PDCD10-218,PDCD10,0.0149253731343283,0.9625,3.2227303973759463e-43,2.0783030251522208e-41,True,-0.9475746268656716,CT_enriched,0.0142857142857142,True,70.0,1,154,0.8186,307.2853,-7.4053,Dominant,-0.111581136370999,0.939792953176315,flat,DIEr,Dominant Isoform Erosion,trial_failure_explanation,SR
OPC,PDE1C-203,PDE1C,0.0,0.5416666666666666,2.5591970693262447e-06,7.720155816200377e-06,True,-0.5416666666666666,CT_enriched,0.0047619047619047,True,210.0,0,26,0.0,54.1811,-5.7861,Dominant,0.141597732725313,0.945600122639629,flat,DIEr,Dominant Isoform Erosion,trial_failure_explanation,SR
OPC,PDE1C-202,PDE1C,0.9375,0.4375,2.5591970693262447e-06,7.720155816200377e-06,True,0.5,AD_enriched,0.0,True,210.0,30,21,38.9384,26.962,0.5143,Minor,0.141597732725313,0.945600122639629,flat,MIR,Minor Isoform Redistribution,new_target_candidate,SR
OPC,PDS5A-201,PDS5A,0.6428571428571429,0.9940476190476192,1.1851395181063174e-13,8.22793033862329e-13,True,-0.3511904761904763,CT_enriched,0.0161616161616161,True,495.0,27,167,35.2584,133.5474,-1.8917,Dominant,0.138781831236435,0.92455651949858,flat,DIEr,Dominant Isoform Erosion,trial_failure_explanation,SR
OPC,PDS5A-202,PDS5A,0.238095238095238,0.0,1.1851395181063174e-13,8.22793033862329e-13,True,0.238095238095238,AD_enriched,0.0444444444444444,True,495.0,10,0,5.9694,0.0,2.801,Minor,0.138781831236435,0.92455651949858,flat,MIR,Minor Isoform Redistribution,new_target_candidate,SR
OPC,PHYHIP-202,PHYHIP,0.7254901960784313,0.9620253164556962,1.7095562136997325e-13,1.172844475687145e-12,True,-0.2365351203772648,CT_enriched,0.0261,True,10000.0,111,304,121.4889,465.3732,-1.9288,Dominant,0.433115061501839,0.914980487893112,flat,DIEr,Dominant Isoform Erosion,trial_failure_explanation,SR
OPC,PHYHIP-201,PHYHIP,0.2745098039215686,0.0379746835443038,1.7095562136997325e-13,1.172844475687145e-12,True,0.2365351203772648,AD_enriched,0.0261,True,10000.0,42,12,73.3576,6.2715,3.3542,Minor,0.433115061501839,0.914980487893112,flat,MIR,Minor Isoform Redistribution,new_target_candidate,SR
OPC,transcript42403.chr22.nic,PICK1,0.1318681318681318,0.5416666666666666,4.702170994578342e-09,1.97477572015432e-08,True,-0.4097985347985348,CT_enriched,0.0271062271062271,True,1365.0,12,26,14.9602,21.3324,-0.4847,Dominant,0.0840024421082629,0.988041175263178,flat,DIEr,Dominant Isoform Erosion,trial_failure_explanation,SR
OPC,PIK3CA-208,PIK3CA,0.391304347826087,0.9540229885057472,9.007450756132134e-11,4.538128835815183e-10,True,-0.5627186406796603,CT_enriched,0.0,True,7.0,18,83,16.9288,63.3155,-1.8429,Dominant,-0.184803789933254,0.90987577028389,flat,DIEr,Dominant Isoform Erosion,trial_failure_explanation,SR
OPC,PIK3IP1-201,PIK3IP1,0.904,0.6509433962264151,3.3940285839531466e-13,2.238516125143644e-12,True,0.2530566037735849,AD_enriched,0.0052,True,10000.0,339,138,320.7536,151.2154,1.0798,Dominant,-0.0074136837745386,0.999168261051987,flat,DIR,Dominant Isoform Redistribution,,SR
OPC,PIK3IP1-203,PIK3IP1,0.096,0.3443396226415094,3.3940285839531466e-13,2.238516125143644e-12,True,-0.2483396226415094,CT_enriched,0.005,True,10000.0,36,73,30.6009,66.1586,-1.0876,Minor,-0.0074136837745386,0.999168261051987,flat,MIEr,Minor Isoform Erosion,,SR
OPC,PLEKHB2-212,PLEKHB2,0.1818181818181818,0.6666666666666666,1.331619764478452e-11,7.503612731099936e-11,True,-0.4848484848484848,CT_enriched,0.0259740259740259,True,3003.0,34,42,56.5912,48.8967,0.2069,Dominant,0.0366747915324252,0.990542258072317,flat,DIEr,Dominant Isoform Erosion,trial_failure_explanation,SR
OPC,PLOD2-219,PLOD2,0.1914893617021276,0.6730769230769231,5.6671829754113176e-11,2.9298277618706856e-10,True,-0.4815875613747955,CT_enriched,0.0436507936507936,True,252.0,9,35,15.2513,64.8435,-2.0185,Dominant,0.0757445522403695,0.980501581077704,flat,DIEr,Dominant Isoform Erosion,trial_failure_explanation,SR
OPC,PLOD2-229,PLOD2,0.3829787234042553,0.0384615384615384,5.6671829754113176e-11,2.9298277618706856e-10,True,0.3445171849427169,AD_enriched,0.0158730158730158,True,252.0,18,2,21.7572,1.8529,2.9958,Minor,0.0757445522403695,0.980501581077704,flat,MIR,Minor Isoform Redistribution,new_target_candidate,SR
OPC,PMPCA-201,PMPCA,0.6413043478260869,0.0796178343949044,4.304374556743068e-39,2.4492735222879186e-37,True,0.5616865134311825,AD_enriched,0.0086,True,10000.0,59,25,80.6552,23.3341,1.7466,Minor,-0.0953534053003967,0.981449480143319,flat,MIR,Minor Isoform Redistribution,new_target_candidate,SR
OPC,PMPCB-207,PMPCB,0.0,0.25,8.562863232140884e-34,3.601366536184471e-32,True,-0.25,CT_enriched,0.0423576423576423,True,5005.0,0,28,0.0,31.4194,-5.0188,Minor,-0.0092610461854092,0.997895441424885,flat,MIEr,Minor Isoform Erosion,,SR
OPC,POMT2-202,POMT2,0.7073170731707317,0.1724137931034483,2.535057050468169e-07,8.634666150773035e-07,True,0.5349032800672834,AD_enriched,0.0277777777777777,True,252.0,29,10,25.8064,7.1687,1.7144,Minor,0.018709632670825,0.994750194222423,flat,MIR,Minor Isoform Redistribution,new_target_candidate,SR
OPC,POMT2-201,POMT2,0.2439024390243902,0.7931034482758621,2.535057050468169e-07,8.634666150773035e-07,True,-0.5492010092514719,CT_enriched,0.0198412698412698,True,252.0,10,46,8.2557,118.302,-3.6881,Dominant,0.018709632670825,0.994750194222423,flat,DIEr,Dominant Isoform Erosion,trial_failure_explanation,SR
OPC,PPM1B-207,PPM1B,0.5078125,0.0981132075471698,8.861904211884411e-32,2.9224143207827908e-30,True,0.4096992924528302,AD_enriched,0.0325,True,10000.0,260,26,168.8138,27.9551,2.5521,Minor,0.0903500539845422,0.949486957126441,flat,MIR,Minor Isoform Redistribution,new_target_candidate,SR
OPC,PPP4R3A-206,PPP4R3A,0.0,0.4090909090909091,4.9300672072334914e-08,1.8318892490898325e-07,True,-0.4090909090909091,CT_enriched,0.0317460317460317,True,126.0,0,27,0.0,36.7795,-5.2395,Minor,0.230058879429166,0.896395386344675,flat,MIEr,Minor Isoform Erosion,,SR
OPC,PRKCA-202,PRKCA,0.7547169811320755,1.0,0.0003345035301638,0.0007365168774926,True,-0.2452830188679244,CT_enriched,0.0439560439560439,True,3003.0,40,54,38.825,75.8634,-0.9486,Dominant,0.101639377781744,0.924772533405205,flat,DIEr,Dominant Isoform Erosion,trial_failure_explanation,SR
OPC,PRKCA-201,PRKCA,0.2452830188679245,0.0,0.0003345035301638,0.0007365168774926,True,0.2452830188679245,AD_enriched,0.0439560439560439,True,3003.0,13,0,10.2226,0.0,3.4883,Minor,0.101639377781744,0.924772533405205,flat,MIR,Minor Isoform Redistribution,new_target_candidate,SR
OPC,PRKRA-218,PRKRA,0.0,0.2857142857142857,0.0002221214692099,0.000509562453476,True,-0.2857142857142857,CT_enriched,0.0183150183150183,True,3003.0,0,10,0.0,6.2995,-2.8678,Minor,-0.113718644231743,0.956658832933299,flat,MIEr,Minor Isoform Erosion,,SR
OPC,PRORP-203,PRORP,0.7619047619047619,0.9814814814814816,0.0034450719575623,0.0064709377481203,True,-0.2195767195767197,CT_enriched,0.0046620046620046,True,1287.0,48,53,53.4335,215.9616,-1.9949,Dominant,-0.0099597149654051,0.995527218310204,flat,DIEr,Dominant Isoform Erosion,trial_failure_explanation,SR
OPC,PRUNE2-203,PRUNE2,0.3658536585365853,0.9734513274336284,2.9873887654680705e-16,2.700748348096056e-15,True,-0.607597668897043,CT_enriched,0.0389610389610389,True,462.0,15,110,31.9287,299.6737,-3.1908,Dominant,0.184172878744475,0.919883977426271,flat,DIEr,Dominant Isoform Erosion,trial_failure_explanation,SR
OPC,PRUNE2-213,PRUNE2,0.5365853658536586,0.0088495575221238,2.9873887654680705e-16,2.700748348096056e-15,True,0.5277358083315348,AD_enriched,0.0324675324675324,True,462.0,22,1,15.6346,1.09,2.9926,Minor,0.184172878744475,0.919883977426271,flat,MIR,Minor Isoform Redistribution,new_target_candidate,SR
OPC,PTGES2-213,PTGES2,0.0,0.3421052631578947,1.1185622494842104e-16,1.0539180675334997e-15,True,-0.3421052631578947,CT_enriched,0.0043290043290043,True,924.0,0,13,0.0,6.7941,-2.9624,Dominant,-0.073594366976016,0.98836121319695,flat,DIEr,Dominant Isoform Erosion,trial_failure_explanation,SR
OPC,transcript181955.chr1.nic,PTGFRN,0.032520325203252,0.2967032967032967,5.300019656988779e-18,5.717716373450347e-17,True,-0.2641829715000447,CT_enriched,0.0129870129870129,True,3003.0,4,27,4.0811,55.2992,-3.4699,Minor,0.21377508711894,0.920509877408739,flat,MIEr,Minor Isoform Erosion,,SR
OPC,PXK-211,PXK,0.2156862745098039,0.0,1.2884659754832754e-12,8.058466079423418e-12,True,0.2156862745098039,AD_enriched,0.0293040293040293,True,3003.0,11,0,12.1863,0.0,3.721,Minor,-0.0176432966237176,0.995347097963205,flat,MIR,Minor Isoform Redistribution,new_target_candidate,SR
OPC,PXK-202,PXK,0.0784313725490196,0.7974683544303798,1.2884659754832754e-12,8.058466079423418e-12,True,-0.7190369818813602,CT_enriched,0.0029970029970029,True,3003.0,4,63,5.6106,106.4146,-4.0223,Dominant,-0.0176432966237176,0.995347097963205,flat,DIEr,Dominant Isoform Erosion,trial_failure_explanation,SR
OPC,R3HDM1-202,R3HDM1,0.26,0.024390243902439,3.908858496906526e-06,1.1586830804926188e-05,True,0.235609756097561,AD_enriched,0.0083333333333333,True,120.0,13,1,13.4277,0.5226,3.2442,Minor,0.143817359454434,0.901813012403943,flat,MIR,Minor Isoform Redistribution,new_target_candidate,SR
OPC,RBMX-212,RBMX,0.1389578163771712,0.4046511627906977,5.867300293298121e-17,5.694617207742859e-16,True,-0.2656933464135265,CT_enriched,0.0233,True,10000.0,56,174,62.4237,193.2813,-1.6151,Minor,-0.10853053075175,0.910146605656941,flat,MIEr,Minor Isoform Erosion,,SR
OPC,RBMX-207,RBMX,0.7344913151364765,0.5302325581395348,5.867300293298121e-17,5.694617207742859e-16,True,0.2042587569969416,AD_enriched,0.0278,True,10000.0,296,228,292.2016,311.0452,-0.0899,Dominant,-0.10853053075175,0.910146605656941,flat,DIR,Dominant Isoform Redistribution,,SR
OPC,RGS12-201,RGS12,0.1382978723404255,0.4083333333333333,7.374484953263682e-06,2.091960443242542e-05,True,-0.2700354609929078,CT_enriched,0.0395,True,10000.0,13,49,13.3899,48.1821,-1.7731,Dominant,0.106454561908427,0.961914114593315,flat,DIEr,Dominant Isoform Erosion,trial_failure_explanation,SR
OPC,RIMS2-215,RIMS2,0.2436974789915966,0.03125,7.510158883865913e-05,0.0001846989922116,True,0.2124474789915966,AD_enriched,0.0459540459540459,True,1001.0,29,2,24.2183,1.5257,3.3197,Minor,0.0361101522791128,0.986419899796264,flat,MIR,Minor Isoform Redistribution,new_target_candidate,SR
OPC,RIPK1-214,RIPK1,0.8805970149253731,0.050632911392405,5.6601566568926424e-37,2.881714845316219e-35,True,0.8299641035329681,AD_enriched,0.0194250194250194,True,1287.0,59,8,89.623,49.8912,0.8325,Minor,0.367524842595867,0.876447847340743,flat,MIR,Minor Isoform Redistribution,new_target_candidate,SR
OPC,RIPK2-DT-212,RIPK2-DT,0.3181818181818182,0.064516129032258,3.7311133174981805e-09,1.5899692874272717e-08,True,0.2536656891495601,AD_enriched,0.0416666666666666,True,120.0,14,4,14.9732,4.1784,1.6251,Minor,0.112019983946347,0.949209850860631,flat,MIR,Minor Isoform Redistribution,new_target_candidate,SR
OPC,RIPK2-DT-210,RIPK2-DT,0.1363636363636363,0.7580645161290323,3.7311133174981805e-09,1.5899692874272717e-08,True,-0.621700879765396,CT_enriched,0.0416666666666666,True,120.0,6,47,5.9318,40.6513,-2.5871,Dominant,0.112019983946347,0.949209850860631,flat,DIEr,Dominant Isoform Erosion,trial_failure_explanation,SR
OPC,RNH1-202,RNH1,0.1421319796954314,0.6081081081081081,8.572418469002513e-12,4.9164344658192274e-11,True,-0.4659761284126767,CT_enriched,0.0074925074925074,True,2002.0,28,45,21.8966,24.653,-0.164,Dominant,-0.352079789911468,0.918174815125918,flat,DIEr,Dominant Isoform Erosion,trial_failure_explanation,SR
OPC,RNPS1-221,RNPS1,0.0413533834586466,0.2575757575757575,9.220908779353883e-10,4.174583038640401e-09,True,-0.2162223741171109,CT_enriched,0.0183,True,10000.0,22,17,18.0043,17.2233,0.0605,Minor,-0.101267839161111,0.968526143451986,flat,MIEr,Minor Isoform Erosion,,SR
OPC,RORA-204,RORA,0.3669724770642202,0.0446428571428571,3.521193878327296e-09,1.5071540759448106e-08,True,0.3223296199213631,AD_enriched,0.009,True,10000.0,40,5,40.6544,4.8828,2.8239,Minor,0.0075161303290811,0.997895441424885,flat,MIR,Minor Isoform Redistribution,new_target_candidate,SR
OPC,transcript222695.chr9.nic,RPL7A,0.0193548387096774,0.7989690721649485,1.2449316063563965e-45,9.507346109595429e-44,True,-0.7796142334552711,CT_enriched,0.0439560439560439,True,2002.0,3,155,1.7908,81.4874,-4.8854,Dominant,-0.293519993043678,0.942755312288754,flat,DIEr,Dominant Isoform Erosion,trial_failure_explanation,SR
OPC,transcript43910.chr14.nnic,RTRAF,0.65,0.0,9.079795180210192e-26,1.882111829497856e-24,True,0.65,AD_enriched,0.0182,True,10000.0,78,0,42.9072,0.0,5.4564,Minor,-0.143613175718413,0.951636006444718,flat,MIR,Minor Isoform Redistribution,new_target_candidate,SR
OPC,SAMHD1-225,SAMHD1,0.6528925619834711,0.2673267326732673,5.2702842343032956e-24,9.74163366111348e-23,True,0.3855658293102038,AD_enriched,0.0063270063270063,True,3003.0,158,54,165.5329,62.472,1.3916,Minor,0.356964514077578,0.905687519595108,flat,MIR,Minor Isoform Redistribution,new_target_candidate,SR
OPC,SCFD1-203,SCFD1,0.054054054054054,0.4875,5.6356320598852825e-14,4.088651059446772e-13,True,-0.433445945945946,CT_enriched,0.0402097902097902,True,1716.0,6,39,6.8579,43.1746,-2.491,Dominant,0.233916564832223,0.86204988634989,flat,DIEr,Dominant Isoform Erosion,trial_failure_explanation,SR
OPC,transcript164634.chr5.nnic,SEPTIN8,0.7475728155339806,0.2564102564102564,1.1693816553051078e-14,9.122434311009202e-14,True,0.4911625591237242,AD_enriched,0.0158,True,10000.0,154,20,169.2867,25.7093,2.6726,Minor,-0.0556169867263746,0.97341155147354,flat,MIR,Minor Isoform Redistribution,new_target_candidate,SR
OPC,SEPTIN8-207,SEPTIN8,0.1601941747572815,0.4743589743589743,1.1693816553051078e-14,9.122434311009202e-14,True,-0.3141647996016927,CT_enriched,0.0436,True,10000.0,33,37,32.7947,64.4021,-0.9525,Dominant,-0.0556169867263746,0.97341155147354,flat,DIEr,Dominant Isoform Erosion,trial_failure_explanation,SR
OPC,SERBP1-203,SERBP1,0.6230769230769231,0.0512820512820512,1.278716287915997e-15,1.0694048033234074e-14,True,0.5717948717948719,AD_enriched,0.0206043956043956,True,8008.0,81,4,57.3286,3.3785,3.7357,Minor,0.232662653421699,0.897567961084186,flat,MIR,Minor Isoform Redistribution,new_target_candidate,SR
OPC,SERBP1-204,SERBP1,0.2769230769230769,0.8589743589743589,1.278716287915997e-15,1.0694048033234074e-14,True,-0.582051282051282,CT_enriched,0.0168581418581418,True,8008.0,36,67,37.6156,137.8753,-1.8465,Dominant,0.232662653421699,0.897567961084186,flat,DIEr,Dominant Isoform Erosion,trial_failure_explanation,SR
OPC,SFSWAP-209,SFSWAP,0.056338028169014,0.5172413793103449,7.568204017667075e-07,2.437616876722514e-06,True,-0.4609033511413308,CT_enriched,0.0303030303030303,True,3003.0,4,30,4.0027,34.6218,-2.832,Dominant,0.104834667578909,0.949814669249896,flat,DIEr,Dominant Isoform Erosion,trial_failure_explanation,SR
OPC,SGMS1-202,SGMS1,0.5238095238095238,0.918032786885246,8.368833339341648e-19,9.872501768605473e-18,True,-0.3942232630757222,CT_enriched,0.0032,True,10000.0,55,224,73.8903,791.9335,-3.4043,Dominant,0.111831118563822,0.918174815125918,flat,DIEr,Dominant Isoform Erosion,trial_failure_explanation,SR
OPC,transcript102277.chr10.nic,SGMS1,0.4476190476190476,0.0491803278688524,8.368833339341648e-19,9.872501768605473e-18,True,0.3984387197501952,AD_enriched,0.0029,True,10000.0,47,12,37.1477,18.4898,0.9689,Minor,0.111831118563822,0.918174815125918,flat,MIR,Minor Isoform Redistribution,new_target_candidate,SR
OPC,transcript159022.chr10.nic,SHLD2,0.9572649572649572,0.1666666666666666,2.467616342230538e-28,6.510020568320928e-27,True,0.7905982905982906,AD_enriched,0.0142857142857142,True,210.0,112,12,86.716,16.8003,2.3009,Minor,0.4849063868335,0.259646950505856,flat,MIR,Minor Isoform Redistribution,new_target_candidate,SR
OPC,SHLD2-201,SHLD2,0.0,0.625,2.467616342230538e-28,6.510020568320928e-27,True,-0.625,CT_enriched,0.0142857142857142,True,210.0,0,45,0.0,51.5671,-5.7161,Dominant,0.4849063868335,0.259646950505856,flat,DIEr,Dominant Isoform Erosion,trial_failure_explanation,SR
OPC,SHPRH-204,SHPRH,0.1042128603104212,0.432348367029549,7.717070137228547e-34,3.293373167387829e-32,True,-0.3281355067191278,CT_enriched,0.0111,True,10000.0,47,278,70.0569,459.835,-2.6972,Minor,0.0595031138493971,0.972766939124617,flat,MIEr,Minor Isoform Erosion,,SR
OPC,SLAIN2-201,SLAIN2,0.0363636363636363,0.5333333333333333,2.974413866887323e-09,1.2825778665240732e-08,True,-0.496969696969697,CT_enriched,0.0476190476190476,True,84.0,2,16,2.0833,19.7451,-2.7502,Dominant,0.195637202449818,0.884421455567624,flat,DIEr,Dominant Isoform Erosion,trial_failure_explanation,SR
OPC,SLC25A3-204,SLC25A3,0.1041666666666666,0.5277777777777778,2.196464943008125e-17,2.2209551444632675e-16,True,-0.4236111111111111,CT_enriched,0.0248,True,10000.0,20,76,21.3385,63.3039,-1.5254,Dominant,-0.327839662965282,0.918038422647648,flat,DIEr,Dominant Isoform Erosion,trial_failure_explanation,SR
OPC,SLC25A36-201,SLC25A36,0.0338983050847457,0.7525773195876289,2.507123924474213e-48,2.1399040084776967e-46,True,-0.7186790145028832,CT_enriched,0.0119880119880119,True,1001.0,8,73,6.4582,69.4687,-3.2401,Dominant,0.173008258580885,0.901813012403943,flat,DIEr,Dominant Isoform Erosion,trial_failure_explanation,SR
OPC,SLC25A36-208,SLC25A36,0.8728813559322034,0.0515463917525773,2.507123924474213e-48,2.1399040084776967e-46,True,0.8213349641796261,AD_enriched,0.0119880119880119,True,1001.0,206,5,149.8847,14.6247,3.2715,Minor,0.173008258580885,0.901813012403943,flat,MIR,Minor Isoform Redistribution,new_target_candidate,SR
OPC,SLC44A2-203,SLC44A2,0.1189189189189189,0.6845238095238095,1.891776679759108e-37,9.981701681201691e-36,True,-0.5656048906048906,CT_enriched,0.0255,True,10000.0,22,115,43.0351,108.3268,-1.3119,Dominant,0.127895563054441,0.934141627846007,flat,DIEr,Dominant Isoform Erosion,trial_failure_explanation,SR
OPC,SLC44A2-201,SLC44A2,0.7243243243243244,0.0595238095238095,1.891776679759108e-37,9.981701681201691e-36,True,0.6648005148005148,AD_enriched,0.043,True,10000.0,134,10,235.0004,18.8391,3.5724,Minor,0.127895563054441,0.934141627846007,flat,MIR,Minor Isoform Redistribution,new_target_candidate,SR
OPC,transcript50057.chr2.nnic,SLC8A1,0.6921119592875318,0.4,4.5059398968244335e-11,2.3731828639899286e-10,True,0.2921119592875317,AD_enriched,0.0413,True,10000.0,272,82,358.5224,130.1318,1.4551,Minor,-0.0915121621108278,0.955133221453337,flat,MIR,Minor Isoform Redistribution,new_target_candidate,SR
OPC,SMAD1-201,SMAD1,0.4918032786885246,0.8288288288288288,1.0128630305894536e-05,2.7993604902577085e-05,True,-0.3370255501403042,CT_enriched,0.0435120435120435,True,1287.0,30,92,33.8053,85.6882,-1.3165,Dominant,0.238834040973187,0.884421455567624,flat,DIEr,Dominant Isoform Erosion,trial_failure_explanation,SR
OPC,transcript49719.chr18.nic,SMAD2,0.5352112676056338,0.0263157894736842,2.601151595172653e-09,1.1334147040827391e-08,True,0.5088954781319496,AD_enriched,0.0163170163170163,True,1287.0,38,1,48.8425,1.5959,4.2631,Minor,0.193206856228047,0.896395386344675,flat,MIR,Minor Isoform Redistribution,new_target_candidate,SR
OPC,SMARCA4-235,SMARCA4,0.00836820083682,0.7096774193548387,4.7865088990388935e-36,2.2771227581985033e-34,True,-0.7013092185180188,CT_enriched,0.0083333333333333,True,120.0,2,22,1.6415,44.9486,-4.1206,Dominant,0.424255027814176,0.690349173461557,flat,DIEr,Dominant Isoform Erosion,trial_failure_explanation,SR
OPC,SNRPN-202,SNRPN,0.6062992125984252,0.9555555555555556,1.581261653719519e-08,6.184395308752081e-08,True,-0.3492563429571304,CT_enriched,0.0429570429570429,True,2002.0,77,86,74.674,159.9551,-1.0888,Dominant,-0.67467302466722,0.807598633653669,down,DIDe,Dominant Isoform Depletion,trial_failure_explanation,SR
OPC,SNRPN-208,SNRPN,0.3858267716535433,0.0333333333333333,1.581261653719519e-08,6.184395308752081e-08,True,0.3524934383202099,AD_enriched,0.0404595404595404,True,2002.0,49,3,77.3551,11.9642,2.5955,Minor,-0.67467302466722,0.807598633653669,down,MIC,Minor Isoform Concentration,new_target_candidate,SR
OPC,SNX22-204,SNX22,0.5,0.119047619047619,4.49575817575921e-06,1.308594807026402e-05,True,0.380952380952381,AD_enriched,0.0428571428571428,True,70.0,15,5,9.3457,2.8533,1.4249,Minor,-0.0564919319114246,0.990682232089446,flat,MIR,Minor Isoform Redistribution,new_target_candidate,SR
OPC,SOD2-206,SOD2,0.5714285714285714,0.0396825396825396,1.1677929957853442e-13,8.126943102563718e-13,True,0.5317460317460319,AD_enriched,0.0436507936507936,True,252.0,20,5,11.8631,4.2284,1.2988,Minor,-0.0925551620257903,0.962880496696221,flat,MIR,Minor Isoform Redistribution,new_target_candidate,SR
OPC,SOD2-210,SOD2,0.4285714285714285,0.9603174603174603,1.1677929957853442e-13,8.126943102563718e-13,True,-0.5317460317460319,CT_enriched,0.0436507936507936,True,252.0,15,121,12.2999,93.6146,-2.8306,Dominant,-0.0925551620257903,0.962880496696221,flat,DIEr,Dominant Isoform Erosion,trial_failure_explanation,SR
OPC,SPAG9-201,SPAG9,0.0064655172413793,0.2670940170940171,9.4446722247669e-33,3.402624713945728e-31,True,-0.2606284998526378,CT_enriched,0.0029,True,10000.0,3,125,4.9427,175.4908,-4.8923,Minor,0.205421988821634,0.86204988634989,flat,MIEr,Minor Isoform Erosion,,SR
OPC,SPART-209,SPART,0.2673267326732673,0.0063694267515923,1.7505525295438218e-13,1.195318456643805e-12,True,0.260957305921675,AD_enriched,0.0157,True,10000.0,27,1,17.1042,0.5226,3.5717,Minor,-0.218064594507249,0.906599772100727,flat,MIR,Minor Isoform Redistribution,new_target_candidate,SR
OPC,SPPL2B-212,SPPL2B,0.6993464052287581,0.3918918918918919,4.794363376828586e-06,1.3913242519556556e-05,True,0.3074545133368662,AD_enriched,0.0191,True,10000.0,107,29,122.9785,47.482,1.3546,Minor,0.164999762146147,0.945600122639629,flat,MIR,Minor Isoform Redistribution,new_target_candidate,SR
OPC,SPSB3-208,SPSB3,0.3049645390070922,0.05,3.1199121046415763e-22,5.0022016174971575e-21,True,0.2549645390070922,AD_enriched,0.0004995004995004,True,2002.0,129,5,80.8805,13.0094,2.5471,Minor,-0.272501298507442,0.945568520576479,flat,MIR,Minor Isoform Redistribution,new_target_candidate,SR
OPC,SPSB3-209,SPSB3,0.2529550827423167,0.75,3.1199121046415763e-22,5.0022016174971575e-21,True,-0.4970449172576833,CT_enriched,0.0054945054945054,True,2002.0,107,75,84.1517,140.8244,-0.736,Dominant,-0.272501298507442,0.945568520576479,flat,DIEr,Dominant Isoform Erosion,trial_failure_explanation,SR
OPC,STARD7-204,STARD7,0.6140350877192983,0.0,5.6738911170617686e-11,2.9298277618706856e-10,True,0.6140350877192983,AD_enriched,0.0,True,21.0,35,0,35.8977,0.0,5.2055,Minor,-0.0368794890321054,0.988556902165478,flat,MIR,Minor Isoform Redistribution,new_target_candidate,SR
OPC,transcript347372.chr2.nic,STAT1,0.0,0.2727272727272727,7.530036394012347e-28,1.916856632931915e-26,True,-0.2727272727272727,CT_enriched,0.0181068931068931,True,8008.0,0,27,0.0,20.3564,-4.4166,Minor,-0.299434951335092,0.905510837477365,flat,MIEr,Minor Isoform Erosion,,SR
OPC,STAU2-229,STAU2,0.003731343283582,0.2808988764044944,6.72525923097934e-23,1.134691993505933e-21,True,-0.2771675331209124,CT_enriched,0.0,True,10000.0,1,25,1.5301,39.8505,-4.0131,Minor,0.111805233985873,0.934329416507915,flat,MIEr,Minor Isoform Erosion,,SR
OPC,STAU2-201,STAU2,0.9440298507462688,0.5617977528089888,6.72525923097934e-23,1.134691993505933e-21,True,0.3822320979372799,AD_enriched,0.0202,True,10000.0,253,50,237.4323,85.7594,1.4585,Dominant,0.111805233985873,0.934329416507915,flat,DIR,Dominant Isoform Redistribution,,SR
OPC,transcript47762.chr3.nic,STT3B,0.0763888888888889,0.431578947368421,2.70130466143222e-10,1.289339823598076e-09,True,-0.3551900584795321,CT_enriched,0.0337995337995338,True,3432.0,11,41,7.4682,41.4168,-2.3245,Minor,-0.0022356193129721,0.999168261051987,flat,MIEr,Minor Isoform Erosion,,SR
OPC,SUGP2-215,SUGP2,0.2278481012658227,0.0059523809523809,2.4272988790388206e-10,1.168162744107903e-09,True,0.2218957203134418,AD_enriched,0.0447,True,10000.0,36,1,52.476,1.09,4.6773,Minor,0.163393925048503,0.901813012403943,flat,MIR,Minor Isoform Redistribution,new_target_candidate,SR
OPC,SUPT16H-201,SUPT16H,0.7256637168141593,1.0,7.355575429840969e-07,2.371764433044277e-06,True,-0.2743362831858407,CT_enriched,0.0314,True,10000.0,82,87,86.7637,103.2565,-0.2484,Dominant,0.176080805030755,0.905687519595108,flat,DIEr,Dominant Isoform Erosion,trial_failure_explanation,SR
OPC,SUPT16H-207,SUPT16H,0.2654867256637168,0.0,7.355575429840969e-07,2.371764433044277e-06,True,0.2654867256637168,AD_enriched,0.0389,True,10000.0,30,0,15.8841,0.0,4.0776,Minor,0.176080805030755,0.905687519595108,flat,MIR,Minor Isoform Redistribution,new_target_candidate,SR
OPC,SUPT20H-222,SUPT20H,0.3134328358208955,0.0,2.27431983473888e-08,8.765041381689543e-08,True,0.3134328358208955,AD_enriched,0.0016483516483516,True,1820.0,21,0,28.414,0.0,4.8784,Minor,0.0310793481111178,0.985796500763378,flat,MIR,Minor Isoform Redistribution,new_target_candidate,SR
OPC,SYT14-208,SYT14,0.8032786885245902,0.0166666666666666,8.894500138049149e-28,2.225158569018848e-26,True,0.7866120218579236,AD_enriched,0.0396825396825396,True,126.0,98,1,51.8881,0.5226,5.1183,Minor,0.178997405422757,0.902931346886702,flat,MIR,Minor Isoform Redistribution,new_target_candidate,SR
OPC,TARS2-213,TARS2,0.3666666666666666,0.064516129032258,0.0114462703432968,0.0195855404105232,True,0.3021505376344086,AD_enriched,0.0317460317460317,True,252.0,11,2,20.3534,6.3602,1.5367,Minor,0.226801497259538,0.918038422647648,flat,MIR,Minor Isoform Redistribution,new_target_candidate,SR
OPC,TBL1XR1-214,TBL1XR1,0.4444444444444444,0.0185185185185185,1.1612193277078509e-05,3.19115387216684e-05,True,0.4259259259259259,AD_enriched,0.0454545454545454,True,330.0,16,1,18.6258,4.7643,1.7675,Minor,0.10189781122861,0.92650304146581,flat,MIR,Minor Isoform Redistribution,new_target_candidate,SR
OPC,TBL3-206,TBL3,0.0,0.2631578947368421,5.575937167876055e-09,2.3116242373109018e-08,True,-0.2631578947368421,CT_enriched,0.0406260406260406,True,3003.0,0,15,0.0,22.9651,-4.5829,Minor,-0.331924410355321,0.945600122639629,flat,MIEr,Minor Isoform Erosion,,SR
OPC,TBL3-205,TBL3,0.9924242424242424,0.7368421052631579,5.575937167876055e-09,2.3116242373109018e-08,True,0.2555821371610846,AD_enriched,0.0489510489510489,True,3003.0,131,42,125.4707,103.5917,0.274,Dominant,-0.331924410355321,0.945600122639629,flat,DIR,Dominant Isoform Redistribution,,SR
OPC,TGS1-203,TGS1,0.4933333333333333,0.0,4.052817054284618e-12,2.3953717090700528e-11,True,0.4933333333333333,AD_enriched,0.0002913752913752,True,3432.0,37,0,26.5065,0.0,4.7817,Minor,-0.0994308392768692,0.944713485943154,flat,MIR,Minor Isoform Redistribution,new_target_candidate,SR
OPC,TGS1-201,TGS1,0.5066666666666667,1.0,4.052817054284618e-12,2.3953717090700528e-11,True,-0.4933333333333333,CT_enriched,0.0002913752913752,True,3432.0,38,78,35.8293,140.5548,-1.9424,Dominant,-0.0994308392768692,0.944713485943154,flat,DIEr,Dominant Isoform Erosion,trial_failure_explanation,SR
OPC,transcript43436.chr3.nic,THRB,0.8108108108108109,0.1372549019607843,1.016686914839177e-09,4.588530990456131e-09,True,0.6735559088500266,AD_enriched,0.0476190476190476,True,21.0,30,7,20.9602,7.006,1.4557,Minor,-0.029530979961219,0.988708524276194,flat,MIR,Minor Isoform Redistribution,new_target_candidate,SR
OPC,TIAM1-208,TIAM1,0.8106995884773662,0.1585365853658536,1.007009122099152e-32,3.563829844306999e-31,True,0.6521630031115127,AD_enriched,0.0403346653346653,True,8008.0,197,13,160.3645,19.7499,2.9592,Minor,0.347201087838162,0.86204988634989,flat,MIR,Minor Isoform Redistribution,new_target_candidate,SR
OPC,TIAM1-207,TIAM1,0.0658436213991769,0.6829268292682927,1.007009122099152e-32,3.563829844306999e-31,True,-0.6170832078691159,CT_enriched,0.047077922077922,True,8008.0,16,56,20.0531,65.1655,-1.652,Dominant,0.347201087838162,0.86204988634989,flat,DIEr,Dominant Isoform Erosion,trial_failure_explanation,SR
OPC,TM9SF2-207,TM9SF2,0.9285714285714286,0.1785714285714285,4.934626940092614e-15,3.944982749352277e-14,True,0.7500000000000001,AD_enriched,0.0238095238095238,True,252.0,39,15,87.1684,23.6021,1.8415,Minor,-0.112472194213491,0.939074601243364,flat,MIR,Minor Isoform Redistribution,new_target_candidate,SR
OPC,TM9SF2-201,TM9SF2,0.0714285714285714,0.8214285714285714,4.934626940092614e-15,3.944982749352277e-14,True,-0.75,CT_enriched,0.0238095238095238,True,252.0,3,69,3.4743,53.5789,-3.6086,Dominant,-0.112472194213491,0.939074601243364,flat,DIEr,Dominant Isoform Erosion,trial_failure_explanation,SR
OPC,transcript8744.chr4.nnic,TMEM129,0.0,0.2028985507246377,6.525904154038541e-18,6.988256035062673e-17,True,-0.2028985507246377,CT_enriched,0.0124,True,10000.0,0,14,0.0,8.1244,-3.1897,Minor,-0.275762191210407,0.93651334986286,flat,MIEr,Minor Isoform Erosion,,SR
OPC,TMEM130-203,TMEM130,0.2407407407407407,0.0163934426229508,6.665506615943525e-05,0.0001651861673737,True,0.2243472981177899,AD_enriched,0.0239760239760239,True,3003.0,13,1,9.9821,2.4395,1.6749,Minor,0.282633383969877,0.896395386344675,flat,MIR,Minor Isoform Redistribution,new_target_candidate,SR
OPC,TMEM94-216,TMEM94,0.1111111111111111,0.8181818181818182,1.9007912427156392e-26,4.2760435553184385e-25,True,-0.7070707070707072,CT_enriched,0.0428571428571428,True,210.0,19,63,12.88,70.1456,-2.3578,Dominant,0.141850122775375,0.941936444055061,flat,DIEr,Dominant Isoform Erosion,trial_failure_explanation,SR
OPC,TMUB2-202,TMUB2,0.6111111111111112,0.0793650793650793,2.246865502512205e-08,8.670749585492579e-08,True,0.5317460317460319,AD_enriched,0.0317460317460317,True,126.0,22,5,75.9871,3.6864,4.0381,Minor,-0.444483092107084,0.884964806703549,flat,MIR,Minor Isoform Redistribution,new_target_candidate,SR
OPC,TMUB2-201,TMUB2,0.25,0.7936507936507936,2.246865502512205e-08,8.670749585492579e-08,True,-0.5436507936507936,CT_enriched,0.0317460317460317,True,126.0,9,50,9.7046,59.3135,-2.4942,Dominant,-0.444483092107084,0.884964806703549,flat,DIEr,Dominant Isoform Erosion,trial_failure_explanation,SR
OPC,transcript58754.chr20.nic,TOMM34,0.073170731707317,0.8705882352941177,5.4496169945030265e-17,5.306976012767712e-16,True,-0.7974175035868006,CT_enriched,0.0158730158730158,True,126.0,3,74,3.1969,47.7771,-3.5388,Dominant,0.0749712043285887,0.98631634143273,flat,DIEr,Dominant Isoform Erosion,trial_failure_explanation,SR
OPC,transcript103408.chr11.nic,TPCN2,0.7569444444444444,0.1844660194174757,3.022237011551589e-18,3.373281464431812e-17,True,0.5724784250269688,AD_enriched,0.0345,True,10000.0,109,19,179.913,56.6808,1.6491,Minor,0.39357272921868,0.86204988634989,flat,MIR,Minor Isoform Redistribution,new_target_candidate,SR
OPC,TPCN2-201,TPCN2,0.2430555555555555,0.7669902912621359,3.022237011551589e-18,3.373281464431812e-17,True,-0.5239347357065804,CT_enriched,0.037,True,10000.0,35,79,38.0115,96.7882,-1.3258,Dominant,0.39357272921868,0.86204988634989,flat,DIEr,Dominant Isoform Erosion,trial_failure_explanation,SR
OPC,TSC2-225,TSC2,0.0,0.2100313479623824,7.444570859168438e-59,9.820065742412185e-57,True,-0.2100313479623824,CT_enriched,0.0174,True,10000.0,0,67,0.0,58.1371,-5.886,Minor,-0.0450688127029744,0.989010193543571,flat,MIEr,Minor Isoform Erosion,,SR
OPC,TTC17-208,TTC17,0.26,0.0,6.653255639110174e-11,3.39327730486779e-10,True,0.26,AD_enriched,0.0186480186480186,True,1716.0,13,0,22.1019,0.0,4.5299,Minor,0.173433811460203,0.905687519595108,flat,MIR,Minor Isoform Redistribution,new_target_candidate,SR
OPC,TTC21B-220,TTC21B,0.5371900826446281,0.0,7.170234263138905e-32,2.419537189724314e-30,True,0.5371900826446281,AD_enriched,0.0484848484848484,True,330.0,65,0,111.4305,0.0,6.8129,Minor,0.0141064619156299,0.994970665489847,flat,MIR,Minor Isoform Redistribution,new_target_candidate,SR
OPC,transcript149302.chr4.nic,UBE2D3,0.25,0.043859649122807,1.220441009734385e-13,8.452791909902595e-13,True,0.206140350877193,AD_enriched,0.0449550449550449,True,5005.0,25,5,24.7267,5.0615,2.0855,Minor,-0.0010309037314987,0.999693074562841,flat,MIR,Minor Isoform Redistribution,new_target_candidate,SR
OPC,UGP2-202,UGP2,0.6976744186046512,0.96,8.553820787735231e-05,0.0002085982178656,True,-0.2623255813953488,CT_enriched,0.0246420246420246,True,3003.0,30,48,45.9655,83.9453,-0.8549,Dominant,-0.199426764077624,0.909798984947495,flat,DIEr,Dominant Isoform Erosion,trial_failure_explanation,SR
OPC,UGP2-211,UGP2,0.3023255813953488,0.0,8.553820787735231e-05,0.0002085982178656,True,0.3023255813953488,AD_enriched,0.0049950049950049,True,3003.0,13,0,16.5274,0.0,4.1315,Minor,-0.199426764077624,0.909798984947495,flat,MIR,Minor Isoform Redistribution,new_target_candidate,SR
OPC,UTY-205,UTY,0.0,0.8157894736842105,4.0183753298352046e-10,1.886945826404816e-09,True,-0.8157894736842105,CT_enriched,0.05,True,20.0,0,31,0.0,23.6479,-4.6234,Dominant,0.0438282323834774,0.982915007463618,flat,DIEr,Dominant Isoform Erosion,trial_failure_explanation,SR
OPC,VEZT-213,VEZT,0.2045454545454545,0.0,9.472301743712984e-07,3.0174115982716884e-06,True,0.2045454545454545,AD_enriched,0.0369852369852369,True,6435.0,18,0,11.6966,0.0,3.6664,Minor,0.0045216960534297,0.997918456544355,flat,MIR,Minor Isoform Redistribution,new_target_candidate,SR
OPC,VLDLR-224,VLDLR,0.0,0.8048780487804879,1.1482072793398408e-25,2.3301381291218307e-24,True,-0.8048780487804879,CT_enriched,0.0285714285714285,True,35.0,0,33,0.0,35.9712,-5.2083,Dominant,0.127521218286673,0.965602204230473,flat,DIEr,Dominant Isoform Erosion,trial_failure_explanation,SR
OPC,VPS45-227,VPS45,0.2650602409638554,0.0,0.000167350676217,0.0003891439602419,True,0.2650602409638554,AD_enriched,0.0472860472860472,True,3003.0,22,0,27.8136,0.0,4.8487,Minor,0.288286680780087,0.819372396845981,flat,MIR,Minor Isoform Redistribution,new_target_candidate,SR
OPC,WAC-203,WAC,0.7164179104477612,0.0303030303030303,6.2376111449024034e-30,1.8284391457077547e-28,True,0.6861148801447309,AD_enriched,0.0205627705627705,True,924.0,48,5,59.987,15.8185,1.8585,Minor,0.074633654376679,0.951560959429468,flat,MIR,Minor Isoform Redistribution,new_target_candidate,SR
OPC,WARS1-202,WARS1,0.0681818181818181,0.6846153846153846,1.0595674650668789e-22,1.757065590642333e-21,True,-0.6164335664335665,CT_enriched,0.0285714285714285,True,35.0,6,89,7.738,83.9283,-3.2809,Dominant,-0.128355509818339,0.965602204230473,flat,DIEr,Dominant Isoform Erosion,trial_failure_explanation,SR
OPC,WARS1-204,WARS1,0.9318181818181818,0.2384615384615384,1.0595674650668789e-22,1.757065590642333e-21,True,0.6933566433566434,AD_enriched,0.0285714285714285,True,35.0,82,31,45.8668,30.2822,0.5832,Minor,-0.128355509818339,0.965602204230473,flat,MIR,Minor Isoform Redistribution,new_target_candidate,SR
OPC,WDFY3-212,WDFY3,0.0203252032520325,0.2711864406779661,6.811719670536493e-49,5.990184995120274e-47,True,-0.2508612374259336,CT_enriched,0.0271950271950271,True,6435.0,10,32,16.9074,42.8436,-1.2918,Minor,0.106863210411173,0.923438087792159,flat,MIEr,Minor Isoform Erosion,,SR
OPC,XPO1-255,XPO1,0.2,0.0,0.0003402666553452,0.0007486382364001,True,0.2,AD_enriched,0.029040404040404,True,792.0,10,0,11.686,0.0,3.6652,Minor,-0.11381313682709,0.951560959429468,flat,MIR,Minor Isoform Redistribution,new_target_candidate,SR
OPC,YARS1-203,YARS1,0.2777777777777778,0.0,3.537633774191508e-06,1.0540259971975107e-05,True,0.2777777777777778,AD_enriched,0.0334,True,10000.0,15,0,16.7155,0.0,4.1469,Minor,0.315545115615926,0.898532366592173,flat,MIR,Minor Isoform Redistribution,new_target_candidate,SR
OPC,YTHDC2-202,YTHDC2,0.4431818181818182,0.0757575757575757,7.717391567697083e-16,6.587020685134393e-15,True,0.3674242424242425,AD_enriched,0.0161088911088911,True,8008.0,39,15,40.9641,46.2304,-0.1706,Minor,0.114829702783023,0.919883977426271,flat,MIR,Minor Isoform Redistribution,new_target_candidate,SR
OPC,YTHDC2-201,YTHDC2,0.4886363636363636,0.8737373737373737,7.717391567697083e-16,6.587020685134393e-15,True,-0.3851010101010101,CT_enriched,0.0248501498501498,True,8008.0,43,173,52.8793,137.3141,-1.3601,Dominant,0.114829702783023,0.919883977426271,flat,DIEr,Dominant Isoform Erosion,trial_failure_explanation,SR
OPC,ZC3H13-206,ZC3H13,0.24,0.5944055944055944,7.35687630908285e-10,3.367453477753696e-09,True,-0.3544055944055944,CT_enriched,0.0260989010989011,True,8008.0,30,85,38.3401,97.7315,-1.3275,Dominant,0.0902421000378756,0.969331900405304,flat,DIEr,Dominant Isoform Erosion,trial_failure_explanation,SR
OPC,transcript205194.chr7.nic,ZC3HAV1,0.26875,0.0666666666666666,3.3292926176704066e-15,2.6987729543238882e-14,True,0.2020833333333334,AD_enriched,0.043,True,10000.0,43,9,60.2577,5.9047,3.1492,Minor,-0.0276695340818632,0.993328848949866,flat,MIR,Minor Isoform Redistribution,new_target_candidate,SR
OPC,ZDHHC14-209,ZDHHC14,0.0046082949308755,0.3545454545454545,3.253715387902797e-22,5.1597169703245456e-21,True,-0.349937159614579,CT_enriched,0.0456,True,10000.0,1,39,1.5301,20.3824,-3.0792,Dominant,0.268876878406693,0.731438485829044,flat,DIEr,Dominant Isoform Erosion,trial_failure_explanation,SR
OPC,ZEB1-204,ZEB1,0.0841121495327102,0.4642857142857143,2.7151225558934505e-19,3.367216092821707e-18,True,-0.3801735647530041,CT_enriched,0.0414585414585414,True,2002.0,18,26,23.1986,21.8376,0.0835,Dominant,0.0337903793015439,0.987847629276846,flat,DIEr,Dominant Isoform Erosion,trial_failure_explanation,SR
OPC,transcript52114.chr6.nic,ZFAND3,0.8901098901098901,0.0,1.2035137225729635e-20,1.7376103596550951e-19,True,0.8901098901098901,AD_enriched,0.0357142857142857,True,252.0,81,0,59.0965,0.0,5.9092,Minor,0.184995333446972,0.884964806703549,flat,MIR,Minor Isoform Redistribution,new_target_candidate,SR
OPC,ZFHX4-204,ZFHX4,0.4892086330935252,0.0401606425702811,8.311175632961758e-27,1.9450832005528244e-25,True,0.449047990523244,AD_enriched,0.0224358974358974,True,3432.0,68,10,96.214,31.7494,1.5697,Minor,-0.0980400268348003,0.961285777690498,flat,MIR,Minor Isoform Redistribution,new_target_candidate,SR
OPC,ZGRF1-205,ZGRF1,0.0,0.2258064516129032,2.443986473652167e-12,1.491519204070422e-11,True,-0.2258064516129032,CT_enriched,0.0233100233100233,True,1287.0,0,7,0.0,6.9398,-2.9891,Minor,0.321772737588733,0.896395386344675,flat,MIEr,Minor Isoform Erosion,,SR
OPC,ZGRF1-201,ZGRF1,0.9893617021276596,0.7096774193548387,2.443986473652167e-12,1.491519204070422e-11,True,0.2796842827728208,AD_enriched,0.0357420357420357,True,1287.0,186,22,180.0126,38.4417,2.1983,Dominant,0.321772737588733,0.896395386344675,flat,DIR,Dominant Isoform Redistribution,,SR
OPC,ZHX1-201,ZHX1,0.2078431372549019,0.605080831408776,1.6880459879398448e-30,5.156536270527816e-29,True,-0.3972376941538741,CT_enriched,0.0091,True,10000.0,53,262,69.8289,311.8886,-2.1432,Dominant,0.0121747335384611,0.996370331293714,flat,DIEr,Dominant Isoform Erosion,trial_failure_explanation,SR
OPC,ZHX1-202,ZHX1,0.7450980392156863,0.279445727482679,1.6880459879398448e-30,5.156536270527816e-29,True,0.4656523117330073,AD_enriched,0.0018,True,10000.0,190,121,212.7888,112.0449,0.9193,Minor,0.0121747335384611,0.996370331293714,flat,MIR,Minor Isoform Redistribution,new_target_candidate,SR
OPC,ZNF160-213,ZNF160,0.6732673267326733,0.2298850574712643,2.946391766964824e-15,2.4085715233047652e-14,True,0.443382269261409,AD_enriched,0.0329254079254079,True,3432.0,68,60,72.0477,56.6212,0.3422,Minor,-0.0040712115038748,0.999168261051987,flat,MIR,Minor Isoform Redistribution,new_target_candidate,SR
OPC,ZNF160-202,ZNF160,0.2871287128712871,0.7509578544061303,2.946391766964824e-15,2.4085715233047652e-14,True,-0.4638291415348431,CT_enriched,0.0332167832167832,True,3432.0,29,196,28.3314,151.5281,-2.3786,Dominant,-0.0040712115038748,0.999168261051987,flat,DIEr,Dominant Isoform Erosion,trial_failure_explanation,SR
OPC,ZNF207-201,ZNF207,0.1748251748251748,0.4765625,7.209486686154853e-07,2.3324337082744016e-06,True,-0.3017373251748252,CT_enriched,0.0325,True,10000.0,25,61,40.9741,77.919,-0.9109,Dominant,0.11740049070109,0.90987577028389,flat,DIEr,Dominant Isoform Erosion,trial_failure_explanation,SR
OPC,ZNF23-206,ZNF23,0.2072072072072072,0.0,2.838016832888734e-09,1.2255840549171293e-08,True,0.2072072072072072,AD_enriched,0.0424575424575424,True,2002.0,23,0,38.9265,0.0,5.3193,Minor,0.0878052516380781,0.978804947809857,flat,MIR,Minor Isoform Redistribution,new_target_candidate,SR
OPC,ZNF512-201,ZNF512,0.131578947368421,0.6923076923076923,9.063357531173668e-12,5.187744291018932e-11,True,-0.5607287449392713,CT_enriched,0.0303030303030303,True,330.0,10,45,11.4504,52.0293,-2.0906,Dominant,-0.0139375508381185,0.995067157422381,flat,DIEr,Dominant Isoform Erosion,trial_failure_explanation,SR
OPC,ZNF558-201,ZNF558,0.9209302325581395,0.0,5.071949260809241e-41,3.0038360724221284e-39,True,0.9209302325581395,AD_enriched,0.0079365079365079,True,126.0,198,0,107.2049,0.0,6.7576,Minor,-0.249208680873621,0.918174815125918,flat,MIR,Minor Isoform Redistribution,new_target_candidate,SR
OPC,ZNF568-204,ZNF568,0.1739130434782608,0.5441176470588235,8.150065037612548e-08,2.949063433809428e-07,True,-0.3702046035805627,CT_enriched,0.0372,True,10000.0,8,37,12.582,120.3687,-3.1596,Dominant,-0.159555230440178,0.910146605656941,flat,DIEr,Dominant Isoform Erosion,trial_failure_explanation,SR
OPC,ZNF577-214,ZNF577,0.0185185185185185,0.4705882352941176,1.2814469873068213e-08,5.038969047648232e-08,True,-0.4520697167755991,CT_enriched,0.0086580086580086,True,924.0,1,32,1.7143,69.9785,-4.7087,Minor,0.279638683677269,0.868003553142229,flat,MIEr,Minor Isoform Erosion,,SR
OPC,ZNF585A-202,ZNF585A,0.2307692307692307,0.0155440414507772,1.2338787585682183e-09,5.517282214738013e-09,True,0.2152251893184535,AD_enriched,0.0194805194805194,True,462.0,30,3,36.7385,2.1353,3.5894,Minor,-0.138352764545083,0.94138783614133,flat,MIR,Minor Isoform Redistribution,new_target_candidate,SR
OPC,ZNF585A-201,ZNF585A,0.7692307692307693,0.9844559585492229,1.2338787585682183e-09,5.517282214738013e-09,True,-0.2152251893184535,CT_enriched,0.0194805194805194,True,462.0,100,190,129.0533,206.6407,-0.675,Dominant,-0.138352764545083,0.94138783614133,flat,DIEr,Dominant Isoform Erosion,trial_failure_explanation,SR
OPC,ZNF675-206,ZNF675,0.032258064516129,0.618421052631579,1.252977635132535e-19,1.5878345402421909e-18,True,-0.58616298811545,CT_enriched,0.0367,True,10000.0,4,47,4.261,77.6568,-3.9022,Dominant,-0.0499459311096078,0.986478320461884,flat,DIEr,Dominant Isoform Erosion,trial_failure_explanation,SR
OPC,ZNF675-201,ZNF675,0.967741935483871,0.3815789473684211,1.252977635132535e-19,1.5878345402421909e-18,True,0.58616298811545,AD_enriched,0.0367,True,10000.0,120,29,197.5097,33.5519,2.5224,Minor,-0.0499459311096078,0.986478320461884,flat,MIR,Minor Isoform Redistribution,new_target_candidate,SR
OPC,ZNF765-201,ZNF765,0.9696969696969696,0.2826086956521739,1.5674447599134457e-19,1.969144888860961e-18,True,0.6870882740447957,AD_enriched,0.0476190476190476,True,21.0,96,13,88.5121,14.1705,2.5608,Minor,-0.210476186515278,0.934329416507915,flat,MIR,Minor Isoform Redistribution,new_target_candidate,SR
OPC,ZRANB2-201,ZRANB2,0.58,0.1166666666666666,2.5751989892932803e-12,1.553685544060104e-11,True,0.4633333333333334,AD_enriched,0.0091908091908091,True,5005.0,58,14,43.1811,23.1511,0.8713,Minor,0.202085000666536,0.901813012403943,flat,MIR,Minor Isoform Redistribution,new_target_candidate,SR
OPC,ZSCAN12-202,ZSCAN12,0.2359550561797752,0.01,1.0421455085952533e-07,3.729107602889549e-07,True,0.2259550561797751,AD_enriched,0.0095238095238095,True,210.0,21,1,30.0239,1.09,3.8918,Minor,0.067152229369777,0.990542258072317,flat,MIR,Minor Isoform Redistribution,new_target_candidate,SR
OPC,ZSCAN18-217,ZSCAN18,0.5580357142857143,0.8947368421052632,2.331457488781476e-09,1.0235839080853017e-08,True,-0.3367011278195488,CT_enriched,0.0127,True,10000.0,125,119,109.9178,130.1767,-0.242,Dominant,-0.100413948755563,0.969331900405304,flat,DIEr,Dominant Isoform Erosion,trial_failure_explanation,SR
Vascular_cell,ACTG1-206,ACTG1,0.1698841698841698,0.5465116279069767,1.6619752608961348e-11,1.3466261088286628e-10,True,-0.3766274580228069,CT_enriched,0.0086580086580086,True,3003.0,44,47,256.8853,193.0405,0.4104,Dominant,-0.124721420659855,0.999931645369046,flat,DIEr,Dominant Isoform Erosion,trial_failure_explanation,SR
Vascular_cell,transcript194351.chr12.nnic,ADGRD1,0.0,0.2545454545454545,2.4490891416112524e-11,1.9347804218728887e-10,True,-0.2545454545454545,CT_enriched,0.0428571428571428,True,70.0,0,14,0.0,109.7592,-6.7913,Minor,0.717984867194133,0.999931645369046,up,MIDi,Minor Isoform Dilution,,SR
Vascular_cell,AP2M1-202,AP2M1,0.631578947368421,0.1066666666666666,1.3375112214376517e-12,1.3207923311696812e-11,True,0.5249122807017544,AD_enriched,0.0472027972027972,True,1716.0,36,8,504.0514,479.8382,0.0709,Minor,-0.455220065179018,0.999931645369046,flat,MIR,Minor Isoform Redistribution,new_target_candidate,SR
Vascular_cell,AP2M1-208,AP2M1,0.2456140350877192,0.88,1.3375112214376517e-12,1.3207923311696812e-11,True,-0.6343859649122808,CT_enriched,0.0209790209790209,True,1716.0,14,66,67.1168,354.8438,-2.3852,Dominant,-0.455220065179018,0.999931645369046,flat,DIEr,Dominant Isoform Erosion,trial_failure_explanation,SR
Vascular_cell,CALD1-220,CALD1,0.0,0.325,4.155082220861562e-16,5.4708582574677236e-15,True,-0.325,CT_enriched,0.0228521478521478,True,8008.0,0,39,0.0,244.5394,-7.9398,Dominant,0.262297771425834,0.999931645369046,flat,DIEr,Dominant Isoform Erosion,trial_failure_explanation,SR
Vascular_cell,CCDC186-207,CCDC186,0.6078431372549019,0.0677966101694915,4.6578567167392314e-09,2.7257087453511054e-08,True,0.5400465270854105,AD_enriched,0.0272727272727272,True,330.0,31,4,224.2397,26.3854,3.04,Minor,0.113167274072576,0.999931645369046,flat,MIR,Minor Isoform Redistribution,new_target_candidate,SR
Vascular_cell,CCDC186-203,CCDC186,0.392156862745098,0.9322033898305084,4.6578567167392314e-09,2.7257087453511054e-08,True,-0.5400465270854105,CT_enriched,0.0272727272727272,True,330.0,20,55,233.5084,418.2513,-0.8382,Dominant,0.113167274072576,0.999931645369046,flat,DIEr,Dominant Isoform Erosion,trial_failure_explanation,SR
Vascular_cell,CCSER2-203,CCSER2,0.96,0.5,2.1618870129801343e-06,7.042848413419818e-06,True,0.4599999999999999,AD_enriched,0.0428571428571428,True,70.0,48,21,296.6792,239.7052,0.3065,Dominant,-0.209978097495204,0.999931645369046,flat,DIR,Dominant Isoform Redistribution,,SR
Vascular_cell,CPT1A-201,CPT1A,0.9824561403508772,0.2692307692307692,8.372983347153557e-14,9.799491621113049e-13,True,0.713225371120108,AD_enriched,0.0142857142857142,True,70.0,56,14,272.0887,145.4181,0.8993,Minor,-0.0926237819899909,0.999931645369046,flat,MIR,Minor Isoform Redistribution,new_target_candidate,SR
Vascular_cell,CPT1A-202,CPT1A,0.0175438596491228,0.5961538461538461,8.372983347153557e-14,9.799491621113049e-13,True,-0.5786099865047234,CT_enriched,0.0142857142857142,True,70.0,1,31,2.5419,114.1923,-5.0234,Dominant,-0.0926237819899909,0.999931645369046,flat,DIEr,Dominant Isoform Erosion,trial_failure_explanation,SR
Vascular_cell,CTNNB1-201,CTNNB1,0.2559726962457337,0.9397590361445785,2.549937089250924e-27,1.6115602404065834e-25,True,-0.6837863398988447,CT_enriched,0.0095238095238095,True,210.0,75,78,345.5175,568.2615,-0.7162,Dominant,-0.0586909831445936,0.999931645369046,flat,DIEr,Dominant Isoform Erosion,trial_failure_explanation,SR
Vascular_cell,transcript45371.chr2.nnic,CYP1B1,0.358695652173913,0.0,6.185551579681812e-19,1.134022687614248e-17,True,0.358695652173913,AD_enriched,0.0303030303030303,True,462.0,33,0,274.28,0.0,8.1048,Minor,-0.148880501130233,0.999931645369046,flat,MIR,Minor Isoform Redistribution,new_target_candidate,SR
Vascular_cell,DIDO1-202,DIDO1,0.8805970149253731,0.0535714285714285,6.842026734932398e-20,1.5443431773133133e-18,True,0.8270255863539446,AD_enriched,0.0476190476190476,True,84.0,59,3,1429.415,29.6453,5.5446,Minor,-0.0949689941454956,0.999931645369046,flat,MIR,Minor Isoform Redistribution,new_target_candidate,SR
Vascular_cell,DLC1-201,DLC1,0.0548780487804878,0.4684684684684684,6.459622904131792e-19,1.134022687614248e-17,True,-0.4135904196879806,CT_enriched,0.0076590076590076,True,3003.0,9,52,75.2036,310.6609,-2.032,Minor,0.398614229730194,0.999931645369046,flat,MIEr,Minor Isoform Erosion,,SR
Vascular_cell,DLC1-203,DLC1,0.4329268292682927,0.045045045045045,6.459622904131792e-19,1.134022687614248e-17,True,0.3878817842232477,AD_enriched,0.0126540126540126,True,3003.0,71,5,355.8827,57.8209,2.601,Minor,0.398614229730194,0.999931645369046,flat,MIR,Minor Isoform Redistribution,new_target_candidate,SR
Vascular_cell,DST-223,DST,0.2222222222222222,0.0,1.35617283790952e-08,7.142510279656805e-08,True,0.2222222222222222,AD_enriched,0.0432900432900432,True,462.0,20,0,78.004,0.0,6.3039,Minor,0.142727862950448,0.999931645369046,flat,MIR,Minor Isoform Redistribution,new_target_candidate,SR
Vascular_cell,transcript53453.chr16.nnic,ENSG00000291073,0.6386138613861386,0.3720930232558139,0.0001681159550177,0.0004183042660283,True,0.2665208381303247,AD_enriched,0.0396825396825396,True,126.0,129,32,565.5216,504.8579,0.1634,Minor,0.156707005793006,0.999931645369046,flat,MIR,Minor Isoform Redistribution,new_target_candidate,SR
Vascular_cell,EPAS1-201,EPAS1,0.9844961240310076,0.7083333333333334,6.608226120103549e-08,2.953352766658443e-07,True,0.2761627906976742,AD_enriched,0.0108225108225108,True,462.0,127,34,693.4161,449.1663,0.6253,Dominant,0.212000544134438,0.999931645369046,flat,DIR,Dominant Isoform Redistribution,,SR
Vascular_cell,transcript56778.chr2.nnic,EPAS1,0.0155038759689922,0.2916666666666667,6.608226120103549e-08,2.953352766658443e-07,True,-0.2761627906976744,CT_enriched,0.0108225108225108,True,462.0,2,14,9.6449,134.6365,-3.6715,Minor,0.212000544134438,0.999931645369046,flat,MIEr,Minor Isoform Erosion,,SR
Vascular_cell,FLT1-204,FLT1,0.0431654676258992,0.2673267326732673,1.4278240465365367e-10,1.0026497749012123e-09,True,-0.224161265047368,CT_enriched,0.002020202020202,True,495.0,6,27,35.8476,325.4834,-3.1474,Minor,0.110270901465279,0.999931645369046,flat,MIEr,Minor Isoform Erosion,,SR
Vascular_cell,GCC2-223,GCC2,0.1133004926108374,0.7407407407407407,1.6171937074119532e-43,5.11033211542177e-41,True,-0.6274402481299033,CT_enriched,0.0317460317460317,True,126.0,23,120,90.0565,1077.9232,-3.5667,Dominant,0.0797055690621834,0.999931645369046,flat,DIEr,Dominant Isoform Erosion,trial_failure_explanation,SR
Vascular_cell,GCC2-218,GCC2,0.8423645320197044,0.1296296296296296,1.6171937074119532e-43,5.11033211542177e-41,True,0.7127349023900749,AD_enriched,0.0317460317460317,True,126.0,171,21,1162.5668,195.8201,2.5636,Minor,0.0797055690621834,0.999931645369046,flat,MIR,Minor Isoform Redistribution,new_target_candidate,SR
Vascular_cell,GOLGB1-208,GOLGB1,0.3053097345132743,0.6090909090909091,4.316385937806859e-07,1.6633877516426432e-06,True,-0.3037811745776348,CT_enriched,0.0326340326340326,True,1287.0,69,67,438.7799,536.001,-0.2881,Dominant,0.426983953331884,0.999931645369046,flat,DIEr,Dominant Isoform Erosion,trial_failure_explanation,SR
Vascular_cell,HNRNPA3-205,HNRNPA3,0.2195121951219512,0.0,2.6374769585939334e-06,8.418964666016182e-06,True,0.2195121951219512,AD_enriched,0.0054945054945054,True,2002.0,27,0,109.3464,0.0,6.7859,Minor,0.0625859163656233,0.999931645369046,flat,MIR,Minor Isoform Redistribution,new_target_candidate,SR
Vascular_cell,HNRNPU-209,HNRNPU,0.010752688172043,0.3623188405797101,8.702608442924584e-14,9.821515242729174e-13,True,-0.3515661524076671,CT_enriched,0.0238095238095238,True,252.0,1,25,4.8225,230.8282,-5.3153,Minor,0.147443576165924,0.999931645369046,flat,MIEr,Minor Isoform Erosion,,SR
Vascular_cell,HSPD1-202,HSPD1,0.5208333333333334,0.90625,7.774170432849102e-05,0.0002047198213983,True,-0.3854166666666666,CT_enriched,0.0317460317460317,True,126.0,25,29,98.6453,219.7434,-1.1475,Dominant,-0.0720729128475204,0.999931645369046,flat,DIEr,Dominant Isoform Erosion,trial_failure_explanation,SR
Vascular_cell,LAMA2-209,LAMA2,0.2571428571428571,0.0,3.920132573253697e-24,1.5484523664352105e-22,True,0.2571428571428571,AD_enriched,0.0119047619047619,True,252.0,9,0,46.2123,0.0,5.5611,Minor,-0.13210215628941,0.999931645369046,flat,MIR,Minor Isoform Redistribution,new_target_candidate,SR
Vascular_cell,MAOA-206,MAOA,0.7969924812030075,0.0,2.904572868657032e-22,8.344045695414745e-21,True,0.7969924812030075,AD_enriched,0.0454545454545454,True,330.0,106,0,795.0802,0.0,9.6368,Minor,0.253617966983372,0.999931645369046,flat,MIR,Minor Isoform Redistribution,new_target_candidate,SR
Vascular_cell,MAOA-203,MAOA,0.0827067669172932,0.9142857142857144,2.904572868657032e-22,8.344045695414745e-21,True,-0.8315789473684212,CT_enriched,0.0151515151515151,True,330.0,11,32,40.0663,274.0917,-2.7439,Dominant,0.253617966983372,0.999931645369046,flat,DIEr,Dominant Isoform Erosion,trial_failure_explanation,SR
Vascular_cell,NAMPT-203,NAMPT,0.0145985401459854,0.2205882352941176,1.1903577981568925e-07,4.9493824239155e-07,True,-0.2059896951481322,CT_enriched,0.0465367965367965,True,924.0,2,15,9.6449,141.6186,-3.7439,Minor,0.196367649755157,0.999931645369046,flat,MIEr,Minor Isoform Erosion,,SR
Vascular_cell,NFKBIA-217,NFKBIA,0.0,0.2708333333333333,5.7749337762783485e-09,3.2015422338665935e-08,True,-0.2708333333333333,CT_enriched,0.0333333333333333,True,330.0,0,13,0.0,83.0266,-6.3928,Minor,-0.238354460932027,0.999931645369046,flat,MIEr,Minor Isoform Erosion,,SR
Vascular_cell,NKTR-205,NKTR,0.008,0.2424242424242424,4.147359402868099e-06,1.2723937585498245e-05,True,-0.2344242424242424,CT_enriched,0.0054112554112554,True,924.0,1,8,4.8225,40.3819,-2.8293,Minor,0.291147449566166,0.999931645369046,flat,MIEr,Minor Isoform Erosion,,SR
Vascular_cell,PHLDB2-204,PHLDB2,0.0736842105263157,0.4285714285714285,6.590584692065582e-13,6.71814439578298e-12,True,-0.3548872180451128,CT_enriched,0.0441919191919191,True,792.0,14,18,59.1303,234.3262,-1.9685,Dominant,0.0719849631467506,0.999931645369046,flat,DIEr,Dominant Isoform Erosion,trial_failure_explanation,SR
Vascular_cell,PPP1R12A-203,PPP1R12A,0.85,0.2553191489361702,7.166769053208963e-07,2.6333709544349213e-06,True,0.5946808510638297,AD_enriched,0.0158730158730158,True,126.0,34,12,126.8323,92.952,0.4443,Minor,0.0223626889165234,0.999931645369046,flat,MIR,Minor Isoform Redistribution,new_target_candidate,SR
Vascular_cell,PPP1R12A-213,PPP1R12A,0.125,0.6382978723404256,7.166769053208963e-07,2.6333709544349213e-06,True,-0.5132978723404256,CT_enriched,0.0158730158730158,True,126.0,5,30,20.605,186.6127,-3.1183,Dominant,0.0223626889165234,0.999931645369046,flat,DIEr,Dominant Isoform Erosion,trial_failure_explanation,SR
Vascular_cell,PRKAR1A-216,PRKAR1A,0.6363636363636364,0.9770114942528736,1.8287124856207807e-06,6.082875215328072e-06,True,-0.3406478578892372,CT_enriched,0.0119047619047619,True,84.0,28,85,385.5683,643.4134,-0.7373,Dominant,-0.0811038433732471,0.999931645369046,flat,DIEr,Dominant Isoform Erosion,trial_failure_explanation,SR
Vascular_cell,RNF144B-201,RNF144B,0.6444444444444445,0.0,8.987968788662276e-08,3.8906823797496964e-07,True,0.6444444444444445,AD_enriched,0.0357142857142857,True,84.0,29,0,104.7437,0.0,6.7244,Minor,0.218316891986144,0.999931645369046,flat,MIR,Minor Isoform Redistribution,new_target_candidate,SR
Vascular_cell,RNF213-210,RNF213,0.0168067226890756,0.5660377358490566,2.0723883760662225e-19,4.365831512246175e-18,True,-0.549231013159981,CT_enriched,0.006060606060606,True,330.0,2,60,7.9681,344.9069,-5.2694,Dominant,0.0839266361702669,0.999931645369046,flat,DIEr,Dominant Isoform Erosion,trial_failure_explanation,SR
Vascular_cell,RTN3-208,RTN3,0.6413043478260869,0.9605263157894736,1.3473727652745576e-05,3.942312905803335e-05,True,-0.3192219679633866,CT_enriched,0.0319680319680319,True,1001.0,59,73,317.4839,683.2252,-1.1033,Dominant,-0.379205049211676,0.999931645369046,flat,DIEr,Dominant Isoform Erosion,trial_failure_explanation,SR
Vascular_cell,SF3B1-208,SF3B1,0.5246913580246914,0.9367088607594936,1.235814315403242e-15,1.501989706413171e-14,True,-0.4120175027348022,CT_enriched,0.0462870462870462,True,3003.0,85,148,372.1465,1128.2614,-1.5976,Dominant,0.11415951508732,0.999931645369046,flat,DIEr,Dominant Isoform Erosion,trial_failure_explanation,SR
Vascular_cell,SLC6A1-201,SLC6A1,0.0512820512820512,0.8518518518518519,2.8936089034864903e-12,2.7708497378840328e-11,True,-0.8005698005698006,CT_enriched,0.0,True,35.0,2,46,5.0838,506.6277,-6.3827,Dominant,-0.575771118981194,0.999931645369046,flat,DIEr,Dominant Isoform Erosion,trial_failure_explanation,SR
Vascular_cell,SLCO4A1-208,SLCO4A1,0.0466101694915254,0.6571428571428571,1.835199813526488e-35,1.9330771369145665e-33,True,-0.6105326876513317,CT_enriched,0.0108225108225108,True,462.0,11,69,106.9988,254.1699,-1.2404,Dominant,0.522381597277167,0.999931645369046,flat,DIEr,Dominant Isoform Erosion,trial_failure_explanation,SR
Vascular_cell,transcript75716.chr20.nic,SLCO4A1,0.3813559322033898,0.0,1.835199813526488e-35,1.9330771369145665e-33,True,0.3813559322033898,AD_enriched,0.0324675324675324,True,462.0,90,0,1922.5246,0.0,10.9095,Minor,0.522381597277167,0.999931645369046,flat,MIR,Minor Isoform Redistribution,new_target_candidate,SR
Vascular_cell,SOD2-206,SOD2,0.6842105263157895,0.127906976744186,3.465099841996339e-12,3.128490143059551e-11,True,0.5563035495716036,AD_enriched,0.0476190476190476,True,210.0,52,11,657.0981,131.5328,2.312,Minor,-0.161899524273699,0.999931645369046,flat,MIR,Minor Isoform Redistribution,new_target_candidate,SR
Vascular_cell,SOD2-210,SOD2,0.3157894736842105,0.8604651162790697,3.465099841996339e-12,3.128490143059551e-11,True,-0.5446756425948592,CT_enriched,0.0476190476190476,True,210.0,24,74,211.058,726.448,-1.7784,Dominant,-0.161899524273699,0.999931645369046,flat,DIEr,Dominant Isoform Erosion,trial_failure_explanation,SR
Vascular_cell,SRRM1-223,SRRM1,0.0,0.3166666666666666,6.390418298196656e-23,2.019372182230143e-21,True,-0.3166666666666666,CT_enriched,0.0131868131868131,True,5005.0,0,38,0.0,179.396,-7.495,Minor,0.053637541222168,0.999931645369046,flat,MIEr,Minor Isoform Erosion,,SR
Vascular_cell,SYNE1-211,SYNE1,0.1239130434782608,0.5645161290322581,8.077879101647276e-26,4.2543496602008985e-24,True,-0.4406030855539973,CT_enriched,0.0101010101010101,True,1287.0,57,70,278.3131,580.4001,-1.0576,Dominant,0.145959432280943,0.999931645369046,flat,DIEr,Dominant Isoform Erosion,trial_failure_explanation,SR
Vascular_cell,SYNE1-206,SYNE1,0.8456521739130435,0.3870967741935484,8.077879101647276e-26,4.2543496602008985e-24,True,0.4585553997194951,AD_enriched,0.0225330225330225,True,1287.0,389,48,2012.8572,404.5234,2.3121,Minor,0.145959432280943,0.999931645369046,flat,MIR,Minor Isoform Redistribution,new_target_candidate,SR
Vascular_cell,TGM2-201,TGM2,0.2941176470588235,0.8780487804878049,3.0921701557822585e-08,1.4804935897381724e-07,True,-0.5839311334289814,CT_enriched,0.0391608391608391,True,715.0,25,36,142.8721,297.058,-1.0508,Dominant,0.276319197700241,0.999931645369046,flat,DIEr,Dominant Isoform Erosion,trial_failure_explanation,SR
Vascular_cell,TTC3-209,TTC3,0.0,0.32,6.047217629113943e-08,2.810177604117655e-07,True,-0.32,CT_enriched,0.0396825396825396,True,126.0,0,16,0.0,114.4961,-6.8517,Minor,-0.189154856007085,0.999931645369046,flat,MIEr,Minor Isoform Erosion,,SR
Vascular_cell,transcript12043.chr12.nic,VWF,0.0223048327137546,0.32,3.078955782677095e-16,4.230217510112879e-15,True,-0.2976951672862454,CT_enriched,0.0255,True,10000.0,6,32,15.2514,483.3243,-4.8973,Minor,0.627074022234143,0.999931645369046,up,MIDi,Minor Isoform Dilution,,SR
Vascular_cell,VWF-201,VWF,0.9776951672862454,0.68,3.078955782677095e-16,4.230217510112879e-15,True,0.2976951672862453,AD_enriched,0.0257,True,10000.0,263,68,2918.3612,619.7022,2.2337,Dominant,0.627074022234143,0.999931645369046,up,DIEx,Dominant Isoform Expansion,,SR
Vascular_cell,WDFY3-203,WDFY3,0.2926829268292683,0.0,3.90805078010922e-06,1.2227168777371422e-05,True,0.2926829268292683,AD_enriched,0.0,True,10.0,12,0,36.8762,0.0,5.2432,Minor,0.14916510967685,0.999931645369046,flat,MIR,Minor Isoform Redistribution,new_target_candidate,SR
Vascular_cell,ZNF462-201,ZNF462,0.6071428571428571,1.0,2.686577377312773e-06,8.489584512308363e-06,True,-0.3928571428571429,CT_enriched,0.0285714285714285,True,35.0,34,52,108.4937,316.0537,-1.5339,Dominant,0.294132438584112,0.999931645369046,flat,DIEr,Dominant Isoform Erosion,trial_failure_explanation,SR
Vascular_cell,ZNF462-204,ZNF462,0.3392857142857143,0.0,2.686577377312773e-06,8.489584512308363e-06,True,0.3392857142857143,AD_enriched,0.0285714285714285,True,35.0,19,0,59.7668,0.0,5.9252,Minor,0.294132438584112,0.999931645369046,flat,MIR,Minor Isoform Redistribution,new_target_candidate,SR
Vascular_cell,ZZEF1-201,ZZEF1,0.6666666666666666,0.0,1.260353538598154e-07,5.172359976584632e-07,True,0.6666666666666666,AD_enriched,0.0,True,2.0,22,0,73.7095,0.0,6.2232,Minor,0.130358997652141,0.999931645369046,flat,MIR,Minor Isoform Redistribution,new_target_candidate,SR
