cell_type,transcript_name,gene_name,AD,Control,chi_pval,chi_padj,chi_significant,delta_usage,usage_direction,permutation_pval,permutation_significant,n_valid_permutations,total_counts_AD,total_counts_CT,mean_CPM_AD,mean_CPM_CT,log2FC,isoform_role,tx_role_mane,candidate_group
Astrocyte,ACAD9-201,ACAD9,0.55,0.9081803005008348,7.329248194165798e-49,5.512641677468985e-47,True,-0.3581803005008347,CT_enriched,0.0404040404040404,True,792.0,22,544,25.2895,908.2117,-5.1121,Dominant,Canonical,trial_failure_candidate
Astrocyte,ACSF3-218,ACSF3,0.032258064516129,0.6290322580645161,3.913650590533071e-12,2.2096911913304687e-11,True,-0.5967741935483871,CT_enriched,0.0357142857142857,True,84.0,2,39,2.3872,45.9502,-3.7929,Dominant,Canonical,trial_failure_candidate
Astrocyte,ACSF3-203,ACSF3,0.9193548387096774,0.3064516129032258,3.913650590533071e-12,2.2096911913304687e-11,True,0.6129032258064515,AD_enriched,0.0357142857142857,True,84.0,57,19,74.3822,19.1403,1.9041,Minor,Alternate,new_target_candidate
Astrocyte,ADGRA3-203,ADGRA3,0.8404669260700389,0.2268041237113402,2.1163409087653547e-27,4.285590340249844e-26,True,0.6136628023586987,AD_enriched,0.0319680319680319,True,2002.0,216,22,217.3338,55.6992,1.9451,Minor,Alternate,new_target_candidate
Astrocyte,ADGRA3-202,ADGRA3,0.159533073929961,0.7731958762886598,2.1163409087653547e-27,4.285590340249844e-26,True,-0.6136628023586989,CT_enriched,0.0309690309690309,True,2002.0,41,75,61.1181,68.2576,-0.157,Dominant,Canonical,trial_failure_candidate
Astrocyte,ALDH3A2-201,ALDH3A2,0.3714285714285714,0.9659090909090908,1.469009148539404e-11,7.852114890416204e-11,True,-0.5944805194805194,CT_enriched,0.0178571428571428,True,56.0,13,85,14.8771,164.8372,-3.3848,Dominant,Canonical,trial_failure_candidate
Astrocyte,ALDH3A2-202,ALDH3A2,0.3714285714285714,0.0227272727272727,1.469009148539404e-11,7.852114890416204e-11,True,0.3487012987012987,AD_enriched,0.0178571428571428,True,56.0,13,2,35.609,5.3902,2.5183,Minor,Alternate,new_target_candidate
Astrocyte,ANAPC5-201,ANAPC5,0.3676470588235294,0.8483606557377049,3.378574483882997e-16,2.834772056995057e-15,True,-0.4807135969141755,CT_enriched,0.0215617715617715,True,1716.0,25,207,31.4515,308.5809,-3.254,Dominant,Canonical,trial_failure_candidate
Astrocyte,ANKRD44-204,ANKRD44,0.2631578947368421,0.0,7.276415563779133e-13,4.441777152846045e-12,True,0.2631578947368421,AD_enriched,0.0,True,6.0,10,0,9.9743,0.0,3.4561,Minor,Alternate,new_target_candidate
Astrocyte,ANKRD44-201,ANKRD44,0.2105263157894736,0.967741935483871,7.276415563779133e-13,4.441777152846045e-12,True,-0.7572156196943974,CT_enriched,0.0,True,6.0,8,60,9.1027,20.9355,-1.1185,Dominant,Canonical,trial_failure_candidate
Astrocyte,ANXA11-203,ANXA11,0.0505050505050505,0.8064516129032258,2.3827484682571305e-17,2.181768814847616e-16,True,-0.7559465623981753,CT_enriched,0.0357142857142857,True,28.0,5,25,7.1818,20.1484,-1.3701,Dominant,Canonical,trial_failure_candidate
Astrocyte,ANXA11-202,ANXA11,0.9494949494949496,0.1935483870967742,2.3827484682571305e-17,2.181768814847616e-16,True,0.7559465623981754,AD_enriched,0.0357142857142857,True,28.0,94,6,70.0368,20.5215,1.7228,Minor,Alternate,new_target_candidate
Astrocyte,ARHGAP29-201,ARHGAP29,0.5363636363636364,0.9302325581395348,3.368561736500021e-05,8.878837317983784e-05,True,-0.3938689217758984,CT_enriched,0.0,True,495.0,118,40,52.1338,65.0027,-0.3129,Dominant,Canonical,trial_failure_candidate
Astrocyte,ARHGAP29-202,ARHGAP29,0.3909090909090909,0.0697674418604651,3.368561736500021e-05,8.878837317983784e-05,True,0.3211416490486257,AD_enriched,0.0404040404040404,True,495.0,86,3,59.928,1.0468,4.8957,Minor,Alternate,new_target_candidate
Astrocyte,ARHGEF10L-203,ARHGEF10L,0.8188405797101449,0.0053475935828877,6.945295828570074e-66,1.4626793014968577e-63,True,0.8134929861272572,AD_enriched,0.0277777777777777,True,36.0,113,1,45.5957,1.9811,3.9663,Minor,Alternate,new_target_candidate
Astrocyte,ARID1B-226,ARID1B,0.3777777777777777,0.1142857142857142,5.401881584516415e-07,1.7692632374792488e-06,True,0.2634920634920635,AD_enriched,0.0476190476190476,True,84.0,17,4,18.2192,50.8715,-1.4324,Minor,Alternate,new_target_candidate
Astrocyte,ARID4A-202,ARID4A,0.2125,0.8461538461538461,1.9129766498050868e-09,8.340559636694771e-09,True,-0.6336538461538461,CT_enriched,0.0202020202020202,True,495.0,17,33,17.9832,38.8206,-1.0688,Dominant,Canonical,trial_failure_candidate
Astrocyte,ARID4B-202,ARID4B,0.335632183908046,0.0956521739130434,1.7437280914464222e-27,3.565331418044821e-26,True,0.2399800099950026,AD_enriched,0.0417582417582417,True,5005.0,146,11,137.9965,44.8173,1.6011,Minor,Alternate,new_target_candidate
Astrocyte,ATF6-210,ATF6,0.3191489361702128,0.0,8.477204254225835e-11,4.1908432299060117e-10,True,0.3191489361702128,AD_enriched,0.002020202020202,True,495.0,15,0,21.351,0.0,4.4823,Minor,Alternate,new_target_candidate
Astrocyte,ATF6-201,ATF6,0.4468085106382978,0.975609756097561,8.477204254225835e-11,4.1908432299060117e-10,True,-0.5288012454592632,CT_enriched,0.008080808080808,True,495.0,21,80,25.4937,77.7352,-1.5714,Dominant,Canonical,trial_failure_candidate
Astrocyte,ATOSA-216,ATOSA,0.056,0.4166666666666667,1.2927140289428817e-07,4.499926851163155e-07,True,-0.3606666666666667,CT_enriched,0.029040404040404,True,792.0,7,20,6.6306,228.6493,-4.9115,Dominant,Canonical,trial_failure_candidate
Astrocyte,BIRC6-201,BIRC6,0.4409448818897638,0.8872180451127819,4.156884777008909e-13,2.613253534442018e-12,True,-0.4462731632230181,CT_enriched,0.0489510489510489,True,5005.0,56,118,65.3577,768.6508,-3.5359,Dominant,Canonical,trial_failure_candidate
Astrocyte,CCAR1-201,CCAR1,0.6842105263157895,0.95,8.831447213048051e-06,2.5270418248205428e-05,True,-0.2657894736842104,CT_enriched,0.0194805194805194,True,462.0,65,114,79.4604,192.5404,-1.2663,Dominant,Canonical,trial_failure_candidate
Astrocyte,CELF2-209,CELF2,0.7127659574468085,0.282258064516129,8.150743309342481e-11,4.0389330375235927e-10,True,0.4305078929306795,AD_enriched,0.0313020313020313,True,3003.0,67,35,80.7476,147.687,-0.863,Minor,Alternate,new_target_candidate
Astrocyte,CLASP2-207,CLASP2,0.5932203389830508,0.1058823529411764,7.924664617486674e-15,5.897294588136727e-14,True,0.4873379860418744,AD_enriched,0.0233100233100233,True,1287.0,35,9,44.9661,13.8314,1.6319,Minor,Alternate,new_target_candidate
Astrocyte,CLINT1-201,CLINT1,0.5918367346938775,0.913793103448276,0.0013987126151529,0.0029694443220889,True,-0.3219563687543985,CT_enriched,0.0242424242424242,True,165.0,29,53,35.487,89.2975,-1.3073,Dominant,Canonical,trial_failure_candidate
Astrocyte,COG4-201,COG4,0.1724137931034483,0.624113475177305,1.1294077917421604e-32,3.0108010245683416e-31,True,-0.4516996820738567,CT_enriched,0.0153846153846153,True,715.0,35,176,32.9688,103.546,-1.6219,Dominant,Canonical,trial_failure_candidate
Astrocyte,COG4-222,COG4,0.3891625615763547,0.0390070921985815,1.1294077917421604e-32,3.0108010245683416e-31,True,0.3501554693777732,AD_enriched,0.0419580419580419,True,715.0,79,11,69.989,39.0548,0.8256,Minor,Alternate,new_target_candidate
Astrocyte,CRAT-201,CRAT,0.1212121212121212,0.9655172413793104,2.2209293775342206e-32,5.703996669618377e-31,True,-0.8443051201671892,CT_enriched,0.0,True,8.0,24,56,47.7036,21.172,1.1353,Dominant,Canonical,trial_failure_candidate
Astrocyte,CREBZF-204,CREBZF,0.5608695652173913,0.84375,0.0005345945386339,0.001205413381545,True,-0.2828804347826087,CT_enriched,0.0411,True,10000.0,129,54,286.0353,162.278,0.8139,Dominant,Canonical,trial_failure_candidate
Astrocyte,CRELD1-207,CRELD1,0.3157894736842105,0.0494699646643109,1.4015908666097372e-23,2.1704046802059604e-22,True,0.2663195090198996,AD_enriched,0.0055,True,10000.0,30,14,35.1689,23.3129,0.573,Minor,Alternate,new_target_candidate
Astrocyte,CSDE1-224,CSDE1,0.3421052631578947,0.0217391304347826,4.382584116157709e-45,2.63706347103661e-43,True,0.3203661327231121,AD_enriched,0.0411810411810411,True,1287.0,91,7,86.1973,23.8634,1.8103,Minor,Alternate,new_target_candidate
Astrocyte,CSNK2A1-226,CSNK2A1,0.2954545454545454,0.0,5.938004806669125e-11,2.9917316083361667e-10,True,0.2954545454545454,AD_enriched,0.0151515151515151,True,462.0,13,0,13.6226,0.0,3.8701,Minor,Alternate,new_target_candidate
Astrocyte,CYP4V2-201,CYP4V2,0.2554744525547445,0.7163120567375887,1.426305507060339e-13,9.445910056192056e-13,True,-0.4608376041828442,CT_enriched,0.0458430458430458,True,1287.0,35,101,38.5078,120.613,-1.6221,Dominant,Canonical,trial_failure_candidate
Astrocyte,DDX19A-209,DDX19A,0.7037037037037037,0.0,2.6332334909585202e-24,4.33249197809269e-23,True,0.7037037037037037,AD_enriched,0.0432900432900432,True,462.0,38,0,9.6516,0.0,3.413,Minor,Alternate,new_target_candidate
Astrocyte,DDX19A-201,DDX19A,0.2592592592592592,0.991304347826087,2.6332334909585202e-24,4.33249197809269e-23,True,-0.7320450885668278,CT_enriched,0.0476190476190476,True,462.0,14,114,19.2244,179.0703,-3.1544,Dominant,Canonical,trial_failure_candidate
Astrocyte,DICER1-201,DICER1,0.037037037037037,0.5882352941176471,1.1093890777156117e-13,7.464451749741462e-13,True,-0.5511982570806101,CT_enriched,0.0037878787878787,True,792.0,4,30,1.8925,83.2476,-4.8643,Dominant,Canonical,trial_failure_candidate
Astrocyte,DKC1-201,DKC1,0.0519480519480519,0.9154929577464788,2.454098907611681e-59,3.947548143369032e-57,True,-0.8635449057984269,CT_enriched,0.0277777777777777,True,36.0,16,65,16.1644,82.6492,-2.2849,Dominant,Canonical,trial_failure_candidate
Astrocyte,transcript90257.chr19.nnic,DPY19L3,0.5136363636363637,0.0,2.2323107503756607e-26,4.160395079903666e-25,True,0.5136363636363637,AD_enriched,0.0101010101010101,True,495.0,113,0,26.3225,0.0,4.772,Minor,Alternate,new_target_candidate
Astrocyte,EHBP1-209,EHBP1,0.078125,0.5614035087719298,1.4380315775573658e-08,5.6187282047046615e-08,True,-0.4832785087719298,CT_enriched,0.0279720279720279,True,2002.0,5,32,4.7506,19.3265,-1.8216,Dominant,Canonical,trial_failure_candidate
Astrocyte,EIF2B5-226,EIF2B5,0.2568807339449541,0.6063829787234043,2.3789780086351312e-18,2.42035153922009e-17,True,-0.3495022447784502,CT_enriched,0.0124320124320124,True,1287.0,28,57,32.177,59.0488,-0.856,Dominant,Canonical,trial_failure_candidate
Astrocyte,EXOC4-205,EXOC4,0.4214285714285714,0.1012658227848101,3.15337649469924e-12,1.7948678102261075e-11,True,0.3201627486437612,AD_enriched,0.0377622377622377,True,5005.0,59,8,46.7861,42.4146,0.1384,Minor,Alternate,new_target_candidate
Astrocyte,EXOC4-201,EXOC4,0.2928571428571428,0.810126582278481,3.15337649469924e-12,1.7948678102261075e-11,True,-0.5172694394213382,CT_enriched,0.0329670329670329,True,5005.0,41,64,52.8463,195.9313,-1.8708,Dominant,Canonical,trial_failure_candidate
Astrocyte,EZR-201,EZR,0.7212643678160919,0.2938931297709923,2.109655460786431e-25,3.75746155757792e-24,True,0.4273712380450996,AD_enriched,0.0407092907092907,True,8008.0,251,77,277.6673,153.142,0.8543,Minor,Alternate,new_target_candidate
Astrocyte,FAM234A-203,FAM234A,0.4078947368421052,0.9523809523809524,2.954742548502426e-17,2.6706814622944673e-16,True,-0.5444862155388472,CT_enriched,0.0489510489510489,True,1287.0,62,100,63.2203,171.8575,-1.4285,Dominant,Canonical,trial_failure_candidate
Astrocyte,FAS-225,FAS,0.2361111111111111,0.0,4.689036097616728e-11,2.3968713644613663e-10,True,0.2361111111111111,AD_enriched,0.0101010101010101,True,495.0,17,0,19.3625,0.0,4.3478,Minor,Alternate,new_target_candidate
Astrocyte,FXR1-203,FXR1,0.7578125,0.2016460905349794,1.2783642611261852e-37,4.3423147321479774e-36,True,0.5561664094650206,AD_enriched,0.0093,True,10000.0,97,49,144.0514,21.9939,2.6572,Minor,Alternate,new_target_candidate
Astrocyte,G3BP1-237,G3BP1,0.2763157894736842,0.0,1.1170543415728853e-12,6.5896819141526505e-12,True,0.2763157894736842,AD_enriched,0.0186480186480186,True,3432.0,21,0,21.9185,0.0,4.5184,Minor,Alternate,new_target_candidate
Astrocyte,GABRA2-202,GABRA2,0.6442048517520216,0.9302325581395348,4.5964542378283425e-34,1.2906843499821982e-32,True,-0.2860277063875132,CT_enriched,0.0022,True,10000.0,239,680,332.9161,1450.4742,-2.12,Dominant,Canonical,trial_failure_candidate
Astrocyte,GASK1A-213,GASK1A,0.5522388059701493,0.0531914893617021,1.0636495762683024e-11,5.788232577832157e-11,True,0.4990473166084472,AD_enriched,0.0239898989898989,True,792.0,37,5,39.0229,30.7171,0.3356,Minor,Alternate,new_target_candidate
Astrocyte,GDAP1-201,GDAP1,0.25,0.7823834196891192,2.6353262881997404e-19,2.967912921362916e-18,True,-0.5323834196891192,CT_enriched,0.0223776223776223,True,5005.0,25,151,30.888,723.7697,-4.5064,Dominant,Canonical,trial_failure_candidate
Astrocyte,GDAP1-233,GDAP1,0.5,0.0984455958549222,2.6353262881997404e-19,2.967912921362916e-18,True,0.4015544041450778,AD_enriched,0.0107892107892107,True,5005.0,50,19,69.9164,10.7998,2.5874,Minor,Alternate,new_target_candidate
Astrocyte,GORASP1-201,GORASP1,0.0507246376811594,0.6477272727272727,2.3891382858294323e-38,8.67504349992549e-37,True,-0.5970026350461133,CT_enriched,0.0,True,21.0,7,57,17.0721,36.0063,-1.034,Dominant,Canonical,trial_failure_candidate
Astrocyte,HAUS5-206,HAUS5,0.59,0.0204081632653061,1.0673862766446541e-13,7.204857367351415e-13,True,0.5695918367346938,AD_enriched,0.0,True,10.0,59,1,68.691,0.3489,5.6911,Minor,Alternate,new_target_candidate
Astrocyte,HCFC2-201,HCFC2,0.7058823529411765,1.0,9.271227164320644e-05,0.0002305218938377,True,-0.2941176470588235,CT_enriched,0.0,True,126.0,24,65,41.7058,168.0607,-1.985,Dominant,Canonical,trial_failure_candidate
Astrocyte,HNRNPM-202,HNRNPM,0.3934426229508196,0.0514705882352941,2.086985654362307e-09,8.969779159361261e-09,True,0.3419720347155255,AD_enriched,0.0053946053946053,True,5005.0,24,7,44.2758,11.6846,1.8357,Minor,Alternate,new_target_candidate
Astrocyte,HPS1-257,HPS1,0.2580645161290322,0.0303030303030303,6.717364338712184e-10,3.068713513520144e-09,True,0.2277614858260019,AD_enriched,0.0476190476190476,True,21.0,8,1,29.3532,1.9811,3.3479,Minor,Alternate,new_target_candidate
Astrocyte,HSP90B1-201,HSP90B1,0.2692307692307692,0.5512465373961218,3.5377218541876115e-14,2.483480741639703e-13,True,-0.2820157681653526,CT_enriched,0.0193,True,10000.0,70,199,100.454,380.3668,-1.9104,Dominant,Canonical,trial_failure_candidate
Astrocyte,HSPD1-221,HSPD1,0.2545454545454545,0.0313479623824451,2.9687986461829183e-16,2.5009159795444904e-15,True,0.2231974921630094,AD_enriched,0.0416,True,10000.0,42,10,48.8578,11.7162,1.9711,Minor,Alternate,new_target_candidate
Astrocyte,IFNAR1-201,IFNAR1,0.0769230769230769,0.4931506849315068,3.83564028925295e-07,1.280167741547815e-06,True,-0.4162276080084299,CT_enriched,0.0012626262626262,True,792.0,4,36,7.6859,104.3498,-3.6004,Dominant,Canonical,trial_failure_candidate
Astrocyte,INTU-201,INTU,0.2054794520547945,0.717948717948718,1.7492274206761963e-08,6.747020051179617e-08,True,-0.5124692658939234,CT_enriched,0.0109890109890109,True,1001.0,30,28,50.3312,107.5699,-1.0807,Dominant,Canonical,trial_failure_candidate
Astrocyte,JAKMIP3-205,JAKMIP3,0.2592592592592592,0.043010752688172,2.401905650603643e-13,1.5564348615911608e-12,True,0.2162485065710871,AD_enriched,0.0,True,10.0,14,4,16.7971,1.3957,2.8931,Minor,Alternate,new_target_candidate
Astrocyte,KIAA1191-202,KIAA1191,0.4848484848484848,0.2121212121212121,4.191766763725339e-06,1.2665510479778428e-05,True,0.2727272727272727,AD_enriched,0.0151515151515151,True,462.0,16,21,37.2174,29.7591,0.3132,Minor,Alternate,new_target_candidate
Astrocyte,transcript17860.chr22.nnic,KIAA1671,0.3428571428571428,0.1428571428571428,0.001334410892799,0.0028357914634053,True,0.2,AD_enriched,0.0142857142857142,True,210.0,12,8,15.592,13.7927,0.1656,Minor,Alternate,new_target_candidate
Astrocyte,LMNA-242,LMNA,0.3754512635379061,0.054054054054054,5.1987636582829455e-11,2.643133991669292e-10,True,0.3213972094838521,AD_enriched,0.0347,True,10000.0,104,6,140.4023,10.9561,3.564,Minor,Alternate,new_target_candidate
Astrocyte,LRSAM1-202,LRSAM1,0.5476190476190477,0.0,2.177036402924016e-11,1.132058929520488e-10,True,0.5476190476190477,AD_enriched,0.0363636363636363,True,55.0,69,0,96.3685,0.0,6.6054,Minor,Alternate,new_target_candidate
Astrocyte,MED16-203,MED16,0.9681274900398408,0.4437869822485207,2.7153056837308703e-34,7.727613202617855e-33,True,0.5243405077913201,AD_enriched,0.0359640359640359,True,1001.0,243,75,333.3118,91.8746,1.8478,Minor,Alternate,new_target_candidate
Astrocyte,MED16-202,MED16,0.0278884462151394,0.5562130177514792,2.7153056837308703e-34,7.727613202617855e-33,True,-0.5283245715363398,CT_enriched,0.0359640359640359,True,1001.0,7,94,8.3554,35.8591,-1.9782,Dominant,Canonical,trial_failure_candidate
Astrocyte,MROH1-207,MROH1,0.5694444444444444,0.0082644628099173,1.2551032162765504e-27,2.6699468418973894e-26,True,0.5611799816345271,AD_enriched,0.0303030303030303,True,330.0,41,1,17.2222,3.4091,2.0472,Minor,Alternate,new_target_candidate
Astrocyte,MYH10-214,MYH10,0.7259615384615384,0.0597014925373134,8.191350357259674e-22,1.1349331481834786e-20,True,0.666260045924225,AD_enriched,0.0176767676767676,True,792.0,151,4,132.2594,18.0766,2.8044,Minor,Alternate,new_target_candidate
Astrocyte,MYLK-242,MYLK,0.3567251461988304,0.032520325203252,2.588972892449023e-40,1.0485340214418543e-38,True,0.3242048209955784,AD_enriched,0.0211344211344211,True,6435.0,61,4,80.8254,15.8564,2.2792,Minor,Alternate,new_target_candidate
Astrocyte,NAPB-201,NAPB,0.5054945054945055,0.9620253164556962,8.460272576428534e-17,7.372842868581244e-16,True,-0.4565308109611907,CT_enriched,0.006060606060606,True,495.0,46,152,51.6426,503.6891,-3.2611,Dominant,Canonical,trial_failure_candidate
Astrocyte,NAPB-202,NAPB,0.4725274725274725,0.0379746835443038,8.460272576428534e-17,7.372842868581244e-16,True,0.4345527889831687,AD_enriched,0.0101010101010101,True,495.0,43,6,42.6358,19.0264,1.1236,Minor,Alternate,new_target_candidate
Astrocyte,transcript106850.chr13.nnic,NAXD,0.6746031746031746,0.0920245398773006,1.0933811150900324e-35,3.3862656299700123e-34,True,0.582578634725874,AD_enriched,0.0202020202020202,True,1287.0,85,15,548.6056,19.3293,4.7568,Minor,Alternate,new_target_candidate
Astrocyte,NECAP1-202,NECAP1,0.4242424242424242,0.0,3.2945787836437284e-08,1.2389969497060165e-07,True,0.4242424242424242,AD_enriched,0.0119047619047619,True,84.0,14,0,15.1034,0.0,4.0093,Minor,Alternate,new_target_candidate
Astrocyte,OGT-215,OGT,0.6208530805687204,0.175,2.3828591607095727e-10,1.1457309115192604e-09,True,0.4458530805687203,AD_enriched,0.031080031080031,True,1287.0,131,14,241.4579,51.3273,2.2121,Minor,Alternate,new_target_candidate
Astrocyte,PADI2-202,PADI2,0.3529411764705882,0.9032258064516128,8.670381871724753e-06,2.484329826102357e-05,True,-0.5502846299810246,CT_enriched,0.0317460317460317,True,126.0,12,28,10.5877,73.1955,-2.6787,Dominant,Canonical,trial_failure_candidate
Astrocyte,PAN2-203,PAN2,0.2424242424242424,0.8809523809523809,4.715711869153111e-10,2.1971878753178004e-09,True,-0.6385281385281385,CT_enriched,0.0357142857142857,True,84.0,16,37,19.5513,85.0383,-2.0657,Dominant,Canonical,trial_failure_candidate
Astrocyte,PCDH9-201,PCDH9,0.8024691358024691,0.463768115942029,1.5140266130485196e-11,8.072253283747297e-11,True,0.3387010198604401,AD_enriched,0.0489510489510489,True,1716.0,195,32,288.5262,141.169,1.0261,Minor,Alternate,new_target_candidate
Astrocyte,PLA2G4C-201,PLA2G4C,0.2916666666666667,0.0,1.7123813393520553e-05,4.714085098922129e-05,True,0.2916666666666667,AD_enriched,0.0476190476190476,True,21.0,14,0,22.5689,0.0,4.5588,Minor,Alternate,new_target_candidate
Astrocyte,PLA2G4C-222,PLA2G4C,0.6666666666666666,0.9838709677419356,1.7123813393520553e-05,4.714085098922129e-05,True,-0.317204301075269,CT_enriched,0.0,True,21.0,32,61,32.4976,66.6735,-1.0145,Dominant,Canonical,trial_failure_candidate
Astrocyte,PMPCB-201,PMPCB,0.2957746478873239,0.8,5.42799656523627e-06,1.6010309196621266e-05,True,-0.5042253521126762,CT_enriched,0.0346320346320346,True,3003.0,21,24,29.1559,71.9629,-1.2747,Dominant,Canonical,trial_failure_candidate
Astrocyte,PRPF38B-203,PRPF38B,0.7394366197183099,0.9598214285714286,1.4253131740669446e-11,7.637937772480879e-11,True,-0.2203848088531187,CT_enriched,0.0489510489510489,True,1287.0,105,215,66.589,199.2333,-1.5668,Dominant,Canonical,trial_failure_candidate
Astrocyte,PUF60-202,PUF60,0.4223433242506812,0.1885714285714285,7.254130701230635e-45,4.020315593892557e-43,True,0.2337718956792527,AD_enriched,0.0181818181818181,True,495.0,155,33,152.5114,33.1443,2.1686,Minor,Alternate,new_target_candidate
Astrocyte,RANBP2-201,RANBP2,0.6859504132231405,0.927461139896373,4.1884625311139855e-08,1.5529757201630377e-07,True,-0.2415107266732324,CT_enriched,0.0143190143190143,True,3003.0,83,179,124.3934,507.5654,-2.02,Dominant,Canonical,trial_failure_candidate
Astrocyte,RBL2-201,RBL2,0.1111111111111111,0.5221238938053098,1.3198544542021916e-09,5.876561269661343e-09,True,-0.4110127826941986,CT_enriched,0.0134865134865134,True,2002.0,11,59,11.1966,75.0529,-2.6405,Dominant,Canonical,trial_failure_candidate
Astrocyte,RBL2-209,RBL2,0.8787878787878788,0.4778761061946903,1.3198544542021916e-09,5.876561269661343e-09,True,0.4009117725931885,AD_enriched,0.0159840159840159,True,2002.0,87,54,104.2918,86.4463,0.2679,Minor,Alternate,new_target_candidate
Astrocyte,RBM25-201,RBM25,0.3490566037735849,0.7419354838709677,6.161870910207986e-32,1.5448690639164309e-30,True,-0.3928788800973828,CT_enriched,0.0282,True,10000.0,185,299,205.9772,2151.7843,-3.3787,Dominant,Canonical,trial_failure_candidate
Astrocyte,RBM25-212,RBM25,0.4867924528301887,0.1637717121588089,6.161870910207986e-32,1.5448690639164309e-30,True,0.3230207406713797,AD_enriched,0.0114,True,10000.0,258,66,364.9653,284.0133,0.3607,Minor,Alternate,new_target_candidate
Astrocyte,RFX3-212,RFX3,0.3072289156626506,0.717948717948718,2.4260318209753105e-05,6.516866090528065e-05,True,-0.4107198022860673,CT_enriched,0.0214785214785214,True,2002.0,51,28,56.5346,107.7769,-0.9189,Dominant,Canonical,trial_failure_candidate
Astrocyte,transcript151198.chr12.nic,RFX4,0.8675496688741722,0.3061224489795918,2.6438807582039372e-14,1.8874619921279642e-13,True,0.5614272198945804,AD_enriched,0.03,True,10000.0,131,15,95.7419,54.1996,0.8095,Minor,Alternate,new_target_candidate
Astrocyte,RGS3-231,RGS3,0.0161290322580645,0.627906976744186,1.0785933942986196e-10,5.28259927533231e-10,True,-0.6117779444861215,CT_enriched,0.0,True,6.0,1,27,0.2329,9.421,-3.0793,Dominant,Canonical,trial_failure_candidate
Astrocyte,RNASEH2C-205,RNASEH2C,0.3225806451612903,0.0,0.0001399027363879,0.0003410129199456,True,0.3225806451612903,AD_enriched,0.0,True,56.0,10,0,7.1073,0.0,3.0192,Minor,Alternate,new_target_candidate
Astrocyte,RSPRY1-202,RSPRY1,0.3611111111111111,0.0,3.1364194494422977e-07,1.0568478976840767e-06,True,0.3611111111111111,AD_enriched,0.0238095238095238,True,126.0,13,0,12.3212,0.0,3.7356,Minor,Alternate,new_target_candidate
Astrocyte,RSPRY1-201,RSPRY1,0.5277777777777778,0.9701492537313432,3.1364194494422977e-07,1.0568478976840767e-06,True,-0.4423714759535654,CT_enriched,0.0317460317460317,True,126.0,19,65,26.2918,129.6345,-2.259,Dominant,Canonical,trial_failure_candidate
Astrocyte,SCAPER-207,SCAPER,0.3800223214285714,0.6602809706257982,2.166849250611597e-38,8.00593775752285e-37,True,-0.2802586491972267,CT_enriched,0.0153,True,10000.0,681,517,666.7418,848.2609,-0.3469,Dominant,Canonical,trial_failure_candidate
Astrocyte,SEC14L2-214,SEC14L2,0.7037037037037037,0.9700598802395208,1.2624024064227964e-08,4.988774706880756e-08,True,-0.2663561765358171,CT_enriched,0.0176767676767676,True,792.0,38,162,74.061,292.5424,-1.9674,Dominant,Canonical,trial_failure_candidate
Astrocyte,SHOC2-214,SHOC2,0.3220338983050847,0.0,6.486800637193901e-10,2.969826552593554e-09,True,0.3220338983050847,AD_enriched,0.0166666666666666,True,120.0,19,0,18.0711,0.0,4.2533,Minor,Alternate,new_target_candidate
Astrocyte,SLC2A11-220,SLC2A11,0.3055555555555556,0.0142857142857142,2.038942461110655e-29,4.771125358998931e-28,True,0.2912698412698414,AD_enriched,0.0,True,21.0,11,3,71.1298,4.8517,3.6237,Minor,Alternate,new_target_candidate
Astrocyte,SPG7-268,SPG7,0.2275641025641025,0.936,9.279535227875966e-123,6.514233729968927e-120,True,-0.7084358974358975,CT_enriched,0.0111888111888111,True,715.0,71,702,80.8756,536.9827,-2.7161,Dominant,Canonical,trial_failure_candidate
Astrocyte,SPG7-223,SPG7,0.2339743589743589,0.0253333333333333,9.279535227875966e-123,6.514233729968927e-120,True,0.2086410256410256,AD_enriched,0.0265734265734265,True,715.0,73,19,59.5456,27.7187,1.076,Minor,Alternate,new_target_candidate
Astrocyte,SPG7-250,SPG7,0.2147435897435897,0.0013333333333333,9.279535227875966e-123,6.514233729968927e-120,True,0.2134102564102564,AD_enriched,0.0167832167832167,True,715.0,67,1,21.1987,2.2514,2.7713,Minor,Alternate,new_target_candidate
Astrocyte,SPTAN1-206,SPTAN1,0.4932735426008968,0.0928270042194092,5.68221833249697e-28,1.2465366466915227e-26,True,0.4004465383814876,AD_enriched,0.0269730269730269,True,1001.0,110,22,124.1017,14.9067,2.9754,Minor,Alternate,new_target_candidate
Astrocyte,SRSF10-214,SRSF10,0.1272727272727272,0.6144578313253012,2.054748762667256e-08,7.88215099121537e-08,True,-0.487185104052574,CT_enriched,0.031080031080031,True,1287.0,7,51,10.2241,152.8966,-3.7773,Dominant,Canonical,trial_failure_candidate
Astrocyte,ST3GAL1-206,ST3GAL1,0.7796610169491526,0.0,1.7891800544832828e-19,2.0703369201877992e-18,True,0.7796610169491526,AD_enriched,0.0357142857142857,True,56.0,46,0,14.6376,0.0,3.9669,Minor,Alternate,new_target_candidate
Astrocyte,ST3GAL1-210,ST3GAL1,0.2203389830508474,1.0,1.7891800544832828e-19,2.0703369201877992e-18,True,-0.7796610169491526,CT_enriched,0.0357142857142857,True,56.0,13,70,25.8631,87.6667,-1.7228,Dominant,Canonical,trial_failure_candidate
Astrocyte,ST3GAL5-222,ST3GAL5,0.2439024390243902,0.75,3.290336759404389e-09,1.3858898430611289e-08,True,-0.5060975609756098,CT_enriched,0.0303030303030303,True,165.0,10,39,13.2351,33.7905,-1.2892,Dominant,Canonical,trial_failure_candidate
Astrocyte,STAT3-201,STAT3,0.0116731517509727,0.3856209150326797,1.977914697805635e-65,3.786807594162425e-63,True,-0.373947763281707,CT_enriched,0.0366300366300366,True,1365.0,6,59,15.8784,22.2188,-0.4601,Dominant,Canonical,trial_failure_candidate
Astrocyte,STXBP5-211,STXBP5,0.3975903614457831,0.0196078431372549,3.800863043379549e-11,1.947595515658718e-10,True,0.3779825183085282,AD_enriched,0.0346320346320346,True,462.0,33,1,41.3256,1.9811,3.8276,Minor,Alternate,new_target_candidate
Astrocyte,SYT1-201,SYT1,0.647239263803681,0.8892508143322475,2.0715348684981844e-17,1.9050883987149241e-16,True,-0.2420115505285665,CT_enriched,0.0223110223110223,True,3003.0,211,273,259.1329,707.3327,-1.4452,Dominant,Canonical,trial_failure_candidate
Astrocyte,SYT1-202,SYT1,0.205521472392638,0.0,2.0715348684981844e-17,1.9050883987149241e-16,True,0.205521472392638,AD_enriched,0.0279720279720279,True,3003.0,67,0,67.3412,0.0,6.0947,Minor,Alternate,new_target_candidate
Astrocyte,TNKS1BP1-202,TNKS1BP1,0.75,0.0571428571428571,4.259988768971334e-12,2.3924096926543007e-11,True,0.692857142857143,AD_enriched,0.0357142857142857,True,28.0,75,2,31.6398,15.2583,1.0055,Minor,Alternate,new_target_candidate
Astrocyte,TNKS1BP1-201,TNKS1BP1,0.25,0.9428571428571428,4.259988768971334e-12,2.3924096926543007e-11,True,-0.6928571428571428,CT_enriched,0.0357142857142857,True,28.0,25,33,44.0751,228.8138,-2.3501,Dominant,Canonical,trial_failure_candidate
Astrocyte,TNPO2-203,TNPO2,0.3086419753086419,0.0,3.681354798307072e-07,1.2306243182912212e-06,True,0.3086419753086419,AD_enriched,0.0444444444444444,True,45.0,25,0,31.7818,0.0,5.0348,Minor,Alternate,new_target_candidate
Astrocyte,TUT7-206,TUT7,0.3023255813953488,0.9111111111111112,9.75241527237301e-13,5.8018606111914015e-12,True,-0.6087855297157624,CT_enriched,0.0202020202020202,True,792.0,39,41,52.5925,394.4273,-2.8833,Dominant,Canonical,trial_failure_candidate
Astrocyte,TUT7-201,TUT7,0.627906976744186,0.0,9.75241527237301e-13,5.8018606111914015e-12,True,0.627906976744186,AD_enriched,0.0126262626262626,True,792.0,81,0,50.8319,0.0,5.6958,Minor,Alternate,new_target_candidate
Astrocyte,VPS13C-201,VPS13C,0.6632653061224489,0.3333333333333333,1.4609859346112152e-06,4.592293101927193e-06,True,0.3299319727891156,AD_enriched,0.0325674325674325,True,5005.0,195,11,360.7392,11.0685,4.9056,Minor,Alternate,new_target_candidate
Astrocyte,VPS45-245,VPS45,0.293103448275862,0.0238095238095238,2.700602058143557e-06,8.290769583746839e-06,True,0.2692939244663382,AD_enriched,0.0484848484848484,True,330.0,17,2,16.2045,6.8181,1.1379,Minor,Alternate,new_target_candidate
Astrocyte,ZDHHC3-205,ZDHHC3,0.4857142857142857,1.0,4.7638368989948976e-08,1.750897122038962e-07,True,-0.5142857142857142,CT_enriched,0.0333333333333333,True,210.0,17,52,22.4628,101.179,-2.1227,Dominant,Canonical,trial_failure_candidate
Astrocyte,ZDHHC3-202,ZDHHC3,0.2571428571428571,0.0,4.7638368989948976e-08,1.750897122038962e-07,True,0.2571428571428571,AD_enriched,0.0476190476190476,True,210.0,9,0,22.1185,0.0,4.531,Minor,Alternate,new_target_candidate
Astrocyte,ZEB1-201,ZEB1,0.6216216216216216,0.0677966101694915,3.1415533479437263e-12,1.7929841058995903e-11,True,0.5538250114521301,AD_enriched,0.019047619047619,True,210.0,23,4,14.05,7.7202,0.7873,Minor,Alternate,new_target_candidate
Astrocyte,ZNF106-202,ZNF106,0.5143338954468802,0.8723404255319149,1.243420829616801e-17,1.1795694897175598e-16,True,-0.3580065300850347,CT_enriched,0.007,True,10000.0,305,164,384.1977,418.5774,-0.1233,Dominant,Canonical,trial_failure_candidate
Astrocyte,ZNF106-201,ZNF106,0.4569983136593591,0.1063829787234042,1.243420829616801e-17,1.1795694897175598e-16,True,0.3506153349359549,AD_enriched,0.0077,True,10000.0,271,20,321.803,111.1663,1.525,Minor,Alternate,new_target_candidate
Astrocyte,ZNF274-206,ZNF274,0.6363636363636364,0.2105263157894736,5.2119165746616016e-06,1.5481377018670427e-05,True,0.4258373205741628,AD_enriched,0.0277777777777777,True,36.0,21,20,28.2307,6.9785,1.8733,Minor,Alternate,new_target_candidate
Astrocyte,ZNF274-212,ZNF274,0.3333333333333333,0.7894736842105263,5.2119165746616016e-06,1.5481377018670427e-05,True,-0.456140350877193,CT_enriched,0.0277777777777777,True,36.0,11,75,13.9477,32.6981,-1.1727,Dominant,Canonical,trial_failure_candidate
Astrocyte,ZNF397-209,ZNF397,0.2535211267605634,0.0303030303030303,0.0005876624251131,0.0013194211804779,True,0.223218096457533,AD_enriched,0.0189810189810189,True,3003.0,18,2,8.189,0.6979,2.4362,Minor,Alternate,new_target_candidate
Astrocyte,ZNF397-202,ZNF397,0.7323943661971831,0.9696969696969696,0.0005876624251131,0.0013194211804779,True,-0.2373026034997865,CT_enriched,0.0056610056610056,True,3003.0,52,64,55.1585,149.2934,-1.4202,Dominant,Canonical,trial_failure_candidate
Astrocyte,ZNF587-201,ZNF587,0.5769230769230769,1.0,2.3959628939715834e-05,6.452554801411962e-05,True,-0.4230769230769231,CT_enriched,0.0277777777777777,True,36.0,30,38,61.1484,156.4413,-1.341,Dominant,Canonical,trial_failure_candidate
Astrocyte,ZNF706-209,ZNF706,0.5263157894736842,0.0303030303030303,1.6564015418763288e-05,4.565944564386844e-05,True,0.4960127591706539,AD_enriched,0.0317460317460317,True,126.0,20,1,17.9203,4.5192,1.7774,Minor,Alternate,new_target_candidate
Astrocyte,ZNF706-201,ZNF706,0.4736842105263157,0.9696969696969696,1.6564015418763288e-05,4.565944564386844e-05,True,-0.4960127591706539,CT_enriched,0.0317460317460317,True,126.0,18,32,17.4455,76.2413,-2.0661,Dominant,Canonical,trial_failure_candidate
Astrocyte,ZRANB2-204,ZRANB2,0.3977272727272727,0.0555555555555555,1.780174675691723e-06,5.562385559357223e-06,True,0.3421717171717172,AD_enriched,0.0344322344322344,True,1365.0,35,4,49.2797,13.3184,1.8121,Minor,Alternate,new_target_candidate
Excitatory_neuron,ABCA8-208,ABCA8,0.0309278350515463,0.28125,1.476687710520863e-06,5.589192065487983e-06,True,-0.2503221649484537,CT_enriched,0.0454545454545454,True,462.0,3,9,0.7878,3.8557,-1.4414,Dominant,Canonical,trial_failure_candidate
Excitatory_neuron,ACAP3-212,ACAP3,0.3111954459203036,0.1012048192771084,4.9632847622885545e-15,4.8558039750224445e-14,True,0.2099906266431952,AD_enriched,0.0361,True,10000.0,164,42,46.9134,18.5134,1.296,Minor,Alternate,new_target_candidate
Excitatory_neuron,transcript59248.chr20.nnic,ACOT8,0.5851528384279476,0.0089285714285714,2.5759146896998997e-29,7.774877827251654e-28,True,0.5762242669993762,AD_enriched,0.0236430236430236,True,3003.0,134,1,6.6285,0.243,2.6176,Minor,Alternate,new_target_candidate
Excitatory_neuron,ACTR10-201,ACTR10,0.7935103244837758,0.9946524064171124,8.540593025599e-10,4.893249299723239e-09,True,-0.2011420819333366,CT_enriched,0.0014652014652014,True,1365.0,269,186,42.5069,42.1463,0.012,Dominant,Canonical,trial_failure_candidate
Excitatory_neuron,transcript17744.chr19.nnic,ADAMTS10,0.8846153846153846,0.0363636363636363,8.762363138283065e-27,2.3453374241449727e-25,True,0.8482517482517483,AD_enriched,0.0142857142857142,True,210.0,115,2,31.641,0.475,4.4679,Minor,Alternate,new_target_candidate
Excitatory_neuron,transcript130800.chrX.nnic,AMOT,0.238095238095238,0.0,4.188632141395378e-05,0.0001272375493743,True,0.238095238095238,AD_enriched,0.0179820179820179,True,5005.0,30,0,6.5754,0.0,2.9213,Minor,Alternate,new_target_candidate
Excitatory_neuron,AMOT-203,AMOT,0.746031746031746,0.9565217391304348,4.188632141395378e-05,0.0001272375493743,True,-0.2104899930986887,CT_enriched,0.0431568431568431,True,5005.0,94,66,15.1417,21.8589,-0.502,Dominant,Canonical,trial_failure_candidate
Excitatory_neuron,ANKRD6-211,ANKRD6,0.2631578947368421,0.0,1.3934236886260318e-05,4.549320137173533e-05,True,0.2631578947368421,AD_enriched,0.0101010101010101,True,495.0,10,0,2.103,0.0,1.6337,Minor,Alternate,new_target_candidate
Excitatory_neuron,ANO5-208,ANO5,0.5135135135135135,0.0441640378548895,4.117576846533294e-40,2.413716741525674e-38,True,0.469349475658624,AD_enriched,0.0217782217782217,True,5005.0,76,14,16.4108,3.259,2.0314,Minor,Alternate,new_target_candidate
Excitatory_neuron,ARHGAP29-201,ARHGAP29,0.6580310880829016,0.8940092165898618,8.693180645400762e-10,4.964632070678553e-09,True,-0.2359781285069602,CT_enriched,0.0434,True,10000.0,254,194,45.7913,54.4572,-0.2451,Dominant,Canonical,trial_failure_candidate
Excitatory_neuron,ARL17B-203,ARL17B,0.3928571428571428,0.0862068965517241,8.080033041886708e-05,0.0002338297607756,True,0.3066502463054187,AD_enriched,0.0314685314685314,True,1716.0,44,5,7.8063,2.6766,1.2602,Minor,Alternate,new_target_candidate
Excitatory_neuron,ARMC8-213,ARMC8,0.3174603174603174,0.0424929178470254,8.581055413976012e-32,3.0131399035312797e-30,True,0.274967399613292,AD_enriched,0.0278,True,10000.0,100,15,11.3002,3.4222,1.4758,Minor,Alternate,new_target_candidate
Excitatory_neuron,ATF4-203,ATF4,0.3353658536585366,0.0982142857142857,1.1238465059546137e-05,3.738950875579772e-05,True,0.2371515679442509,AD_enriched,0.0317,True,10000.0,55,11,17.7143,2.8028,2.299,Minor,Alternate,new_target_candidate
Excitatory_neuron,ATP5F1C-202,ATP5F1C,0.5210526315789473,0.8490566037735849,7.639122830508534e-09,3.8838844682342185e-08,True,-0.3280039721946376,CT_enriched,0.0384615384615384,True,8008.0,198,90,25.7882,20.8909,0.2913,Dominant,Canonical,trial_failure_candidate
Excitatory_neuron,BRD9-213,BRD9,0.6557377049180327,0.1710526315789473,1.1061064591343825e-13,9.49832096203411e-13,True,0.4846850733390854,AD_enriched,0.0236430236430236,True,3003.0,80,13,11.8095,3.993,1.3592,Minor,Alternate,new_target_candidate
Excitatory_neuron,BROX-201,BROX,0.6666666666666666,0.979591836734694,0.0009743295410471,0.0023269089005546,True,-0.3129251700680273,CT_enriched,0.0126262626262626,True,792.0,28,48,5.4164,13.677,-1.1937,Dominant,Canonical,trial_failure_candidate
Excitatory_neuron,BRSK2-207,BRSK2,0.4722222222222222,0.0137931034482758,1.1902121072058584e-19,1.8116254241225652e-18,True,0.4584291187739464,AD_enriched,0.0454545454545454,True,330.0,17,2,4.9947,0.5102,1.9889,Minor,Alternate,new_target_candidate
Excitatory_neuron,transcript89853.chr2.nic,C2orf42,0.4285714285714285,0.0106382978723404,3.7532842603011524e-17,4.504576185840288e-16,True,0.4179331306990881,AD_enriched,0.0454545454545454,True,462.0,27,1,1.7279,0.243,1.134,Minor,Alternate,new_target_candidate
Excitatory_neuron,CAV1-202,CAV1,0.7384615384615385,0.1818181818181818,1.4759323806506352e-08,7.234822650970944e-08,True,0.5566433566433567,AD_enriched,0.0285714285714285,True,70.0,48,6,5.2184,1.3867,1.3815,Minor,Alternate,new_target_candidate
Excitatory_neuron,CCDC107-202,CCDC107,0.4423076923076923,0.1694915254237288,0.0216397489147796,0.0390759532885232,True,0.2728161668839635,AD_enriched,0.0285714285714285,True,210.0,23,10,5.4345,2.2459,0.9872,Minor,Alternate,new_target_candidate
Excitatory_neuron,transcript213419.chr3.nic,CCDC14,0.2689655172413793,0.0375,7.186255624070095e-07,2.8652114188605497e-06,True,0.2314655172413793,AD_enriched,0.0221,True,10000.0,39,3,6.7089,0.8709,2.0428,Minor,Alternate,new_target_candidate
Excitatory_neuron,CDC42BPA-204,CDC42BPA,0.3111111111111111,0.0367647058823529,9.672794310393737e-14,8.346609494358005e-13,True,0.2743464052287582,AD_enriched,0.0081918081918081,True,5005.0,28,5,12.4593,2.514,1.9374,Minor,Alternate,new_target_candidate
Excitatory_neuron,transcript152239.chr6.nic,CEP57L1,0.3369565217391304,0.0379746835443038,2.6283547541009567e-10,1.605764019882694e-09,True,0.2989818381948266,AD_enriched,0.0329670329670329,True,3003.0,31,3,3.4198,0.7422,1.3431,Minor,Alternate,new_target_candidate
Excitatory_neuron,CEP97-201,CEP97,0.1226053639846743,0.4734982332155477,5.123842250693791e-30,1.615262803740936e-28,True,-0.3508928692308733,CT_enriched,0.0221,True,10000.0,64,134,14.7172,33.6399,-1.1401,Dominant,Canonical,trial_failure_candidate
Excitatory_neuron,CEP97-213,CEP97,0.7241379310344828,0.3533568904593639,5.123842250693791e-30,1.615262803740936e-28,True,0.3707810405751188,AD_enriched,0.0161,True,10000.0,378,100,119.1867,62.738,0.9151,Minor,Alternate,new_target_candidate
Excitatory_neuron,CFAP54-209,CFAP54,0.4923076923076923,0.1549295774647887,4.912030837138065e-05,0.0001475689738577,True,0.3373781148429036,AD_enriched,0.0484848484848484,True,495.0,32,11,10.8041,4.3082,1.153,Minor,Alternate,new_target_candidate
Excitatory_neuron,CHCHD7-202,CHCHD7,0.5686274509803921,0.88,0.0002565866924465,0.0006836849772816,True,-0.3113725490196078,CT_enriched,0.0476190476190476,True,252.0,58,44,8.0731,11.8488,-0.502,Dominant,Canonical,trial_failure_candidate
Excitatory_neuron,CHD1-205,CHD1,0.6239316239316239,0.2470588235294117,1.2494828339782493e-17,1.5685985383022516e-16,True,0.3768728004022122,AD_enriched,0.0491,True,10000.0,292,42,108.6965,19.8428,2.3959,Minor,Alternate,new_target_candidate
Excitatory_neuron,CHD1-211,CHD1,0.188034188034188,0.5117647058823529,1.2494828339782493e-17,1.5685985383022516e-16,True,-0.3237305178481648,CT_enriched,0.037,True,10000.0,88,87,22.2408,77.7421,-1.7605,Dominant,Canonical,trial_failure_candidate
Excitatory_neuron,CHTOP-203,CHTOP,0.4104046242774566,0.16,1.1109464259246707e-09,6.258890388469968e-09,True,0.2504046242774566,AD_enriched,0.0429570429570429,True,3003.0,71,20,9.8775,5.0097,0.856,Minor,Alternate,new_target_candidate
Excitatory_neuron,CLUH-215,CLUH,0.0,0.8816568047337278,2.2018602659404104e-30,7.197140491389553e-29,True,-0.8816568047337278,CT_enriched,0.0476190476190476,True,84.0,0,149,0.0,30.3558,-4.9707,Dominant,Canonical,trial_failure_candidate
Excitatory_neuron,transcript4788.chr17.nic,CLUH,1.0,0.1065088757396449,2.2018602659404104e-30,7.197140491389553e-29,True,0.8934911242603552,AD_enriched,0.0476190476190476,True,84.0,45,18,7.121,8.9835,-0.2979,Minor,Alternate,new_target_candidate
Excitatory_neuron,CNTROB-202,CNTROB,0.2222222222222222,0.7804878048780488,1.644792940100847e-07,7.139850871563836e-07,True,-0.5582655826558266,CT_enriched,0.0416666666666666,True,120.0,14,32,2.645,9.2702,-1.4945,Dominant,Canonical,trial_failure_candidate
Excitatory_neuron,COG5-203,COG5,0.4178082191780822,0.0575539568345323,2.176704955468868e-13,1.820680218059042e-12,True,0.3602542623435499,AD_enriched,0.0013320013320013,True,3003.0,122,8,31.9309,4.2042,2.6617,Minor,Alternate,new_target_candidate
Excitatory_neuron,COG5-201,COG5,0.5684931506849316,0.9280575539568344,2.176704955468868e-13,1.820680218059042e-12,True,-0.3595644032719028,CT_enriched,0.0006660006660006,True,3003.0,166,129,34.9524,36.3114,-0.0535,Dominant,Canonical,trial_failure_candidate
Excitatory_neuron,CPNE4-213,CPNE4,0.3279352226720647,0.0660377358490566,3.016936296444218e-13,2.48538085373738e-12,True,0.2618974868230081,AD_enriched,0.0497502497502497,True,5005.0,81,14,10.6318,3.5548,1.3526,Minor,Alternate,new_target_candidate
Excitatory_neuron,transcript290195.chr1.nnic,CRB1,0.8455882352941176,0.3333333333333333,3.1777456368993253e-18,4.25597891391416e-17,True,0.5122549019607843,AD_enriched,0.0454545454545454,True,330.0,115,13,19.8929,4.3515,1.965,Minor,Alternate,new_target_candidate
Excitatory_neuron,CTBP1-209,CTBP1,0.3216783216783216,0.04,3.3488286255260317e-09,1.7779372335970165e-08,True,0.2816783216783216,AD_enriched,0.0399600399600399,True,2002.0,46,2,7.1632,0.5102,2.4344,Minor,Alternate,new_target_candidate
Excitatory_neuron,CTBP1-203,CTBP1,0.0769230769230769,0.44,3.3488286255260317e-09,1.7779372335970165e-08,True,-0.3630769230769231,CT_enriched,0.0054945054945054,True,2002.0,11,22,2.4966,6.3309,-1.068,Dominant,Canonical,trial_failure_candidate
Excitatory_neuron,CTNNA1-243,CTNNA1,0.3581081081081081,0.065359477124183,4.52231318678232e-10,2.6663979579257683e-09,True,0.2927486309839251,AD_enriched,0.0389,True,10000.0,106,10,19.8806,4.2812,1.9832,Minor,Alternate,new_target_candidate
Excitatory_neuron,CTTN-210,CTTN,0.2391304347826087,0.0126582278481012,2.6973278123218294e-06,9.898117631050407e-06,True,0.2264722069345075,AD_enriched,0.0378787878787878,True,792.0,11,1,1.4185,0.232,0.9731,Minor,Alternate,new_target_candidate
Excitatory_neuron,CYP1B1-205,CYP1B1,0.75,0.9629629629629628,2.5474717850326e-08,1.210262382534242e-07,True,-0.2129629629629628,CT_enriched,0.0181818181818181,True,330.0,141,182,11.5016,48.8328,-1.995,Dominant,Canonical,trial_failure_candidate
Excitatory_neuron,transcript45368.chr2.nic,CYP1B1,0.2393617021276596,0.037037037037037,2.5474717850326e-08,1.210262382534242e-07,True,0.2023246650906225,AD_enriched,0.0181818181818181,True,330.0,45,7,3.4719,1.7031,0.7263,Minor,Alternate,new_target_candidate
Excitatory_neuron,DCAF11-217,DCAF11,0.3259668508287293,0.1140065146579804,6.47998599674221e-11,4.2054684423290565e-10,True,0.2119603361707489,AD_enriched,0.0239760239760239,True,5005.0,118,35,16.8999,8.5387,0.9081,Minor,Alternate,new_target_candidate
Excitatory_neuron,DCAF13-207,DCAF13,0.2448979591836734,0.0240963855421686,0.000313366042296,0.0008241399102728,True,0.2208015736415048,AD_enriched,0.0101010101010101,True,495.0,12,2,2.538,0.8132,0.9644,Minor,Alternate,new_target_candidate
Excitatory_neuron,DCAF5-209,DCAF5,0.3208333333333333,0.0543933054393305,1.2253818361424716e-15,1.2633188028718824e-14,True,0.2664400278940028,AD_enriched,0.0,True,792.0,77,13,11.7735,3.1584,1.6191,Minor,Alternate,new_target_candidate
Excitatory_neuron,DCAF5-201,DCAF5,0.6166666666666667,0.9330543933054394,1.2253818361424716e-15,1.2633188028718824e-14,True,-0.3163877266387727,CT_enriched,0.0037878787878787,True,792.0,148,223,21.1303,46.1255,-1.0905,Dominant,Canonical,trial_failure_candidate
Excitatory_neuron,transcript164650.chr6.nnic,DCBLD1,0.3666666666666666,0.0434782608695652,1.4734269808592903e-06,5.579827856505578e-06,True,0.3231884057971014,AD_enriched,0.0047619047619047,True,210.0,11,5,2.6261,1.2634,0.68,Minor,Alternate,new_target_candidate
Excitatory_neuron,DCBLD1-202,DCBLD1,0.6,0.9478260869565216,1.4734269808592903e-06,5.579827856505578e-06,True,-0.3478260869565216,CT_enriched,0.0095238095238095,True,210.0,18,109,3.0137,47.7928,-3.6037,Dominant,Canonical,trial_failure_candidate
Excitatory_neuron,transcript214326.chr4.nic,DCTD,0.3934426229508196,0.0476190476190476,6.639457016531308e-05,0.0001950048389989,True,0.345823575331772,AD_enriched,0.0108780108780108,True,1287.0,24,2,5.819,1.3765,1.5207,Minor,Alternate,new_target_candidate
Excitatory_neuron,DDHD2-201,DDHD2,0.5958549222797928,0.9393939393939394,3.401229454006055e-27,9.314641126357124e-26,True,-0.3435390171141467,CT_enriched,0.0093,True,10000.0,115,434,23.0454,224.2703,-3.2278,Dominant,Canonical,trial_failure_candidate
Excitatory_neuron,transcript290066.chr1.nic,DENND1B,0.7037037037037037,0.2372881355932203,4.7064756429920025e-12,3.438005328088803e-11,True,0.4664155681104834,AD_enriched,0.0353535353535353,True,792.0,38,28,7.1941,7.768,-0.0977,Minor,Alternate,new_target_candidate
Excitatory_neuron,DIS3L-211,DIS3L,0.2328042328042328,0.0040160642570281,6.9598490857628935e-22,1.2690542304708531e-20,True,0.2287881685472046,AD_enriched,0.0305694305694305,True,5005.0,44,1,7.8264,0.243,2.828,Minor,Alternate,new_target_candidate
Excitatory_neuron,DIS3L-202,DIS3L,0.5661375661375662,0.9437751004016064,6.9598490857628935e-22,1.2690542304708531e-20,True,-0.3776375342640402,CT_enriched,0.0131868131868131,True,5005.0,107,235,23.2228,54.8916,-1.2063,Dominant,Canonical,trial_failure_candidate
Excitatory_neuron,DISP2-201,DISP2,0.1170212765957446,0.3513513513513513,8.692775917223856e-07,3.42924691773464e-06,True,-0.2343300747556067,CT_enriched,0.0357142857142857,True,84.0,11,13,1.4424,3.922,-1.0109,Dominant,Canonical,trial_failure_candidate
Excitatory_neuron,DMPK-223,DMPK,0.4246575342465753,0.0769230769230769,1.4051128733497351e-08,6.901984494923595e-08,True,0.3477344573234984,AD_enriched,0.0284715284715284,True,2002.0,93,6,21.7549,1.2338,3.3486,Minor,Alternate,new_target_candidate
Excitatory_neuron,transcript69536.chr18.nnic,DOK6,0.4302325581395348,0.2208955223880597,7.643561430054689e-18,9.768609229437462e-17,True,0.2093370357514751,AD_enriched,0.0259740259740259,True,2002.0,37,74,4.8197,21.9872,-1.9818,Minor,Alternate,new_target_candidate
Excitatory_neuron,transcript90266.chr19.nic,DPY19L3,0.5824175824175825,0.0909090909090909,9.386047163379761e-14,8.109041721053914e-13,True,0.4915084915084916,AD_enriched,0.0075757575757575,True,3432.0,53,5,10.4727,1.5876,2.1485,Minor,Alternate,new_target_candidate
Excitatory_neuron,transcript29256.chr22.nic,DUSP18,0.2539682539682539,0.0491803278688524,6.043964896922768e-19,8.625722940417135e-18,True,0.2047879260994015,AD_enriched,0.0253,True,10000.0,32,6,5.1778,2.882,0.6703,Minor,Alternate,new_target_candidate
Excitatory_neuron,transcript29671.chr22.nnic,DUSP18,0.4841269841269841,0.0901639344262295,6.043964896922768e-19,8.625722940417135e-18,True,0.3939630497007546,AD_enriched,0.0414,True,10000.0,61,11,18.0528,2.6747,2.3743,Minor,Alternate,new_target_candidate
Excitatory_neuron,DXO-210,DXO,0.5897435897435898,0.0227272727272727,3.668235331536689e-13,2.9975568210356838e-12,True,0.567016317016317,AD_enriched,0.0357142857142857,True,84.0,69,1,50.8489,0.232,5.3952,Minor,Alternate,new_target_candidate
Excitatory_neuron,DYRK1A-210,DYRK1A,0.4166666666666667,0.0,2.032978420331327e-05,6.46053581335578e-05,True,0.4166666666666667,AD_enriched,0.0181818181818181,True,330.0,20,0,5.7894,0.0,2.7633,Minor,Alternate,new_target_candidate
Excitatory_neuron,ECPAS-205,ECPAS,0.6923076923076923,0.3028571428571429,2.979561377981222e-17,3.5881203487301877e-16,True,0.3894505494505494,AD_enriched,0.0045,True,10000.0,243,53,48.8508,21.9066,1.1219,Minor,Alternate,new_target_candidate
Excitatory_neuron,EFCAB14-210,EFCAB14,0.5165876777251185,0.2841530054644808,2.909908424396381e-07,1.2293019925100376e-06,True,0.2324346722606377,AD_enriched,0.0249,True,10000.0,109,52,29.6464,13.6797,1.0619,Minor,Alternate,new_target_candidate
Excitatory_neuron,transcript40222.chr1.nnic,EIF4G3,0.3314917127071823,0.0551724137931034,9.474191632379648e-21,1.5737808254910737e-19,True,0.2763192989140789,AD_enriched,0.05,True,10000.0,60,8,31.0557,5.4389,2.3157,Minor,Alternate,new_target_candidate
Excitatory_neuron,ERCC2-204,ERCC2,0.1492537313432835,0.5666666666666667,0.0024755406701948,0.0054503509467989,True,-0.4174129353233831,CT_enriched,0.0,True,252.0,10,17,0.6686,5.3645,-1.9314,Dominant,Canonical,trial_failure_candidate
Excitatory_neuron,EXD2-202,EXD2,0.2989690721649484,0.0075187969924812,2.4085694213242766e-14,2.201544188847049e-13,True,0.2914502751724672,AD_enriched,0.0238095238095238,True,924.0,29,1,7.9175,0.3145,2.7621,Minor,Alternate,new_target_candidate
Excitatory_neuron,EXD2-214,EXD2,0.1649484536082474,0.6240601503759399,2.4085694213242766e-14,2.201544188847049e-13,True,-0.4591116967676925,CT_enriched,0.0054112554112554,True,924.0,16,83,2.4702,21.6133,-2.7041,Dominant,Canonical,trial_failure_candidate
Excitatory_neuron,FAM135A-205,FAM135A,0.2143884892086331,0.5341365461847389,4.986790776841629e-36,2.358087132009178e-34,True,-0.3197480569761058,CT_enriched,0.0127,True,10000.0,149,266,32.0871,70.4065,-1.1098,Dominant,Canonical,trial_failure_candidate
Excitatory_neuron,FAM47E-209,FAM47E,0.2264150943396226,0.0178571428571428,0.0007917017385181,0.0019257683234941,True,0.2085579514824798,AD_enriched,0.0,True,792.0,12,1,3.3416,0.232,1.8172,Minor,Alternate,new_target_candidate
Excitatory_neuron,FAS-236,FAS,0.2368421052631578,0.0158730158730158,8.253248039189953e-07,3.2685811469555742e-06,True,0.220969089390142,AD_enriched,0.0396825396825396,True,126.0,9,1,1.9974,0.3145,1.1892,Minor,Alternate,new_target_candidate
Excitatory_neuron,FBXW11-203,FBXW11,0.55,0.073170731707317,2.259897330662626e-28,6.542633374036737e-27,True,0.476829268292683,AD_enriched,0.0023310023310023,True,1287.0,77,12,7.338,3.7776,0.8034,Minor,Alternate,new_target_candidate
Excitatory_neuron,FECH-212,FECH,0.2394366197183098,0.0,9.982807598685082e-05,0.0002842555371235,True,0.2394366197183098,AD_enriched,0.0285714285714285,True,70.0,17,0,0.7982,0.0,0.8465,Minor,Alternate,new_target_candidate
Excitatory_neuron,FOXO3-203,FOXO3,0.6666666666666666,0.089430894308943,1.4260192311214269e-21,2.547797079683698e-20,True,0.5772357723577236,AD_enriched,0.0064935064935064,True,462.0,52,11,6.2585,3.4357,0.7105,Minor,Alternate,new_target_candidate
Excitatory_neuron,FOXP2-226,FOXP2,0.37,0.0085470085470085,2.1224432701446093e-15,2.1414637432625484e-14,True,0.3614529914529915,AD_enriched,0.0399378399378399,True,6435.0,74,1,7.3742,0.3145,2.6714,Minor,Alternate,new_target_candidate
Excitatory_neuron,transcript160449.chr6.nic,FYN,0.58,0.021505376344086,4.376924560049193e-13,3.5602667321592788e-12,True,0.558494623655914,AD_enriched,0.0378787878787878,True,1716.0,29,2,4.9542,2.289,0.8563,Minor,Alternate,new_target_candidate
Excitatory_neuron,GATAD1-203,GATAD1,0.5411764705882353,0.1549295774647887,2.8705663506516574e-06,1.0462963579225182e-05,True,0.3862468931234465,AD_enriched,0.0009,True,10000.0,46,11,21.4237,3.3983,2.35,Minor,Alternate,new_target_candidate
Excitatory_neuron,GATAD1-201,GATAD1,0.4588235294117647,0.8309859154929577,2.8705663506516574e-06,1.0462963579225182e-05,True,-0.372162386081193,CT_enriched,0.0009,True,10000.0,39,59,10.0981,22.4727,-1.0807,Dominant,Canonical,trial_failure_candidate
Excitatory_neuron,GEMIN4-207,GEMIN4,0.4903846153846153,0.0958904109589041,6.751597739814877e-12,4.8569049460960375e-11,True,0.3944942044257112,AD_enriched,0.0355477855477855,True,1716.0,51,14,7.0383,5.203,0.3739,Minor,Alternate,new_target_candidate
Excitatory_neuron,GEMIN4-201,GEMIN4,0.5096153846153846,0.9041095890410958,6.751597739814877e-12,4.8569049460960375e-11,True,-0.3944942044257112,CT_enriched,0.0355477855477855,True,1716.0,53,132,4.8954,26.8678,-2.2409,Dominant,Canonical,trial_failure_candidate
Excitatory_neuron,GLYR1-201,GLYR1,0.2605042016806723,0.8117647058823529,9.937451375320366e-20,1.5356501656894849e-18,True,-0.5512605042016807,CT_enriched,0.0117,True,10000.0,31,138,3.9842,26.9931,-2.4896,Dominant,Canonical,trial_failure_candidate
Excitatory_neuron,GOSR2-239,GOSR2,0.4852320675105485,0.1413427561837456,2.987288718889152e-51,3.0269769832972497e-49,True,0.3438893113268029,AD_enriched,0.0073,True,10000.0,345,80,33.4929,24.3901,0.442,Minor,Alternate,new_target_candidate
Excitatory_neuron,GPNMB-201,GPNMB,0.6357142857142857,0.9402985074626866,3.882123274124593e-05,0.0001186380886831,True,-0.3045842217484009,CT_enriched,0.0248640248640248,True,1287.0,89,63,58.765,37.3163,0.6413,Dominant,Canonical,trial_failure_candidate
Excitatory_neuron,GPR108-202,GPR108,0.5,0.1587301587301587,5.586725539417446e-06,1.9595100817764725e-05,True,0.3412698412698413,AD_enriched,0.0418026418026418,True,6435.0,102,10,42.2296,2.5963,3.5874,Minor,Alternate,new_target_candidate
Excitatory_neuron,GTF3C1-201,GTF3C1,0.46875,0.6711711711711712,2.1133296087147613e-08,1.0148846929325524e-07,True,-0.2024211711711712,CT_enriched,0.028,True,10000.0,225,149,40.5793,55.0768,-0.4315,Dominant,Canonical,trial_failure_candidate
Excitatory_neuron,GTF3C1-202,GTF3C1,0.5083333333333333,0.2702702702702703,2.1133296087147613e-08,1.0148846929325524e-07,True,0.238063063063063,AD_enriched,0.0144,True,10000.0,244,60,90.0578,18.5377,2.2205,Minor,Alternate,new_target_candidate
Excitatory_neuron,GTPBP3-222,GTPBP3,0.2307692307692307,0.0204081632653061,0.0003528971355694,0.0009192432547169,True,0.2103610675039246,AD_enriched,0.0126262626262626,True,792.0,33,1,5.8226,0.1718,2.5416,Minor,Alternate,new_target_candidate
Excitatory_neuron,HERC4-205,HERC4,0.3869565217391304,0.0081632653061224,1.6525290434172095e-32,6.041952837607355e-31,True,0.378793256433008,AD_enriched,0.0496170496170496,True,3003.0,89,2,5.3075,0.5212,2.0519,Minor,Alternate,new_target_candidate
Excitatory_neuron,IFTAP-227,IFTAP,0.3602484472049689,0.0062111801242236,1.9565047916200977e-22,3.642385429648649e-21,True,0.3540372670807453,AD_enriched,0.0035,True,10000.0,58,1,17.3315,0.2782,3.8421,Minor,Alternate,new_target_candidate
Excitatory_neuron,IQSEC3-201,IQSEC3,0.3947368421052631,0.0256410256410256,0.0002071655561424,0.0005595678940284,True,0.3690958164642375,AD_enriched,0.0476190476190476,True,210.0,15,1,1.0481,0.243,0.7205,Minor,Alternate,new_target_candidate
Excitatory_neuron,IQSEC3-203,IQSEC3,0.6052631578947368,0.9743589743589745,0.0002071655561424,0.0005595678940284,True,-0.3690958164642376,CT_enriched,0.0476190476190476,True,210.0,23,38,10.1706,11.3817,-0.1485,Dominant,Canonical,trial_failure_candidate
Excitatory_neuron,ITCH-214,ITCH,0.2686567164179104,0.0343347639484978,6.710636729472496e-11,4.3508726071433647e-10,True,0.2343219524694126,AD_enriched,0.0158730158730158,True,252.0,18,8,3.4076,1.6237,0.7484,Minor,Alternate,new_target_candidate
Excitatory_neuron,JARID2-202,JARID2,0.375,0.0,6.293959022207172e-19,8.946503275454002e-18,True,0.375,AD_enriched,0.0267,True,10000.0,45,0,6.2868,0.0,2.8653,Minor,Alternate,new_target_candidate
Excitatory_neuron,KBTBD3-205,KBTBD3,0.6352941176470588,0.9195402298850576,4.332303598124362e-05,0.0001313137650517,True,-0.2842461122379988,CT_enriched,0.0104895104895104,True,1716.0,54,80,8.6559,21.7568,-1.2368,Dominant,Canonical,trial_failure_candidate
Excitatory_neuron,KCNK9-210,KCNK9,0.4411764705882353,0.010204081632653,1.5685731980686103e-11,1.0939911203442136e-10,True,0.4309723889555822,AD_enriched,0.0036630036630036,True,3003.0,30,1,5.7015,0.2782,2.3904,Minor,Alternate,new_target_candidate
Excitatory_neuron,KDM4B-208,KDM4B,0.3034482758620689,0.0510204081632653,5.89863094454104e-05,0.0001748390693256,True,0.2524278676988036,AD_enriched,0.0326340326340326,True,3003.0,44,5,24.2427,1.5523,3.306,Minor,Alternate,new_target_candidate
Excitatory_neuron,L3MBTL1-223,L3MBTL1,0.59375,0.1666666666666666,0.0020032537198574,0.004497967279186,True,0.4270833333333333,AD_enriched,0.0396825396825396,True,126.0,19,8,2.7884,2.1591,0.2621,Minor,Alternate,new_target_candidate
Excitatory_neuron,LARP4-203,LARP4,0.4444444444444444,0.9010989010989012,2.4489442722767e-10,1.500031236896255e-09,True,-0.4566544566544568,CT_enriched,0.0151515151515151,True,1716.0,36,82,4.0955,25.1523,-2.3596,Dominant,Canonical,trial_failure_candidate
Excitatory_neuron,LARP4-202,LARP4,0.382716049382716,0.0219780219780219,2.4489442722767e-10,1.500031236896255e-09,True,0.3607380274046941,AD_enriched,0.0337995337995338,True,1716.0,31,2,4.9961,0.5927,1.9126,Minor,Alternate,new_target_candidate
Excitatory_neuron,LIG1-201,LIG1,0.1359832635983263,0.6666666666666666,6.300390246787643e-52,6.669950450815636e-50,True,-0.5306834030683403,CT_enriched,0.0069930069930069,True,8008.0,65,106,8.1981,22.1728,-1.333,Dominant,Canonical,trial_failure_candidate
Excitatory_neuron,LIG4-201,LIG4,0.3465346534653465,0.1232227488151658,1.8150249481890168e-19,2.693299572699728e-18,True,0.2233119046501807,AD_enriched,0.0086580086580086,True,462.0,35,26,5.9639,6.3886,-0.0854,Minor,Alternate,new_target_candidate
Excitatory_neuron,LRPPRC-201,LRPPRC,0.1600719424460431,0.5210970464135021,8.881925958993227e-38,4.532338189002803e-36,True,-0.361025103967459,CT_enriched,0.0315,True,10000.0,89,247,19.3038,64.2884,-1.6851,Dominant,Canonical,trial_failure_candidate
Excitatory_neuron,LRRC27-201,LRRC27,0.3088235294117647,0.0,0.0026384919560625,0.0057690577818593,True,0.3088235294117647,AD_enriched,0.0357142857142857,True,252.0,21,0,1.3337,0.0,1.2226,Minor,Alternate,new_target_candidate
Excitatory_neuron,LRRC47-201,LRRC47,0.3333333333333333,0.9576923076923076,1.1045578404078971e-34,4.896642976258259e-33,True,-0.6243589743589744,CT_enriched,0.0119047619047619,True,924.0,27,249,4.7047,73.8112,-3.713,Dominant,Canonical,trial_failure_candidate
Excitatory_neuron,transcript9764.chr1.nnic,LRRC47,0.5925925925925926,0.0346153846153846,1.1045578404078971e-34,4.896642976258259e-33,True,0.557977207977208,AD_enriched,0.0129870129870129,True,924.0,48,9,7.724,2.3424,1.3841,Minor,Alternate,new_target_candidate
Excitatory_neuron,LRRC8D-202,LRRC8D,0.3870967741935484,0.0,1.0646037513547214e-12,8.281773874152558e-12,True,0.3870967741935484,AD_enriched,0.0047619047619047,True,210.0,12,0,2.6707,0.0,1.8761,Minor,Alternate,new_target_candidate
Excitatory_neuron,transcript4577.chr12.nnic,LRTM2,0.5473684210526316,0.2589928057553957,3.7875070568606994e-05,0.0001158964087761,True,0.2883756152972359,AD_enriched,0.0484848484848484,True,495.0,52,36,16.2382,7.4649,1.026,Minor,Alternate,new_target_candidate
Excitatory_neuron,MAN2C1-242,MAN2C1,0.3076923076923077,0.0172413793103448,9.958874510944194e-11,6.35236482968769e-10,True,0.2904509283819629,AD_enriched,0.0337995337995338,True,1716.0,20,2,3.0328,0.464,1.4619,Minor,Alternate,new_target_candidate
Excitatory_neuron,MAN2C1-201,MAN2C1,0.4615384615384615,0.913793103448276,9.958874510944194e-11,6.35236482968769e-10,True,-0.4522546419098145,CT_enriched,0.0104895104895104,True,1716.0,30,106,5.4962,22.9595,-1.8829,Dominant,Canonical,trial_failure_candidate
Excitatory_neuron,MAP4-215,MAP4,0.3303030303030303,0.052863436123348,1.9855876449180887e-28,5.819740977439672e-27,True,0.2774395941796823,AD_enriched,0.0295,True,10000.0,109,24,61.986,7.2598,2.9309,Minor,Alternate,new_target_candidate
Excitatory_neuron,MAP7-208,MAP7,0.3526011560693641,0.1397058823529411,3.3921205438822713e-09,1.7995744964664885e-08,True,0.212895273716423,AD_enriched,0.0336,True,10000.0,61,19,12.3689,5.6207,1.0138,Minor,Alternate,new_target_candidate
Excitatory_neuron,MAST4-202,MAST4,0.2119205298013245,0.7,2.798253385476027e-25,6.300955956565543e-24,True,-0.4880794701986755,CT_enriched,0.016025641025641,True,3432.0,64,126,21.3838,56.4692,-1.3603,Dominant,Canonical,trial_failure_candidate
Excitatory_neuron,MED23-201,MED23,0.328125,0.0612244897959183,4.2019172092751904e-06,1.5113691057499455e-05,True,0.2669005102040817,AD_enriched,0.0419580419580419,True,3432.0,21,6,5.9766,1.1733,1.6827,Minor,Alternate,new_target_candidate
Excitatory_neuron,MIEF1-203,MIEF1,0.3695652173913043,0.0070921985815602,2.750166370820721e-12,2.0598658994964493e-11,True,0.3624730188097441,AD_enriched,0.0333333333333333,True,210.0,17,1,3.2203,0.1718,1.8486,Minor,Alternate,new_target_candidate
Excitatory_neuron,MKRN1-201,MKRN1,0.5650406504065041,0.7994791666666666,1.0459407437892025e-12,8.152590874392099e-12,True,-0.2344385162601625,CT_enriched,0.021,True,10000.0,278,307,36.7842,73.098,-0.9717,Dominant,Canonical,trial_failure_candidate
Excitatory_neuron,MLIP-208,MLIP,0.0602716468590831,0.7325581395348837,1.5987411502032287e-85,4.7249462409964594e-83,True,-0.6722864926758005,CT_enriched,0.0407,True,10000.0,71,63,13.3137,37.1726,-1.4151,Dominant,Canonical,trial_failure_candidate
Excitatory_neuron,MPI-213,MPI,0.21,0.0,6.175164193977842e-11,4.0183889566866806e-10,True,0.21,AD_enriched,0.0363636363636363,True,330.0,21,0,3.2095,0.0,2.0736,Minor,Alternate,new_target_candidate
Excitatory_neuron,MSH6-211,MSH6,0.5966268446943078,0.0123456790123456,1.3629503326360786e-67,2.357904075460416e-65,True,0.5842811656819622,AD_enriched,0.031,True,10000.0,849,3,51.6429,1.7434,4.2622,Minor,Alternate,new_target_candidate
Excitatory_neuron,MTF2-201,MTF2,0.5,0.7868852459016393,0.0006383456719154,0.0015803790055485,True,-0.2868852459016393,CT_enriched,0.0485514485514485,True,5005.0,53,48,7.3965,11.6496,-0.5912,Dominant,Canonical,trial_failure_candidate
Excitatory_neuron,MTIF3-205,MTIF3,0.2328767123287671,0.0,0.0077171409857215,0.0153628069075843,True,0.2328767123287671,AD_enriched,0.0,True,792.0,17,0,1.8186,0.0,1.495,Minor,Alternate,new_target_candidate
Excitatory_neuron,MTMR12-203,MTMR12,0.6690140845070423,0.896551724137931,3.933040190639626e-05,0.0001200389590026,True,-0.2275376396308888,CT_enriched,0.0425574425574425,True,5005.0,95,104,12.575,29.9343,-1.1883,Dominant,Canonical,trial_failure_candidate
Excitatory_neuron,MTRFR-201,MTRFR,0.3853211009174312,0.7551020408163265,1.636924872647647e-09,9.035570522715769e-09,True,-0.3697809398988952,CT_enriched,0.0327172827172827,True,8008.0,84,37,17.6513,10.8419,0.6554,Dominant,Canonical,trial_failure_candidate
Excitatory_neuron,MTRFR-203,MTRFR,0.5,0.0408163265306122,1.636924872647647e-09,9.035570522715769e-09,True,0.4591836734693878,AD_enriched,0.0364635364635364,True,8008.0,109,2,39.5566,0.753,4.5321,Minor,Alternate,new_target_candidate
Excitatory_neuron,NCOA1-206,NCOA1,0.4266666666666667,0.1946902654867256,0.0057274374030011,0.01178210948361,True,0.2319764011799411,AD_enriched,0.0023976023976023,True,5005.0,32,22,6.1397,7.2118,-0.2018,Minor,Alternate,new_target_candidate
Excitatory_neuron,NCOA6-201,NCOA6,0.0930232558139534,0.9375,3.051177319549701e-12,2.2685535353842798e-11,True,-0.8444767441860466,CT_enriched,0.0357142857142857,True,56.0,4,30,3.3052,8.7051,-1.1727,Dominant,Canonical,trial_failure_candidate
Excitatory_neuron,transcript41781.chr20.nnic,NCOA6,0.7441860465116279,0.03125,3.051177319549701e-12,2.2685535353842798e-11,True,0.7129360465116279,AD_enriched,0.0357142857142857,True,56.0,32,1,5.4493,0.1718,2.4604,Minor,Alternate,new_target_candidate
Excitatory_neuron,NDUFAF5-201,NDUFAF5,0.6911764705882353,0.2121212121212121,1.2989921824946546e-09,7.260639519649004e-09,True,0.4790552584670232,AD_enriched,0.0021645021645021,True,462.0,47,21,7.8987,5.0109,0.566,Minor,Alternate,new_target_candidate
Excitatory_neuron,NDUFAF5-202,NDUFAF5,0.2941176470588235,0.7878787878787878,1.2989921824946546e-09,7.260639519649004e-09,True,-0.4937611408199643,CT_enriched,0.0043290043290043,True,462.0,20,78,2.902,18.6914,-2.3353,Dominant,Canonical,trial_failure_candidate
Excitatory_neuron,NDUFS4-201,NDUFS4,0.0714285714285714,0.4411764705882353,6.147553978338848e-05,0.0001815345560714,True,-0.3697478991596639,CT_enriched,0.0476190476190476,True,252.0,3,15,0.6096,4.4533,-1.7604,Dominant,Canonical,trial_failure_candidate
Excitatory_neuron,NEBL-222,NEBL,0.6516393442622951,0.168,1.5377629761816785e-17,1.9068798584015115e-16,True,0.483639344262295,AD_enriched,0.0113,True,10000.0,159,21,50.6412,15.0436,1.6865,Minor,Alternate,new_target_candidate
Excitatory_neuron,NEIL2-201,NEIL2,0.2112676056338028,0.5654450261780105,1.7657432226042513e-14,1.630783421605723e-13,True,-0.3541774205442077,CT_enriched,0.03,True,10000.0,60,108,12.4494,26.5645,-1.0353,Dominant,Canonical,trial_failure_candidate
Excitatory_neuron,NEU3-204,NEU3,0.3177570093457944,0.0342465753424657,2.220223663584237e-09,1.2049002636421576e-08,True,0.2835104340033286,AD_enriched,0.0155844155844155,True,5005.0,34,5,4.5512,1.5092,1.1456,Minor,Alternate,new_target_candidate
Excitatory_neuron,NEU3-201,NEU3,0.6728971962616822,0.9657534246575342,2.220223663584237e-09,1.2049002636421576e-08,True,-0.292856228395852,CT_enriched,0.0167832167832167,True,5005.0,72,141,11.0674,31.9851,-1.4507,Dominant,Canonical,trial_failure_candidate
Excitatory_neuron,NICN1-201,NICN1,0.5503875968992248,0.8014184397163121,3.383452093031074e-05,0.0001044789973699,True,-0.2510308428170873,CT_enriched,0.0063,True,10000.0,71,113,7.9115,28.1646,-1.7105,Dominant,Canonical,trial_failure_candidate
Excitatory_neuron,NR2F1-201,NR2F1,0.4595744680851064,0.7021276595744681,0.0008419015314133,0.0020360066697289,True,-0.2425531914893617,CT_enriched,0.0417,True,10000.0,108,66,26.7175,22.6907,0.2265,Dominant,Canonical,trial_failure_candidate
Excitatory_neuron,NUP58-209,NUP58,0.271062271062271,0.0488997555012225,1.0444908460853738e-20,1.7309751334774664e-19,True,0.2221625155610485,AD_enriched,0.0491,True,10000.0,148,20,34.4521,8.154,1.9534,Minor,Alternate,new_target_candidate
Excitatory_neuron,OGFOD3-201,OGFOD3,0.4675324675324675,0.7111111111111111,0.0074567348395111,0.0149224897694381,True,-0.2435786435786436,CT_enriched,0.0454545454545454,True,1716.0,36,32,7.9568,7.8216,0.0219,Dominant,Canonical,trial_failure_candidate
Excitatory_neuron,OGFOD3-206,OGFOD3,0.4415584415584415,0.2,0.0074567348395111,0.0149224897694381,True,0.2415584415584414,AD_enriched,0.0308857808857808,True,1716.0,34,9,5.5208,3.3327,0.5898,Minor,Alternate,new_target_candidate
Excitatory_neuron,OGG1-206,OGG1,0.2947368421052631,0.0,2.435309720956628e-06,8.992010333547819e-06,True,0.2947368421052631,AD_enriched,0.013,True,10000.0,28,0,1.8208,0.0,1.4961,Minor,Alternate,new_target_candidate
Excitatory_neuron,PACS1-205,PACS1,0.3475177304964539,0.1342592592592592,2.52648096951751e-07,1.0750047700532513e-06,True,0.2132584712371947,AD_enriched,0.0161616161616161,True,6435.0,49,29,6.0126,9.1033,-0.5268,Minor,Alternate,new_target_candidate
Excitatory_neuron,PAK6-205,PAK6,0.28,0.0326086956521739,0.0001387958666616,0.0003862216878112,True,0.2473913043478261,AD_enriched,0.0043290043290043,True,3003.0,14,3,3.4647,0.5866,1.4926,Minor,Alternate,new_target_candidate
Excitatory_neuron,PALS1-201,PALS1,0.0873015873015873,0.7647058823529411,8.741340962374532e-26,2.0530573326530647e-24,True,-0.6774042950513538,CT_enriched,0.0178710178710178,True,1287.0,11,91,2.1766,30.09,-3.2909,Dominant,Canonical,trial_failure_candidate
Excitatory_neuron,PALS1-208,PALS1,0.4841269841269841,0.1176470588235294,8.741340962374532e-26,2.0530573326530647e-24,True,0.3664799253034547,AD_enriched,0.0404040404040404,True,1287.0,61,14,11.1541,4.5426,1.1328,Minor,Alternate,new_target_candidate
Excitatory_neuron,PCDHA6-201,PCDHA6,0.5889830508474576,0.2704918032786885,2.0798695424577725e-08,1.0008490274527124e-07,True,0.3184912475687691,AD_enriched,0.041025641025641,True,6435.0,139,33,28.7263,12.3388,1.1561,Minor,Alternate,new_target_candidate
Excitatory_neuron,PCDHA6-203,PCDHA6,0.4110169491525424,0.7295081967213115,2.0798695424577725e-08,1.0008490274527124e-07,True,-0.3184912475687691,CT_enriched,0.041025641025641,True,6435.0,97,89,18.4662,21.4901,-0.2083,Dominant,Canonical,trial_failure_candidate
Excitatory_neuron,PDCD2-204,PDCD2,0.7878787878787878,0.375,0.0025460107118079,0.0055860446452433,True,0.4128787878787878,AD_enriched,0.0476190476190476,True,126.0,26,18,19.1802,4.6135,1.846,Minor,Alternate,new_target_candidate
Excitatory_neuron,PIGO-214,PIGO,0.28,0.0,3.7455785512590956e-10,2.2381961806302247e-09,True,0.28,AD_enriched,0.0281385281385281,True,462.0,21,0,2.1262,0.0,1.6444,Minor,Alternate,new_target_candidate
Excitatory_neuron,PKP4-202,PKP4,0.33125,0.6517857142857143,1.2329805041129076e-07,5.418544433502387e-07,True,-0.3205357142857143,CT_enriched,0.0113442113442113,True,6435.0,53,73,13.1661,25.2963,-0.8924,Dominant,Canonical,trial_failure_candidate
Excitatory_neuron,PKP4-204,PKP4,0.2625,0.0178571428571428,1.2329805041129076e-07,5.418544433502387e-07,True,0.2446428571428572,AD_enriched,0.0264180264180264,True,6435.0,42,2,7.4807,1.7256,1.6376,Minor,Alternate,new_target_candidate
Excitatory_neuron,POMT2-202,POMT2,0.7764705882352941,0.3454545454545454,1.240524485865895e-06,4.774302863942915e-06,True,0.4310160427807487,AD_enriched,0.0141,True,10000.0,66,19,14.1219,11.5231,0.272,Minor,Alternate,new_target_candidate
Excitatory_neuron,PPFIA1-219,PPFIA1,0.4584905660377358,0.0625,2.1419100290812585e-29,6.548520619083346e-28,True,0.3959905660377358,AD_enriched,0.0032,True,10000.0,243,16,30.1905,5.228,2.3243,Minor,Alternate,new_target_candidate
Excitatory_neuron,PPM1L-205,PPM1L,0.2424242424242424,0.9240506329113924,1.6964819233208633e-18,2.327494445283343e-17,True,-0.68162639048715,CT_enriched,0.0315656565656565,True,792.0,24,73,4.629,23.7688,-2.1376,Dominant,Canonical,trial_failure_candidate
Excitatory_neuron,transcript269008.chr3.nnic,PPM1L,0.3737373737373737,0.0,1.6964819233208633e-18,2.327494445283343e-17,True,0.3737373737373737,AD_enriched,0.0441919191919191,True,792.0,37,0,1.7372,0.0,1.4527,Minor,Alternate,new_target_candidate
Excitatory_neuron,PPP2R5C-201,PPP2R5C,0.7631578947368421,0.1818181818181818,2.346886285806883e-12,1.769018536156028e-11,True,0.5813397129186604,AD_enriched,0.0277777777777777,True,792.0,58,12,8.9853,3.7376,1.0757,Minor,Alternate,new_target_candidate
Excitatory_neuron,PPP6R2-203,PPP6R2,0.217391304347826,0.0097087378640776,2.8859553698112404e-08,1.3619481994724638e-07,True,0.2076825664837484,AD_enriched,0.0076590076590076,True,3003.0,20,1,46.564,0.2782,5.2177,Minor,Alternate,new_target_candidate
Excitatory_neuron,PRKACB-205,PRKACB,0.4546424759871931,0.2320185614849187,1.0210336345823531e-14,9.721062510191452e-14,True,0.2226239145022744,AD_enriched,0.0391,True,10000.0,426,100,58.5486,27.4133,1.0675,Minor,Alternate,new_target_candidate
Excitatory_neuron,PRKG2-201,PRKG2,0.1851851851851851,0.872,8.722946837418985e-21,1.4558085157132438e-19,True,-0.6868148148148149,CT_enriched,0.019047619047619,True,210.0,10,109,1.2598,30.023,-3.779,Dominant,Canonical,trial_failure_candidate
Excitatory_neuron,PRPF39-202,PRPF39,0.2295597484276729,0.014760147601476,3.8290783461099676e-17,4.587779173810473e-16,True,0.2147996008261969,AD_enriched,0.0189,True,10000.0,73,4,11.3314,1.9692,2.0542,Minor,Alternate,new_target_candidate
Excitatory_neuron,PRRC2B-203,PRRC2B,0.3636363636363636,0.0490196078431372,1.3393529678153124e-08,6.588093343074905e-08,True,0.3146167557932264,AD_enriched,0.0125,True,10000.0,36,5,4.9288,2.2573,0.8641,Minor,Alternate,new_target_candidate
Excitatory_neuron,PSRC1-205,PSRC1,0.7386363636363636,0.4516129032258064,3.185600725456866e-08,1.4963884732228842e-07,True,0.2870234604105572,AD_enriched,0.0107892107892107,True,5005.0,130,42,21.2547,15.0032,0.4757,Minor,Alternate,new_target_candidate
Excitatory_neuron,PTP4A2-219,PTP4A2,0.1186440677966101,0.8292682926829268,5.216926335605559e-12,3.7913584527100646e-11,True,-0.7106242248863167,CT_enriched,0.0194805194805194,True,462.0,7,34,1.1903,28.9302,-3.7724,Dominant,Canonical,trial_failure_candidate
Excitatory_neuron,PTP4A2-220,PTP4A2,0.8813559322033898,0.1707317073170731,5.216926335605559e-12,3.7913584527100646e-11,True,0.7106242248863167,AD_enriched,0.0194805194805194,True,462.0,52,7,46.9384,3.6239,3.374,Minor,Alternate,new_target_candidate
Excitatory_neuron,PUS7L-208,PUS7L,0.2420289855072463,0.0328282828282828,1.2367407110143626e-17,1.558117560075466e-16,True,0.2092007026789635,AD_enriched,0.0414,True,10000.0,167,13,25.8835,3.5624,2.5589,Minor,Alternate,new_target_candidate
Excitatory_neuron,transcript177357.chr10.nnic,R3HCC1L,0.5121951219512195,0.0566037735849056,9.403516678695304e-07,3.6870726258698617e-06,True,0.4555913483663139,AD_enriched,0.006060606060606,True,330.0,21,3,3.9909,1.7372,0.8666,Minor,Alternate,new_target_candidate
Excitatory_neuron,RAB3GAP2-202,RAB3GAP2,0.2584269662921348,0.7627118644067796,4.14293853594941e-18,5.4722277533499374e-17,True,-0.5042848981146448,CT_enriched,0.0178710178710178,True,1287.0,46,90,13.2848,24.7045,-0.8475,Dominant,Canonical,trial_failure_candidate
Excitatory_neuron,RADX-204,RADX,0.3333333333333333,0.0121951219512195,1.7710056287982787e-06,6.653465532344381e-06,True,0.3211382113821138,AD_enriched,0.0416666666666666,True,120.0,10,1,1.0807,0.2782,0.7029,Minor,Alternate,new_target_candidate
Excitatory_neuron,RARB-209,RARB,0.4719101123595505,0.1775700934579439,5.437390113497345e-05,0.0001621160490753,True,0.2943400189016066,AD_enriched,0.0404040404040404,True,792.0,42,19,5.3661,4.867,0.1178,Minor,Alternate,new_target_candidate
Excitatory_neuron,RARB-201,RARB,0.5168539325842697,0.8037383177570093,5.437390113497345e-05,0.0001621160490753,True,-0.2868843851727396,CT_enriched,0.0441919191919191,True,792.0,46,86,5.9482,21.7388,-1.7104,Dominant,Canonical,trial_failure_candidate
Excitatory_neuron,RASSF5-201,RASSF5,0.6341463414634146,0.1217948717948717,5.711409273211641e-15,5.5494556129986536e-14,True,0.512351469668543,AD_enriched,0.0268842268842268,True,6435.0,52,19,14.7639,5.4062,1.2991,Minor,Alternate,new_target_candidate
Excitatory_neuron,transcript134128.chr17.nnic,RBFOX3,0.3066666666666666,0.0928571428571428,1.2057851660079584e-12,9.336936880452457e-12,True,0.2138095238095237,AD_enriched,0.0249750249750249,True,2002.0,23,13,5.0348,6.8232,-0.3745,Minor,Alternate,new_target_candidate
Excitatory_neuron,RC3H1-202,RC3H1,0.4932432432432432,0.136518771331058,1.378108010950081e-15,1.4105223840792098e-14,True,0.3567244719121852,AD_enriched,0.019,True,10000.0,73,40,15.4549,23.6535,-0.5833,Minor,Alternate,new_target_candidate
Excitatory_neuron,RC3H1-203,RC3H1,0.5067567567567568,0.863481228668942,1.378108010950081e-15,1.4105223840792098e-14,True,-0.3567244719121851,CT_enriched,0.019,True,10000.0,75,253,14.6681,90.4189,-2.5447,Dominant,Canonical,trial_failure_candidate
Excitatory_neuron,RDH13-203,RDH13,0.0695652173913043,0.5121951219512195,4.397270293757538e-09,2.2933704554133984e-08,True,-0.4426299045599152,CT_enriched,0.0242424242424242,True,165.0,8,21,0.8059,5.101,-1.7563,Dominant,Canonical,trial_failure_candidate
Excitatory_neuron,RHOBTB1-202,RHOBTB1,0.2692307692307692,0.0,1.3478529398469688e-14,1.2629221799649337e-13,True,0.2692307692307692,AD_enriched,0.0163170163170163,True,1716.0,21,0,2.6021,0.0,1.8488,Minor,Alternate,new_target_candidate
Excitatory_neuron,RIF1-203,RIF1,0.6035714285714285,0.1769662921348314,6.433196067422322e-30,2.010161220538613e-28,True,0.4266051364365971,AD_enriched,0.0311,True,10000.0,169,63,35.7394,16.9714,1.0316,Minor,Alternate,new_target_candidate
Excitatory_neuron,RIOK3-205,RIOK3,0.4077669902912621,0.1183970856102003,1.597867518928912e-21,2.847656862251952e-20,True,0.2893699046810618,AD_enriched,0.0444,True,10000.0,126,65,24.6295,25.8811,-0.0688,Minor,Alternate,new_target_candidate
Excitatory_neuron,RNF121-211,RNF121,0.2150537634408602,0.0,2.502023659200179e-07,1.0658771059884003e-06,True,0.2150537634408602,AD_enriched,0.0324675324675324,True,462.0,20,0,1.6964,0.0,1.431,Minor,Alternate,new_target_candidate
Excitatory_neuron,RNF121-201,RNF121,0.6989247311827957,0.9893617021276596,2.502023659200179e-07,1.0658771059884003e-06,True,-0.2904369709448638,CT_enriched,0.0367965367965368,True,462.0,65,93,8.7413,19.9993,-1.1082,Dominant,Canonical,trial_failure_candidate
Excitatory_neuron,RPS3-217,RPS3,0.7005347593582888,0.903846153846154,1.3731349065870668e-05,4.492456592445602e-05,True,-0.2033113944878651,CT_enriched,0.0053,True,10000.0,131,141,48.0149,50.4271,-0.0693,Dominant,Canonical,trial_failure_candidate
Excitatory_neuron,RUFY1-202,RUFY1,0.4489795918367347,0.1276595744680851,5.859723019820816e-06,2.0488672181159425e-05,True,0.3213200173686495,AD_enriched,0.0317460317460317,True,252.0,44,12,3.4128,2.5494,0.3141,Minor,Alternate,new_target_candidate
Excitatory_neuron,transcript194267.chr4.nic,RXFP1,0.3245033112582781,0.0136986301369863,1.9797112363743096e-11,1.3593506098357192e-10,True,0.3108046811212918,AD_enriched,0.0145687645687645,True,1716.0,49,2,3.84,0.5465,1.646,Minor,Alternate,new_target_candidate
Excitatory_neuron,SCAF4-202,SCAF4,0.3922651933701657,0.1300813008130081,1.677298678791926e-06,6.321508782503259e-06,True,0.2621838925571575,AD_enriched,0.0395604395604395,True,5005.0,71,16,11.3673,4.6128,1.1397,Minor,Alternate,new_target_candidate
Excitatory_neuron,SCAF4-201,SCAF4,0.5027624309392266,0.7804878048780488,1.677298678791926e-06,6.321508782503259e-06,True,-0.2777253739388222,CT_enriched,0.0163836163836163,True,5005.0,91,96,16.1781,30.7892,-0.888,Dominant,Canonical,trial_failure_candidate
Excitatory_neuron,SEC23IP-201,SEC23IP,0.170886075949367,0.6402877697841727,3.5107750401661475e-16,3.807634152889677e-15,True,-0.4694016938348057,CT_enriched,0.0279720279720279,True,5005.0,27,89,5.2639,23.8569,-1.9885,Dominant,Canonical,trial_failure_candidate
Excitatory_neuron,SEC23IP-208,SEC23IP,0.8291139240506329,0.3597122302158273,3.5107750401661475e-16,3.807634152889677e-15,True,0.4694016938348055,AD_enriched,0.0279720279720279,True,5005.0,131,50,32.5241,15.4915,1.0235,Minor,Alternate,new_target_candidate
Excitatory_neuron,SEMA7A-201,SEMA7A,0.3058823529411765,0.9701492537313432,4.3453502245380605e-16,4.6699347185831006e-15,True,-0.6642669007901667,CT_enriched,0.0285714285714285,True,210.0,26,65,2.8816,15.2866,-2.0689,Dominant,Canonical,trial_failure_candidate
Excitatory_neuron,transcript110172.chr15.nic,SEMA7A,0.6941176470588235,0.0298507462686567,4.3453502245380605e-16,4.6699347185831006e-15,True,0.6642669007901668,AD_enriched,0.0285714285714285,True,210.0,59,2,16.1202,0.3437,3.6715,Minor,Alternate,new_target_candidate
Excitatory_neuron,SLC11A2-201,SLC11A2,0.5991379310344828,0.849112426035503,2.185935169976645e-12,1.651207471847108e-11,True,-0.2499744950010202,CT_enriched,0.0373376623376623,True,8008.0,278,287,49.7519,68.9931,-0.4638,Dominant,Canonical,trial_failure_candidate
Excitatory_neuron,transcript64585.chr15.nnic,SLC27A2,0.2826086956521739,0.0,1.0306204596899292e-19,1.5891719392566664e-18,True,0.2826086956521739,AD_enriched,0.0079365079365079,True,126.0,13,0,0.7613,0.0,0.8166,Minor,Alternate,new_target_candidate
Excitatory_neuron,SLC27A2-201,SLC27A2,0.717391304347826,1.0,1.0306204596899292e-19,1.5891719392566664e-18,True,-0.2826086956521739,CT_enriched,0.0079365079365079,True,126.0,33,308,4.7689,57.0993,-3.3321,Dominant,Canonical,trial_failure_candidate
Excitatory_neuron,SLC35A3-212,SLC35A3,0.3333333333333333,0.0909090909090909,0.0152439846924971,0.0285291776844015,True,0.2424242424242424,AD_enriched,0.0428571428571428,True,70.0,11,3,1.3825,0.7179,0.4718,Minor,Alternate,new_target_candidate
Excitatory_neuron,SLC35F5-212,SLC35F5,0.2809917355371901,0.0428571428571428,7.698110626547453e-08,3.458055647504819e-07,True,0.2381345926800472,AD_enriched,0.0141,True,10000.0,34,6,5.1093,1.414,1.3396,Minor,Alternate,new_target_candidate
Excitatory_neuron,SLC35F5-201,SLC35F5,0.6446280991735537,0.9142857142857144,7.698110626547453e-08,3.458055647504819e-07,True,-0.2696576151121607,CT_enriched,0.0066,True,10000.0,78,128,21.3236,35.9936,-0.7287,Dominant,Canonical,trial_failure_candidate
Excitatory_neuron,SLC39A9-202,SLC39A9,0.3333333333333333,1.0,2.087967911645931e-14,1.9159063903369457e-13,True,-0.6666666666666667,CT_enriched,0.0357142857142857,True,84.0,21,63,5.8318,53.4552,-2.9947,Dominant,Canonical,trial_failure_candidate
Excitatory_neuron,SLC39A9-201,SLC39A9,0.6349206349206349,0.0,2.087967911645931e-14,1.9159063903369457e-13,True,0.6349206349206349,AD_enriched,0.0357142857142857,True,84.0,40,0,11.0365,0.0,3.5893,Minor,Alternate,new_target_candidate
Excitatory_neuron,SLC6A1-207,SLC6A1,0.4328358208955223,0.0309278350515463,4.2202184063266275e-25,9.442905096553556e-24,True,0.401907985843976,AD_enriched,0.0343822843822843,True,1716.0,29,3,9.1274,2.6681,1.4652,Minor,Alternate,new_target_candidate
Excitatory_neuron,SLC6A1-201,SLC6A1,0.0149253731343283,0.8247422680412371,4.2202184063266275e-25,9.442905096553556e-24,True,-0.8098168949069088,CT_enriched,0.0064102564102564,True,1716.0,1,80,0.3,19.1679,-3.9554,Dominant,Canonical,trial_failure_candidate
Excitatory_neuron,SMAD2-203,SMAD2,0.3866666666666666,0.1481481481481481,1.0662236710048971e-09,6.026075297559948e-09,True,0.2385185185185185,AD_enriched,0.05,True,10000.0,87,20,13.9604,6.8162,0.9366,Minor,Alternate,new_target_candidate
Excitatory_neuron,SNX14-235,SNX14,0.2415730337078651,0.0,1.856102950664693e-75,3.9894964330499e-73,True,0.2415730337078651,AD_enriched,0.0441558441558441,True,5005.0,43,0,12.2769,0.0,3.7308,Minor,Alternate,new_target_candidate
Excitatory_neuron,transcript150486.chr6.nnic,SOBP,0.2966101694915254,0.0098039215686274,7.561695915210719e-08,3.4032429648851284e-07,True,0.286806247922898,AD_enriched,0.006,True,10000.0,35,1,8.7939,0.2782,2.9378,Minor,Alternate,new_target_candidate
Excitatory_neuron,SORT1-201,SORT1,0.2816901408450704,0.7715736040609137,1.715459122924203e-18,2.344460801329744e-17,True,-0.4898834632158433,CT_enriched,0.0075757575757575,True,3432.0,40,152,12.4273,55.1365,-2.0638,Dominant,Canonical,trial_failure_candidate
Excitatory_neuron,SORT1-209,SORT1,0.5774647887323944,0.2182741116751269,1.715459122924203e-18,2.344460801329744e-17,True,0.3591906770572675,AD_enriched,0.0075757575757575,True,3432.0,82,43,13.2541,13.352,-0.0099,Minor,Alternate,new_target_candidate
Excitatory_neuron,SPATA20-205,SPATA20,0.3527696793002915,0.1508620689655172,1.0831950413400226e-10,6.859912882343553e-10,True,0.2019076103347743,AD_enriched,0.0412,True,10000.0,242,35,36.4477,8.4298,1.9896,Minor,Alternate,new_target_candidate
Excitatory_neuron,transcript48560.chr21.nic,SPATC1L,0.6119402985074627,0.0862068965517241,1.8714270985303e-21,3.285651586602826e-20,True,0.5257334019557386,AD_enriched,0.0439560439560439,True,3003.0,123,10,19.476,4.5835,1.8747,Minor,Alternate,new_target_candidate
Excitatory_neuron,SPATS2L-204,SPATS2L,0.063231850117096,0.2826855123674912,5.465327662483688e-19,7.863198602433428e-18,True,-0.2194536622503951,CT_enriched,0.0344214608920491,True,6188.0,27,80,5.7729,19.7087,-1.6124,Dominant,Canonical,trial_failure_candidate
Excitatory_neuron,SPEN-201,SPEN,0.616361071932299,0.8679950186799502,2.536402766990618e-29,7.688335395839508e-28,True,-0.2516339467476511,CT_enriched,0.0259,True,10000.0,437,697,106.661,299.2716,-1.4798,Dominant,Canonical,trial_failure_candidate
Excitatory_neuron,SPIN3-201,SPIN3,0.1469465648854961,0.3501628664495114,1.4106913552933762e-27,3.9417772087271726e-26,True,-0.2032163015640153,CT_enriched,0.045,True,10000.0,77,215,16.8416,48.2013,-1.4635,Dominant,Canonical,trial_failure_candidate
Excitatory_neuron,SPP1-203,SPP1,0.4009216589861751,0.9119718309859156,9.581217976233716e-33,3.6148712290120082e-31,True,-0.5110501719997405,CT_enriched,0.0433,True,10000.0,87,259,34.9836,277.5791,-2.9527,Dominant,Canonical,trial_failure_candidate
Excitatory_neuron,ST8SIA5-203,ST8SIA5,0.4931506849315068,0.1651376146788991,2.191936090384804e-05,6.93770758103499e-05,True,0.3280130702526077,AD_enriched,0.0406260406260406,True,3003.0,36,18,4.0613,5.7493,-0.4152,Minor,Alternate,new_target_candidate
Excitatory_neuron,STAMBP-202,STAMBP,0.0875912408759124,0.46875,5.679952172370568e-17,6.71465012643741e-16,True,-0.3811587591240876,CT_enriched,0.0139860139860139,True,3003.0,12,30,2.3681,7.445,-1.3262,Dominant,Canonical,trial_failure_candidate
Excitatory_neuron,STRC-202,STRC,0.8409090909090909,0.225,1.399688940629457e-09,7.792773670239198e-09,True,0.615909090909091,AD_enriched,0.0285714285714285,True,35.0,37,9,12.0274,2.4834,1.903,Minor,Alternate,new_target_candidate
Excitatory_neuron,STXBP5-206,STXBP5,0.6510067114093959,0.2348484848484848,1.6406244230036809e-21,2.901982302335438e-20,True,0.4161582265609111,AD_enriched,0.0267,True,10000.0,291,31,83.1798,8.9813,3.0762,Minor,Alternate,new_target_candidate
Excitatory_neuron,SUPT5H-201,SUPT5H,0.3090909090909091,0.0545454545454545,0.0032850752916042,0.0070609209222269,True,0.2545454545454546,AD_enriched,0.006,True,10000.0,34,3,11.1221,1.5483,2.25,Minor,Alternate,new_target_candidate
Excitatory_neuron,SYNCRIP-222,SYNCRIP,0.2569444444444444,0.0123456790123456,2.221556291805028e-10,1.3642856084652e-09,True,0.2445987654320988,AD_enriched,0.0336330336330336,True,3003.0,37,1,5.255,0.2782,2.2909,Minor,Alternate,new_target_candidate
Excitatory_neuron,TAB3-201,TAB3,0.4722222222222222,0.8961038961038961,1.0745472446884336e-06,4.171737058880711e-06,True,-0.4238816738816738,CT_enriched,0.0,True,462.0,17,69,3.0955,20.8896,-2.4181,Dominant,Canonical,trial_failure_candidate
Excitatory_neuron,TAB3-204,TAB3,0.25,0.0,1.0745472446884336e-06,4.171737058880711e-06,True,0.25,AD_enriched,0.0064935064935064,True,462.0,9,0,2.6663,0.0,1.8743,Minor,Alternate,new_target_candidate
Excitatory_neuron,TADA2B-201,TADA2B,0.0689655172413793,0.5480769230769231,1.4257618575959536e-16,1.6103389897974679e-15,True,-0.4791114058355438,CT_enriched,0.009,True,10000.0,10,57,2.2137,44.8503,-3.8346,Dominant,Canonical,trial_failure_candidate
Excitatory_neuron,TADA2B-205,TADA2B,0.9310344827586208,0.4519230769230769,1.4257618575959536e-16,1.6103389897974679e-15,True,0.4791114058355438,AD_enriched,0.009,True,10000.0,135,47,32.6008,17.723,0.8437,Minor,Alternate,new_target_candidate
Excitatory_neuron,TAF2-223,TAF2,0.3652694610778443,0.0604651162790697,5.33058392286415e-23,1.0473637607998732e-21,True,0.3048043447987746,AD_enriched,0.0157,True,10000.0,61,13,11.5886,3.7996,1.3911,Minor,Alternate,new_target_candidate
Excitatory_neuron,TAF2-201,TAF2,0.1497005988023952,0.4930232558139535,5.33058392286415e-23,1.0473637607998732e-21,True,-0.3433226570115583,CT_enriched,0.0115,True,10000.0,25,106,5.3969,31.6286,-2.3507,Dominant,Canonical,trial_failure_candidate
Excitatory_neuron,transcript28780.chr4.nnic,TAPT1,0.3956043956043956,0.0,4.0406669867465726e-24,8.429544393233365e-23,True,0.3956043956043956,AD_enriched,0.0217282717282717,True,8008.0,72,0,175.0794,0.0,7.4601,Minor,Alternate,new_target_candidate
Excitatory_neuron,TBCK-204,TBCK,0.3643410852713178,0.918918918918919,1.959269593538779e-13,1.6446271274521373e-12,True,-0.5545778336476012,CT_enriched,0.0359640359640359,True,8008.0,47,68,9.2168,18.9934,-0.9686,Dominant,Canonical,trial_failure_candidate
Excitatory_neuron,TBCK-205,TBCK,0.3953488372093023,0.0,1.959269593538779e-13,1.6446271274521373e-12,True,0.3953488372093023,AD_enriched,0.0257242757242757,True,8008.0,51,0,12.0658,0.0,3.7077,Minor,Alternate,new_target_candidate
Excitatory_neuron,transcript100510.chr2.nnic,TET3,0.2790697674418604,0.0,0.0005594047245472,0.0014025654687924,True,0.2790697674418604,AD_enriched,0.0265151515151515,True,792.0,12,0,2.6883,0.0,1.8829,Minor,Alternate,new_target_candidate
Excitatory_neuron,transcript317268.chr3.nnic,TFRC,0.4230769230769231,0.1444444444444444,4.1076189902040807e-10,2.436065342601802e-09,True,0.2786324786324786,AD_enriched,0.0333333333333333,True,120.0,22,13,5.5181,2.2338,1.0112,Minor,Alternate,new_target_candidate
Excitatory_neuron,TLK2-219,TLK2,0.2631578947368421,0.0,9.913855813647694e-10,5.6210215256757075e-09,True,0.2631578947368421,AD_enriched,0.0296,True,10000.0,10,0,2.0295,0.0,1.5991,Minor,Alternate,new_target_candidate
Excitatory_neuron,TLK2-203,TLK2,0.1052631578947368,0.7183098591549296,9.913855813647694e-10,5.6210215256757075e-09,True,-0.6130467012601928,CT_enriched,0.0476,True,10000.0,4,51,0.4035,10.8037,-3.0722,Dominant,Canonical,trial_failure_candidate
Excitatory_neuron,TNNT2-218,TNNT2,0.5972222222222222,0.2033898305084746,8.310137829342119e-11,5.324643868430322e-10,True,0.3938323917137476,AD_enriched,0.0039960039960039,True,3003.0,43,12,14.7288,2.7841,2.0554,Minor,Alternate,new_target_candidate
Excitatory_neuron,TNPO1-201,TNPO1,0.2404580152671755,0.5651260504201681,5.690952545955581e-18,7.379511226410043e-17,True,-0.3246680351529926,CT_enriched,0.0029,True,10000.0,63,269,15.435,71.6772,-2.1447,Dominant,Canonical,trial_failure_candidate
Excitatory_neuron,TPCN1-218,TPCN1,0.4102564102564102,0.0289855072463768,1.739800248162282e-06,6.543161802871191e-06,True,0.3812709030100334,AD_enriched,0.0079365079365079,True,126.0,16,2,2.8405,0.8132,1.0828,Minor,Alternate,new_target_candidate
Excitatory_neuron,TRIM33-201,TRIM33,0.4524590163934426,0.834920634920635,1.0171956977069248e-23,2.0792418109035205e-22,True,-0.3824616185271923,CT_enriched,0.0094,True,10000.0,138,263,32.8478,76.4847,-1.1949,Dominant,Canonical,trial_failure_candidate
Excitatory_neuron,TRIM33-202,TRIM33,0.4131147540983607,0.1492063492063492,1.0171956977069248e-23,2.0792418109035205e-22,True,0.2639084048920115,AD_enriched,0.0263,True,10000.0,126,47,25.2039,13.0622,0.898,Minor,Alternate,new_target_candidate
Excitatory_neuron,TSNARE1-209,TSNARE1,0.2195121951219512,0.0,3.742551076365416e-05,0.0001146196666004,True,0.2195121951219512,AD_enriched,0.0272727272727272,True,330.0,9,0,1.4726,0.0,1.3061,Minor,Alternate,new_target_candidate
Excitatory_neuron,transcript100446.chr2.nic,TTC31,0.3584905660377358,0.0,2.223172395309361e-11,1.5206327675920254e-10,True,0.3584905660377358,AD_enriched,0.0212121212121212,True,330.0,19,0,9.7357,0.0,3.4243,Minor,Alternate,new_target_candidate
Excitatory_neuron,TTLL11-202,TTLL11,0.5,0.203125,0.001126166778521,0.0026537876943686,True,0.296875,AD_enriched,0.0465367965367965,True,924.0,24,13,2.8942,3.9971,-0.3598,Minor,Alternate,new_target_candidate
Excitatory_neuron,transcript48201.chr15.nnic,TYRO3,0.4407364787111623,0.0226628895184136,1.3742865434971143e-54,1.5339414054009845e-52,True,0.4180735891927487,AD_enriched,0.0377,True,10000.0,383,8,85.4275,6.771,3.4753,Minor,Alternate,new_target_candidate
Excitatory_neuron,UBAP2-204,UBAP2,0.375,0.6363636363636364,2.830632695036942e-05,8.844791940923802e-05,True,-0.2613636363636363,CT_enriched,0.0451548451548451,True,5005.0,42,49,9.7432,14.1323,-0.4942,Dominant,Canonical,trial_failure_candidate
Excitatory_neuron,transcript6174.chr4.nic,UVSSA,0.7160493827160493,0.0943396226415094,7.438512199020109e-12,5.3294310128939025e-11,True,0.6217097600745399,AD_enriched,0.0334110334110334,True,1287.0,58,5,19.1058,1.5773,2.9637,Minor,Alternate,new_target_candidate
Excitatory_neuron,VLDLR-216,VLDLR,0.25,0.0383275261324041,5.915831473192631e-25,1.3153916187885681e-23,True,0.2116724738675959,AD_enriched,0.0236430236430236,True,3003.0,13,11,2.2707,3.0569,-0.3108,Minor,Alternate,new_target_candidate
Excitatory_neuron,VSTM4-202,VSTM4,0.3409090909090909,0.8,3.43502491364979e-10,2.070062167588612e-09,True,-0.4590909090909091,CT_enriched,0.0476190476190476,True,252.0,15,52,3.0892,56.002,-3.8011,Dominant,Canonical,trial_failure_candidate
Excitatory_neuron,transcript175975.chr8.nic,WASHC5,0.7916666666666666,0.0449438202247191,1.2698991078609796e-26,3.3484737442594527e-25,True,0.7467228464419475,AD_enriched,0.0151515151515151,True,330.0,76,4,21.3198,0.9961,3.483,Minor,Alternate,new_target_candidate
Excitatory_neuron,WASHC5-201,WASHC5,0.09375,0.898876404494382,1.2698991078609796e-26,3.3484737442594527e-25,True,-0.805126404494382,CT_enriched,0.0212121212121212,True,330.0,9,80,6.5263,20.1135,-1.4882,Dominant,Canonical,trial_failure_candidate
Excitatory_neuron,WDR91-208,WDR91,0.7559523809523809,0.3576923076923077,2.2843388751279406e-26,5.807460803327057e-25,True,0.3982600732600732,AD_enriched,0.0236,True,10000.0,254,93,55.3562,33.0911,0.7252,Minor,Alternate,new_target_candidate
Excitatory_neuron,WWOX-222,WWOX,0.217391304347826,0.0,5.229273746404246e-06,1.845335257872901e-05,True,0.217391304347826,AD_enriched,0.0416666666666666,True,120.0,10,0,11.9336,0.0,3.693,Minor,Alternate,new_target_candidate
Excitatory_neuron,XXYLT1-205,XXYLT1,0.2682926829268293,0.0449438202247191,0.0006534333627946,0.0016115447991315,True,0.2233488627021101,AD_enriched,0.0357142857142857,True,924.0,11,4,3.0301,1.8867,0.4814,Minor,Alternate,new_target_candidate
Excitatory_neuron,XXYLT1-201,XXYLT1,0.7317073170731707,0.9550561797752808,0.0006534333627946,0.0016115447991315,True,-0.22334886270211,CT_enriched,0.0357142857142857,True,924.0,30,85,3.08,26.193,-2.7366,Dominant,Canonical,trial_failure_candidate
Excitatory_neuron,YPEL4-204,YPEL4,0.3469387755102041,0.125,0.0009465505357301,0.002268970243303,True,0.221938775510204,AD_enriched,0.0353646353646353,True,5005.0,17,4,3.3919,1.5661,0.7753,Minor,Alternate,new_target_candidate
Excitatory_neuron,ZNF3-214,ZNF3,0.2866043613707165,0.018018018018018,9.883661881945356e-15,9.422690017290109e-14,True,0.2685863433526985,AD_enriched,0.0057942057942057,True,5005.0,92,4,13.2659,0.8077,2.9804,Minor,Alternate,new_target_candidate
Excitatory_neuron,ZNF337-201,ZNF337,0.1597444089456869,0.5702479338842975,2.3297264251811318e-17,2.8344338823001317e-16,True,-0.4105035249386106,CT_enriched,0.0366300366300366,True,3003.0,50,69,11.0881,16.1232,-0.5024,Dominant,Canonical,trial_failure_candidate
Excitatory_neuron,ZNF337-202,ZNF337,0.8402555910543131,0.4297520661157025,2.3297264251811318e-17,2.8344338823001317e-16,True,0.4105035249386106,AD_enriched,0.0366300366300366,True,3003.0,263,52,60.6285,15.8533,1.8706,Minor,Alternate,new_target_candidate
Excitatory_neuron,transcript92645.chr10.nnic,ZNF33B,0.2692307692307692,0.0451612903225806,2.1542095017052733e-05,6.830490833972062e-05,True,0.2240694789081886,AD_enriched,0.0251,True,10000.0,14,7,6.3608,6.3798,-0.0037,Minor,Alternate,new_target_candidate
Excitatory_neuron,ZNF407-204,ZNF407,0.4503816793893129,0.1258278145695364,4.571304545188648e-11,3.0190189142479576e-10,True,0.3245538648197765,AD_enriched,0.05,True,10000.0,118,19,16.1122,5.4926,1.3982,Minor,Alternate,new_target_candidate
Excitatory_neuron,ZNF44-202,ZNF44,0.6233766233766234,0.8571428571428571,2.153163524378391e-08,1.0326158808935721e-07,True,-0.2337662337662337,CT_enriched,0.0425574425574425,True,5005.0,96,114,16.1498,26.5362,-0.6831,Dominant,Canonical,trial_failure_candidate
Excitatory_neuron,ZNF550-208,ZNF550,0.3296703296703296,0.9556962025316456,1.88063334256788e-26,4.904166286336019e-25,True,-0.626025872861316,CT_enriched,0.0163170163170163,True,1716.0,30,151,5.8199,29.9884,-2.1839,Dominant,Canonical,trial_failure_candidate
Excitatory_neuron,ZNF550-204,ZNF550,0.6373626373626373,0.0253164556962025,1.88063334256788e-26,4.904166286336019e-25,True,0.6120461816664349,AD_enriched,0.0198135198135198,True,1716.0,58,4,7.1141,1.5661,1.6608,Minor,Alternate,new_target_candidate
Excitatory_neuron,ZNF554-201,ZNF554,0.4057971014492754,0.8095238095238095,0.0001724504173676,0.0004720921691967,True,-0.4037267080745341,CT_enriched,0.0489510489510489,True,3003.0,28,34,4.1106,8.8075,-0.9404,Dominant,Canonical,trial_failure_candidate
Excitatory_neuron,ZNF711-204,ZNF711,0.1384180790960452,0.4803921568627451,3.3484696408415625e-12,2.47145631243384e-11,True,-0.3419740777666999,CT_enriched,0.006,True,10000.0,49,49,7.3077,22.499,-1.5001,Dominant,Canonical,trial_failure_candidate
Excitatory_neuron,ZNF736-202,ZNF736,0.1285714285714285,0.7222222222222222,1.3415999903464218e-39,7.736559944331035e-38,True,-0.5936507936507938,CT_enriched,0.0291375291375291,True,1716.0,18,104,2.9162,24.7799,-2.7187,Dominant,Canonical,trial_failure_candidate
Excitatory_neuron,transcript76787.chr7.nnic,ZNF736,0.8,0.0138888888888888,1.3415999903464218e-39,7.736559944331035e-38,True,0.7861111111111112,AD_enriched,0.0017482517482517,True,1716.0,112,2,17.826,0.5102,3.6399,Minor,Alternate,new_target_candidate
Excitatory_neuron,ZNF790-201,ZNF790,0.6928104575163399,0.9375,0.0002002976234788,0.0005420492343896,True,-0.2446895424836601,CT_enriched,0.0299700299700299,True,5005.0,106,75,26.55,19.8584,0.4014,Dominant,Canonical,trial_failure_candidate
Inhibitory_neuron,AARS1-225,AARS1,0.5894736842105263,0.1773162939297124,1.0009399695110124e-82,4.340999652386991e-80,True,0.4121573902808139,AD_enriched,0.0075924075924075,True,5005.0,280,111,98.8095,39.0489,1.3174,Minor,Alternate,new_target_candidate
Inhibitory_neuron,AARS1-201,AARS1,0.1978947368421052,0.7348242811501597,1.0009399695110124e-82,4.340999652386991e-80,True,-0.5369295443080545,CT_enriched,0.0179820179820179,True,5005.0,94,460,37.5016,218.7646,-2.513,Dominant,Canonical,trial_failure_candidate
Inhibitory_neuron,ABCB9-202,ABCB9,0.4166666666666667,0.0,4.569026655686395e-09,2.4440391162011285e-08,True,0.4166666666666667,AD_enriched,0.0285714285714285,True,210.0,15,0,1.5125,0.0,1.3291,Minor,Alternate,new_target_candidate
Inhibitory_neuron,ACACA-237,ACACA,0.0909090909090909,0.8333333333333334,3.4294469366399765e-18,4.821751079495308e-17,True,-0.7424242424242424,CT_enriched,0.0202020202020202,True,1287.0,10,35,6.8094,22.6922,-1.6011,Dominant,Canonical,trial_failure_candidate
Inhibitory_neuron,ACSL3-201,ACSL3,0.0951276102088167,0.5054945054945055,7.906148023279687e-82,3.183918753946491e-79,True,-0.4103668952856887,CT_enriched,0.0291,True,10000.0,41,368,16.165,95.4428,-2.4902,Dominant,Canonical,trial_failure_candidate
Inhibitory_neuron,ADD1-206,ADD1,0.2395437262357414,0.0074074074074074,4.2377254343012006e-21,7.306512537795158e-20,True,0.232136318828334,AD_enriched,0.0216033966033966,True,8008.0,63,1,52.4829,1.0726,4.6895,Minor,Alternate,new_target_candidate
Inhibitory_neuron,ADGRL3-215,ADGRL3,0.7509293680297398,0.2868217054263566,1.1492044714051806e-24,2.666343543120333e-23,True,0.4641076626033831,AD_enriched,0.046,True,10000.0,202,74,129.7709,30.7301,2.0431,Minor,Alternate,new_target_candidate
Inhibitory_neuron,ALS2-265,ALS2,0.379182156133829,0.1104972375690607,1.4566163608791996e-22,2.8028679326405896e-21,True,0.2686849185647683,AD_enriched,0.029,True,10000.0,102,20,36.467,12.5565,1.4666,Minor,Alternate,new_target_candidate
Inhibitory_neuron,transcript172842.chr1.nnic,AMIGO1,0.5476190476190477,0.0,3.636130347728896e-20,5.925000838293499e-19,True,0.5476190476190477,AD_enriched,0.0142857142857142,True,70.0,46,0,8.4631,0.0,3.2423,Minor,Alternate,new_target_candidate
Inhibitory_neuron,AMIGO1-202,AMIGO1,0.4523809523809524,1.0,3.636130347728896e-20,5.925000838293499e-19,True,-0.5476190476190477,CT_enriched,0.0142857142857142,True,70.0,38,125,8.3226,56.2396,-2.6182,Dominant,Canonical,trial_failure_candidate
Inhibitory_neuron,ANKRD13A-210,ANKRD13A,0.8333333333333334,0.3734177215189873,1.896098880940968e-05,6.208017125868279e-05,True,0.4599156118143461,AD_enriched,0.0095238095238095,True,210.0,25,59,9.6238,21.6724,-1.0936,Minor,Alternate,new_target_candidate
Inhibitory_neuron,AP3D1-202,AP3D1,0.6730769230769231,0.2234042553191489,2.5276809549661757e-09,1.3930660043107818e-08,True,0.4496726677577742,AD_enriched,0.0204795204795204,True,8008.0,70,21,23.8968,14.9145,0.6456,Minor,Alternate,new_target_candidate
Inhibitory_neuron,ARFGAP1-212,ARFGAP1,0.36,0.0434782608695652,3.005854885978632e-05,9.510106535997487e-05,True,0.3165217391304348,AD_enriched,0.0484848484848484,True,330.0,18,2,2.9197,0.4226,1.4622,Minor,Alternate,new_target_candidate
Inhibitory_neuron,ARFRP1-214,ARFRP1,0.4741379310344827,0.7941176470588235,0.0005219720968463,0.0013487070036754,True,-0.3199797160243408,CT_enriched,0.0142857142857142,True,210.0,55,54,14.984,20.6526,-0.4379,Dominant,Canonical,trial_failure_candidate
Inhibitory_neuron,ARHGAP29-201,ARHGAP29,0.6173469387755102,0.8532608695652174,4.939116741700544e-06,1.763568093078383e-05,True,-0.2359139307897072,CT_enriched,0.0112,True,10000.0,121,157,41.0101,103.1103,-1.3093,Dominant,Canonical,trial_failure_candidate
Inhibitory_neuron,ARMC9-234,ARMC9,0.2151898734177215,0.0,1.859504165816497e-46,1.8018544654412322e-44,True,0.2151898734177215,AD_enriched,0.0239898989898989,True,792.0,17,0,1.7142,0.0,1.4405,Minor,Alternate,new_target_candidate
Inhibitory_neuron,ARMC9-240,ARMC9,0.2025316455696202,0.0,1.859504165816497e-46,1.8018544654412322e-44,True,0.2025316455696202,AD_enriched,0.0441919191919191,True,792.0,16,0,5.8023,0.0,2.766,Minor,Alternate,new_target_candidate
Inhibitory_neuron,transcript230311.chr1.nnic,ARNT,0.25,0.0,0.0002893797181164,0.0007798866399333,True,0.25,AD_enriched,0.0367965367965368,True,462.0,9,0,4.0614,0.0,2.3395,Minor,Alternate,new_target_candidate
Inhibitory_neuron,ARSG-201,ARSG,0.7525252525252525,0.1666666666666666,6.512845691828462e-10,3.828928468251188e-09,True,0.5858585858585859,AD_enriched,0.0285714285714285,True,70.0,149,5,17.8285,1.413,2.964,Minor,Alternate,new_target_candidate
Inhibitory_neuron,ARSG-208,ARSG,0.2474747474747475,0.8333333333333334,6.512845691828462e-10,3.828928468251188e-09,True,-0.5858585858585859,CT_enriched,0.0285714285714285,True,70.0,49,25,9.7576,10.01,-0.0335,Dominant,Canonical,trial_failure_candidate
Inhibitory_neuron,ATOSA-203,ATOSA,0.3443708609271523,0.08125,2.3135542233925773e-08,1.1312939038584e-07,True,0.2631208609271523,AD_enriched,0.0137,True,10000.0,104,13,49.0768,11.9458,1.9517,Minor,Alternate,new_target_candidate
Inhibitory_neuron,ATP13A3-210,ATP13A3,0.4852941176470588,0.1228070175438596,1.0337415944359276e-19,1.623463818782663e-18,True,0.3624871001031992,AD_enriched,0.029040404040404,True,792.0,99,7,40.9283,3.4791,3.2266,Minor,Alternate,new_target_candidate
Inhibitory_neuron,ATP1A3-214,ATP1A3,0.6894904458598726,0.9726402188782488,1.1206731337669009e-45,1.0190895368028688e-43,True,-0.2831497730183762,CT_enriched,0.0023310023310023,True,1287.0,433,711,86.6302,212.1872,-1.2826,Dominant,Canonical,trial_failure_candidate
Inhibitory_neuron,ATP1A3-207,ATP1A3,0.3105095541401274,0.027359781121751,1.1206731337669009e-45,1.0190895368028688e-43,True,0.2831497730183763,AD_enriched,0.0023310023310023,True,1287.0,195,20,20.9849,4.8228,1.9167,Minor,Alternate,new_target_candidate
Inhibitory_neuron,ATP5MG-201,ATP5MG,0.2941176470588235,0.5473684210526316,0.0002273659579831,0.0006241204825791,True,-0.2532507739938081,CT_enriched,0.0264735264735264,True,2002.0,40,52,15.5826,14.2191,0.1238,Dominant,Canonical,trial_failure_candidate
Inhibitory_neuron,ATP5MG-212,ATP5MG,0.6911764705882353,0.4210526315789473,0.0002273659579831,0.0006241204825791,True,0.270123839009288,AD_enriched,0.0279720279720279,True,2002.0,94,40,42.2684,15.62,1.3804,Minor,Alternate,new_target_candidate
Inhibitory_neuron,BACH1-201,BACH1,0.425531914893617,0.7098214285714286,8.324174203490715e-09,4.285999466600973e-08,True,-0.2842895136778116,CT_enriched,0.0459540459540459,True,2002.0,60,159,19.6727,47.2002,-1.2213,Dominant,Canonical,trial_failure_candidate
Inhibitory_neuron,BBS7-201,BBS7,0.4208494208494208,0.7867647058823529,8.200272659480172e-12,6.059388893073291e-11,True,-0.3659152850329321,CT_enriched,0.0497,True,10000.0,109,107,49.6411,97.9358,-0.9662,Dominant,Canonical,trial_failure_candidate
Inhibitory_neuron,BBS7-204,BBS7,0.5791505791505791,0.213235294117647,8.200272659480172e-12,6.059388893073291e-11,True,0.3659152850329321,AD_enriched,0.0497,True,10000.0,150,29,32.5408,8.7007,1.7898,Minor,Alternate,new_target_candidate
Inhibitory_neuron,transcript157937.chr11.nnic,BIRC2,0.2764227642276423,0.0157480314960629,1.8364562354934505e-23,3.849048422197797e-22,True,0.2606747327315794,AD_enriched,0.0,True,56.0,102,6,25.8028,1.2679,3.5629,Minor,Alternate,new_target_candidate
Inhibitory_neuron,BIRC2-201,BIRC2,0.7208672086720868,0.984251968503937,1.8364562354934505e-23,3.849048422197797e-22,True,-0.2633847598318503,CT_enriched,0.0178571428571428,True,56.0,266,375,55.5314,81.1537,-0.5393,Dominant,Canonical,trial_failure_candidate
Inhibitory_neuron,BIVM-201,BIVM,0.7705882352941177,0.9718875502008032,1.1702222084353489e-12,9.659901626879203e-12,True,-0.2012993149066855,CT_enriched,0.0489510489510489,True,1287.0,131,242,55.2116,83.3045,-0.5847,Dominant,Canonical,trial_failure_candidate
Inhibitory_neuron,BIVM-211,BIVM,0.2294117647058823,0.0120481927710843,1.1702222084353489e-12,9.659901626879203e-12,True,0.217363571934798,AD_enriched,0.0194250194250194,True,1287.0,39,3,7.0453,0.5798,2.3484,Minor,Alternate,new_target_candidate
Inhibitory_neuron,BTN2A1-202,BTN2A1,0.2333333333333333,0.0,2.7930312994344684e-19,4.2559758016787935e-18,True,0.2333333333333333,AD_enriched,0.0419580419580419,True,1716.0,35,0,9.1662,0.0,3.3457,Minor,Alternate,new_target_candidate
Inhibitory_neuron,CABIN1-201,CABIN1,0.2488262910798122,0.6818181818181818,8.168111520213803e-16,9.247351958025183e-15,True,-0.4329918907383696,CT_enriched,0.0188561438561438,True,8008.0,53,90,33.2514,36.7005,-0.1384,Dominant,Canonical,trial_failure_candidate
Inhibitory_neuron,CACNA1D-214,CACNA1D,0.2810810810810811,0.0180505415162454,7.737123029702396e-38,4.1152735510813306e-36,True,0.2630305395648357,AD_enriched,0.0259,True,10000.0,104,5,91.6051,1.1468,5.4308,Minor,Alternate,new_target_candidate
Inhibitory_neuron,CALCOCO1-218,CALCOCO1,0.2540415704387991,0.5025641025641026,4.894267983923209e-14,4.708853736068097e-13,True,-0.2485225321253034,CT_enriched,0.048,True,10000.0,110,98,41.6174,48.6498,-0.2203,Dominant,Canonical,trial_failure_candidate
Inhibitory_neuron,CAPZB-208,CAPZB,0.2311320754716981,0.0258064516129032,2.095846838520449e-26,5.5216749885879865e-25,True,0.2053256238587948,AD_enriched,0.0441558441558441,True,5005.0,49,8,8.3101,4.2716,0.8206,Minor,Alternate,new_target_candidate
Inhibitory_neuron,CC2D1A-211,CC2D1A,0.4698795180722891,0.1428571428571428,8.220382708383446e-05,0.0002427790346247,True,0.3270223752151463,AD_enriched,0.0369630369630369,True,2002.0,39,9,23.1878,3.3386,2.479,Minor,Alternate,new_target_candidate
Inhibitory_neuron,CC2D1A-201,CC2D1A,0.3132530120481928,0.6349206349206349,8.220382708383446e-05,0.0002427790346247,True,-0.3216676228724421,CT_enriched,0.0409590409590409,True,2002.0,26,40,14.4358,19.6823,-0.4221,Dominant,Canonical,trial_failure_candidate
Inhibitory_neuron,CCDC181-202,CCDC181,0.1639344262295081,0.4193548387096774,0.0193573934767138,0.0359831798291172,True,-0.2554204124801693,CT_enriched,0.0369630369630369,True,2002.0,10,13,3.9271,5.2007,-0.3317,Dominant,Canonical,trial_failure_candidate
Inhibitory_neuron,CCNL1-215,CCNL1,0.6995305164319249,0.3734939759036144,6.652687330633086e-10,3.903002202925009e-09,True,0.3260365405283105,AD_enriched,0.0276,True,10000.0,149,31,105.0084,25.7549,1.9863,Minor,Alternate,new_target_candidate
Inhibitory_neuron,CCNL1-202,CCNL1,0.1596244131455399,0.4819277108433735,6.652687330633086e-10,3.903002202925009e-09,True,-0.3223032976978336,CT_enriched,0.0309,True,10000.0,34,40,15.2656,18.5526,-0.2655,Dominant,Canonical,trial_failure_candidate
Inhibitory_neuron,CDC42-201,CDC42,0.6272040302267002,0.1599326599326599,1.2134354869245696e-54,1.954671221508778e-52,True,0.4672713702940403,AD_enriched,0.0081,True,10000.0,249,95,109.9793,28.8539,1.8943,Minor,Alternate,new_target_candidate
Inhibitory_neuron,CDKL5-203,CDKL5,0.2876712328767123,0.0273972602739726,1.9076531582861675e-05,6.238601221819844e-05,True,0.2602739726027397,AD_enriched,0.0334110334110334,True,1287.0,21,2,5.1778,0.4587,2.0824,Minor,Alternate,new_target_candidate
Inhibitory_neuron,CEP112-223,CEP112,0.2307692307692307,0.0,0.00328503302415,0.0072122337189088,True,0.2307692307692307,AD_enriched,0.0263736263736263,True,5005.0,9,0,6.743,0.0,2.9529,Minor,Alternate,new_target_candidate
Inhibitory_neuron,CHD1-211,CHD1,0.2441860465116279,0.55,0.0001265930761679,0.0003621165720114,True,-0.3058139534883721,CT_enriched,0.0273060273060273,True,3003.0,21,33,12.3633,77.5755,-2.5558,Dominant,Canonical,trial_failure_candidate
Inhibitory_neuron,CHD1L-223,CHD1L,0.3636363636363636,0.0,4.91959983069162e-13,4.2606303910045066e-12,True,0.3636363636363636,AD_enriched,0.0454545454545454,True,330.0,20,0,5.5073,0.0,2.7021,Minor,Alternate,new_target_candidate
Inhibitory_neuron,CHD1L-202,CHD1L,0.1272727272727272,0.8823529411764706,4.91959983069162e-13,4.2606303910045066e-12,True,-0.7550802139037434,CT_enriched,0.0272727272727272,True,330.0,7,45,2.698,12.0447,-1.8187,Dominant,Canonical,trial_failure_candidate
Inhibitory_neuron,CHRNA7-201,CHRNA7,0.550561797752809,0.8121827411167513,2.4234408709516334e-07,1.05102766387887e-06,True,-0.2616209433639422,CT_enriched,0.0452,True,10000.0,98,160,31.4096,66.022,-1.0482,Dominant,Canonical,trial_failure_candidate
Inhibitory_neuron,CKAP2-201,CKAP2,0.1103448275862069,0.5467625899280576,4.582943487452065e-16,5.29480233242925e-15,True,-0.4364177623418507,CT_enriched,0.0277222777222777,True,8008.0,16,76,9.6364,26.9877,-1.3958,Dominant,Canonical,trial_failure_candidate
Inhibitory_neuron,CLDN12-203,CLDN12,0.3833333333333333,0.0486486486486486,5.783934071391573e-20,9.264153492757296e-19,True,0.3346846846846847,AD_enriched,0.0047619047619047,True,210.0,46,18,9.1708,4.1877,0.9713,Minor,Alternate,new_target_candidate
Inhibitory_neuron,CLK4-209,CLK4,0.3018867924528302,0.0459770114942528,5.002625273329707e-13,4.325889768563327e-12,True,0.2559097809585773,AD_enriched,0.0351648351648351,True,5005.0,64,12,27.674,8.7299,1.5592,Minor,Alternate,new_target_candidate
Inhibitory_neuron,transcript98598.chr4.nic,CLOCK,0.7768924302788844,0.256,2.101716404041397e-21,3.66856875727102e-20,True,0.5208924302788844,AD_enriched,0.0481740481740481,True,6435.0,195,32,47.0263,19.2575,1.2454,Minor,Alternate,new_target_candidate
Inhibitory_neuron,CNKSR2-207,CNKSR2,0.4304347826086956,0.1777003484320557,5.847870595053001e-23,1.1691593764152065e-21,True,0.2527344341766399,AD_enriched,0.0476,True,10000.0,99,51,49.7729,37.2441,0.4088,Minor,Alternate,new_target_candidate
Inhibitory_neuron,transcript48713.chr3.nnic,CNOT10,0.2333333333333333,0.0,1.4453053808778086e-06,5.600434183772567e-06,True,0.2333333333333333,AD_enriched,0.0119047619047619,True,252.0,7,0,6.9217,0.0,2.9858,Minor,Alternate,new_target_candidate
Inhibitory_neuron,CNOT8-204,CNOT8,0.46,0.0526315789473684,0.0001132370130232,0.0003268972244879,True,0.4073684210526316,AD_enriched,0.0,True,20.0,23,2,4.5981,0.4226,1.9764,Minor,Alternate,new_target_candidate
Inhibitory_neuron,COPB2-217,COPB2,0.2835249042145594,0.0700934579439252,5.760363864734806e-17,7.414824536386949e-16,True,0.2134314462706342,AD_enriched,0.0279720279720279,True,1287.0,74,30,24.2457,5.7982,1.8928,Minor,Alternate,new_target_candidate
Inhibitory_neuron,COPG2-201,COPG2,0.5135135135135135,0.1173184357541899,3.307223697195098e-17,4.377025165442712e-16,True,0.3961950777593236,AD_enriched,0.0454545454545454,True,220.0,133,21,42.0734,4.6363,2.934,Minor,Alternate,new_target_candidate
Inhibitory_neuron,COPG2-202,COPG2,0.4864864864864865,0.88268156424581,3.307223697195098e-17,4.377025165442712e-16,True,-0.3961950777593235,CT_enriched,0.0454545454545454,True,220.0,126,158,33.1682,38.9924,-0.2271,Dominant,Canonical,trial_failure_candidate
Inhibitory_neuron,CYTH2-203,CYTH2,0.495049504950495,0.1531531531531531,1.8787454548628253e-08,9.28340655084716e-08,True,0.3418963517973419,AD_enriched,0.005050505050505,True,792.0,50,17,17.1486,4.5091,1.72,Minor,Alternate,new_target_candidate
Inhibitory_neuron,DCAF11-204,DCAF11,0.4545454545454545,0.8534798534798534,2.827871999134996e-22,5.2793186526897705e-21,True,-0.3989343989343989,CT_enriched,0.0147630147630147,True,1287.0,105,233,33.3574,84.7543,-1.3196,Dominant,Canonical,trial_failure_candidate
Inhibitory_neuron,DCAF11-217,DCAF11,0.4675324675324675,0.0879120879120879,2.827871999134996e-22,5.2793186526897705e-21,True,0.3796203796203796,AD_enriched,0.0256410256410256,True,1287.0,108,24,12.0354,5.8432,0.9297,Minor,Alternate,new_target_candidate
Inhibitory_neuron,DCLK1-202,DCLK1,0.0864864864864864,0.419753086419753,2.219172927789448e-17,2.993228939444236e-16,True,-0.3332665999332666,CT_enriched,0.0221445221445221,True,1716.0,16,34,3.3843,17.5926,-2.0843,Dominant,Canonical,trial_failure_candidate
Inhibitory_neuron,DCLK1-201,DCLK1,0.5135135135135135,0.0,2.219172927789448e-17,2.993228939444236e-16,True,0.5135135135135135,AD_enriched,0.0104895104895104,True,1716.0,95,0,19.4306,0.0,4.3527,Minor,Alternate,new_target_candidate
Inhibitory_neuron,DDRGK1-202,DDRGK1,0.648936170212766,0.3666666666666666,0.0011066828294357,0.0026721532301321,True,0.2822695035460993,AD_enriched,0.0181818181818181,True,330.0,61,22,47.3971,8.7296,2.3145,Minor,Alternate,new_target_candidate
Inhibitory_neuron,DDRGK1-201,DDRGK1,0.351063829787234,0.6,0.0011066828294357,0.0026721532301321,True,-0.2489361702127659,CT_enriched,0.0363636363636363,True,330.0,33,36,10.2629,19.4945,-0.8637,Dominant,Canonical,trial_failure_candidate
Inhibitory_neuron,DDX18-201,DDX18,0.7110266159695817,0.9578059071729956,1.6371836772559396e-20,2.730899873481949e-19,True,-0.2467792912034139,CT_enriched,0.0329,True,10000.0,187,454,126.3407,149.6659,-0.2427,Dominant,Canonical,trial_failure_candidate
Inhibitory_neuron,DDX18-205,DDX18,0.2851711026615969,0.0421940928270042,1.6371836772559396e-20,2.730899873481949e-19,True,0.2429770098345927,AD_enriched,0.033,True,10000.0,75,20,28.7234,5.8711,2.113,Minor,Alternate,new_target_candidate
Inhibitory_neuron,DDX19A-209,DDX19A,0.2423398328690807,0.0377358490566037,9.277088689119512e-10,5.342617571936242e-09,True,0.204603983812477,AD_enriched,0.002,True,10000.0,87,8,39.5386,3.0941,3.3077,Minor,Alternate,new_target_candidate
Inhibitory_neuron,DDX19A-201,DDX19A,0.724233983286908,0.9386792452830188,9.277088689119512e-10,5.342617571936242e-09,True,-0.2144452619961108,CT_enriched,0.0015,True,10000.0,260,199,96.1472,96.2693,-0.0018,Dominant,Canonical,trial_failure_candidate
Inhibitory_neuron,DDX21-201,DDX21,0.4444444444444444,0.8907849829351536,3.0539192846806616e-14,3.026010004750364e-13,True,-0.4463405384907092,CT_enriched,0.0238095238095238,True,126.0,20,261,9.7445,66.0776,-2.6422,Dominant,Canonical,trial_failure_candidate
Inhibitory_neuron,transcript136383.chr8.nic,DECR1,0.5377358490566038,0.0136986301369863,6.083937702209141e-32,2.271605348679148e-30,True,0.5240372189196174,AD_enriched,0.0481740481740481,True,1287.0,57,3,8.1808,1.2886,2.0042,Minor,Alternate,new_target_candidate
Inhibitory_neuron,DGKD-213,DGKD,0.2777777777777778,0.0173611111111111,2.610080520676003e-16,3.130985952249214e-15,True,0.2604166666666667,AD_enriched,0.0259740259740259,True,924.0,45,5,11.2305,1.3006,2.4104,Minor,Alternate,new_target_candidate
Inhibitory_neuron,DGKD-201,DGKD,0.7037037037037037,0.96875,2.610080520676003e-16,3.130985952249214e-15,True,-0.2650462962962963,CT_enriched,0.0183982683982684,True,924.0,114,279,22.9423,95.3666,-2.009,Dominant,Canonical,trial_failure_candidate
Inhibitory_neuron,DHX30-202,DHX30,0.3888888888888889,0.0096153846153846,1.8481105797870478e-20,3.055615087636181e-19,True,0.3792735042735043,AD_enriched,0.0157342657342657,True,1716.0,56,2,21.1299,1.6765,3.0476,Minor,Alternate,new_target_candidate
Inhibitory_neuron,DMTF1-201,DMTF1,0.0329218106995884,0.2771084337349397,2.302941854904001e-16,2.7922550920319915e-15,True,-0.2441866230353513,CT_enriched,0.038,True,10000.0,8,23,3.1631,7.7692,-1.0748,Dominant,Canonical,trial_failure_candidate
Inhibitory_neuron,DNPEP-201,DNPEP,0.3809523809523809,0.9183673469387756,3.4999349702614654e-08,1.6765194020674713e-07,True,-0.5374149659863947,CT_enriched,0.0378787878787878,True,1716.0,24,45,15.3513,50.7778,-1.6629,Dominant,Canonical,trial_failure_candidate
Inhibitory_neuron,DOCK11-204,DOCK11,0.7142857142857143,0.0486486486486486,4.449673071731269e-23,9.056771400151948e-22,True,0.6656370656370657,AD_enriched,0.005050505050505,True,792.0,35,9,28.3643,6.3721,1.9939,Minor,Alternate,new_target_candidate
Inhibitory_neuron,DPAGT1-242,DPAGT1,0.3092783505154639,0.0185185185185185,2.209207193100934e-16,2.6843771885135918e-15,True,0.2907598319969454,AD_enriched,0.0333333333333333,True,330.0,30,2,5.6828,0.4226,2.2319,Minor,Alternate,new_target_candidate
Inhibitory_neuron,DPF3-209,DPF3,0.2121212121212121,0.7090909090909091,6.449151980834582e-07,2.619619514981655e-06,True,-0.496969696969697,CT_enriched,0.0481740481740481,True,1287.0,14,39,5.5943,29.3493,-2.2024,Dominant,Canonical,trial_failure_candidate
Inhibitory_neuron,DTNA-225,DTNA,0.2043795620437956,0.0,1.50487948704817e-08,7.515066915834885e-08,True,0.2043795620437956,AD_enriched,0.0341880341880341,True,1287.0,28,0,5.8649,0.0,2.7792,Minor,Alternate,new_target_candidate
Inhibitory_neuron,DYM-201,DYM,0.7538860103626943,0.4315245478036176,1.669003904226891e-20,2.775765195289443e-19,True,0.3223614625590767,AD_enriched,0.0137,True,10000.0,291,167,149.6001,67.7499,1.1313,Minor,Alternate,new_target_candidate
Inhibitory_neuron,DYM-220,DYM,0.2357512953367875,0.5684754521963824,1.669003904226891e-20,2.775765195289443e-19,True,-0.3327241568595949,CT_enriched,0.0101,True,10000.0,91,220,39.902,143.4855,-1.8207,Dominant,Canonical,trial_failure_candidate
Inhibitory_neuron,EDRF1-209,EDRF1,0.9823008849557522,0.4222222222222222,1.1256290659730883e-16,1.407161125045737e-15,True,0.5600786627335299,AD_enriched,0.0181818181818181,True,220.0,111,19,47.8823,15.0585,1.606,Minor,Alternate,new_target_candidate
Inhibitory_neuron,EGFR-212,EGFR,0.5913978494623656,0.0981595092024539,3.266468015998854e-21,5.64918609638084e-20,True,0.4932383402599117,AD_enriched,0.0358391608391608,True,8008.0,110,16,68.191,17.7132,1.8865,Minor,Alternate,new_target_candidate
Inhibitory_neuron,EIF4A2-203,EIF4A2,0.3961840628507295,0.0133171912832929,1.061609157752235e-84,5.441229483097366e-82,True,0.3828668715674366,AD_enriched,0.015,True,10000.0,353,11,37.6748,3.0554,3.2535,Minor,Alternate,new_target_candidate
Inhibitory_neuron,EIF4A2-201,EIF4A2,0.4343434343434343,0.7239709443099274,1.061609157752235e-84,5.441229483097366e-82,True,-0.289627509966493,CT_enriched,0.0341,True,10000.0,387,598,81.9167,222.8241,-1.4326,Dominant,Canonical,trial_failure_candidate
Inhibitory_neuron,EP400-204,EP400,0.4861111111111111,0.795,9.295437945610872e-09,4.7556877620103554e-08,True,-0.3088888888888889,CT_enriched,0.0438,True,10000.0,70,159,40.3607,170.5673,-2.0524,Dominant,Canonical,trial_failure_candidate
Inhibitory_neuron,EPHA5-204,EPHA5,0.5901639344262295,0.056910569105691,7.163644427666636e-15,7.451776251510054e-14,True,0.5332533653205385,AD_enriched,0.0497835497835497,True,462.0,36,7,7.6841,2.5805,1.2782,Minor,Alternate,new_target_candidate
Inhibitory_neuron,ERBB4-204,ERBB4,0.40754039497307,0.1933638443935926,1.7613377894819606e-22,3.366244900711625e-21,True,0.2141765505794773,AD_enriched,0.03,True,10000.0,227,169,97.6975,126.9345,-0.3743,Minor,Alternate,new_target_candidate
Inhibitory_neuron,ERCC6-221,ERCC6,0.2227272727272727,0.0193704600484261,5.322452132400122e-52,6.819996618743609e-50,True,0.2033568126788466,AD_enriched,0.0299,True,10000.0,49,8,48.51,3.6334,3.4176,Minor,Alternate,new_target_candidate
Inhibitory_neuron,ERMP1-209,ERMP1,0.6,0.0,2.3612657660602508e-11,1.6395094075181891e-10,True,0.6,AD_enriched,0.019047619047619,True,210.0,33,0,19.2122,0.0,4.3372,Minor,Alternate,new_target_candidate
Inhibitory_neuron,ETV1-205,ETV1,0.5185185185185185,0.1379310344827586,0.0001055782741065,0.000306671978059,True,0.3805874840357599,AD_enriched,0.0428571428571428,True,70.0,28,8,7.7649,4.3862,0.7025,Minor,Alternate,new_target_candidate
Inhibitory_neuron,FAM120B-201,FAM120B,0.09375,0.7906976744186046,3.4159603269478742e-09,1.851844646474242e-08,True,-0.6969476744186046,CT_enriched,0.0158730158730158,True,126.0,3,34,2.0336,13.1444,-2.2211,Dominant,Canonical,trial_failure_candidate
Inhibitory_neuron,FAM234A-203,FAM234A,0.336734693877551,0.7173252279635258,1.1261837858699827e-24,2.623729001956596e-23,True,-0.3805905340859748,CT_enriched,0.0459540459540459,True,2002.0,99,236,17.8893,71.5329,-1.9411,Dominant,Canonical,trial_failure_candidate
Inhibitory_neuron,FANCM-220,FANCM,0.296,0.0,4.430265309571483e-10,2.648763076920893e-09,True,0.296,AD_enriched,0.0023310023310023,True,1287.0,37,0,33.5187,0.0,5.1093,Minor,Alternate,new_target_candidate
Inhibitory_neuron,FASTKD5-202,FASTKD5,0.3333333333333333,0.0467625899280575,7.330229510260514e-12,5.458218877848919e-11,True,0.2865707434052758,AD_enriched,0.0458430458430458,True,6435.0,26,13,6.8039,36.2555,-2.2552,Minor,Alternate,new_target_candidate
Inhibitory_neuron,FASTKD5-201,FASTKD5,0.6538461538461539,0.935251798561151,7.330229510260514e-12,5.458218877848919e-11,True,-0.2814056447149972,CT_enriched,0.043045843045843,True,6435.0,51,260,19.2342,99.5107,-2.3125,Dominant,Canonical,trial_failure_candidate
Inhibitory_neuron,FBN1-208,FBN1,0.5421686746987951,0.1192660550458715,8.749734115276801e-16,9.866200188386119e-15,True,0.4229026196529236,AD_enriched,0.0419580419580419,True,8008.0,135,13,75.6355,7.5512,3.1638,Minor,Alternate,new_target_candidate
Inhibitory_neuron,FHIP2B-201,FHIP2B,0.2441860465116279,0.8064516129032258,1.6339031344553668e-12,1.3142079334981535e-11,True,-0.5622655663915979,CT_enriched,0.0064102564102564,True,1716.0,21,50,5.9675,67.3271,-3.2938,Dominant,Canonical,trial_failure_candidate
Inhibitory_neuron,FHIP2B-203,FHIP2B,0.3837209302325581,0.032258064516129,1.6339031344553668e-12,1.3142079334981535e-11,True,0.3514628657164291,AD_enriched,0.039044289044289,True,1716.0,33,2,9.6924,0.9829,2.4309,Minor,Alternate,new_target_candidate
Inhibitory_neuron,FIG4-207,FIG4,0.46875,0.1666666666666666,1.5886655922379051e-06,6.130661607828412e-06,True,0.3020833333333333,AD_enriched,0.011072261072261,True,1716.0,60,15,21.5156,3.8507,2.2147,Minor,Alternate,new_target_candidate
Inhibitory_neuron,transcript190556.chr9.nic,FKBP15,0.2347826086956521,0.0,2.679678721200682e-46,2.5180047716882414e-44,True,0.2347826086956521,AD_enriched,0.0231768231768231,True,5005.0,54,0,5.445,0.0,2.6882,Minor,Alternate,new_target_candidate
Inhibitory_neuron,FOXO3-203,FOXO3,0.4375,0.0795454545454545,4.5475247989134535e-06,1.63722508405326e-05,True,0.3579545454545455,AD_enriched,0.0357142857142857,True,252.0,14,7,6.9694,2.6539,1.125,Minor,Alternate,new_target_candidate
Inhibitory_neuron,transcript142153.chr1.nic,FUBP1,0.4,0.1363636363636363,0.0198848072668091,0.0368784682139046,True,0.2636363636363637,AD_enriched,0.0454545454545454,True,462.0,16,6,6.5705,2.799,0.9948,Minor,Alternate,new_target_candidate
Inhibitory_neuron,GCC2-218,GCC2,0.6710439921208142,0.3401360544217687,8.977830502341031e-133,8.436168062033123e-130,True,0.3309079376990455,AD_enriched,0.0213,True,10000.0,2044,650,2470.1762,511.161,2.2705,Minor,Alternate,new_target_candidate
Inhibitory_neuron,GGCX-201,GGCX,0.5454545454545454,0.9,5.361380578586429e-07,2.2079958876603573e-06,True,-0.3545454545454546,CT_enriched,0.0178571428571428,True,56.0,42,45,6.5233,17.3524,-1.2865,Dominant,Canonical,trial_failure_candidate
Inhibitory_neuron,transcript14161.chr7.nnic,GLCCI1,0.4354838709677419,0.0460526315789473,8.23116338364202e-12,6.074253816357815e-11,True,0.3894312393887946,AD_enriched,0.0114885114885114,True,2002.0,27,7,12.6612,2.9008,1.8082,Minor,Alternate,new_target_candidate
Inhibitory_neuron,GMEB1-203,GMEB1,0.5736434108527132,0.9214285714285714,9.195577585068174e-11,5.911592522761041e-10,True,-0.3477851605758582,CT_enriched,0.0128205128205128,True,1716.0,74,129,12.7628,106.6792,-2.9679,Dominant,Canonical,trial_failure_candidate
Inhibitory_neuron,GMEB1-201,GMEB1,0.2945736434108527,0.0285714285714285,9.195577585068174e-11,5.911592522761041e-10,True,0.2660022148394241,AD_enriched,0.0174825174825174,True,1716.0,38,4,6.4753,1.0713,1.8516,Minor,Alternate,new_target_candidate
Inhibitory_neuron,GPR176-201,GPR176,0.9019607843137256,0.461038961038961,3.2496805295528623e-16,3.841027007467304e-15,True,0.4409218232747646,AD_enriched,0.0113636363636363,True,792.0,138,71,27.3909,17.1751,0.6435,Minor,Alternate,new_target_candidate
Inhibitory_neuron,GPR176-205,GPR176,0.0980392156862745,0.538961038961039,3.2496805295528623e-16,3.841027007467304e-15,True,-0.4409218232747645,CT_enriched,0.0138888888888888,True,792.0,15,83,2.394,22.2535,-2.7764,Dominant,Canonical,trial_failure_candidate
Inhibitory_neuron,GTF3C3-212,GTF3C3,0.2857142857142857,0.0193798449612403,4.8830017595765094e-14,4.706045114614079e-13,True,0.2663344407530454,AD_enriched,0.0189393939393939,True,792.0,12,5,6.559,1.5988,1.5403,Minor,Alternate,new_target_candidate
Inhibitory_neuron,GTF3C3-201,GTF3C3,0.6666666666666666,0.9806201550387597,4.8830017595765094e-14,4.706045114614079e-13,True,-0.313953488372093,CT_enriched,0.0151515151515151,True,792.0,28,253,8.2378,67.4888,-2.8902,Dominant,Canonical,trial_failure_candidate
Inhibitory_neuron,HACE1-201,HACE1,0.247191011235955,0.6363636363636364,2.433482544979036e-05,7.839985479195317e-05,True,-0.3891726251276813,CT_enriched,0.0424575424575424,True,2002.0,22,35,5.6713,12.4366,-1.0101,Dominant,Canonical,trial_failure_candidate
Inhibitory_neuron,HDAC6-236,HDAC6,0.2058823529411764,0.0,5.548746270691219e-07,2.2785019281978945e-06,True,0.2058823529411764,AD_enriched,0.0335664335664335,True,715.0,14,0,1.9115,0.0,1.5417,Minor,Alternate,new_target_candidate
Inhibitory_neuron,HECTD4-213,HECTD4,0.4808184143222506,0.0194552529182879,1.8855873263751807e-46,1.8018544654412322e-44,True,0.4613631614039626,AD_enriched,0.0053280053280053,True,3003.0,188,5,33.5933,2.9068,3.1464,Minor,Alternate,new_target_candidate
Inhibitory_neuron,HGF-211,HGF,0.7551020408163265,0.2947368421052631,6.77597494821421e-07,2.7424943832039995e-06,True,0.4603651987110634,AD_enriched,0.0151515151515151,True,462.0,37,28,14.8498,8.2815,0.772,Minor,Alternate,new_target_candidate
Inhibitory_neuron,HGF-201,HGF,0.1632653061224489,0.5052631578947369,6.77597494821421e-07,2.7424943832039995e-06,True,-0.3419978517722879,CT_enriched,0.0151515151515151,True,462.0,8,48,3.8511,20.3238,-2.1361,Dominant,Canonical,trial_failure_candidate
Inhibitory_neuron,HLA-A-209,HLA-A,0.2153846153846154,0.0,8.566348228040464e-07,3.4253242063611448e-06,True,0.2153846153846154,AD_enriched,0.0047619047619047,True,210.0,14,0,2.2446,0.0,1.6981,Minor,Alternate,new_target_candidate
Inhibitory_neuron,HNRNPH1-206,HNRNPH1,0.3031674208144796,0.024793388429752,5.0642408777066625e-11,3.3789574045574156e-10,True,0.2783740323847276,AD_enriched,0.0019980019980019,True,3003.0,67,3,17.9916,4.8755,1.6926,Minor,Alternate,new_target_candidate
Inhibitory_neuron,HOOK2-201,HOOK2,0.7235772357723578,0.2137404580152671,3.57049236772476e-17,4.681496737030744e-16,True,0.5098367777570907,AD_enriched,0.0216450216450216,True,3003.0,89,28,21.172,20.1162,0.0704,Minor,Alternate,new_target_candidate
Inhibitory_neuron,HPS1-245,HPS1,0.21875,0.0068965517241379,9.516760830776866e-16,1.0688346128270912e-14,True,0.2118534482758621,AD_enriched,0.0194805194805194,True,462.0,14,1,1.4117,0.1933,1.0151,Minor,Alternate,new_target_candidate
Inhibitory_neuron,ICA1L-201,ICA1L,0.0450819672131147,0.951219512195122,2.6178967299125457e-43,1.9168443848372638e-41,True,-0.9061375449820072,CT_enriched,0.0,True,10.0,11,39,1.4424,8.1246,-1.9015,Dominant,Canonical,trial_failure_candidate
Inhibitory_neuron,IFNAR2-202,IFNAR2,0.0,0.5576923076923077,5.4895567063183227e-08,2.570608032410524e-07,True,-0.5576923076923077,CT_enriched,0.0317460317460317,True,252.0,0,29,0.0,17.9618,-4.245,Dominant,Canonical,trial_failure_candidate
Inhibitory_neuron,INTU-201,INTU,0.5922330097087378,0.9153846153846154,8.253208651005417e-08,3.795398888610811e-07,True,-0.3231516056758775,CT_enriched,0.0377622377622377,True,5005.0,61,119,18.0079,50.519,-1.4385,Dominant,Canonical,trial_failure_candidate
Inhibitory_neuron,ITCH-202,ITCH,0.0222222222222222,0.7127659574468085,2.1726616332166685e-15,2.369335839086185e-14,True,-0.6905437352245862,CT_enriched,0.0396825396825396,True,126.0,1,67,2.1664,22.8255,-2.9116,Dominant,Canonical,trial_failure_candidate
Inhibitory_neuron,ITCH-203,ITCH,0.2222222222222222,0.0,2.1726616332166685e-15,2.369335839086185e-14,True,0.2222222222222222,AD_enriched,0.0079365079365079,True,126.0,10,0,5.4442,0.0,2.688,Minor,Alternate,new_target_candidate
Inhibitory_neuron,KARS1-201,KARS1,0.4576271186440678,0.859375,6.373660842923169e-06,2.243114845967592e-05,True,-0.4017478813559322,CT_enriched,0.0274725274725274,True,2002.0,27,55,7.2125,23.4968,-1.5767,Dominant,Canonical,trial_failure_candidate
Inhibitory_neuron,KIAA0513-206,KIAA0513,0.4457831325301205,0.7666666666666667,0.0096575007615447,0.0193630829635807,True,-0.3208835341365462,CT_enriched,0.0396825396825396,True,126.0,37,23,6.8883,7.8159,-0.1604,Dominant,Canonical,trial_failure_candidate
Inhibitory_neuron,KIAA1191-212,KIAA1191,0.7328385899814471,0.3071428571428571,1.923744143135768e-30,6.695104616666333e-29,True,0.42569573283859,AD_enriched,0.037,True,10000.0,395,86,71.3939,40.862,0.7902,Minor,Alternate,new_target_candidate
Inhibitory_neuron,KIF1B-214,KIF1B,0.6037735849056604,1.0,4.799447000428581e-07,1.988191196797673e-06,True,-0.3962264150943396,CT_enriched,0.0317460317460317,True,126.0,32,67,17.9473,59.008,-1.6632,Dominant,Canonical,trial_failure_candidate
Inhibitory_neuron,KIT-223,KIT,0.3772241992882562,0.0349462365591397,3.226672880768388e-51,3.8706344046323766e-49,True,0.3422779627291165,AD_enriched,0.0,True,126.0,106,26,19.1488,9.988,0.8748,Minor,Alternate,new_target_candidate
Inhibitory_neuron,KMT2C-247,KMT2C,0.3549488054607508,0.0769230769230769,1.9962062572696402e-47,2.123511486506836e-45,True,0.2780257285376739,AD_enriched,0.0189,True,10000.0,208,23,143.5558,30.2668,2.2089,Minor,Alternate,new_target_candidate
Inhibitory_neuron,LARP1B-201,LARP1B,0.0170454545454545,0.2291666666666666,6.746730608059745e-12,5.0381545918199785e-11,True,-0.2121212121212121,CT_enriched,0.011,True,10000.0,3,11,1.2595,11.089,-2.4196,Dominant,Canonical,trial_failure_candidate
Inhibitory_neuron,LGI1-202,LGI1,0.4140435835351089,0.8433048433048433,7.82083118822039e-41,5.1271914231612296e-39,True,-0.4292612597697344,CT_enriched,0.0314,True,10000.0,171,296,43.0183,110.5346,-1.3413,Dominant,Canonical,trial_failure_candidate
Inhibitory_neuron,LGI1-206,LGI1,0.5036319612590799,0.0598290598290598,7.82083118822039e-41,5.1271914231612296e-39,True,0.4438029014300201,AD_enriched,0.0205,True,10000.0,208,21,125.4654,13.7938,3.0957,Minor,Alternate,new_target_candidate
Inhibitory_neuron,LRCH1-204,LRCH1,0.4347826086956521,0.0,1.6022008808739386e-06,6.163035555221668e-06,True,0.4347826086956521,AD_enriched,0.0285714285714285,True,35.0,30,0,12.1161,0.0,3.7133,Minor,Alternate,new_target_candidate
Inhibitory_neuron,LRP8-201,LRP8,0.0930232558139534,0.5280898876404494,6.9495207902033376e-15,7.242402627572351e-14,True,-0.4350666318264959,CT_enriched,0.0217560217560217,True,1287.0,8,47,3.6522,31.5482,-2.8066,Dominant,Canonical,trial_failure_candidate
Inhibitory_neuron,LRP8-236,LRP8,0.5,0.0112359550561797,6.9495207902033376e-15,7.242402627572351e-14,True,0.4887640449438203,AD_enriched,0.0186480186480186,True,1287.0,43,1,5.5525,0.1933,2.4571,Minor,Alternate,new_target_candidate
Inhibitory_neuron,LRRCC1-203,LRRCC1,0.3333333333333333,0.0,5.3573418910677375e-09,2.8281548297602908e-08,True,0.3333333333333333,AD_enriched,0.0,True,210.0,10,0,4.1718,0.0,2.3707,Minor,Alternate,new_target_candidate
Inhibitory_neuron,LRRN2-201,LRRN2,0.6815286624203821,0.1333333333333333,2.0175480757237359e-10,1.2513681024125879e-09,True,0.5481953290870488,AD_enriched,0.0484848484848484,True,330.0,107,6,81.4579,2.6714,4.4892,Minor,Alternate,new_target_candidate
Inhibitory_neuron,LRRN2-203,LRRN2,0.3184713375796178,0.8666666666666667,2.0175480757237359e-10,1.2513681024125879e-09,True,-0.5481953290870489,CT_enriched,0.0484848484848484,True,330.0,50,39,9.021,15.3937,-0.7101,Dominant,Canonical,trial_failure_candidate
Inhibitory_neuron,transcript43561.chr7.nnic,LSM5,0.5,0.1304347826086956,4.397915745342442e-05,0.0001350514649904,True,0.3695652173913044,AD_enriched,0.0202020202020202,True,792.0,27,9,7.7246,3.7894,0.8652,Minor,Alternate,new_target_candidate
Inhibitory_neuron,LYPD6-203,LYPD6,0.5470085470085471,0.0367647058823529,2.341722633790025e-22,4.43041349305643e-21,True,0.5102438411261941,AD_enriched,0.0173160173160173,True,462.0,64,5,38.1179,2.1981,3.6126,Minor,Alternate,new_target_candidate
Inhibitory_neuron,MAP3K4-202,MAP3K4,0.3689320388349514,0.0,7.705552059004378e-11,4.991581072440915e-10,True,0.3689320388349514,AD_enriched,0.0303030303030303,True,1287.0,38,0,24.2437,0.0,4.6579,Minor,Alternate,new_target_candidate
Inhibitory_neuron,MATCAP1-203,MATCAP1,0.5118110236220472,0.1666666666666666,1.866510901449683e-06,7.102822148861733e-06,True,0.3451443569553806,AD_enriched,0.0302197802197802,True,4368.0,65,14,32.3971,9.6117,1.6541,Minor,Alternate,new_target_candidate
Inhibitory_neuron,MED23-205,MED23,0.2222222222222222,0.7560975609756098,2.181645734727254e-07,9.490832293512544e-07,True,-0.5338753387533876,CT_enriched,0.0212121212121212,True,330.0,12,31,3.4147,27.8569,-2.7085,Dominant,Canonical,trial_failure_candidate
Inhibitory_neuron,METTL9-201,METTL9,0.2209302325581395,0.6638655462184874,2.4947637327992955e-09,1.3776178183665454e-08,True,-0.4429353136603479,CT_enriched,0.0296370296370296,True,3003.0,19,79,5.7133,118.0407,-4.1483,Dominant,Canonical,trial_failure_candidate
Inhibitory_neuron,MFN2-201,MFN2,0.0,0.3829787234042553,1.6338585507549316e-12,1.3142079334981535e-11,True,-0.3829787234042553,CT_enriched,0.0238095238095238,True,84.0,0,18,0.0,10.4585,-3.5183,Dominant,Canonical,trial_failure_candidate
Inhibitory_neuron,MIGA2-214,MIGA2,0.1555555555555555,0.8398058252427184,3.1406478740204294e-39,1.8254611045079568e-37,True,-0.6842502696871628,CT_enriched,0.032012432012432,True,6435.0,28,173,13.2112,41.5748,-1.583,Dominant,Canonical,trial_failure_candidate
Inhibitory_neuron,MIPOL1-216,MIPOL1,0.0833333333333333,0.59375,4.9689536880054766e-08,2.3384775369762e-07,True,-0.5104166666666667,CT_enriched,0.0202,True,10000.0,8,19,1.0461,46.5895,-4.5397,Dominant,Canonical,trial_failure_candidate
Inhibitory_neuron,MLST8-232,MLST8,0.2450980392156862,0.6875,5.744923099232602e-07,2.35049901549154e-06,True,-0.4424019607843138,CT_enriched,0.0416666666666666,True,120.0,25,33,4.4504,16.6131,-1.6922,Dominant,Canonical,trial_failure_candidate
Inhibitory_neuron,MOGS-205,MOGS,0.6404494382022472,0.09375,2.227179958505561e-07,9.681449966117463e-07,True,0.5466994382022472,AD_enriched,0.0259740259740259,True,462.0,57,3,76.7346,0.9502,5.3169,Minor,Alternate,new_target_candidate
Inhibitory_neuron,MROH1-203,MROH1,0.4326241134751773,0.171806167400881,1.041301982357122e-21,1.8877365197843902e-20,True,0.2608179460742963,AD_enriched,0.0282,True,10000.0,183,78,67.8621,39.9456,0.75,Minor,Alternate,new_target_candidate
Inhibitory_neuron,MRPS5-201,MRPS5,0.2119205298013245,0.5753424657534246,6.893465702557865e-08,3.190916225863813e-07,True,-0.3634219359521001,CT_enriched,0.0202020202020202,True,1287.0,32,42,5.6456,13.9736,-1.1719,Dominant,Canonical,trial_failure_candidate
Inhibitory_neuron,MRPS5-207,MRPS5,0.6291390728476821,0.2054794520547945,6.893465702557865e-08,3.190916225863813e-07,True,0.4236596207928876,AD_enriched,0.0279720279720279,True,1287.0,95,15,22.3772,7.7897,1.4112,Minor,Alternate,new_target_candidate
Inhibitory_neuron,MTMR14-203,MTMR14,0.5684210526315789,0.125,2.5044092464889522e-08,1.2203854219278057e-07,True,0.4434210526315789,AD_enriched,0.0043290043290043,True,462.0,54,5,13.4798,1.1468,2.7538,Minor,Alternate,new_target_candidate
Inhibitory_neuron,MTR-205,MTR,0.3579545454545454,0.0032362459546925,7.247011961625488e-34,3.0265669214551473e-32,True,0.3547182994998529,AD_enriched,0.0319680319680319,True,5005.0,63,1,35.7197,0.2294,4.9006,Minor,Alternate,new_target_candidate
Inhibitory_neuron,NCLN-208,NCLN,0.5217391304347826,0.025,1.421549004524743e-06,5.523565325644729e-06,True,0.4967391304347825,AD_enriched,0.0181818181818181,True,165.0,24,1,21.8428,0.1933,4.2587,Minor,Alternate,new_target_candidate
Inhibitory_neuron,NCLN-201,NCLN,0.4782608695652174,0.975,1.421549004524743e-06,5.523565325644729e-06,True,-0.4967391304347825,CT_enriched,0.0181818181818181,True,165.0,22,39,17.7722,14.869,0.2424,Dominant,Canonical,trial_failure_candidate
Inhibitory_neuron,transcript184301.chr8.nic,NDRG1,0.717391304347826,0.1176470588235294,6.937721405120366e-10,4.061772926486876e-09,True,0.5997442455242966,AD_enriched,0.0261072261072261,True,6435.0,66,4,169.6144,1.78,5.9395,Minor,Alternate,new_target_candidate
Inhibitory_neuron,NDRG1-201,NDRG1,0.1739130434782608,0.7352941176470589,6.937721405120366e-10,4.061772926486876e-09,True,-0.5613810741687981,CT_enriched,0.0156954156954156,True,6435.0,16,25,10.8112,17.2947,-0.6313,Dominant,Canonical,trial_failure_candidate
Inhibitory_neuron,NEBL-222,NEBL,0.7083333333333334,0.2335766423357664,1.5934886226703678e-18,2.3274841592268218e-17,True,0.474756690997567,AD_enriched,0.0419580419580419,True,5005.0,170,32,156.234,61.0602,1.3412,Minor,Alternate,new_target_candidate
Inhibitory_neuron,NEPRO-201,NEPRO,0.2142857142857142,0.6842105263157895,4.4704353621684955e-09,2.3935721340841383e-08,True,-0.4699248120300753,CT_enriched,0.0404040404040404,True,495.0,18,65,10.8246,26.5314,-1.2193,Dominant,Canonical,trial_failure_candidate
Inhibitory_neuron,transcript71270.chr18.nnic,NETO1,0.8035714285714286,0.2222222222222222,2.106424060935996e-07,9.184856036780464e-07,True,0.5813492063492064,AD_enriched,0.0019980019980019,True,2002.0,45,8,29.9019,4.1982,2.5716,Minor,Alternate,new_target_candidate
Inhibitory_neuron,NETO1-201,NETO1,0.1785714285714285,0.75,2.106424060935996e-07,9.184856036780464e-07,True,-0.5714285714285715,CT_enriched,0.0054945054945054,True,2002.0,10,27,6.2921,12.8874,-0.9294,Dominant,Canonical,trial_failure_candidate
Inhibitory_neuron,NISCH-202,NISCH,0.813953488372093,0.2814070351758794,4.645652425976146e-30,1.5874053562214247e-28,True,0.5325464531962136,AD_enriched,0.004,True,10000.0,210,56,73.4479,39.0888,0.893,Minor,Alternate,new_target_candidate
Inhibitory_neuron,NOVA1-206,NOVA1,0.6893203883495146,0.9344262295081968,1.7566258047539036e-05,5.788353776445631e-05,True,-0.2451058411586821,CT_enriched,0.0184815184815184,True,2002.0,71,114,19.9596,35.9816,-0.8192,Dominant,Canonical,trial_failure_candidate
Inhibitory_neuron,transcript151351.chr4.nic,NPNT,0.2407407407407407,0.0279720279720279,1.3412574020024584e-07,6.044771568736897e-07,True,0.2127687127687128,AD_enriched,0.0031080031080031,True,1287.0,13,4,9.262,1.6303,1.964,Minor,Alternate,new_target_candidate
Inhibitory_neuron,NPNT-202,NPNT,0.7037037037037037,0.972027972027972,1.3412574020024584e-07,6.044771568736897e-07,True,-0.2683242683242682,CT_enriched,0.0031080031080031,True,1287.0,38,139,15.7934,57.9144,-1.8107,Dominant,Canonical,trial_failure_candidate
Inhibitory_neuron,NUP58-209,NUP58,0.255591054313099,0.031578947368421,2.551933048585788e-11,1.7588995755411583e-10,True,0.224012106944678,AD_enriched,0.0423,True,10000.0,80,6,39.0427,6.5747,2.4023,Minor,Alternate,new_target_candidate
Inhibitory_neuron,NUP98-231,NUP98,0.4022988505747126,0.1129032258064516,2.190087790536558e-09,1.2129386014779092e-08,True,0.289395624768261,AD_enriched,0.0086580086580086,True,462.0,35,7,19.0649,3.7122,2.0902,Minor,Alternate,new_target_candidate
Inhibitory_neuron,OFD1-201,OFD1,0.0869565217391304,0.417910447761194,4.176939492962592e-14,4.0672858137000164e-13,True,-0.3309539260220636,CT_enriched,0.0369630369630369,True,2002.0,12,28,8.6848,9.756,-0.1513,Dominant,Canonical,trial_failure_candidate
Inhibitory_neuron,OFD1-210,OFD1,0.4347826086956521,0.1641791044776119,4.176939492962592e-14,4.0672858137000164e-13,True,0.2706035042180402,AD_enriched,0.0499500499500499,True,2002.0,60,11,52.4981,8.9681,2.4241,Minor,Alternate,new_target_candidate
Inhibitory_neuron,OGFOD3-201,OGFOD3,0.3582089552238806,0.6744186046511628,0.0040104813993101,0.0086295341066046,True,-0.3162096494272822,CT_enriched,0.0389610389610389,True,924.0,24,29,3.7641,34.3492,-2.8914,Dominant,Canonical,trial_failure_candidate
Inhibitory_neuron,ORC3-202,ORC3,0.3937007874015748,0.7083333333333334,3.38082329833448e-07,1.433164041805248e-06,True,-0.3146325459317585,CT_enriched,0.0380952380952381,True,210.0,50,102,14.2772,32.5644,-1.1356,Dominant,Canonical,trial_failure_candidate
Inhibitory_neuron,ORC3-201,ORC3,0.5748031496062992,0.25,3.38082329833448e-07,1.433164041805248e-06,True,0.3248031496062992,AD_enriched,0.0285714285714285,True,210.0,73,36,13.3783,10.6214,0.3071,Minor,Alternate,new_target_candidate
Inhibitory_neuron,PAFAH1B1-202,PAFAH1B1,0.3284671532846715,0.8177083333333334,2.861398262233513e-23,5.931089486203142e-22,True,-0.4892411800486618,CT_enriched,0.0223776223776223,True,715.0,45,157,12.8832,36.4167,-1.4303,Dominant,Canonical,trial_failure_candidate
Inhibitory_neuron,PALS1-209,PALS1,0.2941176470588235,0.0054347826086956,5.079035766236353e-24,1.1229648490211983e-22,True,0.2886828644501278,AD_enriched,0.0285714285714285,True,35.0,10,1,7.5316,0.1933,2.8379,Minor,Alternate,new_target_candidate
Inhibitory_neuron,PALS1-208,PALS1,0.3823529411764705,0.0217391304347826,5.079035766236353e-24,1.1229648490211983e-22,True,0.3606138107416879,AD_enriched,0.0285714285714285,True,35.0,13,4,9.7911,1.0713,2.3813,Minor,Alternate,new_target_candidate
Inhibitory_neuron,PAQR8-202,PAQR8,0.3636363636363636,0.9746835443037974,2.51173574901402e-55,4.291262470588196e-53,True,-0.6110471806674338,CT_enriched,0.0389610389610389,True,462.0,92,308,21.2948,430.7065,-4.2753,Dominant,Canonical,trial_failure_candidate
Inhibitory_neuron,PDCD6-201,PDCD6,0.3424657534246575,0.672566371681416,8.192241030014734e-10,4.746953229930431e-09,True,-0.3301006182567584,CT_enriched,0.0233100233100233,True,1716.0,75,76,19.7541,42.6159,-1.0715,Dominant,Canonical,trial_failure_candidate
Inhibitory_neuron,PDCD6-209,PDCD6,0.5981735159817352,0.2300884955752212,8.192241030014734e-10,4.746953229930431e-09,True,0.368085020406514,AD_enriched,0.0355477855477855,True,1716.0,131,26,34.5115,17.5657,0.9356,Minor,Alternate,new_target_candidate
Inhibitory_neuron,PEX10-202,PEX10,0.7183098591549296,0.972972972972973,3.3925246412342155e-05,0.0001062024093685,True,-0.2546631138180434,CT_enriched,0.0038850038850038,True,1287.0,102,72,24.2644,32.9799,-0.4276,Dominant,Canonical,trial_failure_candidate
Inhibitory_neuron,PEX10-201,PEX10,0.2464788732394366,0.0135135135135135,3.3925246412342155e-05,0.0001062024093685,True,0.232965359725923,AD_enriched,0.0015540015540015,True,1287.0,35,1,25.0673,0.1933,4.4492,Minor,Alternate,new_target_candidate
Inhibitory_neuron,PGM3-248,PGM3,0.2244897959183673,0.0190839694656488,8.715449329538871e-18,1.2014108391183414e-16,True,0.2054058264527185,AD_enriched,0.0,True,330.0,22,5,4.0356,1.0747,1.2793,Minor,Alternate,new_target_candidate
Inhibitory_neuron,PHF8-202,PHF8,0.7368421052631579,0.9574468085106383,0.023759169933883,0.0433930029437099,True,-0.2206047032474805,CT_enriched,0.0484848484848484,True,495.0,42,45,27.9552,29.2472,-0.063,Dominant,Canonical,trial_failure_candidate
Inhibitory_neuron,PIK3CA-201,PIK3CA,0.1785714285714285,0.5035460992907801,6.530641118441953e-07,2.6489032104874625e-06,True,-0.3249746707193516,CT_enriched,0.0083250083250083,True,3003.0,10,71,5.3089,26.9095,-2.1453,Dominant,Canonical,trial_failure_candidate
Inhibitory_neuron,PLCB4-214,PLCB4,0.9703703703703704,0.1875,2.387155766657592e-45,1.979232972414044e-43,True,0.7828703703703704,AD_enriched,0.0357142857142857,True,56.0,262,6,55.1972,3.8338,3.5393,Minor,Alternate,new_target_candidate
Inhibitory_neuron,PLEC-210,PLEC,0.4222222222222222,0.0210526315789473,6.0860962435976806e-12,4.593495397778276e-11,True,0.4011695906432749,AD_enriched,0.0333333333333333,True,210.0,19,2,11.3749,0.3865,3.1578,Minor,Alternate,new_target_candidate
Inhibitory_neuron,PPARGC1A-201,PPARGC1A,0.3877551020408163,0.9276018099547512,7.38844073844874e-33,2.933523160800985e-31,True,-0.5398467079139349,CT_enriched,0.0023976023976023,True,5005.0,95,205,26.0506,106.4646,-1.9901,Dominant,Canonical,trial_failure_candidate
Inhibitory_neuron,PPARGC1A-204,PPARGC1A,0.5795918367346938,0.0723981900452488,7.38844073844874e-33,2.933523160800985e-31,True,0.507193646689445,AD_enriched,0.0027972027972027,True,5005.0,142,16,37.1813,13.1891,1.4281,Minor,Alternate,new_target_candidate
Inhibitory_neuron,PPFIA1-222,PPFIA1,0.2791878172588832,0.0263157894736842,2.689009375199074e-21,4.679208289312463e-20,True,0.252872027785199,AD_enriched,0.002518315018315,True,4368.0,55,7,29.0762,2.2323,3.218,Minor,Alternate,new_target_candidate
Inhibitory_neuron,PRKD1-202,PRKD1,0.9166666666666666,0.3,5.331522879197939e-11,3.5405330969279127e-10,True,0.6166666666666667,AD_enriched,0.0383838383838383,True,495.0,55,9,24.2798,6.4304,1.7665,Minor,Alternate,new_target_candidate
Inhibitory_neuron,PRKD1-201,PRKD1,0.0166666666666666,0.6666666666666666,5.331522879197939e-11,3.5405330969279127e-10,True,-0.65,CT_enriched,0.0242424242424242,True,495.0,1,20,0.1008,4.8134,-2.4008,Dominant,Canonical,trial_failure_candidate
Inhibitory_neuron,PRKN-211,PRKN,0.5540540540540541,0.141025641025641,6.667771672733608e-11,4.3611249061336516e-10,True,0.4130284130284131,AD_enriched,0.05,True,120.0,41,11,13.2554,4.0996,1.483,Minor,Alternate,new_target_candidate
Inhibitory_neuron,PRKRIP1-208,PRKRIP1,0.5476190476190477,0.1896551724137931,0.0008830155060217,0.0021768436479889,True,0.3579638752052546,AD_enriched,0.0285714285714285,True,210.0,23,11,8.5252,4.0594,0.9128,Minor,Alternate,new_target_candidate
Inhibitory_neuron,PRKRIP1-201,PRKRIP1,0.238095238095238,0.6551724137931034,0.0008830155060217,0.0021768436479889,True,-0.4170771756978654,CT_enriched,0.019047619047619,True,210.0,10,38,3.0195,14.3739,-1.9354,Dominant,Canonical,trial_failure_candidate
Inhibitory_neuron,PSKH1-201,PSKH1,0.0625,0.8245614035087719,1.1387361615537118e-16,1.4203970085928825e-15,True,-0.7620614035087719,CT_enriched,0.0476190476190476,True,84.0,4,47,9.0535,46.6574,-2.245,Dominant,Canonical,trial_failure_candidate
Inhibitory_neuron,PSKH1-202,PSKH1,0.9375,0.175438596491228,1.1387361615537118e-16,1.4203970085928825e-15,True,0.762061403508772,AD_enriched,0.0476190476190476,True,84.0,60,10,10.4257,4.056,1.1762,Minor,Alternate,new_target_candidate
Inhibitory_neuron,PSMD1-215,PSMD1,0.4021739130434782,0.005,3.337271921457825e-23,6.892138861970408e-22,True,0.3971739130434782,AD_enriched,0.0363636363636363,True,330.0,148,1,30.5288,0.6038,4.2971,Minor,Alternate,new_target_candidate
Inhibitory_neuron,PTBP1-221,PTBP1,0.3529411764705882,0.075,7.402483267296988e-05,0.000219774621701,True,0.2779411764705882,AD_enriched,0.0396270396270396,True,3432.0,12,6,3.3624,3.0057,0.1231,Minor,Alternate,new_target_candidate
Inhibitory_neuron,PTPRM-205,PTPRM,0.3,0.0,2.0186980726855922e-07,8.843371976535638e-07,True,0.3,AD_enriched,0.0277777777777777,True,252.0,9,0,5.0929,0.0,2.6071,Minor,Alternate,new_target_candidate
Inhibitory_neuron,PWWP2A-201,PWWP2A,0.2207792207792207,0.5934959349593496,2.210553584662388e-12,1.7653117720009262e-11,True,-0.3727167141801289,CT_enriched,0.049,True,10000.0,34,146,19.3603,46.2464,-1.2144,Dominant,Canonical,trial_failure_candidate
Inhibitory_neuron,RAD21-212,RAD21,0.4230769230769231,0.0,6.998642857788643e-08,3.234290855099375e-07,True,0.4230769230769231,AD_enriched,0.025,True,120.0,22,0,4.5468,0.0,2.4717,Minor,Alternate,new_target_candidate
Inhibitory_neuron,RAD51C-219,RAD51C,0.3555555555555555,0.0224719101123595,2.87517116901552e-06,1.0657603583766933e-05,True,0.333083645443196,AD_enriched,0.0142857142857142,True,210.0,16,2,7.3311,0.8332,2.1841,Minor,Alternate,new_target_candidate
Inhibitory_neuron,RBL2-201,RBL2,0.3763837638376384,0.6947791164658634,2.826646167917967e-12,2.2509365952996467e-11,True,-0.318395352628225,CT_enriched,0.0403,True,10000.0,102,173,37.9802,66.5676,-0.7936,Dominant,Canonical,trial_failure_candidate
Inhibitory_neuron,RBL2-209,RBL2,0.6199261992619927,0.3052208835341365,2.826646167917967e-12,2.2509365952996467e-11,True,0.3147053157278561,AD_enriched,0.0423,True,10000.0,168,76,85.359,36.0882,1.2194,Minor,Alternate,new_target_candidate
Inhibitory_neuron,RBM41-209,RBM41,0.0652173913043478,0.4054054054054054,0.0001629728241163,0.0004573849384182,True,-0.3401880141010576,CT_enriched,0.0428571428571428,True,70.0,3,15,1.0832,5.3625,-1.6108,Dominant,Canonical,trial_failure_candidate
Inhibitory_neuron,REL-204,REL,0.5818181818181818,0.1875,2.730570876920309e-05,8.702633467539119e-05,True,0.3943181818181818,AD_enriched,0.0238095238095238,True,84.0,32,9,20.2833,3.4539,2.2566,Minor,Alternate,new_target_candidate
Inhibitory_neuron,REL-202,REL,0.3454545454545454,0.6875,2.730570876920309e-05,8.702633467539119e-05,True,-0.3420454545454546,CT_enriched,0.0238095238095238,True,84.0,19,33,6.1259,12.6984,-0.9429,Dominant,Canonical,trial_failure_candidate
Inhibitory_neuron,RETREG2-201,RETREG2,0.2857142857142857,0.0212765957446808,0.0003211282196723,0.0008588808835449,True,0.2644376899696049,AD_enriched,0.0436507936507936,True,252.0,42,1,5.8835,0.1933,2.5282,Minor,Alternate,new_target_candidate
Inhibitory_neuron,RETREG2-203,RETREG2,0.7142857142857143,0.9787234042553192,0.0003211282196723,0.0008588808835449,True,-0.2644376899696049,CT_enriched,0.0436507936507936,True,252.0,105,46,16.829,22.8525,-0.4199,Dominant,Canonical,trial_failure_candidate
Inhibitory_neuron,RIMBP2-216,RIMBP2,0.3515981735159817,0.0055555555555555,1.5238176820377904e-31,5.6521605864006984e-30,True,0.3460426179604262,AD_enriched,0.0075,True,10000.0,77,1,11.7542,0.1933,3.418,Minor,Alternate,new_target_candidate
Inhibitory_neuron,RIOK3-205,RIOK3,0.5263157894736842,0.0582608695652173,9.8698720005302e-88,5.564633833898927e-85,True,0.4680549199084668,AD_enriched,0.0027972027972027,True,715.0,140,67,43.9817,18.6582,1.1942,Minor,Alternate,new_target_candidate
Inhibitory_neuron,RIOK3-201,RIOK3,0.4323308270676692,0.931304347826087,9.8698720005302e-88,5.564633833898927e-85,True,-0.4989735207584178,CT_enriched,0.0013986013986013,True,715.0,115,1071,33.8954,467.5755,-3.7472,Dominant,Canonical,trial_failure_candidate
Inhibitory_neuron,transcript125102.chrX.nic,RNF128,0.5,0.0,1.199176470399579e-26,3.234907626848242e-25,True,0.5,AD_enriched,0.0238095238095238,True,252.0,23,0,5.7786,0.0,2.761,Minor,Alternate,new_target_candidate
Inhibitory_neuron,RNF128-201,RNF128,0.5,1.0,1.199176470399579e-26,3.234907626848242e-25,True,-0.5,CT_enriched,0.0238095238095238,True,252.0,23,220,6.7512,108.9492,-3.8263,Dominant,Canonical,trial_failure_candidate
Inhibitory_neuron,RNF144A-201,RNF144A,0.3333333333333333,0.9,2.936568688026213e-06,1.0878038280612216e-05,True,-0.5666666666666667,CT_enriched,0.0189393939393939,True,792.0,12,36,5.1616,84.631,-3.7968,Dominant,Canonical,trial_failure_candidate
Inhibitory_neuron,transcript9298.chr2.nic,RNF144A,0.3333333333333333,0.0,2.936568688026213e-06,1.0878038280612216e-05,True,0.3333333333333333,AD_enriched,0.0227272727272727,True,792.0,12,0,3.6414,0.0,2.2146,Minor,Alternate,new_target_candidate
Inhibitory_neuron,RNGTT-204,RNGTT,0.2794117647058823,0.0426540284360189,1.0539096637922387e-10,6.736896467642452e-10,True,0.2367577362698634,AD_enriched,0.0295704295704295,True,5005.0,57,9,32.3535,5.6273,2.3314,Minor,Alternate,new_target_candidate
Inhibitory_neuron,RNGTT-202,RNGTT,0.7205882352941176,0.957345971563981,1.0539096637922387e-10,6.736896467642452e-10,True,-0.2367577362698634,CT_enriched,0.0295704295704295,True,5005.0,147,202,29.284,79.1848,-1.4048,Dominant,Canonical,trial_failure_candidate
Inhibitory_neuron,ROBO2-202,ROBO2,0.3373493975903614,0.0659340659340659,1.058553360057167e-12,8.789578562595442e-12,True,0.2714153316562955,AD_enriched,0.0011238761238761,True,8008.0,28,12,20.625,6.1522,1.5962,Minor,Alternate,new_target_candidate
Inhibitory_neuron,transcript68086.chr17.nnic,RPL19,0.2358490566037736,0.0,1.227728184353715e-06,4.810237319934847e-06,True,0.2358490566037736,AD_enriched,0.0083333333333333,True,120.0,25,0,4.5232,0.0,2.4655,Minor,Alternate,new_target_candidate
Inhibitory_neuron,transcript38859.chr14.nnic,RPS29,0.2972972972972973,0.0,3.240880169642827e-05,0.000101932007903,True,0.2972972972972973,AD_enriched,0.0454545454545454,True,462.0,11,0,5.5658,0.0,2.715,Minor,Alternate,new_target_candidate
Inhibitory_neuron,RPS3-217,RPS3,0.5481481481481482,0.8305084745762712,5.70956390268881e-06,2.020748354259856e-05,True,-0.282360326428123,CT_enriched,0.0426240426240426,True,3003.0,74,98,62.2007,34.1147,0.8479,Dominant,Canonical,trial_failure_candidate
Inhibitory_neuron,RPS3-209,RPS3,0.437037037037037,0.1525423728813559,5.70956390268881e-06,2.020748354259856e-05,True,0.2844946641556811,AD_enriched,0.0489510489510489,True,3003.0,59,18,52.701,10.9965,2.1623,Minor,Alternate,new_target_candidate
Inhibitory_neuron,transcript48755.chr9.nnic,RUSC2,0.8493150684931506,0.1506849315068493,2.3290069354045263e-22,4.421192290171959e-21,True,0.6986301369863013,AD_enriched,0.0363636363636363,True,330.0,124,11,23.5806,12.396,0.8757,Minor,Alternate,new_target_candidate
Inhibitory_neuron,SAMHD1-225,SAMHD1,0.6918238993710691,0.150375939849624,7.179664878412102e-22,1.3099984007924736e-20,True,0.5414479595214452,AD_enriched,0.0004995004995004,True,2002.0,110,20,51.8396,8.211,2.5202,Minor,Alternate,new_target_candidate
Inhibitory_neuron,SAMHD1-221,SAMHD1,0.0754716981132075,0.556390977443609,7.179664878412102e-22,1.3099984007924736e-20,True,-0.4809192793304014,CT_enriched,0.0209790209790209,True,2002.0,12,74,5.236,28.9221,-2.2625,Dominant,Canonical,trial_failure_candidate
Inhibitory_neuron,SAP130-201,SAP130,0.5507246376811594,0.231578947368421,2.809116724592009e-05,8.940021001823425e-05,True,0.3191456903127384,AD_enriched,0.0465367965367965,True,924.0,38,22,22.5574,11.1507,0.9551,Minor,Alternate,new_target_candidate
Inhibitory_neuron,SATB1-204,SATB1,0.4151436031331593,0.1293375394321766,3.468017995017426e-19,5.2279907636118324e-18,True,0.2858060637009827,AD_enriched,0.0094,True,10000.0,159,41,71.5586,42.3501,0.7431,Minor,Alternate,new_target_candidate
Inhibitory_neuron,SCAF4-203,SCAF4,0.58,0.0094339622641509,7.918239986989181e-25,1.8679094998596242e-23,True,0.570566037735849,AD_enriched,0.0023976023976023,True,5005.0,58,1,13.988,0.4914,3.329,Minor,Alternate,new_target_candidate
Inhibitory_neuron,SCAF4-201,SCAF4,0.15,0.8679245283018868,7.918239986989181e-25,1.8679094998596242e-23,True,-0.7179245283018868,CT_enriched,0.0003996003996003,True,5005.0,15,92,8.0092,47.5651,-2.4304,Dominant,Canonical,trial_failure_candidate
Inhibitory_neuron,SCAP-206,SCAP,0.3909090909090909,0.0545454545454545,2.8985825691323343e-16,3.440464952582757e-15,True,0.3363636363636363,AD_enriched,0.0271950271950271,True,1287.0,43,15,6.2327,5.3306,0.1922,Minor,Alternate,new_target_candidate
Inhibitory_neuron,SCAP-201,SCAP,0.6090909090909091,0.9454545454545454,2.8985825691323343e-16,3.440464952582757e-15,True,-0.3363636363636363,CT_enriched,0.0271950271950271,True,1287.0,67,260,29.7837,66.6398,-1.1357,Dominant,Canonical,trial_failure_candidate
Inhibitory_neuron,SCRN1-201,SCRN1,0.5930232558139535,0.9886363636363636,1.0508623941185667e-20,1.773880891628886e-19,True,-0.3956131078224101,CT_enriched,0.0293456543456543,True,8008.0,204,174,61.3673,83.4689,-0.4376,Dominant,Canonical,trial_failure_candidate
Inhibitory_neuron,SEC24B-203,SEC24B,0.3496503496503496,0.0465116279069767,2.0048307986950755e-15,2.1905496207447363e-14,True,0.3031387217433728,AD_enriched,0.0433566433566433,True,5005.0,50,10,12.9545,2.9396,1.8246,Minor,Alternate,new_target_candidate
Inhibitory_neuron,SFPQ-205,SFPQ,0.4705882352941176,0.1596638655462184,2.6850478434041395e-14,2.6888631866984974e-13,True,0.3109243697478991,AD_enriched,0.0244,True,10000.0,160,38,96.7222,36.9171,1.3658,Minor,Alternate,new_target_candidate
Inhibitory_neuron,SGIP1-231,SGIP1,0.5,0.1081081081081081,5.785189904009319e-26,1.4825863944911154e-24,True,0.3918918918918919,AD_enriched,0.0293706293706293,True,715.0,59,8,27.9827,3.6933,2.6265,Minor,Alternate,new_target_candidate
Inhibitory_neuron,SHOC2-217,SHOC2,0.358974358974359,0.0,5.596032159048295e-20,9.014408375061225e-19,True,0.358974358974359,AD_enriched,0.0369630369630369,True,3003.0,140,0,27.5809,0.0,4.837,Minor,Alternate,new_target_candidate
Inhibitory_neuron,SHOC2-202,SHOC2,0.5820512820512821,0.9037433155080212,5.596032159048295e-20,9.014408375061225e-19,True,-0.3216920334567391,CT_enriched,0.0499500499500499,True,3003.0,227,169,58.1767,68.2361,-0.2265,Dominant,Canonical,trial_failure_candidate
Inhibitory_neuron,SIRT7-201,SIRT7,0.0307692307692307,0.8840579710144928,1.6263176930355268e-32,6.280259694064589e-31,True,-0.8532887402452621,CT_enriched,0.0357142857142857,True,28.0,4,61,0.8371,30.8055,-4.1138,Dominant,Canonical,trial_failure_candidate
Inhibitory_neuron,SLC11A2-201,SLC11A2,0.6125,0.9331103678929766,2.54904480317329e-16,3.064288827354161e-15,True,-0.3206103678929766,CT_enriched,0.0431235431235431,True,1716.0,98,279,18.5982,78.6639,-2.0232,Dominant,Canonical,trial_failure_candidate
Inhibitory_neuron,transcript168145.chr10.nnic,SORBS1,0.8123324396782842,0.314516129032258,2.227673664685658e-35,1.0211076521542878e-33,True,0.4978163106460261,AD_enriched,0.0491,True,10000.0,303,39,84.1945,48.3664,0.7872,Minor,Alternate,new_target_candidate
Inhibitory_neuron,SPEF2-205,SPEF2,0.8686868686868687,0.225,3.6057835401442863e-16,4.244135198190707e-15,True,0.6436868686868688,AD_enriched,0.0416666666666666,True,120.0,86,9,38.5829,1.7756,3.834,Minor,Alternate,new_target_candidate
Inhibitory_neuron,SPEN-201,SPEN,0.7079207920792079,0.9325842696629212,1.4432099243132218e-29,4.786363266634086e-28,True,-0.2246634775837133,CT_enriched,0.0136,True,10000.0,429,498,224.4916,298.6679,-0.4103,Dominant,Canonical,trial_failure_candidate
Inhibitory_neuron,SPIDR-225,SPIDR,0.7254901960784313,0.3632075471698113,1.192098864171757e-15,1.3230420071260564e-14,True,0.36228264890862,AD_enriched,0.0488,True,10000.0,222,77,101.3882,58.1482,0.7916,Minor,Alternate,new_target_candidate
Inhibitory_neuron,transcript21611.chr11.nnic,SPON1,0.7884615384615384,0.0140845070422535,2.0166824313789388e-18,2.900524374518994e-17,True,0.7743770314192849,AD_enriched,0.0238095238095238,True,126.0,41,1,25.1102,1.3188,3.4932,Minor,Alternate,new_target_candidate
Inhibitory_neuron,SSR1-204,SSR1,0.3829787234042553,0.0469483568075117,2.650942676555589e-16,3.173251552106244e-15,True,0.3360303665967436,AD_enriched,0.0002497502497502,True,8008.0,72,10,32.0354,6.0826,2.2217,Minor,Alternate,new_target_candidate
Inhibitory_neuron,SSR1-201,SSR1,0.5797872340425532,0.9295774647887324,2.650942676555589e-16,3.173251552106244e-15,True,-0.3497902307461792,CT_enriched,0.0004995004995004,True,8008.0,109,198,36.0988,121.7212,-1.7259,Dominant,Canonical,trial_failure_candidate
Inhibitory_neuron,ST3GAL5-222,ST3GAL5,0.3692946058091286,0.675,2.9486137883176367e-10,1.799164993347926e-09,True,-0.3057053941908714,CT_enriched,0.0378,True,10000.0,89,108,17.2505,44.6865,-1.3238,Dominant,Canonical,trial_failure_candidate
Inhibitory_neuron,STAMBP-202,STAMBP,0.1764705882352941,0.4067796610169492,0.000665439295589,0.0016786338919602,True,-0.230309072781655,CT_enriched,0.0497835497835497,True,924.0,9,24,2.8718,11.4667,-1.687,Dominant,Canonical,trial_failure_candidate
Inhibitory_neuron,STAT3-238,STAT3,0.3480392156862745,0.0375,1.2371613799241276e-21,2.228471520770681e-20,True,0.3105392156862745,AD_enriched,0.0298,True,10000.0,71,9,9.7654,1.9199,1.8824,Minor,Alternate,new_target_candidate
Inhibitory_neuron,TACC2-209,TACC2,0.4271844660194174,0.0382165605095541,2.4803283715101745e-15,2.6892483381873785e-14,True,0.3889679055098633,AD_enriched,0.0051198801198801,True,8008.0,88,6,27.0528,3.6813,2.5832,Minor,Alternate,new_target_candidate
Inhibitory_neuron,TBC1D23-202,TBC1D23,0.5887096774193549,0.9803921568627452,1.688772228217929e-21,2.98473285977827e-20,True,-0.3916824794433903,CT_enriched,0.0346320346320346,True,462.0,146,200,36.8129,81.4978,-1.1255,Dominant,Canonical,trial_failure_candidate
Inhibitory_neuron,TBC1D23-201,TBC1D23,0.407258064516129,0.0196078431372549,1.688772228217929e-21,2.98473285977827e-20,True,0.3876502213788741,AD_enriched,0.0389610389610389,True,462.0,101,4,18.2456,1.3694,3.0219,Minor,Alternate,new_target_candidate
Inhibitory_neuron,TBC1D4-202,TBC1D4,0.15625,0.6451612903225806,4.847001164524135e-06,1.7339716094915652e-05,True,-0.4889112903225806,CT_enriched,0.0158730158730158,True,126.0,10,20,2.1015,16.3684,-2.4854,Dominant,Canonical,trial_failure_candidate
Inhibitory_neuron,TBC1D4-201,TBC1D4,0.84375,0.3548387096774194,4.847001164524135e-06,1.7339716094915652e-05,True,0.4889112903225806,AD_enriched,0.0158730158730158,True,126.0,54,11,14.82,6.5339,1.0703,Minor,Alternate,new_target_candidate
Inhibitory_neuron,TBL2-201,TBL2,0.5769230769230769,0.912621359223301,5.55652359696166e-15,5.844716425311537e-14,True,-0.3356982823002241,CT_enriched,0.0277777777777777,True,252.0,75,282,10.405,69.6734,-2.6315,Dominant,Canonical,trial_failure_candidate
Inhibitory_neuron,TCTN1-205,TCTN1,0.2181818181818181,0.0,0.0008253022016913,0.0020443997421511,True,0.2181818181818181,AD_enriched,0.0432900432900432,True,462.0,12,0,2.1688,0.0,1.6639,Minor,Alternate,new_target_candidate
Inhibitory_neuron,transcript225805.chr2.nic,TGFBRAP1,0.3478260869565217,0.0101010101010101,1.749014505666224e-11,1.2450686594629003e-10,True,0.3377250768555115,AD_enriched,0.0285714285714285,True,70.0,16,1,49.1568,0.1933,5.3934,Minor,Alternate,new_target_candidate
Inhibitory_neuron,TGFBRAP1-201,TGFBRAP1,0.2391304347826087,0.7575757575757576,1.749014505666224e-11,1.2450686594629003e-10,True,-0.5184453227931489,CT_enriched,0.0285714285714285,True,70.0,11,75,1.9697,27.6974,-3.2725,Dominant,Canonical,trial_failure_candidate
Inhibitory_neuron,THOC5-216,THOC5,0.6836283185840708,0.9036144578313252,2.675953204655306e-13,2.390970549579495e-12,True,-0.2199861392472544,CT_enriched,0.0382950382950382,True,3003.0,309,225,104.6575,125.1445,-0.2557,Dominant,Canonical,trial_failure_candidate
Inhibitory_neuron,THOC5-204,THOC5,0.2632743362831858,0.0321285140562249,2.675953204655306e-13,2.390970549579495e-12,True,0.2311458222269609,AD_enriched,0.0119880119880119,True,3003.0,119,8,19.9876,4.3647,1.968,Minor,Alternate,new_target_candidate
Inhibitory_neuron,THRB-219,THRB,0.4696969696969697,0.044776119402985,4.855837319771363e-11,3.255316386310457e-10,True,0.4249208502939847,AD_enriched,0.0181818181818181,True,330.0,31,3,38.9141,0.5798,4.6591,Minor,Alternate,new_target_candidate
Inhibitory_neuron,TRANK1-207,TRANK1,0.3203285420944558,0.1055555555555555,1.7875357502804706e-15,1.9607250116889683e-14,True,0.2147729865389003,AD_enriched,0.0129,True,10000.0,156,38,92.5489,57.4914,0.6775,Minor,Alternate,new_target_candidate
Inhibitory_neuron,TRANK1-205,TRANK1,0.5995893223819302,0.8416666666666667,1.7875357502804706e-15,1.9607250116889683e-14,True,-0.2420773442847364,CT_enriched,0.0196,True,10000.0,292,303,157.622,165.6542,-0.0713,Dominant,Canonical,trial_failure_candidate
Inhibitory_neuron,TRMU-209,TRMU,0.2,0.0,0.0005594682579138,0.0014350691711184,True,0.2,AD_enriched,0.0077700077700077,True,1287.0,9,0,3.8468,0.0,2.277,Minor,Alternate,new_target_candidate
Inhibitory_neuron,transcript192671.chr8.nnic,TSNARE1,0.2162162162162162,0.0,0.0011682536128082,0.0028111881643247,True,0.2162162162162162,AD_enriched,0.0142857142857142,True,70.0,8,0,0.8067,0.0,0.8533,Minor,Alternate,new_target_candidate
Inhibitory_neuron,transcript100378.chr1.nnic,TXNDC12,0.3421052631578947,0.0392156862745098,2.0047536275474613e-11,1.4128501190140734e-10,True,0.3028895768833849,AD_enriched,0.0476190476190476,True,126.0,13,10,2.3658,2.2215,0.0632,Minor,Alternate,new_target_candidate
Inhibitory_neuron,TXNDC12-201,TXNDC12,0.631578947368421,0.9607843137254902,2.0047536275474613e-11,1.4128501190140734e-10,True,-0.3292053663570692,CT_enriched,0.0396825396825396,True,126.0,24,245,5.6395,76.6212,-3.5473,Dominant,Canonical,trial_failure_candidate
Inhibitory_neuron,TYW3-201,TYW3,0.3829787234042553,0.7883211678832117,3.9989887248938504e-14,3.900743673175005e-13,True,-0.4053424444789564,CT_enriched,0.0454545454545454,True,792.0,54,108,15.0228,44.5275,-1.5066,Dominant,Canonical,trial_failure_candidate
Inhibitory_neuron,transcript133689.chr1.nic,TYW3,0.5319148936170213,0.0948905109489051,3.9989887248938504e-14,3.900743673175005e-13,True,0.4370243826681161,AD_enriched,0.0315656565656565,True,792.0,75,13,9.1054,4.3988,0.9044,Minor,Alternate,new_target_candidate
Inhibitory_neuron,UBE2W-203,UBE2W,0.6923076923076923,0.0784313725490196,4.9362861714595215e-09,2.62127490148782e-08,True,0.6138763197586727,AD_enriched,0.0357142857142857,True,252.0,27,4,10.5815,2.83,1.5964,Minor,Alternate,new_target_candidate
Inhibitory_neuron,UTP25-202,UTP25,0.6666666666666666,0.9894179894179894,2.7860603466798955e-14,2.780143050368363e-13,True,-0.3227513227513228,CT_enriched,0.0441919191919191,True,792.0,52,187,19.9135,51.7516,-1.3348,Dominant,Canonical,trial_failure_candidate
Inhibitory_neuron,transcript306238.chr1.nic,UTP25,0.3333333333333333,0.0105820105820105,2.7860603466798955e-14,2.780143050368363e-13,True,0.3227513227513228,AD_enriched,0.0441919191919191,True,792.0,26,2,11.733,0.9829,2.6829,Minor,Alternate,new_target_candidate
Inhibitory_neuron,UTP6-201,UTP6,0.4545454545454545,0.8222222222222222,0.0035313327934013,0.0077019939223198,True,-0.3676767676767677,CT_enriched,0.0428571428571428,True,210.0,15,37,3.8651,9.8857,-1.1619,Dominant,Canonical,trial_failure_candidate
Inhibitory_neuron,UTP6-209,UTP6,0.3939393939393939,0.1555555555555555,0.0035313327934013,0.0077019939223198,True,0.2383838383838384,AD_enriched,0.0476190476190476,True,210.0,13,7,6.8507,2.9369,0.9958,Minor,Alternate,new_target_candidate
Inhibitory_neuron,UXS1-215,UXS1,0.5579710144927537,0.023076923076923,3.86873073909818e-20,6.28585127003906e-19,True,0.5348940914158307,AD_enriched,0.0129870129870129,True,2002.0,77,3,23.2634,4.5372,2.1316,Minor,Alternate,new_target_candidate
Inhibitory_neuron,UXS1-201,UXS1,0.391304347826087,0.9,3.86873073909818e-20,6.28585127003906e-19,True,-0.508695652173913,CT_enriched,0.0249750249750249,True,2002.0,54,117,16.9233,59.4242,-1.7533,Dominant,Canonical,trial_failure_candidate
Inhibitory_neuron,VCAN-209,VCAN,0.2238805970149253,0.0173160173160173,2.704582368548989e-13,2.4127271192846835e-12,True,0.206564579698908,AD_enriched,0.0318570318570318,True,1287.0,15,4,32.5377,5.2752,2.4181,Minor,Alternate,new_target_candidate
Inhibitory_neuron,YTHDC1-202,YTHDC1,0.3733333333333333,0.1433962264150943,2.448591428783303e-09,1.35344690936081e-08,True,0.229937106918239,AD_enriched,0.0245,True,10000.0,112,38,36.255,13.7961,1.3322,Minor,Alternate,new_target_candidate
Inhibitory_neuron,ZBTB11-202,ZBTB11,0.56,0.1757425742574257,3.1586979229133268e-27,8.772777778022334e-26,True,0.3842574257425744,AD_enriched,0.0039,True,10000.0,98,71,23.3191,29.3046,-0.3174,Minor,Alternate,new_target_candidate
Inhibitory_neuron,ZBTB25-204,ZBTB25,0.3529411764705882,0.7162162162162162,3.8523072662571005e-05,0.0001193368591602,True,-0.363275039745628,CT_enriched,0.0212121212121212,True,330.0,24,53,7.7728,15.2617,-0.8904,Dominant,Canonical,trial_failure_candidate
Inhibitory_neuron,transcript59950.chr14.nnic,ZBTB25,0.6323529411764706,0.2567567567567567,3.8523072662571005e-05,0.0001193368591602,True,0.3755961844197139,AD_enriched,0.0242424242424242,True,330.0,43,19,13.1917,6.8443,0.8553,Minor,Alternate,new_target_candidate
Inhibitory_neuron,ZDHHC16-202,ZDHHC16,0.4576271186440678,0.0375,7.449424008200298e-12,5.5335774121519465e-11,True,0.4201271186440678,AD_enriched,0.05,True,20.0,27,3,4.6384,1.2123,1.3498,Minor,Alternate,new_target_candidate
Inhibitory_neuron,ZNF148-201,ZNF148,0.7505285412262156,0.975867269984917,7.868956624795081e-31,2.8079226234553586e-29,True,-0.2253387287587014,CT_enriched,0.0272,True,10000.0,355,647,98.4648,213.8161,-1.1108,Dominant,Canonical,trial_failure_candidate
Inhibitory_neuron,ZNF148-206,ZNF148,0.2156448202959831,0.0135746606334841,7.868956624795081e-31,2.8079226234553586e-29,True,0.2020701596624989,AD_enriched,0.039,True,10000.0,102,9,32.6215,4.1689,2.7015,Minor,Alternate,new_target_candidate
Inhibitory_neuron,ZNF197-204,ZNF197,0.3958333333333333,0.0659340659340659,2.427823020792906e-06,9.076966970311938e-06,True,0.3298992673992674,AD_enriched,0.0429292929292929,True,792.0,19,6,16.8416,3.623,1.9483,Minor,Alternate,new_target_candidate
Inhibitory_neuron,ZNF248-208,ZNF248,0.2403100775193798,0.0094339622641509,2.2646072206012545e-11,1.5860690074223444e-10,True,0.2308761152552289,AD_enriched,0.0251748251748251,True,715.0,31,2,6.3355,0.6847,2.1224,Minor,Alternate,new_target_candidate
Inhibitory_neuron,ZNF253-201,ZNF253,0.3492063492063492,0.0762331838565022,2.928385936378166e-10,1.788758386706403e-09,True,0.272973165349847,AD_enriched,0.05,True,10000.0,44,17,22.0307,7.9197,1.3685,Minor,Alternate,new_target_candidate
Inhibitory_neuron,ZNF253-203,ZNF253,0.6507936507936508,0.9237668161434978,2.928385936378166e-10,1.788758386706403e-09,True,-0.2729731653498469,CT_enriched,0.05,True,10000.0,82,206,26.9931,158.8505,-2.5136,Dominant,Canonical,trial_failure_candidate
Inhibitory_neuron,ZNF334-207,ZNF334,0.1746031746031746,0.927710843373494,2.435940697053924e-43,1.8070833749986868e-41,True,-0.7531076687703193,CT_enriched,0.0043290043290043,True,3003.0,33,154,28.0941,59.3903,-1.0536,Dominant,Canonical,trial_failure_candidate
Inhibitory_neuron,ZNF334-202,ZNF334,0.6137566137566137,0.0542168674698795,2.435940697053924e-43,1.8070833749986868e-41,True,0.5595397462867342,AD_enriched,0.0323010323010323,True,3003.0,116,9,67.8043,21.9231,1.5857,Minor,Alternate,new_target_candidate
Inhibitory_neuron,ZNF382-201,ZNF382,0.038647342995169,0.6666666666666666,9.00886430173082e-36,4.2682333557275955e-34,True,-0.6280193236714976,CT_enriched,0.0153180153180153,True,3003.0,8,80,3.372,20.9263,-2.3263,Dominant,Canonical,trial_failure_candidate
Inhibitory_neuron,ZNF382-203,ZNF382,0.961352657004831,0.3083333333333333,9.00886430173082e-36,4.2682333557275955e-34,True,0.6530193236714976,AD_enriched,0.0106560106560106,True,3003.0,199,37,103.7281,30.9013,1.715,Minor,Alternate,new_target_candidate
Inhibitory_neuron,ZNF549-202,ZNF549,0.363013698630137,1.0,4.572941466487602e-13,3.966499075085707e-12,True,-0.636986301369863,CT_enriched,0.0428571428571428,True,70.0,53,46,9.8884,16.3057,-0.6685,Dominant,Canonical,trial_failure_candidate
Inhibitory_neuron,ZNF549-201,ZNF549,0.6301369863013698,0.0,4.572941466487602e-13,3.966499075085707e-12,True,0.6301369863013698,AD_enriched,0.0428571428571428,True,70.0,92,0,9.2767,0.0,3.3613,Minor,Alternate,new_target_candidate
Inhibitory_neuron,ZNF550-208,ZNF550,0.3412698412698413,0.7758620689655172,3.205649174900741e-09,1.7479158653859167e-08,True,-0.4345922276956759,CT_enriched,0.0238095238095238,True,126.0,43,45,8.1003,27.1343,-1.6283,Dominant,Canonical,trial_failure_candidate
Inhibitory_neuron,ZNF550-204,ZNF550,0.5238095238095238,0.1379310344827586,3.205649174900741e-09,1.7479158653859167e-08,True,0.3858784893267653,AD_enriched,0.0396825396825396,True,126.0,66,8,12.1554,1.9568,2.1536,Minor,Alternate,new_target_candidate
Inhibitory_neuron,ZNF571-202,ZNF571,0.0833333333333333,0.4468085106382978,3.8187652531002786e-12,2.953387996842163e-11,True,-0.3634751773049645,CT_enriched,0.0328282828282828,True,792.0,14,21,3.2396,10.4226,-1.4299,Dominant,Canonical,trial_failure_candidate
Inhibitory_neuron,transcript99320.chr19.nic,ZNF571,0.7261904761904762,0.2553191489361702,3.8187652531002786e-12,2.953387996842163e-11,True,0.4708713272543059,AD_enriched,0.0303030303030303,True,792.0,122,12,35.6393,8.5831,1.9348,Minor,Alternate,new_target_candidate
Inhibitory_neuron,ZNF7-202,ZNF7,0.3428571428571428,0.036036036036036,5.53202149516573e-12,4.192142095395751e-11,True,0.3068211068211068,AD_enriched,0.0485514485514485,True,5005.0,48,4,33.7258,0.8453,4.2341,Minor,Alternate,new_target_candidate
Inhibitory_neuron,ZNF7-216,ZNF7,0.3928571428571428,0.8018018018018018,5.53202149516573e-12,4.192142095395751e-11,True,-0.408944658944659,CT_enriched,0.0261738261738261,True,5005.0,55,89,12.9919,76.8464,-2.476,Dominant,Canonical,trial_failure_candidate
Inhibitory_neuron,transcript98913.chr19.nic,ZNF875,0.6753246753246753,0.2,2.159303460371367e-11,1.5160837994487878e-10,True,0.4753246753246753,AD_enriched,0.0428571428571428,True,70.0,52,24,7.4178,5.5049,0.3719,Minor,Alternate,new_target_candidate
Inhibitory_neuron,ZNG1B-201,ZNG1B,0.3714285714285714,0.6756756756756757,0.0042944628654673,0.0091810117713953,True,-0.3042471042471042,CT_enriched,0.0396825396825396,True,126.0,13,25,2.404,6.9445,-1.2227,Dominant,Canonical,trial_failure_candidate
Inhibitory_neuron,ZSCAN32-202,ZSCAN32,0.0677966101694915,0.7777777777777778,8.783265431147426e-17,1.1113049598315684e-15,True,-0.7099811676082863,CT_enriched,0.0428571428571428,True,70.0,4,91,3.8656,25.9279,-2.4684,Dominant,Canonical,trial_failure_candidate
Inhibitory_neuron,ZSCAN32-213,ZSCAN32,0.8135593220338984,0.1965811965811965,8.783265431147426e-17,1.1113049598315684e-15,True,0.6169781254527018,AD_enriched,0.0142857142857142,True,70.0,48,23,4.84,5.0228,-0.0445,Minor,Alternate,new_target_candidate
Inhibitory_neuron,ZSWIM8-221,ZSWIM8,0.1269841269841269,0.8648648648648649,7.109974204037189e-11,4.6342236488279376e-10,True,-0.737880737880738,CT_enriched,0.0277777777777777,True,36.0,8,32,1.9934,14.735,-2.3941,Dominant,Canonical,trial_failure_candidate
Inhibitory_neuron,ZZEF1-201,ZZEF1,0.7375,0.968503937007874,3.065519859823755e-06,1.132844509375736e-05,True,-0.2310039370078739,CT_enriched,0.0169830169830169,True,3003.0,118,123,62.15,130.7235,-1.0607,Dominant,Canonical,trial_failure_candidate
Microglia,AKAP9-212,AKAP9,0.4815950920245399,0.009009009009009,1.949850684962332e-26,6.881825946925878e-25,True,0.4725860830155308,AD_enriched,0.0063936063936063,True,5005.0,157,1,419.211,2.7698,6.8005,Minor,Alternate,new_target_candidate
Microglia,ATP6V1B2-206,ATP6V1B2,0.4375,0.054054054054054,8.610761639353995e-13,6.7096843943018135e-12,True,0.383445945945946,AD_enriched,0.0064935064935064,True,462.0,28,10,70.2746,48.7254,0.5194,Minor,Alternate,new_target_candidate
Microglia,ATP6V1B2-201,ATP6V1B2,0.5625,0.945945945945946,8.610761639353995e-13,6.7096843943018135e-12,True,-0.383445945945946,CT_enriched,0.0064935064935064,True,462.0,36,175,163.7904,1164.0813,-2.8217,Dominant,Canonical,trial_failure_candidate
Microglia,BTK-206,BTK,0.8592964824120602,0.3962264150943396,2.1750872251555823e-27,8.156577094333433e-26,True,0.4630700673177206,AD_enriched,0.0038,True,10000.0,342,63,1279.7178,515.0268,1.3114,Minor,Alternate,new_target_candidate
Microglia,CRELD1-243,CRELD1,0.5412844036697247,0.0,1.393881368072445e-32,9.2925424538163e-31,True,0.5412844036697247,AD_enriched,0.0396825396825396,True,126.0,59,0,54.7112,0.0,5.7999,Minor,Alternate,new_target_candidate
Microglia,DOCK10-201,DOCK10,0.1391941391941392,0.6178861788617886,4.6986448780007895e-22,9.397289756001576e-21,True,-0.4786920396676494,CT_enriched,0.002020202020202,True,495.0,38,76,90.4083,351.0027,-1.9452,Dominant,Canonical,trial_failure_candidate
Microglia,DOCK10-202,DOCK10,0.8241758241758241,0.3333333333333333,4.6986448780007895e-22,9.397289756001576e-21,True,0.4908424908424908,AD_enriched,0.002020202020202,True,495.0,225,41,674.8257,243.4749,1.467,Minor,Alternate,new_target_candidate
Microglia,FGD4-216,FGD4,0.3818181818181818,0.0344827586206896,1.0500183837000896e-07,4.144809409342458e-07,True,0.3473354231974921,AD_enriched,0.025,True,120.0,21,2,67.6898,5.1275,3.4867,Minor,Alternate,new_target_candidate
Microglia,FOXP1-249,FOXP1,0.5,0.0,7.348931073379992e-10,3.945246258841062e-09,True,0.5,AD_enriched,0.0396825396825396,True,126.0,15,0,194.6706,0.0,7.6123,Minor,Alternate,new_target_candidate
Microglia,GDAP1-217,GDAP1,0.3410852713178294,0.0,1.5464713546923561e-18,2.108824574580485e-17,True,0.3410852713178294,AD_enriched,0.0476190476190476,True,84.0,44,0,99.8523,0.0,6.6561,Minor,Alternate,new_target_candidate
Microglia,IL6ST-204,IL6ST,0.5175438596491229,0.9306569343065694,6.050466904083324e-21,1.1000848916515135e-19,True,-0.4131130746574465,CT_enriched,0.0181818181818181,True,715.0,59,255,145.7927,1174.2956,-3.0012,Dominant,Canonical,trial_failure_candidate
Microglia,transcript131979.chr16.nic,IRF8,0.825,0.3546099290780142,1.237181233662942e-22,2.5596853110267768e-21,True,0.4703900709219857,AD_enriched,0.0372960372960372,True,1716.0,231,50,491.2831,212.1667,1.2075,Minor,Alternate,new_target_candidate
Microglia,LCOR-222,LCOR,0.25,0.0,1.7039294678841686e-07,6.59585600471291e-07,True,0.25,AD_enriched,0.0357142857142857,True,56.0,9,0,17.7115,0.0,4.2259,Minor,Alternate,new_target_candidate
Microglia,MYCBP2-207,MYCBP2,0.4898989898989899,0.9245283018867924,1.680022322348762e-20,2.8000372039146043e-19,True,-0.4346293119878024,CT_enriched,0.0454545454545454,True,462.0,97,196,244.5122,1220.234,-2.3145,Dominant,Canonical,trial_failure_candidate
Microglia,transcript176161.chr8.nnic,NSMCE2,0.375,0.027027027027027,0.0002011052316544,0.000511284487257,True,0.347972972972973,AD_enriched,0.0,True,3.0,15,1,13.9096,2.7698,1.9837,Minor,Alternate,new_target_candidate
Microglia,NUP62-202,NUP62,0.7484276729559748,0.131578947368421,4.4914145020914593e-17,5.614268127614328e-16,True,0.6168487255875538,AD_enriched,0.0222222222222222,True,495.0,119,5,584.3358,13.2309,5.3622,Minor,Alternate,new_target_candidate
Microglia,PHF3-204,PHF3,0.5068618481244281,0.2711323763955343,1.4159707537559885e-44,1.6991649045071862e-42,True,0.2357294717288938,AD_enriched,0.0104,True,10000.0,554,170,2402.6244,2503.5955,-0.0594,Minor,Alternate,new_target_candidate
Microglia,SPEN-201,SPEN,0.1686746987951807,0.9428571428571428,1.0874250997739413e-13,9.59492735094654e-13,True,-0.7741824440619621,CT_enriched,0.0,True,10.0,14,33,42.8285,473.4791,-3.4364,Dominant,Canonical,trial_failure_candidate
Microglia,TPP2-202,TPP2,0.3406593406593406,0.0125,2.611446448179108e-24,7.834339344537321e-23,True,0.3281593406593406,AD_enriched,0.0238095238095238,True,84.0,31,1,84.3645,5.2519,3.7713,Minor,Alternate,new_target_candidate
Microglia,TRIM38-201,TRIM38,0.437037037037037,0.9012345679012346,4.229104319965992e-10,2.416631039980567e-09,True,-0.4641975308641975,CT_enriched,0.0303030303030303,True,1287.0,59,73,184.2215,350.3734,-0.9238,Dominant,Canonical,trial_failure_candidate
Microglia,TSC1-246,TSC1,0.4,0.0,1.2874139952324976e-08,5.8518817965113536e-08,True,0.4,AD_enriched,0.0476190476190476,True,21.0,12,0,71.5704,0.0,6.1813,Minor,Alternate,new_target_candidate
Microglia,TUT4-220,TUT4,0.5555555555555556,0.0344827586206896,1.0271051127586508e-09,5.4058163829402675e-09,True,0.521072796934866,AD_enriched,0.0151515151515151,True,330.0,40,2,108.9388,14.8122,2.7976,Minor,Alternate,new_target_candidate
Microglia,VCP-201,VCP,0.6593406593406593,0.9422222222222222,1.2083635830586976e-11,8.238842611763847e-11,True,-0.2828815628815628,CT_enriched,0.0,True,210.0,60,212,214.2767,1504.3733,-2.8059,Dominant,Canonical,trial_failure_candidate
Microglia,YWHAB-201,YWHAB,0.7777777777777778,0.9936305732484076,3.3057749924803793e-08,1.426953234164193e-07,True,-0.2158527954706298,CT_enriched,0.0144855144855144,True,2002.0,70,156,369.3061,982.0779,-1.4086,Dominant,Canonical,trial_failure_candidate
Microglia,ZNF268-209,ZNF268,0.6617647058823529,0.0,2.601656584306996e-24,7.834339344537321e-23,True,0.6617647058823529,AD_enriched,0.0476190476190476,True,21.0,45,0,137.6631,0.0,7.1154,Minor,Alternate,new_target_candidate
Microglia,ZNF268-205,ZNF268,0.2794117647058823,1.0,2.601656584306996e-24,7.834339344537321e-23,True,-0.7205882352941178,CT_enriched,0.0476190476190476,True,21.0,19,109,56.3503,298.2024,-2.3832,Dominant,Canonical,trial_failure_candidate
Oligodendrocyte,ABCB7-215,ABCB7,0.2261904761904762,0.0,1.3961697853794488e-06,4.484929912232047e-06,True,0.2261904761904762,AD_enriched,0.0,True,70.0,19,0,4.0662,0.0,2.3409,Minor,Alternate,new_target_candidate
Oligodendrocyte,ABCD4-214,ABCD4,0.918918918918919,0.303030303030303,5.5480775128850505e-25,8.855951906306205e-24,True,0.615888615888616,AD_enriched,0.0,True,2002.0,204,20,76.9738,11.3988,2.6528,Minor,Alternate,new_target_candidate
Oligodendrocyte,ABCD4-201,ABCD4,0.072072072072072,0.6060606060606061,5.5480775128850505e-25,8.855951906306205e-24,True,-0.5339885339885341,CT_enriched,0.0,True,2002.0,16,40,4.6406,19.5906,-1.8681,Dominant,Canonical,trial_failure_candidate
Oligodendrocyte,ABI1-210,ABI1,0.2888888888888888,0.0,0.0001055374407441,0.0002634182763334,True,0.2888888888888888,AD_enriched,0.0158730158730158,True,126.0,13,0,1.1569,0.0,1.109,Minor,Alternate,new_target_candidate
Oligodendrocyte,ACAD11-208,ACAD11,0.6175869120654397,0.3038674033149171,6.6581934971593335e-19,6.782304560154628e-18,True,0.3137195087505226,AD_enriched,0.0257,True,10000.0,302,110,90.5743,75.0534,0.2679,Minor,Alternate,new_target_candidate
Oligodendrocyte,ACAP3-206,ACAP3,0.2020725388601036,0.0,0.022906027816112,0.0395827750021728,True,0.2020725388601036,AD_enriched,0.0476190476190476,True,21.0,39,0,14.6491,0.0,3.968,Minor,Alternate,new_target_candidate
Oligodendrocyte,transcript25226.chr7.nic,AGMO,0.4186046511627907,0.1739130434782608,3.759841961414021e-05,0.000100312842681,True,0.2446916076845299,AD_enriched,0.0142857142857142,True,70.0,36,12,3.9638,7.0185,-0.6919,Minor,Alternate,new_target_candidate
Oligodendrocyte,ARHGAP22-210,ARHGAP22,0.4426229508196721,0.017094017094017,1.430616770599832e-12,8.31691476775497e-12,True,0.4255289337256551,AD_enriched,0.0432900432900432,True,462.0,27,2,16.9334,0.599,3.4874,Minor,Alternate,new_target_candidate
Oligodendrocyte,ARHGAP22-201,ARHGAP22,0.5081967213114754,0.9487179487179488,1.430616770599832e-12,8.31691476775497e-12,True,-0.4405212274064733,CT_enriched,0.0497835497835497,True,462.0,31,111,11.2364,43.8578,-1.8742,Dominant,Canonical,trial_failure_candidate
Oligodendrocyte,ARID4B-201,ARID4B,0.5308516063233044,0.7975113122171946,9.809296074947892e-43,4.899374222379888e-41,True,-0.2666597058938902,CT_enriched,0.0086,True,10000.0,1041,705,460.3979,553.6229,-0.2655,Dominant,Canonical,trial_failure_candidate
Oligodendrocyte,ATG14-202,ATG14,0.4521739130434782,0.0227272727272727,7.377915890993906e-07,2.4513890782308075e-06,True,0.4294466403162055,AD_enriched,0.0377622377622377,True,715.0,52,1,24.0205,0.3054,4.2606,Minor,Alternate,new_target_candidate
Oligodendrocyte,ATG14-201,ATG14,0.5478260869565217,0.9772727272727272,7.377915890993906e-07,2.4513890782308075e-06,True,-0.4294466403162055,CT_enriched,0.0377622377622377,True,715.0,63,43,26.4467,33.378,-0.3248,Dominant,Canonical,trial_failure_candidate
Oligodendrocyte,ATL1-221,ATL1,0.3700564971751412,0.1407766990291262,9.620859503312613e-08,3.5215833248926e-07,True,0.229279798146015,AD_enriched,0.0188,True,10000.0,131,29,44.486,12.8223,1.7184,Minor,Alternate,new_target_candidate
Oligodendrocyte,transcript158596.chr12.nic,ATP2A2,0.3666666666666666,0.0921052631578947,1.3366547144251446e-06,4.302675778589602e-06,True,0.2745614035087719,AD_enriched,0.0357142857142857,True,28.0,11,7,1.4157,2.1141,-0.3664,Minor,Alternate,new_target_candidate
Oligodendrocyte,transcript41287.chr6.nnic,ATP6V1G2,0.5581395348837209,0.0129589632829373,1.8070599791840168e-53,1.7130191027162776e-51,True,0.5451805716007836,AD_enriched,0.0476190476190476,True,126.0,48,6,16.9358,7.3994,1.0945,Minor,Alternate,new_target_candidate
Oligodendrocyte,ATP6V1G2-205,ATP6V1G2,0.4418604651162791,0.9870410367170628,1.8070599791840168e-53,1.7130191027162776e-51,True,-0.5451805716007837,CT_enriched,0.0476190476190476,True,126.0,38,457,10.8904,139.7687,-3.5655,Dominant,Canonical,trial_failure_candidate
Oligodendrocyte,BICD2-201,BICD2,0.077490774907749,0.612565445026178,1.2931425832959536e-34,3.7777655971130215e-33,True,-0.535074670118429,CT_enriched,0.0184815184815184,True,2002.0,21,117,3.4395,51.5114,-3.5642,Dominant,Canonical,trial_failure_candidate
Oligodendrocyte,BICD2-202,BICD2,0.922509225092251,0.387434554973822,1.2931425832959536e-34,3.7777655971130215e-33,True,0.535074670118429,AD_enriched,0.0184815184815184,True,2002.0,250,74,36.8791,34.908,0.0771,Minor,Alternate,new_target_candidate
Oligodendrocyte,CAPN10-207,CAPN10,0.15625,0.7058823529411765,4.1556708242053754e-10,1.940009143561203e-09,True,-0.5496323529411765,CT_enriched,0.0046620046620046,True,3003.0,15,36,1.2115,26.6582,-3.6446,Dominant,Canonical,trial_failure_candidate
Oligodendrocyte,CASC3-203,CASC3,0.7818181818181819,0.2413793103448276,7.102452550887097e-15,5.138768239699466e-14,True,0.5404388714733542,AD_enriched,0.0116133866133866,True,8008.0,215,14,85.9708,4.9576,3.8677,Minor,Alternate,new_target_candidate
Oligodendrocyte,CASC3-201,CASC3,0.2072727272727272,0.7241379310344828,7.102452550887097e-15,5.138768239699466e-14,True,-0.5168652037617556,CT_enriched,0.0163586413586413,True,8008.0,57,42,14.5473,28.2497,-0.9118,Dominant,Canonical,trial_failure_candidate
Oligodendrocyte,CDK5RAP3-237,CDK5RAP3,0.2521008403361344,0.050632911392405,0.0006768946341778,0.0014972264646457,True,0.2014679289437294,AD_enriched,0.0279720279720279,True,1001.0,30,4,22.1428,1.3428,3.3043,Minor,Alternate,new_target_candidate
Oligodendrocyte,CEP83-201,CEP83,0.8627450980392157,0.0888888888888888,1.3076009009636083e-25,2.2006544148463627e-24,True,0.7738562091503269,AD_enriched,0.0484848484848484,True,165.0,88,8,43.5937,7.5265,2.3868,Minor,Alternate,new_target_candidate
Oligodendrocyte,CEP95-201,CEP95,0.217391304347826,0.0147058823529411,5.8182100149467e-06,1.717000350662479e-05,True,0.2026854219948849,AD_enriched,0.0106560106560106,True,3003.0,10,1,3.0735,0.2923,1.6564,Minor,Alternate,new_target_candidate
Oligodendrocyte,CHD1-205,CHD1,0.3125,0.0147058823529411,1.2821542477717537e-23,1.901906422064629e-22,True,0.2977941176470589,AD_enriched,0.0095238095238095,True,210.0,15,2,13.9815,0.6049,3.2227,Minor,Alternate,new_target_candidate
Oligodendrocyte,CHD1-212,CHD1,0.25,0.0073529411764705,1.2821542477717537e-23,1.901906422064629e-22,True,0.2426470588235295,AD_enriched,0.0142857142857142,True,210.0,12,1,2.6991,0.3054,1.5027,Minor,Alternate,new_target_candidate
Oligodendrocyte,CHD1-211,CHD1,0.125,0.8161764705882353,1.2821542477717537e-23,1.901906422064629e-22,True,-0.6911764705882353,CT_enriched,0.0,True,210.0,6,111,3.8754,67.2221,-3.8066,Dominant,Canonical,trial_failure_candidate
Oligodendrocyte,transcript224122.chr1.nic,CHD1L,0.2971428571428571,0.0072992700729927,1.1181625275330266e-10,5.501975572447992e-10,True,0.2898435870698644,AD_enriched,0.0476190476190476,True,126.0,52,1,9.6602,0.2995,3.0362,Minor,Alternate,new_target_candidate
Oligodendrocyte,CLASP1-217,CLASP1,0.5393258426966292,0.0652173913043478,2.9384540061186544e-15,2.2014707836163145e-14,True,0.4741084513922814,AD_enriched,0.0,True,36.0,48,3,4.4362,1.3762,1.1939,Minor,Alternate,new_target_candidate
Oligodendrocyte,CLCC1-203,CLCC1,0.24,0.019108280254777,6.685895940030269e-37,2.3706860031634043e-35,True,0.2208917197452229,AD_enriched,0.0307692307692307,True,715.0,60,3,8.2109,0.9102,2.2696,Minor,Alternate,new_target_candidate
Oligodendrocyte,CLK4-201,CLK4,0.3245901639344262,0.5608465608465608,8.263196157439914e-07,2.733799583426524e-06,True,-0.2362563969121346,CT_enriched,0.0361,True,10000.0,99,106,14.4494,43.2822,-1.5192,Dominant,Canonical,trial_failure_candidate
Oligodendrocyte,CNOT4-205,CNOT4,0.3588709677419355,0.0260869565217391,1.1774853282449582e-20,1.3988284781835885e-19,True,0.3327840112201964,AD_enriched,0.0318181818181818,True,220.0,89,3,22.7143,0.9161,3.6295,Minor,Alternate,new_target_candidate
Oligodendrocyte,CNTN1-204,CNTN1,0.3716814159292035,0.0075187969924812,1.78792636808832e-14,1.2358508898467628e-13,True,0.3641626189367223,AD_enriched,0.0303030303030303,True,1287.0,42,1,3.651,0.2995,1.8396,Minor,Alternate,new_target_candidate
Oligodendrocyte,COG4-222,COG4,0.2837370242214533,0.0662983425414364,1.0411993452652449e-17,9.595974124517981e-17,True,0.2174386816800169,AD_enriched,0.0357,True,10000.0,82,36,50.2399,27.1361,0.8648,Minor,Alternate,new_target_candidate
Oligodendrocyte,COL4A5-202,COL4A5,0.4539682539682539,0.0606826801517067,1.8937785228419625e-73,4.398300619300457e-71,True,0.3932855738165472,AD_enriched,0.0105,True,10000.0,286,48,99.8193,23.6541,2.0319,Minor,Alternate,new_target_candidate
Oligodendrocyte,transcript177239.chr10.nic,CRTAC1,0.6666666666666666,0.0,2.1831886746193537e-18,2.1394327834613708e-17,True,0.6666666666666666,AD_enriched,0.0476190476190476,True,21.0,38,0,5.3921,0.0,2.6763,Minor,Alternate,new_target_candidate
Oligodendrocyte,CRTAC1-203,CRTAC1,0.087719298245614,0.9272727272727272,2.1831886746193537e-18,2.1394327834613708e-17,True,-0.8395534290271133,CT_enriched,0.0476190476190476,True,21.0,5,51,4.9656,16.4043,-1.5447,Dominant,Canonical,trial_failure_candidate
Oligodendrocyte,CRTAP-201,CRTAP,0.6464646464646465,0.912621359223301,1.2893273508808518e-06,4.158976072806636e-06,True,-0.2661567127586545,CT_enriched,0.0189393939393939,True,792.0,128,94,17.5824,90.4328,-2.2988,Dominant,Canonical,trial_failure_candidate
Oligodendrocyte,transcript48800.chr3.nnic,CRTAP,0.3535353535353535,0.087378640776699,1.2893273508808518e-06,4.158976072806636e-06,True,0.2661567127586545,AD_enriched,0.0189393939393939,True,792.0,70,9,19.112,8.6321,1.0621,Minor,Alternate,new_target_candidate
Oligodendrocyte,CTNND1-250,CTNND1,0.6447368421052632,0.1532258064516129,4.4896504218393984e-20,5.049497871536083e-19,True,0.4915110356536503,AD_enriched,0.0075757575757575,True,924.0,49,19,14.7981,7.4753,0.8984,Minor,Alternate,new_target_candidate
Oligodendrocyte,CYBC1-241,CYBC1,0.6075949367088608,0.083743842364532,6.192216105330925e-49,4.793807301543691e-47,True,0.5238510943443287,AD_enriched,0.0189810189810189,True,3003.0,144,17,87.1798,9.5378,3.0649,Minor,Alternate,new_target_candidate
Oligodendrocyte,DCAF11-217,DCAF11,0.6732673267326733,0.1666666666666666,9.844464807847356e-23,1.3409835493387385e-21,True,0.5066006600660067,AD_enriched,0.0397602397602397,True,5005.0,136,19,48.0596,14.0761,1.7023,Minor,Alternate,new_target_candidate
Oligodendrocyte,DENND4A-202,DENND4A,0.1785095320623916,0.4402985074626865,2.0721349671362538e-49,1.7500121676996182e-47,True,-0.2617889754002949,CT_enriched,0.0313020313020313,True,3003.0,103,177,14.0993,75.8443,-2.3475,Dominant,Canonical,trial_failure_candidate
Oligodendrocyte,DMAP1-214,DMAP1,0.4627659574468085,0.0168067226890756,3.136385554375252e-39,1.3244100818248222e-37,True,0.4459592347577329,AD_enriched,0.0395604395604395,True,1820.0,87,2,67.4442,0.6107,5.4092,Minor,Alternate,new_target_candidate
Oligodendrocyte,DMTF1-227,DMTF1,0.2846441947565543,0.0307692307692307,2.19032053498357e-25,3.6078152074463424e-24,True,0.2538749639873235,AD_enriched,0.0327,True,10000.0,152,2,39.4163,0.599,4.6597,Minor,Alternate,new_target_candidate
Oligodendrocyte,DPP3-209,DPP3,0.3469387755102041,0.7948717948717948,6.989550416502179e-05,0.0001778009949871,True,-0.4479330193615907,CT_enriched,0.0178571428571428,True,56.0,17,31,1.5743,15.0717,-2.6423,Dominant,Canonical,trial_failure_candidate
Oligodendrocyte,DPP3-211,DPP3,0.6530612244897959,0.2051282051282051,6.989550416502179e-05,0.0001778009949871,True,0.4479330193615908,AD_enriched,0.0178571428571428,True,56.0,32,8,4.2583,3.3515,0.2731,Minor,Alternate,new_target_candidate
Oligodendrocyte,transcript31963.chr2.nic,DPYSL5,0.2549019607843137,0.0309278350515463,8.592661514369524e-32,2.1230272730982163e-30,True,0.2239741257327674,AD_enriched,0.04004329004329,True,924.0,52,6,13.2161,3.6306,1.6182,Minor,Alternate,new_target_candidate
Oligodendrocyte,EIF2AK2-213,EIF2AK2,0.4887892376681614,0.1752577319587628,4.5097590913316e-08,1.7255214974658385e-07,True,0.3135315057093986,AD_enriched,0.0139,True,10000.0,109,17,30.4078,5.2612,2.3266,Minor,Alternate,new_target_candidate
Oligodendrocyte,EIF2AK2-201,EIF2AK2,0.452914798206278,0.8041237113402062,4.5097590913316e-08,1.7255214974658385e-07,True,-0.3512089131339282,CT_enriched,0.0258,True,10000.0,101,78,19.7268,80.3337,-1.9724,Dominant,Canonical,trial_failure_candidate
Oligodendrocyte,transcript50202.chr2.nnic,EML4,0.5581395348837209,0.0,2.326510602717522e-29,4.934539611699949e-28,True,0.5581395348837209,AD_enriched,0.0444444444444444,True,45.0,96,0,57.0668,0.0,5.8596,Minor,Alternate,new_target_candidate
Oligodendrocyte,ENAH-203,ENAH,0.4343434343434343,0.9166666666666666,1.008641741521107e-09,4.561967759849606e-09,True,-0.4823232323232323,CT_enriched,0.0079365079365079,True,126.0,86,55,6.2482,19.1787,-1.4771,Dominant,Canonical,trial_failure_candidate
Oligodendrocyte,transcript325983.chr1.nnic,ENAH,0.3535353535353535,0.0,1.008641741521107e-09,4.561967759849606e-09,True,0.3535353535353535,AD_enriched,0.0396825396825396,True,126.0,70,0,4.5838,0.0,2.4813,Minor,Alternate,new_target_candidate
Oligodendrocyte,ERCC4-215,ERCC4,0.2857142857142857,0.0458715596330275,2.0686742415846905e-11,1.0956661176922332e-10,True,0.2398427260812582,AD_enriched,0.0411810411810411,True,1287.0,26,5,11.4562,2.622,1.782,Minor,Alternate,new_target_candidate
Oligodendrocyte,FAM13C-204,FAM13C,0.3557046979865771,0.1160220994475138,1.5918823716731945e-14,1.1069301820991005e-13,True,0.2396825985390633,AD_enriched,0.0126,True,10000.0,106,21,51.5439,8.4348,2.4775,Minor,Alternate,new_target_candidate
Oligodendrocyte,FAM76B-201,FAM76B,0.238095238095238,0.6097560975609756,2.953379577641618e-07,1.025295077589336e-06,True,-0.3716608594657375,CT_enriched,0.0419580419580419,True,1001.0,25,25,8.59,24.4561,-1.4084,Dominant,Canonical,trial_failure_candidate
Oligodendrocyte,transcript151399.chr11.nnic,FAM76B,0.5428571428571428,0.048780487804878,2.953379577641618e-07,1.025295077589336e-06,True,0.4940766550522648,AD_enriched,0.0069930069930069,True,1001.0,57,2,15.1956,0.599,3.3404,Minor,Alternate,new_target_candidate
Oligodendrocyte,FBXW7-204,FBXW7,0.2553191489361702,0.0427807486631016,1.823038000466394e-09,7.966144414079398e-09,True,0.2125384002730685,AD_enriched,0.0242424242424242,True,330.0,12,8,4.0288,3.5107,0.1569,Minor,Alternate,new_target_candidate
Oligodendrocyte,transcript108478.chr11.nic,FCHSD2,0.5667655786350149,0.0,6.279081039080109e-46,3.94139613871988e-44,True,0.5667655786350149,AD_enriched,0.0027,True,10000.0,191,0,13.4395,0.0,3.852,Minor,Alternate,new_target_candidate
Oligodendrocyte,FLNB-227,FLNB,0.410828025477707,0.0168918918918918,1.5758793726204883e-101,1.045708526546024e-98,True,0.3939361335858152,AD_enriched,0.0119880119880119,True,8008.0,258,10,87.5189,2.9951,4.4697,Minor,Alternate,new_target_candidate
Oligodendrocyte,GAN-203,GAN,0.081081081081081,0.7094594594594594,1.5448203971598803e-54,1.5945979432905877e-52,True,-0.6283783783783784,CT_enriched,0.0003330003330003,True,3003.0,24,210,11.8354,132.8643,-3.3826,Dominant,Canonical,trial_failure_candidate
Oligodendrocyte,GAN-202,GAN,0.918918918918919,0.2905405405405405,1.5448203971598803e-54,1.5945979432905877e-52,True,0.6283783783783785,AD_enriched,0.0003330003330003,True,3003.0,272,86,44.5724,25.6618,0.7734,Minor,Alternate,new_target_candidate
Oligodendrocyte,GAPVD1-219,GAPVD1,0.3251533742331288,0.048780487804878,1.1637771518397807e-26,2.0632614008762529e-25,True,0.2763728864282508,AD_enriched,0.0302197802197802,True,8008.0,106,8,74.4024,2.5642,4.4029,Minor,Alternate,new_target_candidate
Oligodendrocyte,GAPVD1-201,GAPVD1,0.0736196319018405,0.4207317073170731,1.1637771518397807e-26,2.0632614008762529e-25,True,-0.3471120754152326,CT_enriched,0.031093906093906,True,8008.0,24,69,4.3744,61.2751,-3.5345,Dominant,Canonical,trial_failure_candidate
Oligodendrocyte,GATM-201,GATM,0.4902189781021898,0.7510259917920656,1.2678572227172099e-77,3.92613119968096e-75,True,-0.2608070136898758,CT_enriched,0.038,True,10000.0,1679,1098,681.1269,599.0586,0.1849,Dominant,Canonical,trial_failure_candidate
Oligodendrocyte,GIGYF2-201,GIGYF2,0.3263157894736842,0.7627118644067796,1.0020122912921804e-12,5.967111657759204e-12,True,-0.4363960749330954,CT_enriched,0.0365190365190365,True,6435.0,31,90,12.6838,115.2144,-3.0862,Dominant,Canonical,trial_failure_candidate
Oligodendrocyte,GIGYF2-205,GIGYF2,0.3684210526315789,0.0677966101694915,1.0020122912921804e-12,5.967111657759204e-12,True,0.3006244424620874,AD_enriched,0.0041958041958041,True,6435.0,35,8,12.4586,8.4644,0.5079,Minor,Alternate,new_target_candidate
Oligodendrocyte,transcript104560.chr15.nic,GLCE,0.268041237113402,0.0063291139240506,1.3326878710124564e-25,2.2347780364089748e-24,True,0.2617121231893514,AD_enriched,0.0038850038850038,True,1287.0,52,1,9.0252,0.2923,2.9556,Minor,Alternate,new_target_candidate
Oligodendrocyte,GMPR2-201,GMPR2,0.6967741935483871,0.2204301075268817,5.856869728492073e-29,1.2199623268540671e-27,True,0.4763440860215054,AD_enriched,0.0279720279720279,True,286.0,108,41,36.4049,14.7144,1.2511,Minor,Alternate,new_target_candidate
Oligodendrocyte,GOLGA8A-205,GOLGA8A,0.473170731707317,0.0,4.669002825998544e-18,4.399090897923577e-17,True,0.473170731707317,AD_enriched,0.0219780219780219,True,364.0,97,0,82.6086,0.0,6.3856,Minor,Alternate,new_target_candidate
Oligodendrocyte,GORASP1-215,GORASP1,0.3064516129032258,0.0,1.2115488536906216e-26,2.1397887549022577e-25,True,0.3064516129032258,AD_enriched,0.0303030303030303,True,792.0,38,0,8.329,0.0,3.2217,Minor,Alternate,new_target_candidate
Oligodendrocyte,transcript25823.chr18.nnic,GREB1L,0.2362869198312236,0.0,2.18462018130412e-22,2.907610527838864e-21,True,0.2362869198312236,AD_enriched,0.0374625374625374,True,2002.0,56,0,3.6671,0.0,2.2225,Minor,Alternate,new_target_candidate
Oligodendrocyte,HBS1L-205,HBS1L,0.2894295302013422,0.6383928571428571,6.63133295752221e-47,4.338386139111364e-45,True,-0.3489633269415149,CT_enriched,0.035,True,10000.0,345,429,66.7797,152.9027,-1.1831,Dominant,Canonical,trial_failure_candidate
Oligodendrocyte,HBS1L-203,HBS1L,0.5511744966442953,0.2693452380952381,6.63133295752221e-47,4.338386139111364e-45,True,0.2818292585490572,AD_enriched,0.0438,True,10000.0,657,181,223.3577,84.2849,1.3954,Minor,Alternate,new_target_candidate
Oligodendrocyte,HELB-202,HELB,0.2121212121212121,0.0,1.0573350585737807e-27,2.0046209579898823e-26,True,0.2121212121212121,AD_enriched,0.0285714285714285,True,35.0,7,0,2.1407,0.0,1.6511,Minor,Alternate,new_target_candidate
Oligodendrocyte,HPS5-201,HPS5,0.3636363636363636,0.9696969696969696,2.527228957405665e-07,8.826299629435574e-07,True,-0.606060606060606,CT_enriched,0.0,True,70.0,16,32,4.193,10.2737,-1.1183,Dominant,Canonical,trial_failure_candidate
Oligodendrocyte,transcript26405.chr11.nnic,HPS5,0.5681818181818182,0.0,2.527228957405665e-07,8.826299629435574e-07,True,0.5681818181818182,AD_enriched,0.0142857142857142,True,70.0,25,0,9.7696,0.0,3.4289,Minor,Alternate,new_target_candidate
Oligodendrocyte,transcript150699.chrX.nic,HTATSF1,0.2655367231638418,0.0,2.068906942354316e-64,4.004196978014915e-62,True,0.2655367231638418,AD_enriched,0.0069930069930069,True,1287.0,188,0,22.1683,0.0,4.5341,Minor,Alternate,new_target_candidate
Oligodendrocyte,IARS1-227,IARS1,0.25,0.028169014084507,1.0329432051580836e-13,6.7199176301951e-13,True,0.221830985915493,AD_enriched,0.0265734265734265,True,715.0,19,2,4.8632,0.6107,1.864,Minor,Alternate,new_target_candidate
Oligodendrocyte,ICE2-201,ICE2,0.1132075471698113,0.5757575757575758,3.387570030587514e-24,5.2450875973596683e-23,True,-0.4625500285877645,CT_enriched,0.0335497835497835,True,924.0,30,95,3.9905,28.4503,-2.561,Dominant,Canonical,trial_failure_candidate
Oligodendrocyte,ICE2-203,ICE2,0.7245283018867924,0.3696969696969697,3.387570030587514e-24,5.2450875973596683e-23,True,0.3548313321898227,AD_enriched,0.0216450216450216,True,924.0,192,61,32.3417,20.4038,0.6395,Minor,Alternate,new_target_candidate
Oligodendrocyte,ILF3-207,ILF3,0.5798611111111112,0.28125,9.77418279475951e-21,1.1641302328630241e-19,True,0.2986111111111111,AD_enriched,0.0161,True,10000.0,167,45,126.6575,69.4214,0.8582,Minor,Alternate,new_target_candidate
Oligodendrocyte,INTS14-217,INTS14,0.6938775510204082,0.0857142857142857,2.1955747848787258e-17,1.984133244311611e-16,True,0.6081632653061224,AD_enriched,0.0428571428571428,True,210.0,68,6,13.5893,1.7753,2.3942,Minor,Alternate,new_target_candidate
Oligodendrocyte,transcript158592.chr5.nic,ISOC1,0.3360655737704918,0.0,1.2976850566436489e-17,1.184233219667927e-16,True,0.3360655737704918,AD_enriched,0.0178571428571428,True,56.0,41,0,4.3659,0.0,2.4238,Minor,Alternate,new_target_candidate
Oligodendrocyte,ISOC1-201,ISOC1,0.6639344262295082,1.0,1.2976850566436489e-17,1.184233219667927e-16,True,-0.3360655737704918,CT_enriched,0.0178571428571428,True,56.0,81,197,15.4593,75.5121,-2.2168,Dominant,Canonical,trial_failure_candidate
Oligodendrocyte,KIAA0319L-201,KIAA0319L,0.2644067796610169,0.71900826446281,5.870168756134247e-31,1.3983043011406965e-29,True,-0.4546014848017931,CT_enriched,0.0409590409590409,True,1001.0,78,87,26.0377,28.6321,-0.1322,Dominant,Canonical,trial_failure_candidate
Oligodendrocyte,KIAA1755-201,KIAA1755,0.2513368983957219,0.8929765886287625,2.9651001922120984e-62,4.9188894260089996e-60,True,-0.6416396902330406,CT_enriched,0.0429570429570429,True,3003.0,94,267,23.4795,99.7469,-2.0411,Dominant,Canonical,trial_failure_candidate
Oligodendrocyte,KIF2A-220,KIF2A,0.7023255813953488,0.1138211382113821,9.041452788403356e-38,3.359803856170687e-36,True,0.5885044431839668,AD_enriched,0.0349650349650349,True,3003.0,151,14,24.0073,43.0577,-0.817,Minor,Alternate,new_target_candidate
Oligodendrocyte,KIF5A-204,KIF5A,0.4230769230769231,0.0166666666666666,4.156791842321422e-12,2.326300976817229e-11,True,0.4064102564102564,AD_enriched,0.003030303030303,True,330.0,22,2,7.3475,2.586,1.219,Minor,Alternate,new_target_candidate
Oligodendrocyte,KIF5A-202,KIF5A,0.5,0.9166666666666666,4.156791842321422e-12,2.326300976817229e-11,True,-0.4166666666666666,CT_enriched,0.0333333333333333,True,330.0,26,110,20.7966,38.6068,-0.8616,Dominant,Canonical,trial_failure_candidate
Oligodendrocyte,LAMTOR3-202,LAMTOR3,0.2575757575757575,0.9482758620689656,6.296279243020078e-14,4.178031011975466e-13,True,-0.6907001044932082,CT_enriched,0.0396825396825396,True,126.0,17,55,2.9117,24.312,-2.694,Dominant,Canonical,trial_failure_candidate
Oligodendrocyte,LAP3-201,LAP3,0.2522522522522522,0.691358024691358,8.57598925352191e-12,4.664574951125208e-11,True,-0.4391057724391058,CT_enriched,0.0476190476190476,True,210.0,28,112,3.4811,33.4777,-2.9437,Dominant,Canonical,trial_failure_candidate
Oligodendrocyte,transcript31883.chr4.nic,LAP3,0.7387387387387387,0.3024691358024691,8.57598925352191e-12,4.664574951125208e-11,True,0.4362696029362696,AD_enriched,0.0476190476190476,True,210.0,82,49,21.8646,16.6186,0.376,Minor,Alternate,new_target_candidate
Oligodendrocyte,LEMD3-201,LEMD3,0.594059405940594,0.8522727272727273,0.0001711010181291,0.0004124360296886,True,-0.2582133213321332,CT_enriched,0.0199800199800199,True,2002.0,60,75,23.2291,30.1416,-0.3621,Dominant,Canonical,trial_failure_candidate
Oligodendrocyte,transcript90801.chr12.nic,LEMD3,0.4059405940594059,0.1477272727272727,0.0001711010181291,0.0004124360296886,True,0.2582133213321332,AD_enriched,0.0199800199800199,True,2002.0,41,13,13.8302,3.8647,1.6081,Minor,Alternate,new_target_candidate
Oligodendrocyte,LIG1-201,LIG1,0.0857142857142857,0.5234375,7.993214107406875e-24,1.2093967273258937e-22,True,-0.4377232142857143,CT_enriched,0.0469530469530469,True,3003.0,27,67,11.0143,33.6275,-1.5272,Dominant,Canonical,trial_failure_candidate
Oligodendrocyte,LIG4-201,LIG4,0.9380530973451328,0.1573033707865168,1.5232745894851833e-93,7.075610468158676e-91,True,0.780749726558616,AD_enriched,0.0037878787878787,True,792.0,530,14,68.4669,4.179,3.7456,Minor,Alternate,new_target_candidate
Oligodendrocyte,LRRC4C-201,LRRC4C,0.9178082191780822,0.3877551020408163,1.054090557579977e-15,8.341142487153309e-15,True,0.5300531171372659,AD_enriched,0.0043290043290043,True,462.0,134,19,75.9553,26.3177,1.4942,Minor,Alternate,new_target_candidate
Oligodendrocyte,MAN1B1-209,MAN1B1,0.2875816993464052,0.001466275659824,7.016291704316231e-58,7.948945113792411e-56,True,0.2861154236865812,AD_enriched,0.0244,True,10000.0,88,1,34.9984,0.3054,4.7854,Minor,Alternate,new_target_candidate
Oligodendrocyte,MAN2B1-203,MAN2B1,0.5901639344262295,0.9545454545454546,3.666470170196286e-07,1.2550297671747786e-06,True,-0.3643815201192251,CT_enriched,0.05,True,120.0,72,63,11.6257,25.4913,-1.0692,Dominant,Canonical,trial_failure_candidate
Oligodendrocyte,MAP3K1-201,MAP3K1,0.053763440860215,0.631578947368421,4.8082116685532685e-14,3.218176253664255e-13,True,-0.577815506508206,CT_enriched,0.05,True,20.0,5,36,2.0581,12.0549,-2.0939,Dominant,Canonical,trial_failure_candidate
Oligodendrocyte,MATN2-216,MATN2,0.6875,0.0625,1.1010567838516156e-12,6.506881375306303e-12,True,0.625,AD_enriched,0.0161616161616161,True,495.0,44,3,5.979,0.9044,1.8737,Minor,Alternate,new_target_candidate
Oligodendrocyte,MEF2C-217,MEF2C,0.4598930481283422,0.0,1.4968609119392034e-15,1.1607544133485141e-14,True,0.4598930481283422,AD_enriched,0.0169830169830169,True,1001.0,86,0,20.3591,0.0,4.4168,Minor,Alternate,new_target_candidate
Oligodendrocyte,MIGA2-203,MIGA2,0.2297297297297297,0.0,2.087231772634783e-06,6.564110754156105e-06,True,0.2297297297297297,AD_enriched,0.0158730158730158,True,252.0,17,0,8.3706,0.0,3.2281,Minor,Alternate,new_target_candidate
Oligodendrocyte,MOB3C-202,MOB3C,0.4242424242424242,1.0,5.054548120448242e-10,2.345492109838369e-09,True,-0.5757575757575758,CT_enriched,0.0,True,10.0,14,59,7.8107,17.2444,-1.0501,Dominant,Canonical,trial_failure_candidate
Oligodendrocyte,transcript124454.chrX.nnic,MORC4,0.5904059040590406,0.0,2.542636317835612e-34,7.335742668538145e-33,True,0.5904059040590406,AD_enriched,0.0178571428571428,True,56.0,160,0,14.6866,0.0,3.9715,Minor,Alternate,new_target_candidate
Oligodendrocyte,MORC4-202,MORC4,0.3505535055350554,0.9928057553956836,2.542636317835612e-34,7.335742668538145e-33,True,-0.6422522498606282,CT_enriched,0.0178571428571428,True,56.0,95,138,10.3699,40.851,-1.88,Dominant,Canonical,trial_failure_candidate
Oligodendrocyte,MRFAP1-201,MRFAP1,0.3270042194092827,0.0888888888888888,8.197515588768763e-13,4.938710753544865e-12,True,0.2381153305203939,AD_enriched,0.0172,True,10000.0,155,24,39.1215,15.7442,1.2607,Minor,Alternate,new_target_candidate
Oligodendrocyte,MRFAP1-202,MRFAP1,0.5864978902953587,0.8296296296296296,8.197515588768763e-13,4.938710753544865e-12,True,-0.2431317393342709,CT_enriched,0.0314,True,10000.0,278,224,73.5043,120.1448,-0.7013,Dominant,Canonical,trial_failure_candidate
Oligodendrocyte,transcript11591.chr13.nnic,MTIF3,0.8468468468468469,0.046875,5.953027224345951e-41,2.6846418890375687e-39,True,0.7999718468468469,AD_enriched,0.003030303030303,True,330.0,188,3,26.4104,0.8985,3.8518,Minor,Alternate,new_target_candidate
Oligodendrocyte,MTO1-212,MTO1,0.1896551724137931,0.8191489361702128,1.6397480944755973e-17,1.4905342267786984e-16,True,-0.6294937637564197,CT_enriched,0.0202020202020202,True,792.0,11,77,1.3316,39.2017,-4.1078,Dominant,Canonical,trial_failure_candidate
Oligodendrocyte,MTO1-252,MTO1,0.2758620689655172,0.0,1.6397480944755973e-17,1.4905342267786984e-16,True,0.2758620689655172,AD_enriched,0.0037878787878787,True,792.0,16,0,2.8922,0.0,1.9606,Minor,Alternate,new_target_candidate
Oligodendrocyte,MVP-202,MVP,0.5031847133757962,0.2342007434944238,2.4773765428670774e-08,9.801885895756025e-08,True,0.2689839698813724,AD_enriched,0.0236430236430236,True,3003.0,79,63,16.7061,25.1466,-0.5624,Minor,Alternate,new_target_candidate
Oligodendrocyte,MVP-201,MVP,0.4968152866242038,0.7657992565055762,2.4773765428670774e-08,9.801885895756025e-08,True,-0.2689839698813724,CT_enriched,0.0236430236430236,True,3003.0,78,206,29.8761,93.5518,-1.6146,Dominant,Canonical,trial_failure_candidate
Oligodendrocyte,NAMPT-245,NAMPT,0.2549019607843137,0.0061349693251533,7.846173393255497e-18,7.303702487308975e-17,True,0.2487669914591604,AD_enriched,0.0428571428571428,True,210.0,26,1,26.0644,0.2995,4.3804,Minor,Alternate,new_target_candidate
Oligodendrocyte,NARF-224,NARF,0.2358078602620087,0.022508038585209,1.3439161721229446e-13,8.622224612584366e-13,True,0.2132998216767997,AD_enriched,0.0305694305694305,True,5005.0,54,7,27.2434,2.0807,3.1966,Minor,Alternate,new_target_candidate
Oligodendrocyte,NCOA6-201,NCOA6,0.4678899082568807,0.975,1.0060650396172346e-07,3.676767985068493e-07,True,-0.5071100917431193,CT_enriched,0.0,True,15.0,51,39,4.0274,11.8856,-1.3579,Dominant,Canonical,trial_failure_candidate
Oligodendrocyte,NDUFA10-201,NDUFA10,0.1612903225806451,0.3879310344827586,4.370452377173355e-16,3.555297949556959e-15,True,-0.2266407119021135,CT_enriched,0.0257,True,10000.0,75,90,17.5712,31.4289,-0.8042,Dominant,Canonical,trial_failure_candidate
Oligodendrocyte,NET1-201,NET1,0.2368421052631578,1.0,8.972974634895273e-11,4.4576970245014476e-10,True,-0.7631578947368423,CT_enriched,0.05,True,20.0,9,36,0.6658,19.7981,-3.6422,Dominant,Canonical,trial_failure_candidate
Oligodendrocyte,NPHP3-201,NPHP3,0.6926829268292682,0.9339622641509434,4.847771001849789e-05,0.0001265050354134,True,-0.2412793373216751,CT_enriched,0.0136363636363636,True,220.0,142,99,46.7718,68.6047,-0.543,Dominant,Canonical,trial_failure_candidate
Oligodendrocyte,NRCAM-201,NRCAM,0.6451612903225806,0.18,3.1031239682834724e-06,9.552028384808966e-06,True,0.4651612903225806,AD_enriched,0.0363636363636363,True,715.0,40,9,15.692,2.7014,2.173,Minor,Alternate,new_target_candidate
Oligodendrocyte,NRDC-201,NRDC,0.315018315018315,0.5247524752475248,7.138937789859181e-14,4.716979521180071e-13,True,-0.2097341602292097,CT_enriched,0.0498,True,10000.0,172,159,50.0299,210.421,-2.0507,Dominant,Canonical,trial_failure_candidate
Oligodendrocyte,NSD1-223,NSD1,0.484764542936288,0.1333333333333333,4.9227663108244284e-24,7.47263056005865e-23,True,0.3514312096029547,AD_enriched,0.0105,True,10000.0,175,30,49.2977,76.677,-0.627,Minor,Alternate,new_target_candidate
Oligodendrocyte,NUBP2-215,NUBP2,0.4,0.1111111111111111,2.010870350447972e-05,5.540031303577003e-05,True,0.2888888888888889,AD_enriched,0.0181818181818181,True,495.0,62,7,18.5918,2.0663,2.6757,Minor,Alternate,new_target_candidate
Oligodendrocyte,NUP62-223,NUP62,0.2244897959183673,0.018348623853211,1.036555867385391e-13,6.73398881679041e-13,True,0.2061411720651562,AD_enriched,0.0499500499500499,True,3003.0,33,4,17.6546,11.7423,0.5499,Minor,Alternate,new_target_candidate
Oligodendrocyte,NXF1-201,NXF1,0.1666666666666666,0.5909090909090909,1.481197706276745e-09,6.5587829796525105e-09,True,-0.4242424242424243,CT_enriched,0.0375624375624375,True,5005.0,18,39,8.3704,32.303,-1.8295,Dominant,Canonical,trial_failure_candidate
Oligodendrocyte,NXF1-211,NXF1,0.8240740740740741,0.3484848484848485,1.481197706276745e-09,6.5587829796525105e-09,True,0.4755892255892255,AD_enriched,0.0269730269730269,True,5005.0,89,23,43.5338,11.6684,1.8137,Minor,Alternate,new_target_candidate
Oligodendrocyte,OSBPL5-208,OSBPL5,0.3076923076923077,0.0,7.914521466447813e-07,2.6240508359493283e-06,True,0.3076923076923077,AD_enriched,0.0238095238095238,True,84.0,16,0,3.507,0.0,2.1722,Minor,Alternate,new_target_candidate
Oligodendrocyte,OSBPL5-201,OSBPL5,0.5192307692307693,0.9344262295081968,7.914521466447813e-07,2.6240508359493283e-06,True,-0.4151954602774275,CT_enriched,0.0238095238095238,True,84.0,27,57,4.6597,17.0199,-1.6708,Dominant,Canonical,trial_failure_candidate
Oligodendrocyte,P4HB-220,P4HB,0.3187250996015936,0.0674157303370786,4.643379071096186e-24,7.094899929355851e-23,True,0.251309369264515,AD_enriched,0.049,True,10000.0,240,24,56.6175,8.935,2.5359,Minor,Alternate,new_target_candidate
Oligodendrocyte,transcript127065.chr8.nnic,PAG1,0.5446428571428571,0.0,3.4837721880780204e-29,7.289244060190273e-28,True,0.5446428571428571,AD_enriched,0.0411255411255411,True,462.0,61,0,8.6557,0.0,3.2714,Minor,Alternate,new_target_candidate
Oligodendrocyte,PAG1-201,PAG1,0.4553571428571428,1.0,3.4837721880780204e-29,7.289244060190273e-28,True,-0.5446428571428572,CT_enriched,0.0411255411255411,True,462.0,51,189,18.0349,90.5441,-2.2658,Dominant,Canonical,trial_failure_candidate
Oligodendrocyte,PARP2-201,PARP2,0.2295081967213114,0.0,0.0004070400886602,0.0009254533587013,True,0.2295081967213114,AD_enriched,0.0444444444444444,True,495.0,14,0,3.1428,0.0,2.0506,Minor,Alternate,new_target_candidate
Oligodendrocyte,PCCA-202,PCCA,0.4634146341463415,0.9473684210526316,7.938292389765693e-09,3.2544896867132964e-08,True,-0.4839537869062901,CT_enriched,0.0428571428571428,True,70.0,19,72,2.5056,25.5819,-2.9227,Dominant,Canonical,trial_failure_candidate
Oligodendrocyte,PDE4DIP-245,PDE4DIP,0.225,0.0112359550561797,1.6129581607293555e-16,1.3646977516553472e-15,True,0.2137640449438203,AD_enriched,0.0272,True,10000.0,36,2,25.6371,0.5846,4.0713,Minor,Alternate,new_target_candidate
Oligodendrocyte,PELI3-202,PELI3,0.6444444444444445,0.3289473684210526,5.762618670456684e-05,0.0001484601426748,True,0.3154970760233919,AD_enriched,0.0393939393939393,True,330.0,58,25,129.1682,8.0017,3.854,Minor,Alternate,new_target_candidate
Oligodendrocyte,PELI3-201,PELI3,0.3333333333333333,0.6710526315789473,5.762618670456684e-05,0.0001484601426748,True,-0.337719298245614,CT_enriched,0.0333333333333333,True,330.0,30,51,15.3337,19.6097,-0.3355,Dominant,Canonical,trial_failure_candidate
Oligodendrocyte,PINX1-203,PINX1,0.2571428571428571,0.0,1.5516880031590608e-05,4.3471596952194434e-05,True,0.2571428571428571,AD_enriched,0.0357142857142857,True,56.0,9,0,1.6662,0.0,1.4148,Minor,Alternate,new_target_candidate
Oligodendrocyte,POR-201,POR,0.5877712031558185,0.0501672240802675,2.694805650116716e-52,2.4543867146651265e-50,True,0.537603979075551,AD_enriched,0.0481,True,10000.0,298,15,130.4814,15.6887,2.9779,Minor,Alternate,new_target_candidate
Oligodendrocyte,POR-218,POR,0.4003944773175542,0.9498327759197324,2.694805650116716e-52,2.4543867146651265e-50,True,-0.5494382986021782,CT_enriched,0.0457,True,10000.0,203,284,74.9323,107.1031,-0.5096,Dominant,Canonical,trial_failure_candidate
Oligodendrocyte,PRPF39-202,PRPF39,0.392,0.0340136054421768,9.401942818013949e-16,7.490913274386756e-15,True,0.3579863945578232,AD_enriched,0.0166500166500166,True,3003.0,98,5,18.216,2.6527,2.3953,Minor,Alternate,new_target_candidate
Oligodendrocyte,PSD3-201,PSD3,0.8,0.4038461538461538,8.442910463112512e-36,2.6678448368134435e-34,True,0.3961538461538462,AD_enriched,0.029,True,10000.0,788,105,160.2314,108.3568,0.5601,Minor,Alternate,new_target_candidate
Oligodendrocyte,PTPMT1-202,PTPMT1,0.6578947368421053,0.9240506329113924,0.0014729784715347,0.003098725090706,True,-0.2661558960692871,CT_enriched,0.0,True,462.0,25,73,4.1123,39.3614,-2.9809,Dominant,Canonical,trial_failure_candidate
Oligodendrocyte,RAB3IP-201,RAB3IP,0.5288888888888889,0.8928571428571429,1.605062344758223e-14,1.1144266952768233e-13,True,-0.363968253968254,CT_enriched,0.0489510489510489,True,1001.0,119,150,26.0845,46.2271,-0.8021,Dominant,Canonical,trial_failure_candidate
Oligodendrocyte,RAB3IP-204,RAB3IP,0.4311111111111111,0.0714285714285714,1.605062344758223e-14,1.1144266952768233e-13,True,0.3596825396825397,AD_enriched,0.0449550449550449,True,1001.0,97,12,30.7384,3.7726,2.7334,Minor,Alternate,new_target_candidate
Oligodendrocyte,RARS1-207,RARS1,0.2093023255813953,0.0,4.682453314369664e-08,1.790123098374246e-07,True,0.2093023255813953,AD_enriched,0.0178571428571428,True,56.0,9,0,1.9727,0.0,1.5718,Minor,Alternate,new_target_candidate
Oligodendrocyte,RARS1-201,RARS1,0.6744186046511628,1.0,4.682453314369664e-08,1.790123098374246e-07,True,-0.3255813953488372,CT_enriched,0.0178571428571428,True,56.0,29,93,12.4986,53.0819,-2.0023,Dominant,Canonical,trial_failure_candidate
Oligodendrocyte,RASSF2-202,RASSF2,0.5045871559633027,0.8966565349544073,1.3736708809442519e-27,2.593780992677256e-26,True,-0.3920693789911046,CT_enriched,0.041,True,10000.0,165,295,54.6282,154.1961,-1.4802,Dominant,Canonical,trial_failure_candidate
Oligodendrocyte,transcript8576.chr20.nnic,RASSF2,0.4954128440366973,0.1033434650455927,1.3736708809442519e-27,2.593780992677256e-26,True,0.3920693789911045,AD_enriched,0.041,True,10000.0,162,34,35.0314,12.2161,1.447,Minor,Alternate,new_target_candidate
Oligodendrocyte,RBCK1-202,RBCK1,0.4178794178794179,0.7030456852791879,5.771832561785829e-45,3.4372002883968175e-43,True,-0.2851662673997699,CT_enriched,0.0465416936005171,True,6188.0,201,277,93.6852,100.0116,-0.0933,Dominant,Canonical,trial_failure_candidate
Oligodendrocyte,RBM4-201,RBM4,0.0867052023121387,0.4533333333333333,4.276497202891794e-20,4.821439200833103e-19,True,-0.3666281310211946,CT_enriched,0.0194805194805194,True,2002.0,30,34,10.8162,12.3606,-0.1772,Dominant,Canonical,trial_failure_candidate
Oligodendrocyte,RBMXL1-202,RBMXL1,0.9518072289156626,0.3271028037383177,3.4177439789532585e-18,3.2732826355129657e-17,True,0.6247044251773449,AD_enriched,0.006060606060606,True,165.0,79,35,33.3985,16.5965,0.9671,Minor,Alternate,new_target_candidate
Oligodendrocyte,RIC3-204,RIC3,0.3181818181818182,0.0088495575221238,1.3041483415110242e-16,1.1176695657414588e-15,True,0.3093322606596944,AD_enriched,0.0202020202020202,True,792.0,14,2,3.7568,5.7119,-0.4967,Minor,Alternate,new_target_candidate
Oligodendrocyte,RNF157-201,RNF157,0.7741935483870968,0.9848484848484848,0.0002756081731455,0.0006455874756738,True,-0.210654936461388,CT_enriched,0.0303030303030303,True,792.0,24,65,15.4622,24.8761,-0.6525,Dominant,Canonical,trial_failure_candidate
Oligodendrocyte,RNF157-206,RNF157,0.2258064516129032,0.0,0.0002756081731455,0.0006455874756738,True,0.2258064516129032,AD_enriched,0.0138888888888888,True,792.0,7,0,2.7374,0.0,1.902,Minor,Alternate,new_target_candidate
Oligodendrocyte,RNMT-202,RNMT,0.1818181818181818,0.5853658536585366,1.1618664343828475e-05,3.315030459280299e-05,True,-0.4035476718403548,CT_enriched,0.0383838383838383,True,495.0,14,24,8.8392,7.2394,0.256,Dominant,Canonical,trial_failure_candidate
Oligodendrocyte,RNMT-203,RNMT,0.8181818181818182,0.3902439024390244,1.1618664343828475e-05,3.315030459280299e-05,True,0.4279379157427938,AD_enriched,0.0404040404040404,True,495.0,63,16,22.1463,8.4042,1.2994,Minor,Alternate,new_target_candidate
Oligodendrocyte,RNPC3-201,RNPC3,0.3193717277486911,0.5616438356164384,2.42864015871418e-07,8.501155642221073e-07,True,-0.2422721078677472,CT_enriched,0.015,True,10000.0,183,82,65.0637,38.0673,0.7579,Dominant,Canonical,trial_failure_candidate
Oligodendrocyte,RPS23-209,RPS23,0.2587412587412587,0.0290456431535269,2.1948478619944105e-12,1.2493956273240242e-11,True,0.2296956155877318,AD_enriched,0.043997668997669,True,3432.0,74,7,6.0339,2.0965,1.1837,Minor,Alternate,new_target_candidate
Oligodendrocyte,RPS23-201,RPS23,0.7202797202797203,0.9543568464730292,2.1948478619944105e-12,1.2493956273240242e-11,True,-0.2340771261933089,CT_enriched,0.0177738927738927,True,3432.0,206,230,31.9219,151.0685,-2.2076,Dominant,Canonical,trial_failure_candidate
Oligodendrocyte,transcript344469.chr1.nnic,RYR2,0.5274725274725275,0.1386861313868613,1.8492458634414146e-15,1.4174500058886752e-14,True,0.3887863960856662,AD_enriched,0.032051282051282,True,1716.0,96,19,44.3485,16.9129,1.3401,Minor,Alternate,new_target_candidate
Oligodendrocyte,SACM1L-201,SACM1L,0.4335664335664335,0.6371681415929203,1.378275089746571e-06,4.430510582610949e-06,True,-0.2036017080264868,CT_enriched,0.0357142857142857,True,56.0,62,72,4.5949,21.5575,-2.0114,Dominant,Canonical,trial_failure_candidate
Oligodendrocyte,SCAF4-201,SCAF4,0.2473118279569892,0.8630952380952381,1.3933930681178342e-31,3.406479369161758e-30,True,-0.6157834101382489,CT_enriched,0.0174825174825174,True,2002.0,46,145,21.1375,54.0704,-1.3148,Dominant,Canonical,trial_failure_candidate
Oligodendrocyte,SCAMP3-202,SCAMP3,0.3636363636363636,0.074074074074074,0.0002603634577436,0.0006120385937344,True,0.2895622895622896,AD_enriched,0.0333333333333333,True,120.0,32,4,6.2503,1.502,1.5349,Minor,Alternate,new_target_candidate
Oligodendrocyte,SCAMP3-201,SCAMP3,0.6363636363636364,0.925925925925926,0.0002603634577436,0.0006120385937344,True,-0.2895622895622897,CT_enriched,0.0333333333333333,True,120.0,56,50,14.4484,17.1639,-0.2336,Dominant,Canonical,trial_failure_candidate
Oligodendrocyte,SEC24C-203,SEC24C,0.7741935483870968,0.25,6.521853878039624e-08,2.439131341666188e-07,True,0.5241935483870968,AD_enriched,0.0436507936507936,True,252.0,48,12,17.8622,7.0302,1.232,Minor,Alternate,new_target_candidate
Oligodendrocyte,SEC61A1-221,SEC61A1,0.3701657458563536,0.0778688524590164,4.719386128041477e-19,4.904149567058761e-18,True,0.2922968933973372,AD_enriched,0.0314685314685314,True,2002.0,67,19,20.9209,6.7198,1.5057,Minor,Alternate,new_target_candidate
Oligodendrocyte,transcript138624.chr7.nic,SEM1,0.5070422535211268,0.103030303030303,8.771747079425978e-20,9.587003572690276e-19,True,0.4040119504908237,AD_enriched,0.025,True,120.0,36,17,4.9392,5.2742,-0.0792,Minor,Alternate,new_target_candidate
Oligodendrocyte,SKIC3-247,SKIC3,0.2779661016949152,0.0,2.6782587496649303e-26,4.69453278950702e-25,True,0.2779661016949152,AD_enriched,0.0186480186480186,True,3003.0,82,0,47.2052,0.0,5.5911,Minor,Alternate,new_target_candidate
Oligodendrocyte,transcript113962.chr14.nic,SLC25A29,0.3846153846153846,0.0,8.947701406516476e-21,1.0684337540686124e-19,True,0.3846153846153846,AD_enriched,0.0021645021645021,True,462.0,190,0,36.7,0.0,5.2365,Minor,Alternate,new_target_candidate
Oligodendrocyte,transcript171246.chr5.nnic,SLC25A48,0.2,0.0,0.00028729252545,0.0006705898395555,True,0.2,AD_enriched,0.025,True,120.0,13,0,8.2733,0.0,3.2131,Minor,Alternate,new_target_candidate
Oligodendrocyte,SLC35D2-201,SLC35D2,0.1270718232044199,0.4117647058823529,1.673721282239783e-05,4.658139817857275e-05,True,-0.284692882677933,CT_enriched,0.05,True,120.0,23,14,3.9316,37.8979,-2.9796,Dominant,Canonical,trial_failure_candidate
Oligodendrocyte,SLC6A15-221,SLC6A15,0.585820895522388,0.0103626943005181,1.3529890285506051e-53,1.3092987578369917e-51,True,0.57545820122187,AD_enriched,0.0124320124320124,True,1287.0,471,2,90.493,0.599,5.8384,Minor,Alternate,new_target_candidate
Oligodendrocyte,SNX14-226,SNX14,0.3407407407407407,0.1006944444444444,1.1535514760559319e-26,2.0529680483830663e-25,True,0.2400462962962962,AD_enriched,0.0357142857142857,True,252.0,46,29,11.908,8.7676,0.4022,Minor,Alternate,new_target_candidate
Oligodendrocyte,SPATA20-205,SPATA20,0.3535353535353535,0.1025641025641025,1.7288558144858342e-08,6.899085273442181e-08,True,0.2509712509712509,AD_enriched,0.0323232323232323,True,495.0,35,4,14.5797,1.3748,2.7138,Minor,Alternate,new_target_candidate
Oligodendrocyte,SPINT2-201,SPINT2,0.581081081081081,1.0,3.975768771847268e-26,6.890838039265135e-25,True,-0.4189189189189189,CT_enriched,0.0476190476190476,True,84.0,43,263,11.7191,85.3135,-2.7626,Dominant,Canonical,trial_failure_candidate
Oligodendrocyte,SPINT2-203,SPINT2,0.3108108108108108,0.0,3.975768771847268e-26,6.890838039265135e-25,True,0.3108108108108108,AD_enriched,0.0476190476190476,True,84.0,23,0,20.8759,0.0,4.4513,Minor,Alternate,new_target_candidate
Oligodendrocyte,SRBD1-201,SRBD1,0.6875,1.0,0.0037389804648784,0.0074252091745876,True,-0.3125,CT_enriched,0.0,True,84.0,22,30,10.5124,11.8503,-0.1586,Dominant,Canonical,trial_failure_candidate
Oligodendrocyte,transcript54232.chr2.nnic,SRBD1,0.28125,0.0,0.0037389804648784,0.0074252091745876,True,0.28125,AD_enriched,0.0238095238095238,True,84.0,9,0,5.0703,0.0,2.6018,Minor,Alternate,new_target_candidate
Oligodendrocyte,transcript63184.chr11.nic,SSRP1,0.275,0.0192307692307692,1.8335783132484488e-11,9.767168881925511e-11,True,0.2557692307692308,AD_enriched,0.0176767676767676,True,792.0,22,3,17.8959,1.3762,2.9913,Minor,Alternate,new_target_candidate
Oligodendrocyte,SSRP1-201,SSRP1,0.625,0.967948717948718,1.8335783132484488e-11,9.767168881925511e-11,True,-0.3429487179487179,CT_enriched,0.0164141414141414,True,792.0,50,151,17.4424,62.0089,-1.7725,Dominant,Canonical,trial_failure_candidate
Oligodendrocyte,transcript158638.chr3.nnic,ST3GAL6,0.8153846153846154,0.0185185185185185,8.163855369553852e-24,1.2312048114148584e-22,True,0.7968660968660969,AD_enriched,0.0324675324675324,True,462.0,106,1,12.2929,1.4312,2.4509,Minor,Alternate,new_target_candidate
Oligodendrocyte,STAU1-203,STAU1,0.6271186440677966,0.1458333333333333,1.7625176162456018e-20,2.0726314753065368e-19,True,0.4812853107344633,AD_enriched,0.0433566433566433,True,715.0,111,7,53.3855,2.4267,3.9883,Minor,Alternate,new_target_candidate
Oligodendrocyte,STXBP1-201,STXBP1,0.4848484848484848,0.7837837837837838,6.857809139517854e-06,2.003429147991222e-05,True,-0.2989352989352989,CT_enriched,0.0216450216450216,True,924.0,48,58,28.2071,52.7441,-0.8798,Dominant,Canonical,trial_failure_candidate
Oligodendrocyte,SYNJ2-201,SYNJ2,0.7272727272727273,0.9724770642201837,2.0182909826989003e-06,6.358732612412697e-06,True,-0.2452043369474563,CT_enriched,0.0121212121212121,True,330.0,88,106,19.2405,47.2385,-1.2529,Dominant,Canonical,trial_failure_candidate
Oligodendrocyte,transcript35572.chr1.nnic,SZRD1,0.2115384615384615,0.0,6.176063645074996e-07,2.065357496859133e-06,True,0.2115384615384615,AD_enriched,0.0277777777777777,True,252.0,11,0,6.5994,0.0,2.9259,Minor,Alternate,new_target_candidate
Oligodendrocyte,TAF5-205,TAF5,0.8292682926829268,0.3170731707317073,8.455756239306909e-06,2.4441187138506906e-05,True,0.5121951219512195,AD_enriched,0.0476190476190476,True,126.0,34,13,7.6376,3.8808,0.8235,Minor,Alternate,new_target_candidate
Oligodendrocyte,TANGO2-210,TANGO2,0.5833333333333334,0.0303030303030303,2.788851077582072e-07,9.696267406713115e-07,True,0.5530303030303031,AD_enriched,0.0476190476190476,True,126.0,28,1,10.6248,0.2995,3.1612,Minor,Alternate,new_target_candidate
Oligodendrocyte,TARS2-213,TARS2,0.3571428571428571,0.0350877192982456,2.2246173530793265e-07,7.804643206233739e-07,True,0.3220551378446115,AD_enriched,0.0202020202020202,True,792.0,15,4,7.4386,1.5282,1.7389,Minor,Alternate,new_target_candidate
Oligodendrocyte,TARS2-204,TARS2,0.6428571428571429,0.9649122807017544,2.2246173530793265e-07,7.804643206233739e-07,True,-0.3220551378446115,CT_enriched,0.0202020202020202,True,792.0,27,110,8.8057,36.6503,-1.941,Dominant,Canonical,trial_failure_candidate
Oligodendrocyte,TBC1D14-208,TBC1D14,0.2619047619047619,0.0331125827814569,2.088993102359806e-40,9.154125434397451e-39,True,0.228792179123305,AD_enriched,0.0424242424242424,True,330.0,44,5,4.8046,1.4831,1.2251,Minor,Alternate,new_target_candidate
Oligodendrocyte,transcript16738.chr4.nnic,TBC1D14,0.3273809523809524,0.0066225165562913,2.088993102359806e-40,9.154125434397451e-39,True,0.320758435824661,AD_enriched,0.0333333333333333,True,330.0,55,1,3.6016,0.2923,1.8322,Minor,Alternate,new_target_candidate
Oligodendrocyte,TBL3-206,TBL3,0.4084507042253521,0.0,2.331319882780839e-16,1.947658427251259e-15,True,0.4084507042253521,AD_enriched,0.0125874125874125,True,715.0,58,0,21.7477,0.0,4.5077,Minor,Alternate,new_target_candidate
Oligodendrocyte,TBL3-205,TBL3,0.5704225352112676,1.0,2.331319882780839e-16,1.947658427251259e-15,True,-0.4295774647887324,CT_enriched,0.0125874125874125,True,715.0,81,130,60.8938,46.1481,0.3926,Dominant,Canonical,trial_failure_candidate
Oligodendrocyte,TCERG1-207,TCERG1,0.3264462809917355,0.08,2.5898466697623144e-11,1.3608413779463743e-10,True,0.2464462809917355,AD_enriched,0.0154845154845154,True,8008.0,79,10,34.5006,9.2225,1.7961,Minor,Alternate,new_target_candidate
Oligodendrocyte,TGOLN2-202,TGOLN2,0.3145336225596529,0.1098484848484848,1.665044657918452e-09,7.3309312189869284e-09,True,0.204685137711168,AD_enriched,0.029,True,10000.0,145,29,40.9985,15.3185,1.3638,Minor,Alternate,new_target_candidate
Oligodendrocyte,TGOLN2-201,TGOLN2,0.6529284164859002,0.8674242424242424,1.665044657918452e-09,7.3309312189869284e-09,True,-0.2144958259383422,CT_enriched,0.0338,True,10000.0,301,229,116.8248,103.7915,0.1691,Dominant,Canonical,trial_failure_candidate
Oligodendrocyte,TIGD6-201,TIGD6,0.6129032258064516,0.94,9.653622056936888e-07,3.1667425462197628e-06,True,-0.3270967741935483,CT_enriched,0.004040404040404,True,495.0,38,94,11.0851,35.2366,-1.5842,Dominant,Canonical,trial_failure_candidate
Oligodendrocyte,TIGD6-202,TIGD6,0.3387096774193548,0.06,9.653622056936888e-07,3.1667425462197628e-06,True,0.2787096774193548,AD_enriched,0.0282828282828282,True,495.0,21,6,9.8611,1.8029,1.9542,Minor,Alternate,new_target_candidate
Oligodendrocyte,transcript149227.chr9.nic,TLE4,0.3486590038314176,0.0,3.00252001223863e-24,4.664449985568039e-23,True,0.3486590038314176,AD_enriched,0.0441919191919191,True,792.0,91,0,5.959,0.0,2.7989,Minor,Alternate,new_target_candidate
Oligodendrocyte,TMC6-229,TMC6,0.2915851272015655,0.0627137970353477,1.1186367149562196e-41,5.144621327694694e-40,True,0.2288713301662178,AD_enriched,0.021,True,10000.0,298,55,132.6296,21.1235,2.5946,Minor,Alternate,new_target_candidate
Oligodendrocyte,transcript212767.chr6.nic,TMEM181,0.6235294117647059,0.2711864406779661,4.0926310443614855e-16,3.340996696143955e-15,True,0.3523429710867398,AD_enriched,0.0285714285714285,True,35.0,106,16,18.7622,13.2992,0.4668,Minor,Alternate,new_target_candidate
Oligodendrocyte,TMEM181-202,TMEM181,0.1529411764705882,0.6610169491525424,4.0926310443614855e-16,3.340996696143955e-15,True,-0.5080757726819543,CT_enriched,0.0285714285714285,True,35.0,26,39,2.3903,11.8329,-1.9204,Dominant,Canonical,trial_failure_candidate
Oligodendrocyte,transcript190990.chr11.nic,TMEM218,0.4571428571428571,0.0307692307692307,4.9271371058774724e-08,1.8744104714824617e-07,True,0.4263736263736263,AD_enriched,0.0476190476190476,True,126.0,16,2,3.5742,0.7641,1.3746,Minor,Alternate,new_target_candidate
Oligodendrocyte,TNIK-201,TNIK,0.4757281553398058,0.0,1.8392960985252745e-08,7.333502470085754e-08,True,0.4757281553398058,AD_enriched,0.0325,True,10000.0,49,0,87.4037,0.0,6.466,Minor,Alternate,new_target_candidate
Oligodendrocyte,TNIK-204,TNIK,0.4854368932038835,0.96,1.8392960985252745e-08,7.333502470085754e-08,True,-0.4745631067961164,CT_enriched,0.0383,True,10000.0,50,48,36.5237,44.9131,-0.2911,Dominant,Canonical,trial_failure_candidate
Oligodendrocyte,TRAK1-206,TRAK1,0.7028985507246377,0.1666666666666666,4.545436420497721e-12,2.537686559280278e-11,True,0.5362318840579711,AD_enriched,0.0475,True,10000.0,97,6,22.1999,5.4453,1.8478,Minor,Alternate,new_target_candidate
Oligodendrocyte,TRAPPC9-201,TRAPPC9,0.7536842105263157,0.9839357429718876,3.002708738330959e-14,2.0302157335585605e-13,True,-0.2302515324455718,CT_enriched,0.0404,True,10000.0,358,245,196.3343,179.2819,0.1304,Dominant,Canonical,trial_failure_candidate
Oligodendrocyte,TUBGCP2-201,TUBGCP2,0.4280442804428044,0.7147335423197492,1.3580575625204484e-44,7.885221722384354e-43,True,-0.2866892618769447,CT_enriched,0.0345,True,10000.0,116,228,18.2488,124.9555,-2.7101,Dominant,Canonical,trial_failure_candidate
Oligodendrocyte,UPF2-202,UPF2,0.7276119402985075,0.9875,4.002632383421112e-06,1.212009610234098e-05,True,-0.2598880597014925,CT_enriched,0.0381,True,10000.0,195,79,93.3022,30.9866,1.5598,Dominant,Canonical,trial_failure_candidate
Oligodendrocyte,USP1-202,USP1,0.6493055555555556,0.3208955223880597,5.583168779237141e-10,2.577914411486731e-09,True,0.3284100331674959,AD_enriched,0.0136363636363636,True,220.0,187,43,35.6127,18.4096,0.9156,Minor,Alternate,new_target_candidate
Oligodendrocyte,USP1-201,USP1,0.3506944444444444,0.6791044776119403,5.583168779237141e-10,2.577914411486731e-09,True,-0.3284100331674958,CT_enriched,0.0136363636363636,True,220.0,101,91,22.424,27.9727,-0.3067,Dominant,Canonical,trial_failure_candidate
Oligodendrocyte,USP11-206,USP11,0.2477064220183486,0.0439560439560439,1.6139390488695996e-14,1.1172499078985529e-13,True,0.2037503780623047,AD_enriched,0.0186480186480186,True,3003.0,27,8,9.9967,8.9375,0.1461,Minor,Alternate,new_target_candidate
Oligodendrocyte,WDR47-203,WDR47,0.5844155844155844,0.2,1.891636722986973e-05,5.233265383129535e-05,True,0.3844155844155844,AD_enriched,0.0295260295260295,True,1287.0,45,10,9.1768,2.9968,1.3484,Minor,Alternate,new_target_candidate
Oligodendrocyte,XPNPEP1-213,XPNPEP1,0.3118279569892473,0.0239520958083832,9.851675969525524e-11,4.888999452825434e-10,True,0.2878758611808641,AD_enriched,0.0168997668997669,True,1716.0,29,4,9.7446,6.3023,0.5572,Minor,Alternate,new_target_candidate
Oligodendrocyte,YTHDF2-206,YTHDF2,0.3346814964610718,0.0523255813953488,3.798436709607431e-33,1.0317975740424863e-31,True,0.282355915065723,AD_enriched,0.0384,True,10000.0,331,27,105.4507,18.8256,2.4247,Minor,Alternate,new_target_candidate
Oligodendrocyte,ZBTB44-201,ZBTB44,0.1304347826086956,0.5892857142857143,3.489846407843102e-15,2.5978103468639763e-14,True,-0.4588509316770187,CT_enriched,0.0357142857142857,True,84.0,21,33,1.6835,10.0768,-2.0454,Dominant,Canonical,trial_failure_candidate
Oligodendrocyte,ZC3H13-206,ZC3H13,0.3569023569023569,0.5598141695702671,2.824641545221347e-16,2.342939281705921e-15,True,-0.2029118126679102,CT_enriched,0.0225,True,10000.0,318,482,165.7182,298.2274,-0.8438,Dominant,Canonical,trial_failure_candidate
Oligodendrocyte,ZDHHC6-202,ZDHHC6,0.2562814070351759,0.7802197802197802,2.970857853582027e-18,2.8869528723616134e-17,True,-0.5239383731846043,CT_enriched,0.0023310023310023,True,1716.0,51,71,7.3833,38.5932,-2.2397,Dominant,Canonical,trial_failure_candidate
Oligodendrocyte,ZDHHC6-210,ZDHHC6,0.4974874371859296,0.0219780219780219,2.970857853582027e-18,2.8869528723616134e-17,True,0.4755094152079077,AD_enriched,0.0285547785547785,True,1716.0,99,2,14.6292,1.7366,2.5138,Minor,Alternate,new_target_candidate
Oligodendrocyte,ZNF160-202,ZNF160,0.8197747183979975,0.0833333333333333,4.074049278569796e-96,2.102662099884077e-93,True,0.7364413850646643,AD_enriched,0.0037962037962037,True,5005.0,655,20,97.8766,17.1321,2.4471,Minor,Alternate,new_target_candidate
Oligodendrocyte,ZNF197-204,ZNF197,0.294478527607362,0.0137931034482758,2.5096483004531328e-12,1.4198923697447992e-11,True,0.2806854241590862,AD_enriched,0.0217560217560217,True,1287.0,48,2,14.7086,1.7366,2.5211,Minor,Alternate,new_target_candidate
Oligodendrocyte,ZNF197-202,ZNF197,0.5521472392638037,0.903448275862069,2.5096483004531328e-12,1.4198923697447992e-11,True,-0.3513010365982653,CT_enriched,0.0295260295260295,True,1287.0,90,131,19.0748,72.958,-1.8813,Dominant,Canonical,trial_failure_candidate
Oligodendrocyte,ZNF224-201,ZNF224,0.64,0.016,4.036878999194221e-32,1.0246613634566753e-30,True,0.624,AD_enriched,0.0315656565656565,True,792.0,96,2,14.1652,0.7583,3.1086,Minor,Alternate,new_target_candidate
Oligodendrocyte,ZNF254-202,ZNF254,0.2852011494252873,0.5345268542199488,4.0499397079121196e-22,5.314115803178473e-21,True,-0.2493257047946615,CT_enriched,0.0273,True,10000.0,397,209,140.7031,134.7052,0.0624,Dominant,Canonical,trial_failure_candidate
Oligodendrocyte,ZNF7-218,ZNF7,0.7307692307692307,0.0256410256410256,4.856221448907871e-19,5.035077819235951e-18,True,0.7051282051282052,AD_enriched,0.0,True,126.0,57,2,11.7586,0.7583,2.8593,Minor,Alternate,new_target_candidate
Oligodendrocyte,ZNF738-206,ZNF738,0.3140495867768595,0.7272727272727273,4.0515319176305035e-11,2.0980340866659623e-10,True,-0.4132231404958678,CT_enriched,0.0396825396825396,True,126.0,38,40,3.8638,33.8949,-2.8429,Dominant,Canonical,trial_failure_candidate
Oligodendrocyte,ZNF738-201,ZNF738,0.6694214876033058,0.1272727272727272,4.0515319176305035e-11,2.0980340866659623e-10,True,0.5421487603305786,AD_enriched,0.0158730158730158,True,126.0,81,7,9.7439,3.2283,1.3454,Minor,Alternate,new_target_candidate
Oligodendrocyte,ZNHIT6-201,ZNHIT6,0.3664383561643836,1.0,9.07163052193076e-42,4.2137723774368376e-40,True,-0.6335616438356164,CT_enriched,0.0075757575757575,True,1716.0,107,178,28.4077,102.555,-1.8161,Dominant,Canonical,trial_failure_candidate
Oligodendrocyte,transcript148113.chr1.nnic,ZNHIT6,0.6335616438356164,0.0,9.07163052193076e-42,4.2137723774368376e-40,True,0.6335616438356164,AD_enriched,0.0075757575757575,True,1716.0,185,0,26.0218,0.0,4.7561,Minor,Alternate,new_target_candidate
OPC,AARS1-225,AARS1,0.9636363636363636,0.2564102564102564,1.7771019228750813e-27,4.40782032494315e-26,True,0.7072261072261072,AD_enriched,0.0454545454545454,True,462.0,159,10,94.0172,40.6684,1.1892,Minor,Alternate,new_target_candidate
OPC,AARS1-201,AARS1,0.006060606060606,0.5384615384615384,1.7771019228750813e-27,4.40782032494315e-26,True,-0.5324009324009324,CT_enriched,0.0324675324675324,True,462.0,1,21,1.9443,32.3592,-3.5021,Dominant,Canonical,trial_failure_candidate
OPC,ABCC8-269,ABCC8,0.4287790697674418,0.1212121212121212,1.1921489421626205e-33,4.942308900222749e-32,True,0.3075669485553206,AD_enriched,0.0341,True,10000.0,295,48,228.1963,65.0445,1.7951,Minor,Alternate,new_target_candidate
OPC,ACER3-219,ACER3,0.2678571428571428,0.0,4.1802991769181893e-19,5.075827703521585e-18,True,0.2678571428571428,AD_enriched,0.0212121212121212,True,330.0,15,0,7.9421,0.0,3.1606,Minor,Alternate,new_target_candidate
OPC,AK2-214,AK2,0.4201388888888889,0.7540983606557377,6.016613922582974e-14,4.343336717247709e-13,True,-0.3339594717668487,CT_enriched,0.0415,True,10000.0,121,138,93.6202,216.6952,-1.2021,Dominant,Canonical,trial_failure_candidate
OPC,ALDH1L1-203,ALDH1L1,0.75,0.96,5.5800151731759875e-11,2.8916435772422704e-10,True,-0.2099999999999999,CT_enriched,0.0442890442890442,True,3003.0,60,312,81.4611,216.1612,-1.397,Dominant,Canonical,trial_failure_candidate
OPC,AMPH-201,AMPH,0.4788732394366197,0.0,5.729393156418372e-10,2.664535086526621e-09,True,0.4788732394366197,AD_enriched,0.0382284382284382,True,6435.0,34,0,18.0484,0.0,4.2516,Minor,Alternate,new_target_candidate
OPC,AMPH-202,AMPH,0.5211267605633803,0.9848484848484848,5.729393156418372e-10,2.664535086526621e-09,True,-0.4637217242851045,CT_enriched,0.0343434343434343,True,6435.0,37,65,49.8661,260.8596,-2.364,Dominant,Canonical,trial_failure_candidate
OPC,AMT-242,AMT,0.5777777777777777,0.0222222222222222,3.3657308665977074e-09,1.4427401735401105e-08,True,0.5555555555555556,AD_enriched,0.0476190476190476,True,126.0,26,1,37.183,0.5226,4.6483,Minor,Alternate,new_target_candidate
OPC,ANAPC5-201,ANAPC5,0.2743362831858407,0.7288732394366197,1.014441785087862e-18,1.1918664211842005e-17,True,-0.454536956250779,CT_enriched,0.0083,True,10000.0,31,207,31.3014,168.5004,-2.3916,Dominant,Canonical,trial_failure_candidate
OPC,ANKRD18A-201,ANKRD18A,0.2,0.6,1.7346208649919162e-06,5.36088365304211e-06,True,-0.3999999999999999,CT_enriched,0.0346736596736596,True,3432.0,21,42,28.6855,85.4803,-1.5426,Dominant,Canonical,trial_failure_candidate
OPC,transcript2998.chr11.nic,AP2A2,0.7910447761194029,0.0697674418604651,7.406866832736607e-15,5.856873991444587e-14,True,0.7212773342589378,AD_enriched,0.0334110334110334,True,1287.0,53,3,45.1161,4.7877,2.9942,Minor,Alternate,new_target_candidate
OPC,AP3D1-202,AP3D1,0.9047619047619048,0.03125,5.094963108214862e-22,7.949238139806198e-21,True,0.8735119047619048,AD_enriched,0.0047619047619047,True,210.0,95,1,79.5779,0.7628,5.5144,Minor,Alternate,new_target_candidate
OPC,APBB1-204,APBB1,0.2,0.0,9.759286281856361e-14,6.924559606344048e-13,True,0.2,AD_enriched,0.0343822843822843,True,1716.0,7,0,3.8412,0.0,2.2754,Minor,Alternate,new_target_candidate
OPC,ARF5-201,ARF5,0.4935897435897436,0.8,0.001903514731343,0.0037105320411688,True,-0.3064102564102564,CT_enriched,0.0366300366300366,True,3003.0,77,28,71.6503,56.2151,0.3446,Dominant,Canonical,trial_failure_candidate
OPC,ARF5-204,ARF5,0.5064102564102564,0.2,0.001903514731343,0.0037105320411688,True,0.3064102564102564,AD_enriched,0.0366300366300366,True,3003.0,79,7,51.0659,15.4297,1.664,Minor,Alternate,new_target_candidate
OPC,ARID4A-204,ARID4A,0.5254237288135594,0.0903225806451612,8.135365492114938e-11,4.105883592716095e-10,True,0.4351011481683982,AD_enriched,0.0468,True,10000.0,31,14,34.8083,34.4833,0.0132,Minor,Alternate,new_target_candidate
OPC,ASH1L-210,ASH1L,0.3789808917197452,0.0836501901140684,1.7116770435123088e-17,1.7728190905447038e-16,True,0.2953307016056767,AD_enriched,0.0291,True,10000.0,119,22,146.6328,26.8401,2.4068,Minor,Alternate,new_target_candidate
OPC,ATF7IP-222,ATF7IP,0.2276422764227642,0.0059880239520958,2.3484061621180397e-10,1.1320722063897927e-09,True,0.2216542524706684,AD_enriched,0.0279720279720279,True,715.0,28,1,29.0156,0.5226,4.3011,Minor,Alternate,new_target_candidate
OPC,ATM-241,ATM,0.380281690140845,0.0454545454545454,1.0038821125377364e-25,2.0515956975947263e-24,True,0.3348271446862996,AD_enriched,0.0404595404595404,True,2002.0,54,7,48.0479,8.6827,2.3407,Minor,Alternate,new_target_candidate
OPC,ATP6V1B2-206,ATP6V1B2,0.3578947368421052,0.024340770791075,3.075672151849881e-36,1.512813658418365e-34,True,0.3335539660510302,AD_enriched,0.0033,True,10000.0,102,12,175.9299,18.5952,3.1746,Minor,Alternate,new_target_candidate
OPC,ATP6V1B2-201,ATP6V1B2,0.6421052631578947,0.9756592292089248,3.075672151849881e-36,1.512813658418365e-34,True,-0.33355396605103,CT_enriched,0.0033,True,10000.0,183,481,253.4067,548.2837,-1.1104,Dominant,Canonical,trial_failure_candidate
OPC,ATP7A-229,ATP7A,0.6078431372549019,0.0,1.5951257887506176e-11,8.908314372280499e-11,True,0.6078431372549019,AD_enriched,0.0333333333333333,True,210.0,31,0,18.5052,0.0,4.2858,Minor,Alternate,new_target_candidate
OPC,transcript196245.chr3.nnic,B4GALT4,0.490566037735849,0.0,1.235554636820177e-08,4.865101161536165e-08,True,0.490566037735849,AD_enriched,0.0202020202020202,True,495.0,26,0,17.7682,0.0,4.2302,Minor,Alternate,new_target_candidate
OPC,BPTF-207,BPTF,0.9559748427672956,0.2222222222222222,6.348006066213443e-59,8.772339811500672e-57,True,0.7337526205450734,AD_enriched,0.0033300033300033,True,3003.0,304,18,422.3662,23.646,4.1025,Minor,Alternate,new_target_candidate
OPC,transcript52007.chr6.nnic,BTBD9,0.25,0.0,2.6125166273050743e-16,2.3916477137032568e-15,True,0.25,AD_enriched,0.0,True,5.0,13,0,7.9819,0.0,3.167,Minor,Alternate,new_target_candidate
OPC,BUB3-201,BUB3,0.6722222222222223,0.0379746835443038,1.817293622060032e-20,2.597924182866115e-19,True,0.6342475386779185,AD_enriched,0.0475524475524475,True,715.0,121,3,76.2912,2.1353,4.6236,Minor,Alternate,new_target_candidate
OPC,BUB3-203,BUB3,0.3277777777777778,0.9620253164556962,1.817293622060032e-20,2.597924182866115e-19,True,-0.6342475386779185,CT_enriched,0.0475524475524475,True,715.0,59,76,43.366,84.278,-0.9427,Dominant,Canonical,trial_failure_candidate
OPC,C6orf89-201,C6orf89,0.45,0.0408163265306122,1.1898273623432733e-08,4.697794565333577e-08,True,0.4091836734693878,AD_enriched,0.04004329004329,True,924.0,18,4,13.4182,3.2253,1.7708,Minor,Alternate,new_target_candidate
OPC,C6orf89-204,C6orf89,0.55,0.9591836734693876,1.1898273623432733e-08,4.697794565333577e-08,True,-0.4091836734693875,CT_enriched,0.04004329004329,True,924.0,22,94,23.0483,89.016,-1.9042,Dominant,Canonical,trial_failure_candidate
OPC,CALCOCO1-217,CALCOCO1,0.3086419753086419,0.016,5.883002835105817e-08,2.1720705124016642e-07,True,0.2926419753086419,AD_enriched,0.0187812187812187,True,5005.0,25,2,20.732,6.3602,1.562,Minor,Alternate,new_target_candidate
OPC,CAMTA1-215,CAMTA1,0.7703349282296651,0.1349206349206349,7.90805996930552e-35,3.5858109423319734e-33,True,0.6354142933090302,AD_enriched,0.0113886113886113,True,5005.0,161,17,159.4448,30.256,2.3599,Minor,Alternate,new_target_candidate
OPC,transcript610.chr5.nnic,CCDC127,0.6486486486486487,0.0892857142857142,3.79288735279736e-09,1.609204546464611e-08,True,0.5593629343629345,AD_enriched,0.0181818181818181,True,330.0,24,5,18.138,3.9882,1.9399,Minor,Alternate,new_target_candidate
OPC,CDK13-214,CDK13,0.2307692307692307,0.0,7.819184229869864e-36,3.6598826830777964e-34,True,0.2307692307692307,AD_enriched,0.0041958041958041,True,715.0,36,0,20.4757,0.0,4.4246,Minor,Alternate,new_target_candidate
OPC,CDK13-217,CDK13,0.4615384615384615,0.0,7.819184229869864e-36,3.6598826830777964e-34,True,0.4615384615384615,AD_enriched,0.0153846153846153,True,715.0,72,0,38.1219,0.0,5.2899,Minor,Alternate,new_target_candidate
OPC,CEP126-203,CEP126,0.3944315545243619,0.0717488789237668,4.494638796371067e-57,4.658372066810298e-55,True,0.3226826756005951,AD_enriched,0.0355,True,10000.0,170,80,102.6114,162.9152,-0.6618,Minor,Alternate,new_target_candidate
OPC,CGGBP1-201,CGGBP1,0.8350515463917526,0.2692307692307692,6.871825860677955e-16,5.935130549906972e-15,True,0.5658207771609833,AD_enriched,0.0091908091908091,True,5005.0,162,14,131.54,27.3206,2.2265,Minor,Alternate,new_target_candidate
OPC,CHORDC1-201,CHORDC1,0.2553191489361702,0.735632183908046,1.7743274308211178e-10,8.72728509193709e-10,True,-0.4803130349718758,CT_enriched,0.0076,True,10000.0,24,64,30.5316,119.3228,-1.932,Dominant,Canonical,trial_failure_candidate
OPC,CHTOP-203,CHTOP,0.5373134328358209,0.0625,2.2039035575738546e-08,8.516282455498438e-08,True,0.4748134328358209,AD_enriched,0.0247668997668997,True,3432.0,36,4,23.0249,5.1315,1.9702,Minor,Alternate,new_target_candidate
OPC,CIAO1-201,CIAO1,0.3787878787878788,0.1153846153846153,0.0001109073815452,0.0002646819253653,True,0.2634032634032635,AD_enriched,0.0083,True,10000.0,25,12,31.3473,34.3172,-0.1267,Minor,Alternate,new_target_candidate
OPC,CIAO1-203,CIAO1,0.6212121212121212,0.8846153846153846,0.0001109073815452,0.0002646819253653,True,-0.2634032634032633,CT_enriched,0.0083,True,10000.0,41,92,49.1545,128.138,-1.3645,Dominant,Canonical,trial_failure_candidate
OPC,CNDP2-209,CNDP2,0.4887640449438202,0.117408906882591,2.0222256639904386e-18,2.3013721085883345e-17,True,0.3713551380612292,AD_enriched,0.0398,True,10000.0,87,29,151.3655,46.4897,1.6819,Minor,Alternate,new_target_candidate
OPC,CNDP2-201,CNDP2,0.4157303370786517,0.8178137651821862,2.0222256639904386e-18,2.3013721085883345e-17,True,-0.4020834281035345,CT_enriched,0.0392,True,10000.0,74,202,62.926,226.5655,-1.8318,Dominant,Canonical,trial_failure_candidate
OPC,CNKSR2-225,CNKSR2,0.5308641975308642,0.0135135135135135,2.90133196931334e-17,2.8736059300161475e-16,True,0.5173506840173507,AD_enriched,0.0088383838383838,True,792.0,43,1,57.0954,1.09,4.7968,Minor,Alternate,new_target_candidate
OPC,COG8-202,COG8,0.6226415094339622,0.1587301587301587,7.040580568112035e-07,2.2803308938237863e-06,True,0.4639113507038035,AD_enriched,0.0317460317460317,True,126.0,33,10,27.3578,5.4665,2.1327,Minor,Alternate,new_target_candidate
OPC,COG8-201,COG8,0.3773584905660377,0.8412698412698413,7.040580568112035e-07,2.2803308938237863e-06,True,-0.4639113507038035,CT_enriched,0.0317460317460317,True,126.0,20,53,25.1771,46.7138,-0.8661,Dominant,Canonical,trial_failure_candidate
OPC,transcript202838.chr7.nic,CREB3L2,0.3888888888888889,0.0,4.5598390957602764e-06,1.3245898954851174e-05,True,0.3888888888888889,AD_enriched,0.0349650349650349,True,286.0,21,0,32.093,0.0,5.0485,Minor,Alternate,new_target_candidate
OPC,CTTNBP2-201,CTTNBP2,0.605080831408776,0.8612903225806452,5.3734209390126656e-14,3.918006925883104e-13,True,-0.2562094911718692,CT_enriched,0.0263,True,10000.0,262,267,313.1838,406.7059,-0.3759,Dominant,Canonical,trial_failure_candidate
OPC,CTTNBP2-206,CTTNBP2,0.394919168591224,0.1387096774193548,5.3734209390126656e-14,3.918006925883104e-13,True,0.2562094911718692,AD_enriched,0.0263,True,10000.0,171,43,218.8183,81.6502,1.4112,Minor,Alternate,new_target_candidate
OPC,CYFIP2-221,CYFIP2,0.4146341463414634,0.0,7.880169630262505e-13,5.025989509235558e-12,True,0.4146341463414634,AD_enriched,0.0272727272727272,True,220.0,34,0,20.296,0.0,4.4125,Minor,Alternate,new_target_candidate
OPC,DCTN5-203,DCTN5,0.373134328358209,0.0729166666666666,1.0800337305019126e-08,4.287630486889945e-08,True,0.3002176616915424,AD_enriched,0.0224358974358974,True,3432.0,25,14,23.2725,19.456,0.2468,Minor,Alternate,new_target_candidate
OPC,DCTN5-201,DCTN5,0.6268656716417911,0.9270833333333334,1.0800337305019126e-08,4.287630486889945e-08,True,-0.3002176616915423,CT_enriched,0.0224358974358974,True,3432.0,42,178,34.0242,309.5679,-3.1485,Dominant,Canonical,trial_failure_candidate
OPC,DDX54-202,DDX54,0.8701298701298701,0.125,9.450929164823044e-16,7.996092255485851e-15,True,0.7451298701298701,AD_enriched,0.0285714285714285,True,210.0,67,6,205.02,7.9374,4.5268,Minor,Alternate,new_target_candidate
OPC,DDX54-201,DDX54,0.1298701298701298,0.875,9.450929164823044e-16,7.996092255485851e-15,True,-0.7451298701298702,CT_enriched,0.0238095238095238,True,210.0,10,42,24.2437,26.8516,-0.1418,Dominant,Canonical,trial_failure_candidate
OPC,DENND4C-201,DENND4C,0.7857142857142857,0.1428571428571428,8.237231478503137e-08,2.976892372430399e-07,True,0.6428571428571429,AD_enriched,0.0476190476190476,True,252.0,33,6,31.4539,6.5402,2.1057,Minor,Alternate,new_target_candidate
OPC,DICER1-225,DICER1,0.3865546218487395,0.0209790209790209,4.1627674735195175e-18,4.5758906091491056e-17,True,0.3655756008697186,AD_enriched,0.0077922077922077,True,5005.0,46,3,61.9836,3.9547,3.6681,Minor,Alternate,new_target_candidate
OPC,transcript319159.chr3.nic,DLG1,0.3095238095238095,0.0238095238095238,7.90989900306278e-10,3.6092023438503446e-09,True,0.2857142857142857,AD_enriched,0.0444444444444444,True,45.0,13,1,21.2728,4.7643,1.9501,Minor,Alternate,new_target_candidate
OPC,DMPK-223,DMPK,0.5733333333333334,0.0428571428571428,1.011659361037094e-11,5.7678496379757294e-11,True,0.5304761904761905,AD_enriched,0.0193806193806193,True,5005.0,43,3,23.7107,13.7249,0.7469,Minor,Alternate,new_target_candidate
OPC,DMXL2-201,DMXL2,0.9902912621359224,0.3292682926829268,2.032279262332593e-20,2.849118076951298e-19,True,0.6610229694529957,AD_enriched,0.0158730158730158,True,252.0,102,27,152.6842,58.6794,1.3647,Minor,Alternate,new_target_candidate
OPC,DNAJB6-204,DNAJB6,0.7441860465116279,0.2516129032258064,7.804406482179032e-18,8.296112678125843e-17,True,0.4925731432858215,AD_enriched,0.0211,True,10000.0,96,39,78.2247,49.6345,0.6458,Minor,Alternate,new_target_candidate
OPC,DYNC1H1-212,DYNC1H1,0.4802631578947368,0.0,4.921113130526186e-15,3.944982749352277e-14,True,0.4802631578947368,AD_enriched,0.0029,True,10000.0,73,0,76.1193,0.0,6.269,Minor,Alternate,new_target_candidate
OPC,ECHDC1-210,ECHDC1,0.2121212121212121,0.9666666666666668,6.443285392966092e-09,2.6410189562694363e-08,True,-0.7545454545454546,CT_enriched,0.0428571428571428,True,70.0,7,29,7.1753,38.4658,-2.2713,Dominant,Canonical,trial_failure_candidate
OPC,EDEM3-201,EDEM3,0.0,0.8580246913580247,3.35744963147325e-33,1.3347012096623795e-31,True,-0.8580246913580247,CT_enriched,0.0396825396825396,True,126.0,0,139,0.0,114.7451,-6.8548,Dominant,Canonical,trial_failure_candidate
OPC,EDEM3-207,EDEM3,0.4444444444444444,0.0,3.35744963147325e-33,1.3347012096623795e-31,True,0.4444444444444444,AD_enriched,0.0079365079365079,True,126.0,16,0,24.4817,0.0,4.6714,Minor,Alternate,new_target_candidate
OPC,EDEM3-215,EDEM3,0.2222222222222222,0.0061728395061728,3.35744963147325e-33,1.3347012096623795e-31,True,0.2160493827160494,AD_enriched,0.0,True,126.0,8,1,12.4251,0.7628,2.929,Minor,Alternate,new_target_candidate
OPC,EIF4E2-202,EIF4E2,0.5,0.0092592592592592,1.8895506764917006e-34,8.184292631610322e-33,True,0.4907407407407408,AD_enriched,0.0119880119880119,True,3003.0,94,2,64.6107,1.0453,5.0036,Minor,Alternate,new_target_candidate
OPC,ERBB4-204,ERBB4,0.8163265306122449,0.1875,2.4574500181492423e-10,1.180715223951838e-09,True,0.6288265306122449,AD_enriched,0.0285714285714285,True,70.0,40,6,35.3909,3.8564,2.9056,Minor,Alternate,new_target_candidate
OPC,ERCC6L2-201,ERCC6L2,0.4292091836734694,0.0731504571903574,7.223068762448275e-116,1.0480672774312446e-112,True,0.356058726483112,AD_enriched,0.0245,True,10000.0,673,88,473.2937,136.6891,1.7844,Minor,Alternate,new_target_candidate
OPC,ERGIC1-211,ERGIC1,0.4611398963730569,0.0,9.26197195072713e-21,1.3574870000510172e-19,True,0.4611398963730569,AD_enriched,0.0041,True,10000.0,89,0,53.7832,0.0,5.7757,Minor,Alternate,new_target_candidate
OPC,ETNK1-201,ETNK1,0.4893617021276595,0.8409090909090909,3.692857352625263e-05,9.50059577776464e-05,True,-0.3515473887814314,CT_enriched,0.0244755244755244,True,3432.0,23,74,28.6377,102.3663,-1.8023,Dominant,Canonical,trial_failure_candidate
OPC,ETNK1-207,ETNK1,0.5106382978723404,0.1590909090909091,3.692857352625263e-05,9.50059577776464e-05,True,0.3515473887814313,AD_enriched,0.0244755244755244,True,3432.0,24,14,24.2571,35.5008,-0.5312,Minor,Alternate,new_target_candidate
OPC,EVL-217,EVL,0.4871794871794871,0.1454545454545454,0.0012554334250016,0.0025477397198284,True,0.3417249417249417,AD_enriched,0.0424242424242424,True,165.0,19,8,14.0851,6.7571,0.9595,Minor,Alternate,new_target_candidate
OPC,EXOC4-201,EXOC4,0.660377358490566,0.8819444444444444,5.5454203943222826e-08,2.0552758600668282e-07,True,-0.2215670859538784,CT_enriched,0.0197,True,10000.0,105,254,132.75,247.3403,-0.8928,Dominant,Canonical,trial_failure_candidate
OPC,FAM13A-202,FAM13A,0.6275862068965518,0.0097087378640776,1.4649826679622865e-35,6.7482217498834214e-34,True,0.6178774690324742,AD_enriched,0.0333333333333333,True,120.0,91,1,82.1931,4.7643,3.8513,Minor,Alternate,new_target_candidate
OPC,FAM13A-201,FAM13A,0.1034482758620689,0.912621359223301,1.4649826679622865e-35,6.7482217498834214e-34,True,-0.8091730833612321,CT_enriched,0.05,True,120.0,15,94,25.04,59.6961,-1.2209,Dominant,Canonical,trial_failure_candidate
OPC,FARP1-222,FARP1,0.2882882882882883,0.0805369127516778,2.7192951011473942e-09,1.18134646460026e-08,True,0.2077513755366105,AD_enriched,0.0139652014652014,True,4368.0,32,12,30.7309,18.8297,0.6782,Minor,Alternate,new_target_candidate
OPC,FASTKD5-202,FASTKD5,0.6888888888888889,0.0,4.597583587411578e-18,4.997073996505019e-17,True,0.6888888888888889,AD_enriched,0.0222222222222222,True,45.0,62,0,64.9713,0.0,6.0438,Minor,Alternate,new_target_candidate
OPC,FASTKD5-201,FASTKD5,0.3111111111111111,1.0,4.597583587411578e-18,4.997073996505019e-17,True,-0.6888888888888889,CT_enriched,0.0222222222222222,True,45.0,28,69,38.9778,55.0004,-0.4862,Dominant,Canonical,trial_failure_candidate
OPC,FCHSD2-204,FCHSD2,0.2028985507246377,0.9482758620689656,1.8427270205622718e-20,2.6213695165057417e-19,True,-0.7453773113443279,CT_enriched,0.009090909090909,True,330.0,28,55,34.744,73.143,-1.0526,Dominant,Canonical,trial_failure_candidate
OPC,transcript241388.chr1.nic,FLAD1,0.3902439024390244,0.025,4.1748460475063456e-12,2.4624803312730515e-11,True,0.3652439024390244,AD_enriched,0.0,True,6.0,16,1,15.7241,0.5226,3.4573,Minor,Alternate,new_target_candidate
OPC,FLYWCH1-212,FLYWCH1,0.835820895522388,0.0807453416149068,3.459688107673046e-28,9.04505845807854e-27,True,0.7550755539074813,AD_enriched,0.0346320346320346,True,462.0,56,13,38.8512,49.8999,-0.353,Minor,Alternate,new_target_candidate
OPC,FMO5-201,FMO5,0.0212765957446808,0.4444444444444444,1.8711076024462823e-08,7.278759064744117e-08,True,-0.4231678486997636,CT_enriched,0.0,True,84.0,1,16,1.0656,15.0114,-2.9544,Dominant,Canonical,trial_failure_candidate
OPC,GCC2-218,GCC2,0.704868154158215,0.3758815232722144,2.2154254875023065e-57,2.3811721350858117e-55,True,0.3289866308860006,AD_enriched,0.0212,True,10000.0,695,533,773.8258,501.2852,0.6254,Minor,Alternate,new_target_candidate
OPC,GFRA1-209,GFRA1,0.4545454545454545,0.1538461538461538,0.0011651654712336,0.0023812043644506,True,0.3006993006993007,AD_enriched,0.0194805194805194,True,462.0,15,6,20.381,14.2406,0.4884,Minor,Alternate,new_target_candidate
OPC,GOLIM4-201,GOLIM4,0.3066666666666666,0.08,0.0051886075523155,0.009458127585942,True,0.2266666666666665,AD_enriched,0.0499,True,10000.0,23,4,26.9388,14.4877,0.8511,Minor,Alternate,new_target_candidate
OPC,GOLIM4-202,GOLIM4,0.6933333333333334,0.92,0.0051886075523155,0.009458127585942,True,-0.2266666666666666,CT_enriched,0.0499,True,10000.0,52,46,59.0079,85.8778,-0.5338,Dominant,Canonical,trial_failure_candidate
OPC,GPBP1-208,GPBP1,0.3333333333333333,0.0555555555555555,1.889143127361293e-06,5.789116531787194e-06,True,0.2777777777777778,AD_enriched,0.007,True,10000.0,31,6,35.1552,8.9926,1.8553,Minor,Alternate,new_target_candidate
OPC,transcript81872.chr1.nnic,GPBP1L1,0.5625,0.0,1.897903281513553e-09,8.40872568389669e-09,True,0.5625,AD_enriched,0.0476190476190476,True,252.0,18,0,30.8577,0.0,4.9936,Minor,Alternate,new_target_candidate
OPC,HDLBP-204,HDLBP,0.5319148936170213,0.0909090909090909,7.53829107948194e-08,2.742806445647575e-07,True,0.4410058027079304,AD_enriched,0.0029970029970029,True,1001.0,25,6,29.5127,7.8578,1.7844,Minor,Alternate,new_target_candidate
OPC,HERPUD1-203,HERPUD1,0.4736842105263157,0.0303030303030303,5.076758954489559e-14,3.711021281090353e-13,True,0.4433811802232854,AD_enriched,0.0129870129870129,True,2002.0,45,3,23.8262,3.6558,2.4148,Minor,Alternate,new_target_candidate
OPC,transcript47646.chr7.nic,HERPUD2,0.7083333333333334,0.0526315789473684,1.9442241237110883e-08,7.542965784772159e-08,True,0.655701754385965,AD_enriched,0.0285714285714285,True,70.0,34,2,27.2877,1.6127,3.4366,Minor,Alternate,new_target_candidate
OPC,HIF3A-218,HIF3A,0.3010752688172043,0.0555555555555555,5.0158877050560894e-11,2.6180046978548156e-10,True,0.2455197132616488,AD_enriched,0.0181818181818181,True,165.0,28,3,18.5377,1.8081,2.7986,Minor,Alternate,new_target_candidate
OPC,HPS4-248,HPS4,0.325,0.0547945205479452,6.163655487883477e-16,5.339381559951597e-15,True,0.2702054794520548,AD_enriched,0.0355,True,10000.0,39,4,33.9879,4.2476,2.7371,Minor,Alternate,new_target_candidate
OPC,HTRA1-201,HTRA1,0.6068376068376068,0.9466666666666668,4.055404786781892e-07,1.351180791187262e-06,True,-0.33982905982906,CT_enriched,0.0061,True,10000.0,71,71,67.6125,122.5475,-0.8485,Dominant,Canonical,trial_failure_candidate
OPC,HTRA1-202,HTRA1,0.3931623931623931,0.0533333333333333,4.055404786781892e-07,1.351180791187262e-06,True,0.3398290598290598,AD_enriched,0.0061,True,10000.0,46,4,34.9008,3.611,2.9609,Minor,Alternate,new_target_candidate
OPC,ICE2-203,ICE2,0.8571428571428571,0.1052631578947368,3.342800255512154e-09,1.4350305238899809e-08,True,0.7518796992481203,AD_enriched,0.0178571428571428,True,56.0,30,4,22.6511,4.3601,2.1416,Minor,Alternate,new_target_candidate
OPC,JAKMIP3-206,JAKMIP3,0.8060836501901141,0.0,1.834352062179479e-37,9.857943860083052e-36,True,0.8060836501901141,AD_enriched,0.0349650349650349,True,1001.0,212,0,355.0316,0.0,8.4759,Minor,Alternate,new_target_candidate
OPC,KCNIP4-204,KCNIP4,0.6666666666666666,1.0,2.595693524391018e-05,6.82928613579577e-05,True,-0.3333333333333333,CT_enriched,0.0285714285714285,True,210.0,24,55,28.5168,201.393,-2.7776,Dominant,Canonical,trial_failure_candidate
OPC,transcript35436.chr4.nnic,KCNIP4,0.3055555555555556,0.0,2.595693524391018e-05,6.82928613579577e-05,True,0.3055555555555556,AD_enriched,0.0285714285714285,True,210.0,11,0,15.893,0.0,4.0784,Minor,Alternate,new_target_candidate
OPC,KIF3A-203,KIF3A,0.4777777777777778,0.859375,4.055876186781398e-06,1.1973705690782926e-05,True,-0.3815972222222222,CT_enriched,0.0341,True,10000.0,43,55,44.3296,54.7168,-0.2977,Dominant,Canonical,trial_failure_candidate
OPC,KLHL42-201,KLHL42,0.1818181818181818,0.7142857142857143,1.1438732783871485e-06,3.616035134944995e-06,True,-0.5324675324675325,CT_enriched,0.0393939393939393,True,330.0,10,35,12.6472,32.7683,-1.3071,Dominant,Canonical,trial_failure_candidate
OPC,transcript44618.chr12.nnic,KLHL42,0.7272727272727273,0.2448979591836734,1.1438732783871485e-06,3.616035134944995e-06,True,0.4823747680890539,AD_enriched,0.0272727272727272,True,330.0,40,12,30.3538,9.7677,1.5419,Minor,Alternate,new_target_candidate
OPC,KMT5B-201,KMT5B,0.4210526315789473,0.9210526315789472,0.0001221385260465,0.0002893436755811,True,-0.4999999999999999,CT_enriched,0.05,True,120.0,16,35,10.3198,43.9577,-1.9897,Dominant,Canonical,trial_failure_candidate
OPC,KRBA2-202,KRBA2,0.6290322580645161,0.0392156862745098,3.8147362418824004e-16,3.3958173539701603e-15,True,0.5898165717900063,AD_enriched,0.0489510489510489,True,1287.0,39,4,21.9994,2.3307,2.7877,Minor,Alternate,new_target_candidate
OPC,KRBA2-201,KRBA2,0.3709677419354839,0.9607843137254902,3.8147362418824004e-16,3.3958173539701603e-15,True,-0.5898165717900063,CT_enriched,0.0489510489510489,True,1287.0,23,98,28.0142,82.1749,-1.5194,Dominant,Canonical,trial_failure_candidate
OPC,LMF1-201,LMF1,0.7837837837837838,1.0,0.0078466360850284,0.013859365744828,True,-0.2162162162162162,CT_enriched,0.0,True,21.0,29,38,23.0041,46.1045,-0.9726,Dominant,Canonical,trial_failure_candidate
OPC,LMF1-212,LMF1,0.2162162162162162,0.0,0.0078466360850284,0.013859365744828,True,0.2162162162162162,AD_enriched,0.0,True,21.0,8,0,5.4919,0.0,2.6986,Minor,Alternate,new_target_candidate
OPC,LRRFIP2-205,LRRFIP2,0.6708860759493671,0.2424242424242424,5.118033526441284e-09,2.1370551501773536e-08,True,0.4284618335251247,AD_enriched,0.0424242424242424,True,330.0,53,8,35.8289,25.6943,0.4643,Minor,Alternate,new_target_candidate
OPC,MAEA-202,MAEA,0.6190476190476191,0.9166666666666666,2.3934861436290654e-07,8.162040879919563e-07,True,-0.2976190476190475,CT_enriched,0.0373,True,10000.0,91,88,144.1046,104.5237,0.4595,Dominant,Canonical,trial_failure_candidate
OPC,MAPT-223,MAPT,0.5675675675675675,0.3247863247863248,8.582699427285432e-05,0.0002091267316371,True,0.2427812427812427,AD_enriched,0.0446,True,10000.0,147,38,157.4739,42.4974,1.8652,Minor,Alternate,new_target_candidate
OPC,transcript302998.chr3.nic,MASP1,0.8688524590163934,0.0588235294117647,2.4083644833387146e-17,2.418364612681297e-16,True,0.8100289296046287,AD_enriched,0.0151515151515151,True,330.0,53,3,35.7508,5.2349,2.5593,Minor,Alternate,new_target_candidate
OPC,MATN2-216,MATN2,0.3406593406593406,0.0391061452513966,7.394862831595511e-26,1.5664154698751951e-24,True,0.301553195407944,AD_enriched,0.0239760239760239,True,5005.0,31,7,20.6235,11.363,0.8066,Minor,Alternate,new_target_candidate
OPC,MBIP-201,MBIP,0.2564102564102564,0.0227272727272727,8.318024830823651e-08,3.002351748638089e-07,True,0.2336829836829836,AD_enriched,0.0474941724941724,True,3432.0,10,2,8.9163,1.8529,1.7974,Minor,Alternate,new_target_candidate
OPC,MGRN1-202,MGRN1,0.71875,0.3924050632911392,4.1648617136106207e-19,5.075827703521585e-18,True,0.3263449367088608,AD_enriched,0.0363386613386613,True,8008.0,115,124,174.4067,112.3131,0.6304,Minor,Alternate,new_target_candidate
OPC,MTFR1L-210,MTFR1L,0.2028985507246377,0.0,0.009811130156876,0.0170115465154649,True,0.2028985507246377,AD_enriched,0.0239760239760239,True,2002.0,14,0,14.2067,0.0,3.9266,Minor,Alternate,new_target_candidate
OPC,MTHFD1-223,MTHFD1,0.3493150684931507,0.0,5.756485089297918e-16,5.031722809982698e-15,True,0.3493150684931507,AD_enriched,0.0357142857142857,True,84.0,51,0,35.037,0.0,5.1714,Minor,Alternate,new_target_candidate
OPC,MTHFD1-220,MTHFD1,0.4520547945205479,0.9478260869565216,5.756485089297918e-16,5.031722809982698e-15,True,-0.4957712924359737,CT_enriched,0.0238095238095238,True,84.0,66,109,40.1474,90.7139,-1.1563,Dominant,Canonical,trial_failure_candidate
OPC,MYSM1-220,MYSM1,0.272189349112426,0.0,7.433026231062539e-40,4.314128424508697e-38,True,0.272189349112426,AD_enriched,0.0151,True,10000.0,46,0,41.2781,0.0,5.4018,Minor,Alternate,new_target_candidate
OPC,MZF1-207,MZF1,0.993975903614458,0.25,8.114771682267166e-32,2.7067893588436013e-30,True,0.743975903614458,AD_enriched,0.0333333333333333,True,210.0,165,11,156.9632,19.0993,2.9744,Minor,Alternate,new_target_candidate
OPC,NAP1L1-215,NAP1L1,0.275,0.0131578947368421,3.8197023816333454e-05,9.774935018959408e-05,True,0.2618421052631579,AD_enriched,0.0079920079920079,True,3003.0,11,1,9.552,1.09,2.3359,Minor,Alternate,new_target_candidate
OPC,NAP1L1-226,NAP1L1,0.575,0.8552631578947368,3.8197023816333454e-05,9.774935018959408e-05,True,-0.2802631578947369,CT_enriched,0.0293040293040293,True,3003.0,23,65,31.4156,179.8852,-2.4803,Dominant,Canonical,trial_failure_candidate
OPC,NCOA1-206,NCOA1,0.2954545454545454,0.0377358490566037,6.562084158822185e-09,2.6859193552753145e-08,True,0.2577186963979417,AD_enriched,0.0,True,21.0,13,2,8.1354,2.1801,1.5224,Minor,Alternate,new_target_candidate
OPC,NDUFA10-217,NDUFA10,0.575,0.0975609756097561,3.5434241782096966e-10,1.6829815000269295e-09,True,0.4774390243902439,AD_enriched,0.002020202020202,True,495.0,23,8,19.3733,5.7963,1.5839,Minor,Alternate,new_target_candidate
OPC,NFAT5-208,NFAT5,0.5333333333333333,0.0642857142857142,8.847912397878067e-21,1.3033828314031551e-19,True,0.4690476190476191,AD_enriched,0.0324675324675324,True,462.0,16,9,15.9777,17.5316,-0.1263,Minor,Alternate,new_target_candidate
OPC,transcript6722.chrY.nic,NLGN4Y,0.8275862068965517,0.0165289256198347,1.356453251990495e-30,4.1876886566770387e-29,True,0.8110572812767171,AD_enriched,0.0476190476190476,True,84.0,72,2,42.9798,1.5257,4.1221,Minor,Alternate,new_target_candidate
OPC,NONO-216,NONO,0.4862745098039215,0.0046082949308755,7.311762541365332e-33,2.7203506275695118e-31,True,0.481666214873046,AD_enriched,0.0289710289710289,True,2002.0,124,1,76.2999,1.5959,4.8962,Minor,Alternate,new_target_candidate
OPC,NPM1-220,NPM1,0.2564102564102564,0.0,4.078964349218534e-05,0.0001037436857268,True,0.2564102564102564,AD_enriched,0.0357420357420357,True,1287.0,10,0,17.1432,0.0,4.1814,Minor,Alternate,new_target_candidate
OPC,NPRL2-212,NPRL2,0.6458333333333334,0.0,6.125521368599069e-30,1.813904388946377e-28,True,0.6458333333333334,AD_enriched,0.0476190476190476,True,21.0,31,0,16.4136,0.0,4.1221,Minor,Alternate,new_target_candidate
OPC,NRDC-211,NRDC,0.5714285714285714,0.1136363636363636,2.387053646292282e-16,2.1991205338222867e-15,True,0.4577922077922078,AD_enriched,0.0414,True,10000.0,64,10,55.5999,18.4311,1.5424,Minor,Alternate,new_target_candidate
OPC,PALS1-208,PALS1,1.0,0.1666666666666666,9.357622968840165e-14,6.655838690091709e-13,True,0.8333333333333334,AD_enriched,0.05,True,20.0,42,7,29.6978,10.6655,1.3959,Minor,Alternate,new_target_candidate
OPC,PAPOLA-223,PAPOLA,0.5930232558139535,0.2911392405063291,0.0003435061287758,0.0007551930194752,True,0.3018840153076244,AD_enriched,0.0087412587412587,True,8008.0,51,23,60.63,31.605,0.9185,Minor,Alternate,new_target_candidate
OPC,PAPOLA-201,PAPOLA,0.2906976744186046,0.5822784810126582,0.0003435061287758,0.0007551930194752,True,-0.2915808065940536,CT_enriched,0.0184815184815184,True,8008.0,25,46,25.4023,51.6099,-0.9947,Dominant,Canonical,trial_failure_candidate
OPC,PARP10-207,PARP10,0.3950617283950617,0.0166666666666666,2.868619145527156e-07,9.713807188237811e-07,True,0.3783950617283951,AD_enriched,0.0301,True,10000.0,32,1,50.7832,0.5226,5.0879,Minor,Alternate,new_target_candidate
OPC,PCNT-209,PCNT,0.5594795539033457,0.3,2.263824713597083e-13,1.5245466565096958e-12,True,0.2594795539033457,AD_enriched,0.0209,True,10000.0,301,39,340.763,76.6086,2.1387,Minor,Alternate,new_target_candidate
OPC,PDE1C-202,PDE1C,0.9375,0.4375,2.5591970693262447e-06,7.720155816200377e-06,True,0.5,AD_enriched,0.0,True,210.0,30,21,38.9384,26.962,0.5143,Minor,Alternate,new_target_candidate
OPC,PDS5A-201,PDS5A,0.6428571428571429,0.9940476190476192,1.1851395181063174e-13,8.22793033862329e-13,True,-0.3511904761904763,CT_enriched,0.0161616161616161,True,495.0,27,167,35.2584,133.5474,-1.8917,Dominant,Canonical,trial_failure_candidate
OPC,PDS5A-202,PDS5A,0.238095238095238,0.0,1.1851395181063174e-13,8.22793033862329e-13,True,0.238095238095238,AD_enriched,0.0444444444444444,True,495.0,10,0,5.9694,0.0,2.801,Minor,Alternate,new_target_candidate
OPC,PHYHIP-202,PHYHIP,0.7254901960784313,0.9620253164556962,1.7095562136997325e-13,1.172844475687145e-12,True,-0.2365351203772648,CT_enriched,0.0261,True,10000.0,111,304,121.4889,465.3732,-1.9288,Dominant,Canonical,trial_failure_candidate
OPC,PHYHIP-201,PHYHIP,0.2745098039215686,0.0379746835443038,1.7095562136997325e-13,1.172844475687145e-12,True,0.2365351203772648,AD_enriched,0.0261,True,10000.0,42,12,73.3576,6.2715,3.3542,Minor,Alternate,new_target_candidate
OPC,PLEKHB2-212,PLEKHB2,0.1818181818181818,0.6666666666666666,1.331619764478452e-11,7.503612731099936e-11,True,-0.4848484848484848,CT_enriched,0.0259740259740259,True,3003.0,34,42,56.5912,48.8967,0.2069,Dominant,Canonical,trial_failure_candidate
OPC,PLOD2-229,PLOD2,0.3829787234042553,0.0384615384615384,5.6671829754113176e-11,2.9298277618706856e-10,True,0.3445171849427169,AD_enriched,0.0158730158730158,True,252.0,18,2,21.7572,1.8529,2.9958,Minor,Alternate,new_target_candidate
OPC,POMT2-202,POMT2,0.7073170731707317,0.1724137931034483,2.535057050468169e-07,8.634666150773035e-07,True,0.5349032800672834,AD_enriched,0.0277777777777777,True,252.0,29,10,25.8064,7.1687,1.7144,Minor,Alternate,new_target_candidate
OPC,POMT2-201,POMT2,0.2439024390243902,0.7931034482758621,2.535057050468169e-07,8.634666150773035e-07,True,-0.5492010092514719,CT_enriched,0.0198412698412698,True,252.0,10,46,8.2557,118.302,-3.6881,Dominant,Canonical,trial_failure_candidate
OPC,PPM1B-207,PPM1B,0.5078125,0.0981132075471698,8.861904211884411e-32,2.9224143207827908e-30,True,0.4096992924528302,AD_enriched,0.0325,True,10000.0,260,26,168.8138,27.9551,2.5521,Minor,Alternate,new_target_candidate
OPC,PRKCA-202,PRKCA,0.7547169811320755,1.0,0.0003345035301638,0.0007365168774926,True,-0.2452830188679244,CT_enriched,0.0439560439560439,True,3003.0,40,54,38.825,75.8634,-0.9486,Dominant,Canonical,trial_failure_candidate
OPC,PRKCA-201,PRKCA,0.2452830188679245,0.0,0.0003345035301638,0.0007365168774926,True,0.2452830188679245,AD_enriched,0.0439560439560439,True,3003.0,13,0,10.2226,0.0,3.4883,Minor,Alternate,new_target_candidate
OPC,PRORP-203,PRORP,0.7619047619047619,0.9814814814814816,0.0034450719575623,0.0064709377481203,True,-0.2195767195767197,CT_enriched,0.0046620046620046,True,1287.0,48,53,53.4335,215.9616,-1.9949,Dominant,Canonical,trial_failure_candidate
OPC,PRUNE2-203,PRUNE2,0.3658536585365853,0.9734513274336284,2.9873887654680705e-16,2.700748348096056e-15,True,-0.607597668897043,CT_enriched,0.0389610389610389,True,462.0,15,110,31.9287,299.6737,-3.1908,Dominant,Canonical,trial_failure_candidate
OPC,PRUNE2-213,PRUNE2,0.5365853658536586,0.0088495575221238,2.9873887654680705e-16,2.700748348096056e-15,True,0.5277358083315348,AD_enriched,0.0324675324675324,True,462.0,22,1,15.6346,1.09,2.9926,Minor,Alternate,new_target_candidate
OPC,PXK-211,PXK,0.2156862745098039,0.0,1.2884659754832754e-12,8.058466079423418e-12,True,0.2156862745098039,AD_enriched,0.0293040293040293,True,3003.0,11,0,12.1863,0.0,3.721,Minor,Alternate,new_target_candidate
OPC,PXK-202,PXK,0.0784313725490196,0.7974683544303798,1.2884659754832754e-12,8.058466079423418e-12,True,-0.7190369818813602,CT_enriched,0.0029970029970029,True,3003.0,4,63,5.6106,106.4146,-4.0223,Dominant,Canonical,trial_failure_candidate
OPC,R3HDM1-202,R3HDM1,0.26,0.024390243902439,3.908858496906526e-06,1.1586830804926188e-05,True,0.235609756097561,AD_enriched,0.0083333333333333,True,120.0,13,1,13.4277,0.5226,3.2442,Minor,Alternate,new_target_candidate
OPC,RGS12-201,RGS12,0.1382978723404255,0.4083333333333333,7.374484953263682e-06,2.091960443242542e-05,True,-0.2700354609929078,CT_enriched,0.0395,True,10000.0,13,49,13.3899,48.1821,-1.7731,Dominant,Canonical,trial_failure_candidate
OPC,RIMS2-215,RIMS2,0.2436974789915966,0.03125,7.510158883865913e-05,0.0001846989922116,True,0.2124474789915966,AD_enriched,0.0459540459540459,True,1001.0,29,2,24.2183,1.5257,3.3197,Minor,Alternate,new_target_candidate
OPC,RIPK1-214,RIPK1,0.8805970149253731,0.050632911392405,5.6601566568926424e-37,2.881714845316219e-35,True,0.8299641035329681,AD_enriched,0.0194250194250194,True,1287.0,59,8,89.623,49.8912,0.8325,Minor,Alternate,new_target_candidate
OPC,RORA-204,RORA,0.3669724770642202,0.0446428571428571,3.521193878327296e-09,1.5071540759448106e-08,True,0.3223296199213631,AD_enriched,0.009,True,10000.0,40,5,40.6544,4.8828,2.8239,Minor,Alternate,new_target_candidate
OPC,transcript43910.chr14.nnic,RTRAF,0.65,0.0,9.079795180210192e-26,1.882111829497856e-24,True,0.65,AD_enriched,0.0182,True,10000.0,78,0,42.9072,0.0,5.4564,Minor,Alternate,new_target_candidate
OPC,SAMHD1-225,SAMHD1,0.6528925619834711,0.2673267326732673,5.2702842343032956e-24,9.74163366111348e-23,True,0.3855658293102038,AD_enriched,0.0063270063270063,True,3003.0,158,54,165.5329,62.472,1.3916,Minor,Alternate,new_target_candidate
OPC,SCFD1-203,SCFD1,0.054054054054054,0.4875,5.6356320598852825e-14,4.088651059446772e-13,True,-0.433445945945946,CT_enriched,0.0402097902097902,True,1716.0,6,39,6.8579,43.1746,-2.491,Dominant,Canonical,trial_failure_candidate
OPC,transcript164634.chr5.nnic,SEPTIN8,0.7475728155339806,0.2564102564102564,1.1693816553051078e-14,9.122434311009202e-14,True,0.4911625591237242,AD_enriched,0.0158,True,10000.0,154,20,169.2867,25.7093,2.6726,Minor,Alternate,new_target_candidate
OPC,SEPTIN8-207,SEPTIN8,0.1601941747572815,0.4743589743589743,1.1693816553051078e-14,9.122434311009202e-14,True,-0.3141647996016927,CT_enriched,0.0436,True,10000.0,33,37,32.7947,64.4021,-0.9525,Dominant,Canonical,trial_failure_candidate
OPC,SERBP1-203,SERBP1,0.6230769230769231,0.0512820512820512,1.278716287915997e-15,1.0694048033234074e-14,True,0.5717948717948719,AD_enriched,0.0206043956043956,True,8008.0,81,4,57.3286,3.3785,3.7357,Minor,Alternate,new_target_candidate
OPC,SGMS1-202,SGMS1,0.5238095238095238,0.918032786885246,8.368833339341648e-19,9.872501768605473e-18,True,-0.3942232630757222,CT_enriched,0.0032,True,10000.0,55,224,73.8903,791.9335,-3.4043,Dominant,Canonical,trial_failure_candidate
OPC,transcript102277.chr10.nic,SGMS1,0.4476190476190476,0.0491803278688524,8.368833339341648e-19,9.872501768605473e-18,True,0.3984387197501952,AD_enriched,0.0029,True,10000.0,47,12,37.1477,18.4898,0.9689,Minor,Alternate,new_target_candidate
OPC,transcript159022.chr10.nic,SHLD2,0.9572649572649572,0.1666666666666666,2.467616342230538e-28,6.510020568320928e-27,True,0.7905982905982906,AD_enriched,0.0142857142857142,True,210.0,112,12,86.716,16.8003,2.3009,Minor,Alternate,new_target_candidate
OPC,SLAIN2-201,SLAIN2,0.0363636363636363,0.5333333333333333,2.974413866887323e-09,1.2825778665240732e-08,True,-0.496969696969697,CT_enriched,0.0476190476190476,True,84.0,2,16,2.0833,19.7451,-2.7502,Dominant,Canonical,trial_failure_candidate
OPC,SLC25A36-201,SLC25A36,0.0338983050847457,0.7525773195876289,2.507123924474213e-48,2.1399040084776967e-46,True,-0.7186790145028832,CT_enriched,0.0119880119880119,True,1001.0,8,73,6.4582,69.4687,-3.2401,Dominant,Canonical,trial_failure_candidate
OPC,SLC25A36-208,SLC25A36,0.8728813559322034,0.0515463917525773,2.507123924474213e-48,2.1399040084776967e-46,True,0.8213349641796261,AD_enriched,0.0119880119880119,True,1001.0,206,5,149.8847,14.6247,3.2715,Minor,Alternate,new_target_candidate
OPC,transcript50057.chr2.nnic,SLC8A1,0.6921119592875318,0.4,4.5059398968244335e-11,2.3731828639899286e-10,True,0.2921119592875317,AD_enriched,0.0413,True,10000.0,272,82,358.5224,130.1318,1.4551,Minor,Alternate,new_target_candidate
OPC,SMAD1-201,SMAD1,0.4918032786885246,0.8288288288288288,1.0128630305894536e-05,2.7993604902577085e-05,True,-0.3370255501403042,CT_enriched,0.0435120435120435,True,1287.0,30,92,33.8053,85.6882,-1.3165,Dominant,Canonical,trial_failure_candidate
OPC,transcript49719.chr18.nic,SMAD2,0.5352112676056338,0.0263157894736842,2.601151595172653e-09,1.1334147040827391e-08,True,0.5088954781319496,AD_enriched,0.0163170163170163,True,1287.0,38,1,48.8425,1.5959,4.2631,Minor,Alternate,new_target_candidate
OPC,SNRPN-202,SNRPN,0.6062992125984252,0.9555555555555556,1.581261653719519e-08,6.184395308752081e-08,True,-0.3492563429571304,CT_enriched,0.0429570429570429,True,2002.0,77,86,74.674,159.9551,-1.0888,Dominant,Canonical,trial_failure_candidate
OPC,SNRPN-208,SNRPN,0.3858267716535433,0.0333333333333333,1.581261653719519e-08,6.184395308752081e-08,True,0.3524934383202099,AD_enriched,0.0404595404595404,True,2002.0,49,3,77.3551,11.9642,2.5955,Minor,Alternate,new_target_candidate
OPC,SNX22-204,SNX22,0.5,0.119047619047619,4.49575817575921e-06,1.308594807026402e-05,True,0.380952380952381,AD_enriched,0.0428571428571428,True,70.0,15,5,9.3457,2.8533,1.4249,Minor,Alternate,new_target_candidate
OPC,SOD2-206,SOD2,0.5714285714285714,0.0396825396825396,1.1677929957853442e-13,8.126943102563718e-13,True,0.5317460317460319,AD_enriched,0.0436507936507936,True,252.0,20,5,11.8631,4.2284,1.2988,Minor,Alternate,new_target_candidate
OPC,SOD2-210,SOD2,0.4285714285714285,0.9603174603174603,1.1677929957853442e-13,8.126943102563718e-13,True,-0.5317460317460319,CT_enriched,0.0436507936507936,True,252.0,15,121,12.2999,93.6146,-2.8306,Dominant,Canonical,trial_failure_candidate
OPC,SPART-209,SPART,0.2673267326732673,0.0063694267515923,1.7505525295438218e-13,1.195318456643805e-12,True,0.260957305921675,AD_enriched,0.0157,True,10000.0,27,1,17.1042,0.5226,3.5717,Minor,Alternate,new_target_candidate
OPC,SPPL2B-212,SPPL2B,0.6993464052287581,0.3918918918918919,4.794363376828586e-06,1.3913242519556556e-05,True,0.3074545133368662,AD_enriched,0.0191,True,10000.0,107,29,122.9785,47.482,1.3546,Minor,Alternate,new_target_candidate
OPC,STARD7-204,STARD7,0.6140350877192983,0.0,5.6738911170617686e-11,2.9298277618706856e-10,True,0.6140350877192983,AD_enriched,0.0,True,21.0,35,0,35.8977,0.0,5.2055,Minor,Alternate,new_target_candidate
OPC,SUGP2-215,SUGP2,0.2278481012658227,0.0059523809523809,2.4272988790388206e-10,1.168162744107903e-09,True,0.2218957203134418,AD_enriched,0.0447,True,10000.0,36,1,52.476,1.09,4.6773,Minor,Alternate,new_target_candidate
OPC,SUPT16H-201,SUPT16H,0.7256637168141593,1.0,7.355575429840969e-07,2.371764433044277e-06,True,-0.2743362831858407,CT_enriched,0.0314,True,10000.0,82,87,86.7637,103.2565,-0.2484,Dominant,Canonical,trial_failure_candidate
OPC,SUPT16H-207,SUPT16H,0.2654867256637168,0.0,7.355575429840969e-07,2.371764433044277e-06,True,0.2654867256637168,AD_enriched,0.0389,True,10000.0,30,0,15.8841,0.0,4.0776,Minor,Alternate,new_target_candidate
OPC,SUPT20H-222,SUPT20H,0.3134328358208955,0.0,2.27431983473888e-08,8.765041381689543e-08,True,0.3134328358208955,AD_enriched,0.0016483516483516,True,1820.0,21,0,28.414,0.0,4.8784,Minor,Alternate,new_target_candidate
OPC,SYT14-208,SYT14,0.8032786885245902,0.0166666666666666,8.894500138049149e-28,2.225158569018848e-26,True,0.7866120218579236,AD_enriched,0.0396825396825396,True,126.0,98,1,51.8881,0.5226,5.1183,Minor,Alternate,new_target_candidate
OPC,TARS2-213,TARS2,0.3666666666666666,0.064516129032258,0.0114462703432968,0.0195855404105232,True,0.3021505376344086,AD_enriched,0.0317460317460317,True,252.0,11,2,20.3534,6.3602,1.5367,Minor,Alternate,new_target_candidate
OPC,TGS1-203,TGS1,0.4933333333333333,0.0,4.052817054284618e-12,2.3953717090700528e-11,True,0.4933333333333333,AD_enriched,0.0002913752913752,True,3432.0,37,0,26.5065,0.0,4.7817,Minor,Alternate,new_target_candidate
OPC,TGS1-201,TGS1,0.5066666666666667,1.0,4.052817054284618e-12,2.3953717090700528e-11,True,-0.4933333333333333,CT_enriched,0.0002913752913752,True,3432.0,38,78,35.8293,140.5548,-1.9424,Dominant,Canonical,trial_failure_candidate
OPC,transcript43436.chr3.nic,THRB,0.8108108108108109,0.1372549019607843,1.016686914839177e-09,4.588530990456131e-09,True,0.6735559088500266,AD_enriched,0.0476190476190476,True,21.0,30,7,20.9602,7.006,1.4557,Minor,Alternate,new_target_candidate
OPC,TIAM1-208,TIAM1,0.8106995884773662,0.1585365853658536,1.007009122099152e-32,3.563829844306999e-31,True,0.6521630031115127,AD_enriched,0.0403346653346653,True,8008.0,197,13,160.3645,19.7499,2.9592,Minor,Alternate,new_target_candidate
OPC,TM9SF2-207,TM9SF2,0.9285714285714286,0.1785714285714285,4.934626940092614e-15,3.944982749352277e-14,True,0.7500000000000001,AD_enriched,0.0238095238095238,True,252.0,39,15,87.1684,23.6021,1.8415,Minor,Alternate,new_target_candidate
OPC,TM9SF2-201,TM9SF2,0.0714285714285714,0.8214285714285714,4.934626940092614e-15,3.944982749352277e-14,True,-0.75,CT_enriched,0.0238095238095238,True,252.0,3,69,3.4743,53.5789,-3.6086,Dominant,Canonical,trial_failure_candidate
OPC,TMEM130-203,TMEM130,0.2407407407407407,0.0163934426229508,6.665506615943525e-05,0.0001651861673737,True,0.2243472981177899,AD_enriched,0.0239760239760239,True,3003.0,13,1,9.9821,2.4395,1.6749,Minor,Alternate,new_target_candidate
OPC,TMUB2-202,TMUB2,0.6111111111111112,0.0793650793650793,2.246865502512205e-08,8.670749585492579e-08,True,0.5317460317460319,AD_enriched,0.0317460317460317,True,126.0,22,5,75.9871,3.6864,4.0381,Minor,Alternate,new_target_candidate
OPC,transcript103408.chr11.nic,TPCN2,0.7569444444444444,0.1844660194174757,3.022237011551589e-18,3.373281464431812e-17,True,0.5724784250269688,AD_enriched,0.0345,True,10000.0,109,19,179.913,56.6808,1.6491,Minor,Alternate,new_target_candidate
OPC,TPCN2-201,TPCN2,0.2430555555555555,0.7669902912621359,3.022237011551589e-18,3.373281464431812e-17,True,-0.5239347357065804,CT_enriched,0.037,True,10000.0,35,79,38.0115,96.7882,-1.3258,Dominant,Canonical,trial_failure_candidate
OPC,TTC17-208,TTC17,0.26,0.0,6.653255639110174e-11,3.39327730486779e-10,True,0.26,AD_enriched,0.0186480186480186,True,1716.0,13,0,22.1019,0.0,4.5299,Minor,Alternate,new_target_candidate
OPC,TTC21B-220,TTC21B,0.5371900826446281,0.0,7.170234263138905e-32,2.419537189724314e-30,True,0.5371900826446281,AD_enriched,0.0484848484848484,True,330.0,65,0,111.4305,0.0,6.8129,Minor,Alternate,new_target_candidate
OPC,transcript149302.chr4.nic,UBE2D3,0.25,0.043859649122807,1.220441009734385e-13,8.452791909902595e-13,True,0.206140350877193,AD_enriched,0.0449550449550449,True,5005.0,25,5,24.7267,5.0615,2.0855,Minor,Alternate,new_target_candidate
OPC,UGP2-211,UGP2,0.3023255813953488,0.0,8.553820787735231e-05,0.0002085982178656,True,0.3023255813953488,AD_enriched,0.0049950049950049,True,3003.0,13,0,16.5274,0.0,4.1315,Minor,Alternate,new_target_candidate
OPC,VEZT-213,VEZT,0.2045454545454545,0.0,9.472301743712984e-07,3.0174115982716884e-06,True,0.2045454545454545,AD_enriched,0.0369852369852369,True,6435.0,18,0,11.6966,0.0,3.6664,Minor,Alternate,new_target_candidate
OPC,VPS45-227,VPS45,0.2650602409638554,0.0,0.000167350676217,0.0003891439602419,True,0.2650602409638554,AD_enriched,0.0472860472860472,True,3003.0,22,0,27.8136,0.0,4.8487,Minor,Alternate,new_target_candidate
OPC,XPO1-255,XPO1,0.2,0.0,0.0003402666553452,0.0007486382364001,True,0.2,AD_enriched,0.029040404040404,True,792.0,10,0,11.686,0.0,3.6652,Minor,Alternate,new_target_candidate
OPC,YARS1-203,YARS1,0.2777777777777778,0.0,3.537633774191508e-06,1.0540259971975107e-05,True,0.2777777777777778,AD_enriched,0.0334,True,10000.0,15,0,16.7155,0.0,4.1469,Minor,Alternate,new_target_candidate
OPC,YTHDC2-202,YTHDC2,0.4431818181818182,0.0757575757575757,7.717391567697083e-16,6.587020685134393e-15,True,0.3674242424242425,AD_enriched,0.0161088911088911,True,8008.0,39,15,40.9641,46.2304,-0.1706,Minor,Alternate,new_target_candidate
OPC,YTHDC2-201,YTHDC2,0.4886363636363636,0.8737373737373737,7.717391567697083e-16,6.587020685134393e-15,True,-0.3851010101010101,CT_enriched,0.0248501498501498,True,8008.0,43,173,52.8793,137.3141,-1.3601,Dominant,Canonical,trial_failure_candidate
OPC,ZC3H13-206,ZC3H13,0.24,0.5944055944055944,7.35687630908285e-10,3.367453477753696e-09,True,-0.3544055944055944,CT_enriched,0.0260989010989011,True,8008.0,30,85,38.3401,97.7315,-1.3275,Dominant,Canonical,trial_failure_candidate
OPC,transcript205194.chr7.nic,ZC3HAV1,0.26875,0.0666666666666666,3.3292926176704066e-15,2.6987729543238882e-14,True,0.2020833333333334,AD_enriched,0.043,True,10000.0,43,9,60.2577,5.9047,3.1492,Minor,Alternate,new_target_candidate
OPC,transcript52114.chr6.nic,ZFAND3,0.8901098901098901,0.0,1.2035137225729635e-20,1.7376103596550951e-19,True,0.8901098901098901,AD_enriched,0.0357142857142857,True,252.0,81,0,59.0965,0.0,5.9092,Minor,Alternate,new_target_candidate
OPC,ZFHX4-204,ZFHX4,0.4892086330935252,0.0401606425702811,8.311175632961758e-27,1.9450832005528244e-25,True,0.449047990523244,AD_enriched,0.0224358974358974,True,3432.0,68,10,96.214,31.7494,1.5697,Minor,Alternate,new_target_candidate
OPC,ZNF160-213,ZNF160,0.6732673267326733,0.2298850574712643,2.946391766964824e-15,2.4085715233047652e-14,True,0.443382269261409,AD_enriched,0.0329254079254079,True,3432.0,68,60,72.0477,56.6212,0.3422,Minor,Alternate,new_target_candidate
OPC,ZNF23-206,ZNF23,0.2072072072072072,0.0,2.838016832888734e-09,1.2255840549171293e-08,True,0.2072072072072072,AD_enriched,0.0424575424575424,True,2002.0,23,0,38.9265,0.0,5.3193,Minor,Alternate,new_target_candidate
OPC,ZNF512-201,ZNF512,0.131578947368421,0.6923076923076923,9.063357531173668e-12,5.187744291018932e-11,True,-0.5607287449392713,CT_enriched,0.0303030303030303,True,330.0,10,45,11.4504,52.0293,-2.0906,Dominant,Canonical,trial_failure_candidate
OPC,ZNF558-201,ZNF558,0.9209302325581395,0.0,5.071949260809241e-41,3.0038360724221284e-39,True,0.9209302325581395,AD_enriched,0.0079365079365079,True,126.0,198,0,107.2049,0.0,6.7576,Minor,Alternate,new_target_candidate
OPC,ZNF585A-202,ZNF585A,0.2307692307692307,0.0155440414507772,1.2338787585682183e-09,5.517282214738013e-09,True,0.2152251893184535,AD_enriched,0.0194805194805194,True,462.0,30,3,36.7385,2.1353,3.5894,Minor,Alternate,new_target_candidate
OPC,ZNF585A-201,ZNF585A,0.7692307692307693,0.9844559585492229,1.2338787585682183e-09,5.517282214738013e-09,True,-0.2152251893184535,CT_enriched,0.0194805194805194,True,462.0,100,190,129.0533,206.6407,-0.675,Dominant,Canonical,trial_failure_candidate
OPC,ZRANB2-201,ZRANB2,0.58,0.1166666666666666,2.5751989892932803e-12,1.553685544060104e-11,True,0.4633333333333334,AD_enriched,0.0091908091908091,True,5005.0,58,14,43.1811,23.1511,0.8713,Minor,Alternate,new_target_candidate
OPC,ZSCAN12-202,ZSCAN12,0.2359550561797752,0.01,1.0421455085952533e-07,3.729107602889549e-07,True,0.2259550561797751,AD_enriched,0.0095238095238095,True,210.0,21,1,30.0239,1.09,3.8918,Minor,Alternate,new_target_candidate
OPC,ZSCAN18-217,ZSCAN18,0.5580357142857143,0.8947368421052632,2.331457488781476e-09,1.0235839080853017e-08,True,-0.3367011278195488,CT_enriched,0.0127,True,10000.0,125,119,109.9178,130.1767,-0.242,Dominant,Canonical,trial_failure_candidate
Vascular_cell,AP2M1-202,AP2M1,0.631578947368421,0.1066666666666666,1.3375112214376517e-12,1.3207923311696812e-11,True,0.5249122807017544,AD_enriched,0.0472027972027972,True,1716.0,36,8,504.0514,479.8382,0.0709,Minor,Alternate,new_target_candidate
Vascular_cell,CCDC186-207,CCDC186,0.6078431372549019,0.0677966101694915,4.6578567167392314e-09,2.7257087453511054e-08,True,0.5400465270854105,AD_enriched,0.0272727272727272,True,330.0,31,4,224.2397,26.3854,3.04,Minor,Alternate,new_target_candidate
Vascular_cell,CCDC186-203,CCDC186,0.392156862745098,0.9322033898305084,4.6578567167392314e-09,2.7257087453511054e-08,True,-0.5400465270854105,CT_enriched,0.0272727272727272,True,330.0,20,55,233.5084,418.2513,-0.8382,Dominant,Canonical,trial_failure_candidate
Vascular_cell,CTNNB1-201,CTNNB1,0.2559726962457337,0.9397590361445785,2.549937089250924e-27,1.6115602404065834e-25,True,-0.6837863398988447,CT_enriched,0.0095238095238095,True,210.0,75,78,345.5175,568.2615,-0.7162,Dominant,Canonical,trial_failure_candidate
Vascular_cell,transcript45371.chr2.nnic,CYP1B1,0.358695652173913,0.0,6.185551579681812e-19,1.134022687614248e-17,True,0.358695652173913,AD_enriched,0.0303030303030303,True,462.0,33,0,274.28,0.0,8.1048,Minor,Alternate,new_target_candidate
Vascular_cell,DIDO1-202,DIDO1,0.8805970149253731,0.0535714285714285,6.842026734932398e-20,1.5443431773133133e-18,True,0.8270255863539446,AD_enriched,0.0476190476190476,True,84.0,59,3,1429.415,29.6453,5.5446,Minor,Alternate,new_target_candidate
Vascular_cell,DLC1-203,DLC1,0.4329268292682927,0.045045045045045,6.459622904131792e-19,1.134022687614248e-17,True,0.3878817842232477,AD_enriched,0.0126540126540126,True,3003.0,71,5,355.8827,57.8209,2.601,Minor,Alternate,new_target_candidate
Vascular_cell,DST-223,DST,0.2222222222222222,0.0,1.35617283790952e-08,7.142510279656805e-08,True,0.2222222222222222,AD_enriched,0.0432900432900432,True,462.0,20,0,78.004,0.0,6.3039,Minor,Alternate,new_target_candidate
Vascular_cell,GCC2-218,GCC2,0.8423645320197044,0.1296296296296296,1.6171937074119532e-43,5.11033211542177e-41,True,0.7127349023900749,AD_enriched,0.0317460317460317,True,126.0,171,21,1162.5668,195.8201,2.5636,Minor,Alternate,new_target_candidate
Vascular_cell,HNRNPA3-205,HNRNPA3,0.2195121951219512,0.0,2.6374769585939334e-06,8.418964666016182e-06,True,0.2195121951219512,AD_enriched,0.0054945054945054,True,2002.0,27,0,109.3464,0.0,6.7859,Minor,Alternate,new_target_candidate
Vascular_cell,HSPD1-202,HSPD1,0.5208333333333334,0.90625,7.774170432849102e-05,0.0002047198213983,True,-0.3854166666666666,CT_enriched,0.0317460317460317,True,126.0,25,29,98.6453,219.7434,-1.1475,Dominant,Canonical,trial_failure_candidate
Vascular_cell,LAMA2-209,LAMA2,0.2571428571428571,0.0,3.920132573253697e-24,1.5484523664352105e-22,True,0.2571428571428571,AD_enriched,0.0119047619047619,True,252.0,9,0,46.2123,0.0,5.5611,Minor,Alternate,new_target_candidate
Vascular_cell,MAOA-206,MAOA,0.7969924812030075,0.0,2.904572868657032e-22,8.344045695414745e-21,True,0.7969924812030075,AD_enriched,0.0454545454545454,True,330.0,106,0,795.0802,0.0,9.6368,Minor,Alternate,new_target_candidate
Vascular_cell,PHLDB2-204,PHLDB2,0.0736842105263157,0.4285714285714285,6.590584692065582e-13,6.71814439578298e-12,True,-0.3548872180451128,CT_enriched,0.0441919191919191,True,792.0,14,18,59.1303,234.3262,-1.9685,Dominant,Canonical,trial_failure_candidate
Vascular_cell,PRKAR1A-216,PRKAR1A,0.6363636363636364,0.9770114942528736,1.8287124856207807e-06,6.082875215328072e-06,True,-0.3406478578892372,CT_enriched,0.0119047619047619,True,84.0,28,85,385.5683,643.4134,-0.7373,Dominant,Canonical,trial_failure_candidate
Vascular_cell,SLC6A1-201,SLC6A1,0.0512820512820512,0.8518518518518519,2.8936089034864903e-12,2.7708497378840328e-11,True,-0.8005698005698006,CT_enriched,0.0,True,35.0,2,46,5.0838,506.6277,-6.3827,Dominant,Canonical,trial_failure_candidate
Vascular_cell,transcript75716.chr20.nic,SLCO4A1,0.3813559322033898,0.0,1.835199813526488e-35,1.9330771369145665e-33,True,0.3813559322033898,AD_enriched,0.0324675324675324,True,462.0,90,0,1922.5246,0.0,10.9095,Minor,Alternate,new_target_candidate
Vascular_cell,SOD2-206,SOD2,0.6842105263157895,0.127906976744186,3.465099841996339e-12,3.128490143059551e-11,True,0.5563035495716036,AD_enriched,0.0476190476190476,True,210.0,52,11,657.0981,131.5328,2.312,Minor,Alternate,new_target_candidate
Vascular_cell,SOD2-210,SOD2,0.3157894736842105,0.8604651162790697,3.465099841996339e-12,3.128490143059551e-11,True,-0.5446756425948592,CT_enriched,0.0476190476190476,True,210.0,24,74,211.058,726.448,-1.7784,Dominant,Canonical,trial_failure_candidate
Vascular_cell,TGM2-201,TGM2,0.2941176470588235,0.8780487804878049,3.0921701557822585e-08,1.4804935897381724e-07,True,-0.5839311334289814,CT_enriched,0.0391608391608391,True,715.0,25,36,142.8721,297.058,-1.0508,Dominant,Canonical,trial_failure_candidate
Vascular_cell,WDFY3-203,WDFY3,0.2926829268292683,0.0,3.90805078010922e-06,1.2227168777371422e-05,True,0.2926829268292683,AD_enriched,0.0,True,10.0,12,0,36.8762,0.0,5.2432,Minor,Alternate,new_target_candidate
Vascular_cell,ZNF462-201,ZNF462,0.6071428571428571,1.0,2.686577377312773e-06,8.489584512308363e-06,True,-0.3928571428571429,CT_enriched,0.0285714285714285,True,35.0,34,52,108.4937,316.0537,-1.5339,Dominant,Canonical,trial_failure_candidate
Vascular_cell,ZNF462-204,ZNF462,0.3392857142857143,0.0,2.686577377312773e-06,8.489584512308363e-06,True,0.3392857142857143,AD_enriched,0.0285714285714285,True,35.0,19,0,59.7668,0.0,5.9252,Minor,Alternate,new_target_candidate
