"transcript_id","gene_id","padj_gene","padj_tx","psi_AD","psi_ctrl","delta_psi","pval","empirical_pval","regular_FDR","empirical_FDR","robust_to_braak","psi_active_ctrl","cell_type"
"AAR2-201","AAR2",0.870554343068275,NA,0.437001963771038,0.321300227550228,0.11570173622081,0.728418842203604,0.736153747558881,0.942746505806972,0.977051941395206,FALSE,0.863453815261044,"Oligodendrocyte"
"AAR2-206","AAR2",0.870554343068275,NA,0.535086789221909,0.587494103119103,-0.0524073138971946,0.728418842203605,0.775778171884351,0.942746505806972,0.977051941395206,FALSE,0.136546184738956,"Oligodendrocyte"
"ABCA2-202","ABCA2",0.870554343068275,NA,0.721938930944737,0.704690137448758,0.0172487934959784,0.712762166727906,0.722079445150211,0.942746505806972,0.977051941395206,FALSE,0.614477657004831,"Oligodendrocyte"
"ABCA2-211","ABCA2",0.870554343068275,NA,0.256242781384904,0.228007528869598,0.0282352525153058,0.712762166727906,0.761466954642998,0.942746505806972,0.977051941395206,FALSE,0.385522342995169,"Oligodendrocyte"
"ABCA8-202","ABCA8",0.378475426364391,NA,0.0446073241238645,0.0127489331870796,0.0318583909367849,0.657034433302682,0.67185499722245,0.942746505806972,0.977051941395206,FALSE,0.261738236910651,"Oligodendrocyte"
"ABCA8-203","ABCA8",0.378475426364391,NA,0.435339745713594,0.402896519870564,0.03244322584303,0.217151176069581,0.280628194982229,0.759313233245501,0.94995629407814,FALSE,0.294572012330633,"Oligodendrocyte"
"ABCA8-204","ABCA8",0.378475426364391,NA,0.037741061605153,0.123567309855773,-0.0858262482506199,0.0412928076064118,0.0638721349034714,0.560263018193876,0.904397966264933,FALSE,0.0727392644634024,"Oligodendrocyte"
"ABCA8-206","ABCA8",0.378475426364391,NA,0.187927142557173,0.0973047222737706,0.0906224202834027,0.669048849813939,0.721351689614694,0.942746505806972,0.977051941395206,FALSE,0.124764260281502,"Oligodendrocyte"
"ABCA8-208","ABCA8",0.378475426364391,NA,0.125711566843547,0.0768524528209582,0.0488591140225883,0.419525425982288,0.485993981201525,0.854973274578952,0.967730192855602,FALSE,0.071477883719263,"Oligodendrocyte"
"ABCA8-214","ABCA8",0.378475426364391,NA,0.141359892712968,0.283772633391852,-0.142412740678884,0.177793173070266,0.217723362698243,0.746356037875443,0.939408822241557,FALSE,0.174708342294549,"Oligodendrocyte"
"ACAD11-202","ACAD11",0.199907990580733,NA,0.517012346087101,0.764915223103888,-0.247902877016787,0.00457804558581832,0.0103285674873459,0.319962429235825,0.726245068833473,FALSE,0.744534115920763,"Oligodendrocyte"
"ACAD11-208","ACAD11",0.199907990580733,NA,0.475411896337141,0.232633796503955,0.242778099833186,0.00457804558581831,0.0119877532894485,0.319962429235825,0.726245068833473,FALSE,0.255465884079237,"Oligodendrocyte"
"ACTB-206","ACTB",0.844487554679917,NA,0.225576936398193,0.246279225813517,-0.0207022894153241,0.607091368662906,0.664036646911114,0.942746505806972,0.977051941395206,FALSE,0.32719828613695,"Oligodendrocyte"
"ACTB-217","ACTB",0.844487554679917,NA,0.771930733323095,0.749309462740634,0.0226212705824606,0.607091368662906,0.626631965413332,0.942746505806972,0.977051941395206,FALSE,0.672801713863051,"Oligodendrocyte"
"ACTG1-205","ACTG1",0.685698611559415,NA,0.614529843128366,0.531247581188708,0.0832822619396577,0.36796840505153,0.435392462829634,0.831473466264412,0.955392638522348,FALSE,0.67828086923985,"Oligodendrocyte"
"ACTG1-206","ACTG1",0.685698611559415,NA,0.264287825438605,0.352025459199555,-0.0877376337609496,0.524221832293912,0.55100123198705,0.923553362703959,0.977051941395206,FALSE,0.242069325731739,"Oligodendrocyte"
"ACTG1-213","ACTG1",0.685698611559415,NA,0.0323613877419539,0.0451664097669144,-0.0128050220249604,0.784780891220874,0.78671812885142,0.949516160280269,0.977051941395206,FALSE,0.0796498050284105,"Oligodendrocyte"
"ADD1-205","ADD1",0.706923315597299,NA,0.152659679015097,0.180099520045172,-0.0274398410300752,0.997990940556512,0.977408939220284,0.997990940556512,0.997007734161334,FALSE,0.126785714285714,"Oligodendrocyte"
"ADD1-208","ADD1",0.706923315597299,NA,0.229726482666217,0.06035137869377,0.169375103972447,0.396092911181998,0.46310777677657,0.847892894974602,0.960016699907608,FALSE,0.073015873015873,"Oligodendrocyte"
"ADD1-228","ADD1",0.706923315597299,NA,0.43803993443086,0.556767010163749,-0.11872707573289,0.617634810438976,0.636198345058388,0.942746505806972,0.977051941395206,FALSE,0.800198412698413,"Oligodendrocyte"
"ADD3-201","ADD3",0.680543467750957,NA,0.818534254604733,0.782481645374295,0.0360526092304387,0.343908225687888,0.411447274747818,0.831183771008174,0.955392638522348,FALSE,0.843263150580224,"Oligodendrocyte"
"ADD3-203","ADD3",0.680543467750957,NA,0.16340811965812,0.133312558626838,0.0300955610312817,0.343908225687889,0.382403974173837,0.831183771008174,0.955392638522348,FALSE,0.156736849419776,"Oligodendrocyte"
"AFF4-201","AFF4",0.613991650723365,NA,0.659614929206248,0.802214144576845,-0.142599215370597,0.255087260996184,0.296009239420645,0.796538058052414,0.95108705329265,FALSE,0.814862131374428,"Oligodendrocyte"
"AFF4-203","AFF4",0.613991650723365,NA,0.182093443208131,0.180523035986423,0.00157040722170843,0.255087260996183,0.320756912205241,0.796538058052414,0.955392638522348,FALSE,0.185137868625572,"Oligodendrocyte"
"AGPAT4-201","AGPAT4",0.679061892871584,NA,0.554475494865766,0.291974692441192,0.262500802424574,0.342122785721561,0.409661095714396,0.831183771008174,0.955392638522348,FALSE,0.314441332088391,"Oligodendrocyte"
"AGPAT4-206","AGPAT4",0.679061892871584,NA,0.435465423210295,0.700183384223927,-0.264717961013633,0.342122785721561,0.380695117343627,0.831183771008174,0.955392638522348,FALSE,0.685558667911609,"Oligodendrocyte"
"AHI1-201","AHI1",0.770945812871676,NA,0.513669715243916,0.341328273907164,0.172341441336752,0.515765888453589,0.578344153351712,0.923553362703959,0.977051941395206,FALSE,0.794345645234838,"Oligodendrocyte"
"AHI1-243","AHI1",0.770945812871676,NA,0.0650601553830479,0.125544252788835,-0.0604840974057869,0.472614517822278,0.503416670198839,0.904805976380088,0.977051941395206,FALSE,0.162790697674419,"Oligodendrocyte"
"AHI1-252","AHI1",0.770945812871676,NA,0.0776843009819591,0.021779299057533,0.0559050019244261,0.78660145494966,0.788349207461036,0.949516160280269,0.977051941395206,FALSE,0.0428636570907433,"Oligodendrocyte"
"AIMP1-211","AIMP1",0.899285273117082,NA,0.261758903096648,0.270891608391608,-0.00913270529496074,0.794872701369313,0.836232700361971,0.949516160280269,0.977996986561973,FALSE,0.327380952380952,"Oligodendrocyte"
"AIMP1-216","AIMP1",0.899285273117082,NA,0.631586083013011,0.681876456876457,-0.0502903738634463,0.794872701369312,0.795758130574338,0.949516160280269,0.977051941395206,FALSE,0.672619047619048,"Oligodendrocyte"
"AKAP6-201","AKAP6",0.789661614762856,NA,0.566000488852722,0.606301694001218,-0.0403012051484962,0.488942243239834,0.518518741539492,0.919695759549906,0.977051941395206,FALSE,0.584016204660002,"Oligodendrocyte"
"AKAP6-213","AKAP6",0.789661614762856,NA,0.433077327292246,0.393443203957965,0.0396341233342806,0.488942243239834,0.552843676386974,0.919695759549906,0.977051941395206,FALSE,0.415983795339998,"Oligodendrocyte"
"AKAP9-212","AKAP9",0.201462645390841,NA,0.0488780857467766,0.0104114897645249,0.0384665959822517,0.20934055803554,0.272235939451144,0.749951723200456,0.939408822241557,FALSE,0.04,"Oligodendrocyte"
"AKAP9-213","AKAP9",0.201462645390841,NA,0.195285675367526,0.0702515976266211,0.125034077740905,0.00768600444971296,0.0182494983439635,0.339412650451647,0.726245068833473,FALSE,0.0638095238095238,"Oligodendrocyte"
"AKAP9-217","AKAP9",0.201462645390841,NA,0.50042011018888,0.510731134038548,-0.0103110238496685,0.0051636170210656,0.0114059960439487,0.319962429235825,0.726245068833473,FALSE,0.896190476190476,"Oligodendrocyte"
"ALCAM-201","ALCAM",0.899285273117082,NA,0.84984713478221,0.844293074040362,0.00555406074184883,0.797267893348734,0.838403782568141,0.949516160280269,0.977996986561973,FALSE,0.966624536568925,"Oligodendrocyte"
"ALCAM-205","ALCAM",0.899285273117082,NA,0.107063542799724,0.142874285226485,-0.0358107424267609,0.797267893348736,0.797903183891619,0.949516160280269,0.977051941395206,FALSE,0.0333754634310752,"Oligodendrocyte"
"ALDOA-206","ALDOA",0.515339284327581,NA,0.108142608534262,0.0480400697932827,0.0601025387409793,0.116443074932033,0.167737219601602,0.715293174582493,0.939408822241557,FALSE,0.0809653135124833,"Oligodendrocyte"
"ALDOA-219","ALDOA",0.515339284327581,NA,0.890513094527806,0.951280736183625,-0.0607676416558188,0.116443074932034,0.152247682723216,0.715293174582493,0.939408822241557,FALSE,0.919034686487517,"Oligodendrocyte"
"AMER2-201","AMER2",0.73334928344969,NA,0.880515663927782,0.834142103508792,0.0463735604189903,0.436602177330567,0.46993416564506,0.865411901943467,0.961359243492012,FALSE,0.815876357998026,"Oligodendrocyte"
"AMER2-202","AMER2",0.73334928344969,NA,0.119484336072218,0.165857896491208,-0.0463735604189903,0.436602177330567,0.50256452554787,0.865411901943467,0.977051941395206,FALSE,0.184123642001974,"Oligodendrocyte"
"ANAPC5-201","ANAPC5",0.629489849046959,NA,0.535423571195754,0.458371433751141,0.0770521374446125,0.397694619210078,0.433455722998828,0.847892894974602,0.955392638522348,FALSE,0.56694491221315,"Oligodendrocyte"
"ANAPC5-209","ANAPC5",0.629489849046959,NA,0.188867782268942,0.3280565082363,-0.139188725967357,0.657728077275457,0.710921605261201,0.942746505806972,0.977051941395206,FALSE,0.0806940883792929,"Oligodendrocyte"
"ANAPC5-218","ANAPC5",0.629489849046959,NA,0.216739777239709,0.161780581920205,0.054959195319504,0.284471748576946,0.351210986320831,0.808204557117718,0.955392638522348,FALSE,0.352360999407557,"Oligodendrocyte"
"ANK2-296","ANK2",0.79218892440052,NA,0.254393521074255,0.457437177895454,-0.203043656821199,0.499721969124413,0.563111897218907,0.922721539295277,0.977051941395206,FALSE,0.397681525398917,"Oligodendrocyte"
"ANK2-299","ANK2",0.79218892440052,NA,0.396167542244277,0.380495424431137,0.0156721178131404,0.50908962797247,0.537092470700245,0.923553362703959,0.977051941395206,FALSE,0.596636656419265,"Oligodendrocyte"
"ANK2-311","ANK2",0.79218892440052,NA,0.101098596968785,0.0344169012314822,0.0666816957373027,0.889338064178376,0.921522530819359,0.971502746103206,0.989551272174561,FALSE,0.00568181818181818,"Oligodendrocyte"
"ANK3-201","ANK3",0.49546314464878,NA,0.618905826027133,0.649307508182133,-0.0304016821549995,0.46633014068302,0.531211189524869,0.899310610699013,0.977051941395206,FALSE,0.786931860866952,"Oligodendrocyte"
"ANK3-205","ANK3",0.49546314464878,NA,0.137386472302,0.122879014124104,0.0145074581778959,0.888239905250383,0.920534513586277,0.97144952349681,0.989551272174561,FALSE,0.0452586206896552,"Oligodendrocyte"
"ANK3-216","ANK3",0.49546314464878,NA,0.0526407111532649,0.0490461192170303,0.00359459193623467,0.0961902513348261,0.129631134463579,0.695239622607282,0.939408822241557,FALSE,0.118518518518519,"Oligodendrocyte"
"ANK3-224","ANK3",0.49546314464878,NA,0.0792158883463237,0.148698360351429,-0.0694824720051054,0.963663547191981,0.946699728446202,0.991933763062446,0.992180883039089,FALSE,0.0492909999248742,"Oligodendrocyte"
"ANKRD12-201","ANKRD12",0.705420054104618,NA,0.98602403590254,0.95459358400073,0.0314304519018098,0.387928260207501,0.455090721453653,0.847892894974602,0.960016699907608,FALSE,0.981562952124182,"Oligodendrocyte"
"ANKRD12-203","ANKRD12",0.705420054104618,NA,0.0119880617781345,0.044898539945974,-0.0329104781678396,0.387928260207543,0.424243407823875,0.847892894974602,0.955392638522348,FALSE,0.0184370478758184,"Oligodendrocyte"
"ANKRD17-202","ANKRD17",0.807452803844894,NA,0.407538854389358,0.403507867793582,0.00403098659577628,0.538712786687359,0.564289399463306,0.927588791796091,0.977051941395206,FALSE,0.5,"Oligodendrocyte"
"ANKRD17-203","ANKRD17",0.807452803844894,NA,0.301393191634793,0.267965367965368,0.033427823669425,0.538712786687357,0.600030961442023,0.927588791796091,0.977051941395206,FALSE,0.5,"Oligodendrocyte"
"ANKRD18A-201","ANKRD18A",0.520249507887994,NA,0.115837513748115,0.193727407623501,-0.0778898938753865,0.120280147409385,0.156465340646605,0.717780391438109,0.939408822241557,FALSE,0.303201506591337,"Oligodendrocyte"
"ANKRD18A-210","ANKRD18A",0.520249507887994,NA,0.819571474057935,0.59531164775926,0.224259826298674,0.120280147409385,0.172273765062677,0.717780391438109,0.939408822241557,FALSE,0.696798493408663,"Oligodendrocyte"
"ANKRD26-201","ANKRD26",0.964551148504643,NA,0.490128335440861,0.47390350877193,0.0162248266689313,0.932154010692273,0.959993538816031,0.988278967061019,0.995016104401502,FALSE,0.777777777777778,"Oligodendrocyte"
"ANKRD26-202","ANKRD26",0.964551148504643,NA,0.295671638108824,0.487083651156878,-0.191412013048053,0.932154010692273,0.918528276719351,0.988278967061019,0.989551272174561,FALSE,0.222222222222222,"Oligodendrocyte"
"ANKRD36C-201","ANKRD36C",0.93993474522655,NA,0.596284526765212,0.667701149425287,-0.0714166226600752,0.885603469825979,0.918162216001396,0.97144952349681,0.989551272174561,FALSE,0.472402597402597,"Oligodendrocyte"
"ANKRD36C-202","ANKRD36C",0.93993474522655,NA,0.311678656483451,0.244709465543726,0.0669691909397252,0.885603469825978,0.876919847927301,0.97144952349681,0.983948044086169,FALSE,0.527597402597403,"Oligodendrocyte"
"ANKRD44-201","ANKRD44",0.49546314464878,NA,0.411040951546776,0.408294565246985,0.00274638629979029,0.102233285028334,0.150709631305105,0.695239622607282,0.939408822241557,FALSE,0.363636363636364,"Oligodendrocyte"
"ANKRD44-209","ANKRD44",0.49546314464878,NA,0.237872276319213,0.403865104568121,-0.165992828248907,0.102233285028334,0.136446428264398,0.695239622607282,0.939408822241557,FALSE,0.636363636363636,"Oligodendrocyte"
"ANLN-201","ANLN",0.569015268993847,NA,0.817384134189047,0.765082357952406,0.0523017762366411,0.209763149133321,0.27269124143976,0.749951723200456,0.939408822241557,FALSE,0.675909857369568,"Oligodendrocyte"
"ANLN-202","ANLN",0.569015268993847,NA,0.178057945042161,0.233105210585542,-0.0550472655433809,0.20976314913332,0.250551018858529,0.749951723200456,0.939408822241557,FALSE,0.324090142630432,"Oligodendrocyte"
"ANXA7-201","ANXA7",0.55493002022109,NA,0.667078677804245,0.614240358697906,0.0528383191063391,0.16368162120013,0.222100885796162,0.741907485974173,0.939408822241557,FALSE,0.396770912789219,"Oligodendrocyte"
"ANXA7-202","ANXA7",0.55493002022109,NA,0.332921322195755,0.385759641302094,-0.052838319106339,0.163681621200131,0.202987243069661,0.741907485974173,0.939408822241557,FALSE,0.603229087210781,"Oligodendrocyte"
"AP2B1-211","AP2B1",0.718946618990838,NA,0.606257002493724,0.655652173913044,-0.0493951714193196,0.415715418371779,0.482284775171347,0.852950439187176,0.96573325248019,FALSE,1,"Oligodendrocyte"
"AP2B1-221","AP2B1",0.718946618990838,NA,0.282204207349065,0.344347826086957,-0.0621436187378916,0.415715418371779,0.450393835251179,0.852950439187176,0.959883068031057,FALSE,0,"Oligodendrocyte"
"AP2M1-202","AP2M1",0.844487554679917,NA,0.427397755275099,0.278714189757406,0.148683565517693,0.607257462983574,0.664191097665244,0.942746505806972,0.977051941395206,FALSE,0.232582447003445,"Oligodendrocyte"
"AP2M1-208","AP2M1",0.844487554679917,NA,0.522675264414534,0.641039865710935,-0.118364601296401,0.607257462983574,0.62678275441159,0.942746505806972,0.977051941395206,FALSE,0.767417552996555,"Oligodendrocyte"
"AP3M1-201","AP3M1",0.485960893890849,NA,0.603679653679654,0.503808446455505,0.0998712072241484,0.0782437338681598,0.120997518691649,0.680330632234799,0.939408822241557,FALSE,0.3125,"Oligodendrocyte"
"AP3M1-202","AP3M1",0.485960893890849,NA,0.396320346320346,0.496191553544495,-0.0998712072241484,0.0782437338681595,0.108995098036288,0.680330632234799,0.939408822241557,FALSE,0.6875,"Oligodendrocyte"
"APC-201","APC",0.655428864064341,NA,0.383849548101211,0.340193598872196,0.0436559492290145,0.315467962310003,0.382831484700416,0.820201433060846,0.955392638522348,FALSE,0.912455647834055,"Oligodendrocyte"
"APC-205","APC",0.655428864064341,NA,0.36512199932755,0.311776652291691,0.0533453470358592,0.315467962310003,0.355061036655937,0.820201433060846,0.955392638522348,FALSE,0.0875443521659453,"Oligodendrocyte"
"API5-201","API5",0.43671050319446,NA,0.470072712418301,0.544977083852703,-0.0749043714344026,0.0586725561543704,0.0856461949382734,0.648250255844467,0.939408822241557,FALSE,0.697047000618429,"Oligodendrocyte"
"API5-208","API5",0.43671050319446,NA,0.529677287581699,0.455022916147297,0.0746543714344027,0.0586725561543702,0.0955742326098487,0.648250255844467,0.939408822241557,FALSE,0.302952999381571,"Oligodendrocyte"
"APLP1-201","APLP1",0.55493002022109,NA,0.417781924507782,0.444504021913128,-0.0267220974053458,0.166497076324187,0.225251989027711,0.741907485974173,0.939408822241557,FALSE,0.524884516736026,"Oligodendrocyte"
"APLP1-212","APLP1",0.55493002022109,NA,0.572029969821561,0.548280500115262,0.023749469706299,0.166497076324187,0.205940670583327,0.741907485974173,0.939408822241557,FALSE,0.475115483263974,"Oligodendrocyte"
"APLP2-203","APLP2",0.68338950060965,NA,0.269944967313388,0.25980311647759,0.0101418508357988,0.356574668031566,0.394499326683398,0.831183771008174,0.955392638522348,FALSE,0.338983050847458,"Oligodendrocyte"
"APLP2-210","APLP2",0.68338950060965,NA,0.537843248369564,0.574968825085921,-0.0371255767163569,0.356574668031566,0.424081617189802,0.831183771008174,0.955392638522348,FALSE,0.661016949152542,"Oligodendrocyte"
"APP-201","APP",0.489298100142937,NA,0.103572201221934,0.084873626376096,0.0186985748458384,0.883316362024177,0.916103915141673,0.97144952349681,0.989551272174561,FALSE,0.0654509895922156,"Oligodendrocyte"
"APP-202","APP",0.489298100142937,NA,0.361886456977263,0.331761429010633,0.0301250279666303,0.0934680880149868,0.140008143698661,0.695239622607282,0.939408822241557,FALSE,0.427284263237575,"Oligodendrocyte"
"APP-204","APP",0.489298100142937,NA,0.521092157945087,0.574860415482777,-0.0537682575376898,0.149034135799594,0.187505875280528,0.73424998776817,0.939408822241557,FALSE,0.501705886390609,"Oligodendrocyte"
"APP-220","APP",0.489298100142937,NA,0.0115467813211771,0.0078882103669152,0.00365857095426192,0.0888953800259687,0.121318942138957,0.689914876201543,0.939408822241557,FALSE,0.00555886077960039,"Oligodendrocyte"
"ARAP2-201","ARAP2",0.817538984049365,NA,0.830490405576707,0.889639755871123,-0.0591493502944159,0.560908855029187,0.620904154343318,0.932609883902397,0.977051941395206,FALSE,0.946962198340875,"Oligodendrocyte"
"ARAP2-206","ARAP2",0.817538984049365,NA,0.167117505087521,0.110264127250754,0.0568533778367675,0.560908855029186,0.584588019772179,0.932609883902397,0.977051941395206,FALSE,0.0530378016591252,"Oligodendrocyte"
"ARFGAP2-205","ARFGAP2",0.461690137790928,NA,0.736182653020265,0.861166465626399,-0.124983812606134,0.0669626917406691,0.106499287811058,0.657602847334908,0.939408822241557,FALSE,0.779056838242745,"Oligodendrocyte"
"ARFGAP2-209","ARFGAP2",0.461690137790928,NA,0.221184676709904,0.138833534373601,0.0823511423363034,0.066962691740669,0.0956624761214193,0.657602847334908,0.939408822241557,FALSE,0.220943161757255,"Oligodendrocyte"
"ARHGAP21-201","ARHGAP21",0.861048942720289,NA,0.391047361656492,0.456058572017905,-0.0650112103614136,0.990118601815948,0.970364103768677,0.997990940556512,0.997007734161334,FALSE,0.318032848770773,"Oligodendrocyte"
"ARHGAP21-206","ARHGAP21",0.861048942720289,NA,0.212337895383364,0.315257573826761,-0.102919678443397,0.797882702898303,0.798453756811092,0.949516160280269,0.977051941395206,FALSE,0.506341110548826,"Oligodendrocyte"
"ARHGAP21-214","ARHGAP21",0.861048942720289,NA,0.220142696845733,0.101080874026986,0.119061822818747,0.666661472994699,0.719153624640791,0.942746505806972,0.977051941395206,FALSE,0.175626040680401,"Oligodendrocyte"
"ARHGAP5-202","ARHGAP5",0.71840172434802,NA,0.771985932524402,0.671580696131991,0.100405236392411,0.412236291235212,0.478893713212266,0.852950439187176,0.964226841654836,FALSE,0.997395833333333,"Oligodendrocyte"
"ARHGAP5-209","ARHGAP5",0.71840172434802,NA,0.215286785312186,0.286420408573782,-0.0711336232615954,0.412236291235213,0.447129627305838,0.852950439187176,0.959883068031057,FALSE,0.00260416666666667,"Oligodendrocyte"
"ARID4B-201","ARID4B",0.313501695865751,NA,0.395490174183449,0.678112621677186,-0.282622447493737,0.121077868374916,0.157339738734579,0.717780391438109,0.939408822241557,FALSE,0.36794670846395,"Oligodendrocyte"
"ARID4B-202","ARID4B",0.313501695865751,NA,0.392652369004129,0.125538481013809,0.267113887990319,0.0193386172365096,0.0386325840887316,0.458733742410017,0.828650226894948,FALSE,0.219043887147335,"Oligodendrocyte"
"ARID4B-208","ARID4B",0.313501695865751,NA,0.178058809705594,0.193271974232082,-0.0152131645264874,0.80682082087631,0.806456677618614,0.949516160280269,0.977051941395206,FALSE,0.413009404388715,"Oligodendrocyte"
"ARIH2-201","ARIH2",0.588827215441231,NA,0.571964582845568,0.388058551617874,0.183906031227694,0.228339103392477,0.292567820890284,0.772206474607915,0.95108705329265,FALSE,0.429136309857401,"Oligodendrocyte"
"ARIH2-205","ARIH2",0.588827215441231,NA,0.12198692237967,0.360463390971866,-0.238476468592195,0.31946813280423,0.358923238329232,0.82074018330444,0.955392638522348,FALSE,0.453307594910434,"Oligodendrocyte"
"ARIH2-207","ARIH2",0.588827215441231,NA,0.304519442786994,0.251478057410261,0.0530413853767334,0.803109783306861,0.803134221496496,0.949516160280269,0.977051941395206,FALSE,0.117556095232165,"Oligodendrocyte"
"ARMCX3-201","ARMCX3",0.970052728646529,NA,0.558958127826052,0.50712641714541,0.0518317106806424,0.943737081274035,0.928882950211038,0.989910350789473,0.991847499185075,FALSE,0.415693961804627,"Oligodendrocyte"
"ARMCX3-203","ARMCX3",0.970052728646529,NA,0.430494086626162,0.48535023453221,-0.0548561479060481,0.943737081274031,0.970385903917856,0.989910350789473,0.997007734161334,FALSE,0.584306038195373,"Oligodendrocyte"
"ARPP19-201","ARPP19",0.904276591383627,NA,0.597129997727396,0.731979960442959,-0.134849962715562,0.816212492464858,0.814863195639785,0.951654177642065,0.977051941395206,FALSE,0.529878048780488,"Oligodendrocyte"
"ARPP19-208","ARPP19",0.904276591383627,NA,0.40230883504477,0.264534200777085,0.137774634267685,0.816212492464859,0.855558545984721,0.951654177642065,0.980439832000388,FALSE,0.470121951219512,"Oligodendrocyte"
"ASAH1-225","ASAH1",0.831648044895225,NA,0.177371695502884,0.134077847439916,0.0432938480629672,0.578817807101875,0.637676047161482,0.942746505806972,0.977051941395206,FALSE,0.257820136852395,"Oligodendrocyte"
"ASAH1-257","ASAH1",0.831648044895225,NA,0.493419233227671,0.656815415592319,-0.163396182364648,0.578817807101874,0.600920940289142,0.942746505806972,0.977051941395206,FALSE,0.742179863147605,"Oligodendrocyte"
"ASB8-201","ASB8",0.861048942720289,NA,0.628474331691825,0.582828282828283,0.0456460488635424,0.669476486304413,0.721745333363964,0.942746505806972,0.977051941395206,FALSE,0.707515602676893,"Oligodendrocyte"
"ASB8-205","ASB8",0.861048942720289,NA,0.371525668308175,0.417171717171717,-0.0456460488635424,0.669476486304413,0.683087774523865,0.942746505806972,0.977051941395206,FALSE,0.292484397323107,"Oligodendrocyte"
"ASH1L-213","ASH1L",0.862077941445956,NA,0.334132217206444,0.400825315588235,-0.0666930983817907,0.684198431397284,0.696363717376886,0.942746505806972,0.977051941395206,FALSE,0.327053299270558,"Oligodendrocyte"
"ASH1L-215","ASH1L",0.862077941445956,NA,0.507130520927088,0.49084238438751,0.0162881365395775,0.684198431397284,0.735282046552672,0.942746505806972,0.977051941395206,FALSE,0.672946700729441,"Oligodendrocyte"
"ATF7IP-210","ATF7IP",0.806525905605835,NA,0.197031039136302,0.37644695851779,-0.179415919381488,0.533372726696861,0.559396012197822,0.926177549377833,0.977051941395206,FALSE,0.5,"Oligodendrocyte"
"ATF7IP-213","ATF7IP",0.806525905605835,NA,0.603550295857988,0.298817638221053,0.304732657636935,0.533372726696861,0.59499419176694,0.926177549377833,0.977051941395206,FALSE,0.5,"Oligodendrocyte"
"ATG4C-201","ATG4C",0.55493002022109,NA,0.610021141649049,0.716709140257235,-0.106687998608186,0.165293024297024,0.204678455572719,0.741907485974173,0.939408822241557,FALSE,0.598251977795506,"Oligodendrocyte"
"ATG4C-203","ATG4C",0.55493002022109,NA,0.389978858350951,0.283290859742765,0.106687998608186,0.165293024297023,0.223905459139559,0.741907485974173,0.939408822241557,FALSE,0.401748022204494,"Oligodendrocyte"
"ATM-228","ATM",0.997562486358707,NA,0.243572094605526,0.395159945042113,-0.151587850436587,0.996472772189164,0.982364220625645,0.997990940556512,0.997007734161334,FALSE,0.397777777777778,"Oligodendrocyte"
"ATM-241","ATM",0.997562486358707,NA,0.505163175559929,0.277024246780728,0.228138928779202,0.996472772189165,0.976050234253412,0.997990940556512,0.997007734161334,FALSE,0.602222222222222,"Oligodendrocyte"
"ATP1B1-202","ATP1B1",0.899285273117082,NA,0.343405615142197,0.391391521643622,-0.0479859065014258,0.800645927243439,0.841464896169706,0.949516160280269,0.977996986561973,FALSE,0.373206967213115,"Oligodendrocyte"
"ATP1B1-214","ATP1B1",0.899285273117082,NA,0.333331233643896,0.337788611948276,-0.00445737830437931,0.800645927243439,0.800928125880432,0.949516160280269,0.977051941395206,FALSE,0.626793032786885,"Oligodendrocyte"
"ATP2B1-202","ATP2B1",0.935612971308542,NA,0.321394305585482,0.384260736015122,-0.0628664304296399,0.87276263430461,0.906601895154811,0.971169461860614,0.989551272174561,FALSE,0.34040404040404,"Oligodendrocyte"
"ATP2B1-207","ATP2B1",0.935612971308542,NA,0.554168032063253,0.551243428436411,0.00292460362684177,0.87276263430461,0.865441248691511,0.971169461860614,0.98281015465253,FALSE,0.65959595959596,"Oligodendrocyte"
"ATP5F1A-201","ATP5F1A",0.569015268993847,NA,0.415636523969857,0.364819516721691,0.0508170072481667,0.207057107714018,0.247799388664344,0.749951723200456,0.939408822241557,FALSE,0.707445141065831,"Oligodendrocyte"
"ATP5F1A-202","ATP5F1A",0.569015268993847,NA,0.564413981080648,0.581166298285864,-0.0167523172052157,0.207057107714018,0.269773228695991,0.749951723200456,0.939408822241557,FALSE,0.292554858934169,"Oligodendrocyte"
"ATRX-201","ATRX",0.535288257347791,NA,0.459261319528989,0.504076628079961,-0.0448153085509728,0.9330162257276,0.9192990140567,0.988278967061019,0.989551272174561,FALSE,0.653494692775342,"Oligodendrocyte"
"ATRX-202","ATRX",0.535288257347791,NA,0.392314242054595,0.410176493542469,-0.017862251487874,0.96115026959161,0.985998585352784,0.991933763062446,0.997007734161334,FALSE,0.256307387729461,"Oligodendrocyte"
"ATRX-213","ATRX",0.535288257347791,NA,0.0367931064566372,0.0383709259066444,-0.00157781945000723,0.128591745586225,0.165536253261088,0.73311707454587,0.939408822241557,FALSE,0.0312189836098962,"Oligodendrocyte"
"ATRX-214","ATRX",0.535288257347791,NA,0.108478979078616,0.0388411964225407,0.0696377826560751,0.325951048756729,0.39342086846912,0.828078912627196,0.955392638522348,FALSE,0.0589789358853004,"Oligodendrocyte"
"AUP1-201","AUP1",0.974662884537598,NA,0.494177553661168,0.415312637471295,0.0788649161898733,0.952342360464219,0.978102906163567,0.991933763062446,0.997007734161334,FALSE,0.534054834054834,"Oligodendrocyte"
"AUP1-204","AUP1",0.974662884537598,NA,0.451675715876312,0.352516153507763,0.0991595623685487,0.952342360464218,0.936576517060977,0.991933763062446,0.992180883039089,FALSE,0.465945165945166,"Oligodendrocyte"
"BACE1-201","BACE1",0.655428864064341,NA,0.442977161855515,0.477154059390901,-0.0341768975353863,0.427770048785794,0.494005156781157,0.863661405538229,0.975139211462558,FALSE,0.22316384180791,"Oligodendrocyte"
"BACE1-202","BACE1",0.655428864064341,NA,0.185023286028755,0.0853706235285183,0.0996526625002365,0.750762502292736,0.796154492458455,0.949516160280269,0.977051941395206,FALSE,0.395069337442219,"Oligodendrocyte"
"BACE1-212","BACE1",0.655428864064341,NA,0.369777329893508,0.43747531708058,-0.0676979871870725,0.316905923627692,0.356450045069303,0.820201433060846,0.955392638522348,FALSE,0.381766820749872,"Oligodendrocyte"
"BAZ2B-202","BAZ2B",0.958998266565737,NA,0.302978242713382,0.32939881123935,-0.0264205685259685,0.923859398783175,0.952547871152366,0.984501207946439,0.992180883039089,FALSE,0.32567817375638,"Oligodendrocyte"
"BAZ2B-203","BAZ2B",0.958998266565737,NA,0.683049652850372,0.654200187230907,0.0288494656194647,0.923859398783176,0.911113940173074,0.984501207946439,0.989551272174561,FALSE,0.67432182624362,"Oligodendrocyte"
"BBIP1-207","BBIP1",0.899285273117082,NA,0.179001941201305,0.381698131197559,-0.202696189996254,0.777811233821552,0.820752724546889,0.949516160280269,0.977051941395206,FALSE,0.246169480925578,"Oligodendrocyte"
"BBIP1-209","BBIP1",0.899285273117082,NA,0.81449810393727,0.618301868802441,0.19619623513483,0.777811233821552,0.78047275897685,0.949516160280269,0.977051941395206,FALSE,0.753830519074421,"Oligodendrocyte"
"BBS2-201","BBS2",0.620899948925513,NA,0.146004684519212,0.274081616819006,-0.128076932299794,0.275844855596459,0.31648147816744,0.799412892986508,0.955392638522348,FALSE,0.483397759936565,"Oligodendrocyte"
"BBS2-278","BBS2",0.620899948925513,NA,0.247146465864963,0.172998938726025,0.0741475271389377,0.275844855596459,0.342321390295343,0.799412892986508,0.955392638522348,FALSE,0.516602240063435,"Oligodendrocyte"
"BBX-201","BBX",0.613991650723365,NA,0.246888842787418,0.0879976504976505,0.158891192289768,0.501088252640553,0.564411376140684,0.922721539295277,0.977051941395206,FALSE,0.0501173777035846,"Oligodendrocyte"
"BBX-203","BBX",0.613991650723365,NA,0.22605396291301,0.189016671159528,0.0370372917534817,0.409743592623551,0.476461745535366,0.852267111560684,0.962095112983767,FALSE,0.162341500272535,"Oligodendrocyte"
"BBX-206","BBX",0.613991650723365,NA,0.520266258106392,0.721802932517218,-0.201536674410826,0.250481086742194,0.291439121538689,0.795439938137386,0.95108705329265,FALSE,0.787541122023881,"Oligodendrocyte"
"BCLAF1-201","BCLAF1",0.567601051665673,NA,0.0429473905810844,0.0938529633397001,-0.0509055727586157,0.299346607465611,0.339437436679179,0.812129656139409,0.955392638522348,FALSE,0.49384236453202,"Oligodendrocyte"
"BCLAF1-214","BCLAF1",0.567601051665673,NA,0.283526600610428,0.360398888607064,-0.0768722879966363,0.385211451216322,0.421676454998881,0.847678311044494,0.955392638522348,FALSE,0.18431855500821,"Oligodendrocyte"
"BCLAF1-224","BCLAF1",0.567601051665673,NA,0.271022339897113,0.0123775141825683,0.258644825714545,0.191485175347833,0.252861454954018,0.749951723200456,0.939408822241557,FALSE,0.32183908045977,"Oligodendrocyte"
"BIN1-203","BIN1",0.313501695865751,NA,0.0273919036776713,0.0407478731310831,-0.0133559694534118,0.253368315145059,0.294304955624956,0.796538058052414,0.95108705329265,FALSE,0.0564635735410383,"Oligodendrocyte"
"BIN1-204","BIN1",0.313501695865751,NA,0.061730287722813,0.0123447910913221,0.0493854966314909,0.236932675814065,0.301677078993193,0.777236880866344,0.95108705329265,FALSE,0.0281309478492577,"Oligodendrocyte"
"BIN1-209","BIN1",0.313501695865751,NA,0.0969858083271806,0.242816601615951,-0.145830793288771,0.576271730611308,0.598601252170009,0.942746505806972,0.977051941395206,FALSE,0.123056059851834,"Oligodendrocyte"
"BIN1-210","BIN1",0.313501695865751,NA,0.11902555137366,0.131111502614144,-0.0120859512404833,0.0231598731980658,0.0394763717175418,0.458733742410017,0.828650226894948,FALSE,0.159037924706939,"Oligodendrocyte"
"BIN1-211","BIN1",0.313501695865751,NA,0.58171571521768,0.527667489014323,0.0540482262033568,0.240804247520494,0.305764233512515,0.788311847335608,0.95108705329265,FALSE,0.633311494050931,"Oligodendrocyte"
"BLTP1-217","BLTP1",0.761786308686539,NA,0.552998923363787,0.469082214418831,0.0839167089449565,0.464049980405999,0.529022510421834,0.895999416050903,0.977051941395206,FALSE,0.666666666666667,"Oligodendrocyte"
"BLTP1-219","BLTP1",0.761786308686539,NA,0.158893205171733,0.154281383429759,0.00461182174197333,0.464049980405999,0.495476148678255,0.895999416050903,0.975910809174974,FALSE,0.333333333333333,"Oligodendrocyte"
"BRWD1-201","BRWD1",0.706923315597299,NA,0.169376332630189,0.0742543996053492,0.0951219330248394,0.395346066555384,0.462375378911155,0.847892894974602,0.960016699907608,FALSE,0.0793226381461676,"Oligodendrocyte"
"BRWD1-203","BRWD1",0.706923315597299,NA,0.682699240254769,0.408699475586346,0.273999764668423,0.395346066555383,0.431242564266297,0.847892894974602,0.955392638522348,FALSE,0.920677361853832,"Oligodendrocyte"
"BTBD3-201","BTBD3",0.737384361931348,NA,0.623822461535934,0.615265169612996,0.0085572919229383,0.442430617158809,0.508200462584431,0.869021125802056,0.977051941395206,FALSE,0.836176261549396,"Oligodendrocyte"
"BTBD3-203","BTBD3",0.737384361931348,NA,0.163095032734501,0.203546212241864,-0.040451179507363,0.442430617158809,0.475370399235054,0.869021125802056,0.962095112983767,FALSE,0.163823738450604,"Oligodendrocyte"
"BTBD8-205","BTBD8",0.997562486358707,NA,0.636839884013056,0.711361059575345,-0.0745211755622893,0.996524342994182,0.976096387272925,0.997990940556512,0.997007734161334,FALSE,0.685185185185185,"Oligodendrocyte"
"BTBD8-208","BTBD8",0.997562486358707,NA,0.290590418132616,0.264584621727479,0.0260057964051373,0.996524342994182,0.982318058152576,0.997990940556512,0.997007734161334,FALSE,0.314814814814815,"Oligodendrocyte"
"BTF3L4-201","BTF3L4",0.388286694302725,NA,0.848071893092125,0.50946127043688,0.338610622655245,0.049795545528899,0.0835700253824797,0.582534653944694,0.939408822241557,FALSE,0.636141636141636,"Oligodendrocyte"
"BTF3L4-202","BTF3L4",0.388286694302725,NA,0.150521637146975,0.49053872956312,-0.340017092416145,0.049795545528899,0.0746736977087423,0.582534653944694,0.931854820274786,FALSE,0.363858363858364,"Oligodendrocyte"
"C18orf25-205","C18orf25",0.899285273117082,NA,0.43697597001446,0.335437430786268,0.101538539228192,0.794513849476671,0.835907381603076,0.949516160280269,0.977996986561973,FALSE,0.0225988700564972,"Oligodendrocyte"
"C18orf25-206","C18orf25",0.899285273117082,NA,0.522739068334217,0.578168011390603,-0.0554289430563856,0.794513849476669,0.795436738800745,0.949516160280269,0.977051941395206,FALSE,0.977401129943503,"Oligodendrocyte"
"CALM2-201","CALM2",0.685698611559415,NA,0.157915878938942,0.154963770119568,0.0029521088193738,0.367231849322124,0.404639664772615,0.831473466264412,0.955392638522348,FALSE,0.332133541992697,"Oligodendrocyte"
"CALM2-205","CALM2",0.685698611559415,NA,0.372256758575874,0.450616896525767,-0.0783601379498929,0.800770285826863,0.841577568857126,0.949516160280269,0.977996986561973,FALSE,0.0807511737089202,"Oligodendrocyte"
"CALM2-209","CALM2",0.685698611559415,NA,0.426120101931382,0.386196080795833,0.0399240211355492,0.875634975158996,0.909188679461321,0.971169461860614,0.989551272174561,FALSE,0.587115284298383,"Oligodendrocyte"
"CALU-201","CALU",0.541323808589515,NA,0.770914242380024,0.907967776271348,-0.137053533891324,0.143129242636864,0.18120600419181,0.73311707454587,0.939408822241557,FALSE,0.75479026660129,"Oligodendrocyte"
"CALU-202","CALU",0.541323808589515,NA,0.211293549827768,0.0897280762632145,0.121565473564554,0.143129242636865,0.198818530083408,0.73311707454587,0.939408822241557,FALSE,0.24520973339871,"Oligodendrocyte"
"CAMSAP2-202","CAMSAP2",0.802781775096356,NA,0.417483974358974,0.653333333333333,-0.235849358974359,0.524081387206623,0.586216156400489,0.923553362703959,0.977051941395206,FALSE,0.459546925566343,"Oligodendrocyte"
"CAMSAP2-203","CAMSAP2",0.802781775096356,NA,0.473557692307692,0.346666666666667,0.126891025641026,0.524081387206622,0.550872297957568,0.923553362703959,0.977051941395206,FALSE,0.540453074433657,"Oligodendrocyte"
"CANX-201","CANX",0.979966915489335,NA,0.718751325827529,0.841640278679601,-0.122888952852072,0.964174783428918,0.947156912622135,0.991933763062446,0.992180883039089,FALSE,0.892113095238095,"Oligodendrocyte"
"CANX-202","CANX",0.979966915489335,NA,0.159247378015973,0.0816766482682868,0.0775707297476859,0.964174783428915,0.988709178238469,0.991933763062446,0.997067390485713,FALSE,0.107886904761905,"Oligodendrocyte"
"CAP1-203","CAP1",0.823238163240682,NA,0.479760710224286,0.561801476038357,-0.0820407658140709,0.568097175243952,0.591148388876491,0.937235853335475,0.977051941395206,FALSE,0.52905751279735,"Oligodendrocyte"
"CAP1-206","CAP1",0.823238163240682,NA,0.367963456705179,0.361941289833125,0.00602216687205404,0.568097175243951,0.627643325782927,0.937235853335475,0.977051941395206,FALSE,0.47094248720265,"Oligodendrocyte"
"CASC3-201","CASC3",0.541323808589515,NA,0.227046625326346,0.631944444444444,-0.404897819118098,0.141719448004795,0.179696584756666,0.73311707454587,0.939408822241557,FALSE,0.742424242424242,"Oligodendrocyte"
"CASC3-203","CASC3",0.541323808589515,NA,0.759950569708268,0.326388888888889,0.43356168081938,0.141719448004796,0.197202160699186,0.73311707454587,0.939408822241557,FALSE,0.257575757575758,"Oligodendrocyte"
"CCDC144BP-208","CCDC144BP",0.870554343068275,NA,0.833236563050049,0.828957641428937,0.00427892162111276,0.718277689660366,0.766511729438161,0.942746505806972,0.977051941395206,FALSE,0.88517338031068,"Oligodendrocyte"
"CCDC144BP-212","CCDC144BP",0.870554343068275,NA,0.112798949751677,0.139064827531224,-0.0262658777795468,0.718277689660366,0.72703913780275,0.942746505806972,0.977051941395206,FALSE,0.11482661968932,"Oligodendrocyte"
"CCDC186-203","CCDC186",0.656225343992149,NA,0.490065615244515,0.569331796758112,-0.0792661815135974,0.318594899831303,0.358080599389769,0.820201433060846,0.955392638522348,FALSE,0.83451256134183,"Oligodendrocyte"
"CCDC186-207","CCDC186",0.656225343992149,NA,0.45645280507586,0.394337866509494,0.062114938566366,0.318594899831303,0.385995397676605,0.820201433060846,0.955392638522348,FALSE,0.16548743865817,"Oligodendrocyte"
"CCDC88A-217","CCDC88A",0.667127523152558,NA,0.0470356625843079,0.0393753550194853,0.00766030756482256,0.594841152154215,0.652632352619632,0.942746505806972,0.977051941395206,FALSE,0.05061115355233,"Oligodendrocyte"
"CCDC88A-242","CCDC88A",0.667127523152558,NA,0.211210386598669,0.159971146306098,0.0512392402925708,0.381932747272858,0.44918885199442,0.844306543333965,0.959883068031057,FALSE,0.210084033613445,"Oligodendrocyte"
"CCDC88A-244","CCDC88A",0.667127523152558,NA,0.170634702807509,0.153324795585889,0.0173099072216201,0.441416505035231,0.507220547882655,0.869021125802056,0.977051941395206,FALSE,0.264069264069264,"Oligodendrocyte"
"CCDC88A-247","CCDC88A",0.667127523152558,NA,0.0371883477385391,0.0216841262353918,0.0155042215031473,0.326798669441287,0.365986658264147,0.828078912627196,0.955392638522348,FALSE,0.0701765554706731,"Oligodendrocyte"
"CCDC88A-255","CCDC88A",0.667127523152558,NA,0.158760974572013,0.192931722893948,-0.034170748321935,0.325924896807356,0.365145679085683,0.828078912627196,0.955392638522348,FALSE,0.342988710635769,"Oligodendrocyte"
"CCDC88A-266","CCDC88A",0.667127523152558,NA,0.0328996442285266,0.0844041129300271,-0.0515044687015006,0.732697767704707,0.739997835406371,0.943439316571531,0.977051941395206,FALSE,0.062070282658518,"Oligodendrocyte"
"CCNL2-201","CCNL2",0.216226182120213,NA,0.0882350378977267,0.0349128992840999,0.0533221386136268,0.344254153063232,0.382734949631778,0.831183771008174,0.955392638522348,FALSE,0.0236092967472827,"Oligodendrocyte"
"CCNL2-203","CCNL2",0.216226182120213,NA,0.253850967610202,0.0904405581727519,0.16341040943745,0.00759948276800201,0.0180825843859948,0.339412650451647,0.726245068833473,FALSE,0.106210792524715,"Oligodendrocyte"
"CCNL2-217","CCNL2",0.216226182120213,NA,0.57145600782494,0.858860940355355,-0.287404932530415,0.0195248903592785,0.0342601347703375,0.458733742410017,0.828650226894948,FALSE,0.870179910728002,"Oligodendrocyte"
"CCP110-201","CCP110",0.567601051665673,NA,0.567547654405605,0.448513824326107,0.119033830079497,0.184457962179414,0.245158815120181,0.749951723200456,0.939408822241557,FALSE,0.581043334319126,"Oligodendrocyte"
"CCP110-202","CCP110",0.567601051665673,NA,0.0346188631462668,0.0193034815199666,0.0153153816263002,0.973627549452605,0.955611056482561,0.992416359019485,0.992618996308137,FALSE,0.0299968728199947,"Oligodendrocyte"
"CCP110-203","CCP110",0.567601051665673,NA,0.391735415002111,0.521917474066851,-0.130182059064739,0.215245919312678,0.256112089345532,0.759053327603817,0.939408822241557,FALSE,0.388959792860879,"Oligodendrocyte"
"CCPG1-201","CCPG1",0.485960893890849,NA,0.225156084476421,0.256144229616178,-0.0309881451397572,0.970214331987902,0.952558241206773,0.991933763062446,0.992180883039089,FALSE,0.234533804684048,"Oligodendrocyte"
"CCPG1-203","CCPG1",0.485960893890849,NA,0.50547404679098,0.526491283162369,-0.0210172363713893,0.245789503281406,0.286773507154769,0.790002221658013,0.950773324279936,FALSE,0.739541906024451,"Oligodendrocyte"
"CCPG1-208","CCPG1",0.485960893890849,NA,0.240702883543874,0.206253376110341,0.0344495074335332,0.0751638531025078,0.117077475422268,0.680330632234799,0.939408822241557,FALSE,0.025924289291501,"Oligodendrocyte"
"CCSER2-201","CCSER2",0.613991650723365,NA,0.189735257829728,0.0690924678065274,0.1206427900232,0.987671157499925,0.968174225395301,0.997990940556512,0.997007734161334,FALSE,0.153864851725814,"Oligodendrocyte"
"CCSER2-202","CCSER2",0.613991650723365,NA,0.312761932446944,0.0810978910286589,0.231664041418285,0.259294387951515,0.325148381567805,0.796538058052414,0.955392638522348,FALSE,0.282865013774105,"Oligodendrocyte"
"CCSER2-203","CCSER2",0.613991650723365,NA,0.496142265505641,0.843366750107045,-0.347224484601404,0.408472815835844,0.443595508891481,0.852267111560684,0.956314979195592,FALSE,0.563270134500081,"Oligodendrocyte"
"CD164-202","CD164",0.547990664513232,NA,0.7844660824157,0.924773654707533,-0.140307572291833,0.15515051340869,0.212498175232974,0.73424998776817,0.939408822241557,FALSE,0.948284242247497,"Oligodendrocyte"
"CD164-203","CD164",0.547990664513232,NA,0.0261260097699486,0.067726610385925,-0.0416006006159764,0.15515051340869,0.193994885134956,0.73424998776817,0.939408822241557,FALSE,0.0517157577525032,"Oligodendrocyte"
"CD46-212","CD46",0.839444904473047,NA,0.451768325965697,0.324318609022556,0.127449716943141,0.59090830101107,0.611926300087266,0.942746505806972,0.977051941395206,FALSE,0.323504273504274,"Oligodendrocyte"
"CD46-219","CD46",0.839444904473047,NA,0.227596424718862,0.289813074352548,-0.0622166496336862,0.59090830101107,0.648965610778817,0.942746505806972,0.977051941395206,FALSE,0.676495726495727,"Oligodendrocyte"
"CD55-201","CD55",0.570123898578414,NA,0.118586001387411,0.450941915227629,-0.332355913840219,0.794997088789437,0.795869532354627,0.949516160280269,0.977051941395206,FALSE,0.127598186421716,"Oligodendrocyte"
"CD55-203","CD55",0.570123898578414,NA,0.134601171082353,0.175170068027211,-0.0405688969448576,0.211511614281763,0.252326480388937,0.752317574301022,0.939408822241557,FALSE,0.592357062945298,"Oligodendrocyte"
"CD55-204","CD55",0.570123898578414,NA,0.464529666787769,0.219256933542648,0.245272733245121,0.424370125660164,0.490704015440706,0.860092827930345,0.973453975768284,FALSE,0.280044750632986,"Oligodendrocyte"
"CD9-208","CD9",0.953546068821322,NA,0.649340375916801,0.513164459198988,0.136175916717813,0.911327998598699,0.941292753107114,0.981667464976663,0.992180883039089,FALSE,0.988636363636364,"Oligodendrocyte"
"CD9-220","CD9",0.953546068821322,NA,0.114178051938926,0.171363633771849,-0.0571855818329227,0.911327998598699,0.899913040332813,0.981667464976663,0.989551272174561,FALSE,0.0113636363636364,"Oligodendrocyte"
"CDC42-208","CDC42",0.899285273117082,NA,0.629270746897093,0.549667311064155,0.0796034358329382,0.802561791213185,0.843200580305162,0.949516160280269,0.977996986561973,FALSE,0.618022328548644,"Oligodendrocyte"
"CDC42-210","CDC42",0.899285273117082,NA,0.256350734989233,0.345101267814593,-0.0887505328253607,0.802561791213184,0.802643574553682,0.949516160280269,0.977051941395206,FALSE,0.381977671451356,"Oligodendrocyte"
"CDC42BPA-204","CDC42BPA",0.55493002022109,NA,0.327993366341181,0.194514501891551,0.13347886444963,0.165076760423343,0.223663436373535,0.741907485974173,0.939408822241557,FALSE,0.33695652173913,"Oligodendrocyte"
"CDC42BPA-205","CDC42BPA",0.55493002022109,NA,0.169613734505819,0.480332072299285,-0.310718337793466,0.417875208912916,0.452418827922411,0.854973274578952,0.960016699907608,FALSE,0.133333333333333,"Oligodendrocyte"
"CDC42BPA-209","CDC42BPA",0.55493002022109,NA,0.377468302862124,0.0922572509457755,0.285211051916348,0.867015620759476,0.901424658753854,0.969964024072751,0.989551272174561,FALSE,0.529710144927536,"Oligodendrocyte"
"CDH11-201","CDH11",0.55493002022109,NA,0.698667573658607,0.564599483204134,0.134068090454472,0.161539406947012,0.219697399466153,0.741907485974173,0.939408822241557,FALSE,0.973611111111111,"Oligodendrocyte"
"CDH11-219","CDH11",0.55493002022109,NA,0.265274734033701,0.423191214470284,-0.157916480436583,0.161539406947012,0.200735393250232,0.741907485974173,0.939408822241557,FALSE,0.0263888888888889,"Oligodendrocyte"
"CDK5RAP2-223","CDK5RAP2",0.49546314464878,NA,0.0650747966241792,0.329035534992674,-0.263960738368494,0.0999105524360579,0.133834065795498,0.695239622607282,0.939408822241557,FALSE,0.134099616858238,"Oligodendrocyte"
"CDK5RAP2-241","CDK5RAP2",0.49546314464878,NA,0.516788199712995,0.520277608040455,-0.00348940832745981,0.099910552436058,0.147889509338725,0.695239622607282,0.939408822241557,FALSE,0.865900383141762,"Oligodendrocyte"
"CDKN1B-201","CDKN1B",0.865178442901418,NA,0.54274195331852,0.594468305360997,-0.0517263520424776,0.697680851434689,0.708508471687458,0.942746505806972,0.977051941395206,FALSE,0.378157843707582,"Oligodendrocyte"
"CDKN1B-205","CDKN1B",0.865178442901418,NA,0.45725804668148,0.405531694639003,0.0517263520424774,0.697680851434689,0.747654258096688,0.942746505806972,0.977051941395206,FALSE,0.621842156292418,"Oligodendrocyte"
"CDKN2AIP-201","CDKN2AIP",0.798142111139532,NA,0.637410084749175,0.441575498123778,0.195834586625397,0.511785781188708,0.574570880334907,0.923553362703959,0.977051941395206,FALSE,0.346569499401024,"Oligodendrocyte"
"CDKN2AIP-203","CDKN2AIP",0.798142111139532,NA,0.362589915250825,0.558424501876222,-0.195834586625397,0.511785781188708,0.539573165776676,0.923553362703959,0.977051941395206,FALSE,0.653430500598976,"Oligodendrocyte"
"CEP126-201","CEP126",0.892575459797007,NA,0.54885096889883,0.388924556087968,0.159926412810862,0.754941686606935,0.759966219911058,0.949516160280269,0.977051941395206,FALSE,0.318181818181818,"Oligodendrocyte"
"CEP126-204","CEP126",0.892575459797007,NA,0.220447310088967,0.430370434635594,-0.209923124546627,0.754941686606934,0.79995983300433,0.949516160280269,0.977051941395206,FALSE,0.681818181818182,"Oligodendrocyte"
"CEP68-217","CEP68",0.64838654037417,NA,0.178047486537734,0.270120479391571,-0.092072992853837,0.306869965673272,0.346740367044921,0.815075317840027,0.955392638522348,FALSE,0.403662358010184,"Oligodendrocyte"
"CEP68-220","CEP68",0.64838654037417,NA,0.303261067096337,0.363662461435683,-0.0604013943393462,0.306869965673271,0.374108074927709,0.815075317840027,0.955392638522348,FALSE,0.596337641989816,"Oligodendrocyte"
"CEP97-201","CEP97",0.711140866232064,NA,0.301385058443022,0.315638869177987,-0.0142538107349652,0.64604779733465,0.661925794122405,0.942746505806972,0.977051941395206,FALSE,0.875,"Oligodendrocyte"
"CEP97-207","CEP97",0.711140866232064,NA,0.0822388680585284,0.173963023315576,-0.0917241552570479,0.403051688646375,0.438498945762198,0.851099831072605,0.955392638522348,FALSE,0,"Oligodendrocyte"
"CEP97-213","CEP97",0.711140866232064,NA,0.396176961357403,0.407531726799505,-0.0113547654421015,0.482092263258239,0.546304065717765,0.915284953274293,0.977051941395206,FALSE,0.125,"Oligodendrocyte"
"CGGBP1-201","CGGBP1",0.562028946438583,NA,0.566271272080648,0.543452380952381,0.0228188911282667,0.177618308263796,0.237616586346277,0.746356037875443,0.939408822241557,FALSE,0.904761904761905,"Oligodendrocyte"
"CGGBP1-202","CGGBP1",0.562028946438583,NA,0.416507609447761,0.42702380952381,-0.0105162000760482,0.177618308263797,0.217541753579977,0.746356037875443,0.939408822241557,FALSE,0.0952380952380952,"Oligodendrocyte"
"CHD7-201","CHD7",0.899048571397129,NA,0.807632049830333,0.795183212185418,0.012448837644915,0.769655606782742,0.773162304637952,0.949516160280269,0.977051941395206,FALSE,0.989247311827957,"Oligodendrocyte"
"CHD7-214","CHD7",0.899048571397129,NA,0.105160300991377,0.073647436502691,0.0315128644886862,0.769655606782893,0.813343520352034,0.949516160280269,0.977051941395206,FALSE,0.010752688172043,"Oligodendrocyte"
"CHD9-203","CHD9",0.423719539477522,NA,0.134209823494291,0.108575286034162,0.0256345374601295,0.0560654185399603,0.0920840064492776,0.630577222834753,0.939408822241557,FALSE,0.0632921476671477,"Oligodendrocyte"
"CHD9-213","CHD9",0.423719539477522,NA,0.731886517063336,0.693821373186871,0.0380651438764653,0.912057845436319,0.94194848352376,0.981788925635442,0.992180883039089,FALSE,0.835394620811287,"Oligodendrocyte"
"CHD9-216","CHD9",0.423719539477522,NA,0.110361239729181,0.182438538161376,-0.0720772984321944,0.978595467702276,0.998371317035964,0.995489379229106,0.998371317035964,FALSE,0.101313231521565,"Oligodendrocyte"
"CHORDC1-201","CHORDC1",0.861048942720289,NA,0.482827167605393,0.526067500144478,-0.0432403325390846,0.649730238513175,0.703542099284685,0.942746505806972,0.977051941395206,FALSE,0.684398706628529,"Oligodendrocyte"
"CHORDC1-209","CHORDC1",0.861048942720289,NA,0.374539170506912,0.307265833188855,0.0672733373180571,0.649730238513176,0.665254931580794,0.942746505806972,0.977051941395206,FALSE,0.315601293371471,"Oligodendrocyte"
"CHTOP-203","CHTOP",0.567601051665673,NA,0.305027228518608,0.351831501831502,-0.0468042733128941,0.190782461525274,0.231148383172339,0.749951723200456,0.939408822241557,FALSE,0.498997493734336,"Oligodendrocyte"
"CHTOP-206","CHTOP",0.567601051665673,NA,0.646763222409774,0.644505494505495,0.00225772790427958,0.190782461525275,0.252093252493196,0.749951723200456,0.939408822241557,FALSE,0.501002506265664,"Oligodendrocyte"
"CIRBP-201","CIRBP",0.485960893890849,NA,0.212934900807908,0.116981966053748,0.0959529347541602,0.31656846445267,0.383945517861753,0.820201433060846,0.955392638522348,FALSE,0.223291256157635,"Oligodendrocyte"
"CIRBP-214","CIRBP",0.485960893890849,NA,0.587371145717631,0.642323068158464,-0.054951922440833,0.910084681674044,0.940175632626883,0.981667464976663,0.992180883039089,FALSE,0.71261802134647,"Oligodendrocyte"
"CIRBP-225","CIRBP",0.485960893890849,NA,0.102906115089553,0.160248438992251,-0.0573423239026982,0.0852388112730877,0.117114642859397,0.680330632234799,0.939408822241557,FALSE,0.0640907224958949,"Oligodendrocyte"
"CLASP2-205","CLASP2",0.380433199797555,NA,0.307141731278562,0.23181600002414,0.0753257312544227,0.0650104267141231,0.0933217558262072,0.657602847334908,0.939408822241557,FALSE,0.307399636526995,"Oligodendrocyte"
"CLASP2-207","CLASP2",0.380433199797555,NA,0.130562202825944,0.156028242097731,-0.0254660392717867,0.549338471903686,0.610035668136317,0.932609883902397,0.977051941395206,FALSE,0.0634183819325329,"Oligodendrocyte"
"CLASP2-226","CLASP2",0.380433199797555,NA,0.557736069154294,0.556814936665097,0.000921132489196674,0.046465123639396,0.0789715634391811,0.568661628540608,0.939408822241557,FALSE,0.629181981540472,"Oligodendrocyte"
"CLCN3-205","CLCN3",0.201462645390841,NA,0.368309744733109,0.288994558175972,0.0793151865571368,0.00522880148342643,0.0115245931028756,0.319962429235825,0.726245068833473,FALSE,0.413273062112841,"Oligodendrocyte"
"CLCN3-208","CLCN3",0.201462645390841,NA,0.347004525101008,0.352150733246508,-0.00514620814550043,0.00522880148342642,0.013351610091058,0.319962429235825,0.726245068833473,FALSE,0.586726937887159,"Oligodendrocyte"
"CLDND1-201","CLDND1",0.378475426364391,NA,0.605474703921789,0.586230445823086,0.019244258098703,0.170552121258695,0.210182509577042,0.741907485974173,0.939408822241557,FALSE,0.595961839516777,"Oligodendrocyte"
"CLDND1-202","CLDND1",0.378475426364391,NA,0.178740191968818,0.118558691089667,0.0601815008791511,0.0450703561166755,0.0770286014677321,0.564621547886857,0.939408822241557,FALSE,0.27266035853814,"Oligodendrocyte"
"CLDND1-203","CLDND1",0.378475426364391,NA,0.143150457896995,0.122836755826292,0.0203137020707027,0.301591596956397,0.368735022622447,0.812129656139409,0.955392638522348,FALSE,0.089984593342754,"Oligodendrocyte"
"CLDND1-204","CLDND1",0.378475426364391,NA,0.0140752534613921,0.0240362655299867,-0.00996101206859469,0.921430232567463,0.90894264334514,0.984501207946439,0.989551272174561,FALSE,0.0215688121692389,"Oligodendrocyte"
"CLDND1-208","CLDND1",0.378475426364391,NA,0.0547499962113652,0.144949901477405,-0.0901999052660402,0.803084478621414,0.803111565044155,0.949516160280269,0.977051941395206,FALSE,0.0198243964330904,"Oligodendrocyte"
"CLIC4-201","CLIC4",0.313501695865751,NA,0.386481656914373,0.293772930321266,0.0927087265931071,0.0211683092799873,0.0415834541593606,0.458733742410017,0.828650226894948,FALSE,0.325035178390605,"Oligodendrocyte"
"CLIC4-202","CLIC4",0.313501695865751,NA,0.613518343085627,0.706227069678734,-0.092708726593107,0.0211683092799875,0.0366365794233316,0.458733742410017,0.828650226894948,FALSE,0.674964821609395,"Oligodendrocyte"
"CLIP1-210","CLIP1",0.802781775096356,NA,0.202887283886208,0.218223770016998,-0.01533648613079,0.528822824276119,0.590697960269042,0.923553362703959,0.977051941395206,FALSE,0.180411694280307,"Oligodendrocyte"
"CLIP1-219","CLIP1",0.802781775096356,NA,0.59170936617583,0.595733770147715,-0.00402440397188564,0.52882282427612,0.555223547203476,0.923553362703959,0.977051941395206,FALSE,0.819588305719693,"Oligodendrocyte"
"CLK1-201","CLK1",0.547990664513232,NA,0.122847752083713,0.119848147835822,0.00299960424789142,0.153808532920048,0.192574229016831,0.73424998776817,0.939408822241557,FALSE,0.0743086037075584,"Oligodendrocyte"
"CLK1-210","CLK1",0.547990664513232,NA,0.875237024370543,0.878033208096382,-0.00279618372583879,0.153808532920048,0.210979904005248,0.73424998776817,0.939408822241557,FALSE,0.925691396292442,"Oligodendrocyte"
"CLTC-205","CLTC",0.862077941445956,NA,0.37827055365954,0.593089229993992,-0.214818676334452,0.681601281216586,0.694022803881124,0.942746505806972,0.977051941395206,FALSE,0.733333333333333,"Oligodendrocyte"
"CLTC-209","CLTC",0.862077941445956,NA,0.29870190057851,0.160922146636432,0.137779753942077,0.681601281216585,0.732896074593391,0.942746505806972,0.977051941395206,FALSE,0.266666666666667,"Oligodendrocyte"
"CLU-201","CLU",0.216226182120213,NA,0.83116023160143,0.922247014773898,-0.0910867831724684,0.0229305991062681,0.0443820506262416,0.458733742410017,0.828650226894948,FALSE,0.774248930091998,"Oligodendrocyte"
"CLU-202","CLU",0.216226182120213,NA,0.0628995581546658,0.0307081660658337,0.0321913920888321,0.675641844562163,0.727417851576282,0.942746505806972,0.977051941395206,FALSE,0.0261604608989185,"Oligodendrocyte"
"CLU-215","CLU",0.216226182120213,NA,0.0630204938610109,0.047044819160268,0.0159756747007429,0.00645404301307192,0.0137103394001836,0.339412650451647,0.726245068833473,FALSE,0.199590609009084,"Oligodendrocyte"
"CNBP-201","CNBP",0.67307114674688,NA,0.495052003326212,0.381280193236715,0.113771810089497,0.337269098291906,0.404798649890527,0.828078912627196,0.955392638522348,FALSE,0.595238095238095,"Oligodendrocyte"
"CNBP-207","CNBP",0.67307114674688,NA,0.366756726538731,0.529227053140097,-0.162470326601365,0.337269098291906,0.37604458389987,0.828078912627196,0.955392638522348,FALSE,0.404761904761905,"Oligodendrocyte"
"CNDP2-201","CNDP2",0.862077941445956,NA,0.669706614042918,0.704217764921097,-0.0345111508781788,0.67698422459562,0.728652248147036,0.942746505806972,0.977051941395206,FALSE,0.706975036210863,"Oligodendrocyte"
"CNDP2-209","CNDP2",0.862077941445956,NA,0.280450472810512,0.265174705368965,0.0152757674415464,0.67698422459562,0.689860076921359,0.942746505806972,0.977051941395206,FALSE,0.293024963789137,"Oligodendrocyte"
"CNP-201","CNP",0.613991650723365,NA,0.0119917354105237,0.00428907905865662,0.00770265635186712,0.263013449837089,0.32902140108273,0.796538058052414,0.955392638522348,FALSE,0.00702589106160824,"Oligodendrocyte"
"CNP-202","CNP",0.613991650723365,NA,0.986412862866592,0.993741166291072,-0.00732830342447988,0.263013449837091,0.303849661782054,0.796538058052414,0.95108705329265,FALSE,0.992974108938392,"Oligodendrocyte"
"CNTNAP4-201","CNTNAP4",0.613991650723365,NA,0.374119128247373,0.287283783228563,0.0868353450188094,0.257728517586155,0.323515174091751,0.796538058052414,0.955392638522348,FALSE,0.0770491803278689,"Oligodendrocyte"
"CNTNAP4-207","CNTNAP4",0.613991650723365,NA,0.364516528095894,0.525573102343838,-0.161056574247945,0.333342245249719,0.372276615462408,0.828078912627196,0.955392638522348,FALSE,0.859702956424268,"Oligodendrocyte"
"CNTNAP4-208","CNTNAP4",0.613991650723365,NA,0.210609502012021,0.165870671024007,0.0447388309880133,0.797453310671241,0.798069229683946,0.949516160280269,0.977051941395206,FALSE,0.0632478632478632,"Oligodendrocyte"
"COASY-201","COASY",0.870554343068275,NA,0.601445489376524,0.650447700447701,-0.0490022110711766,0.725270759264669,0.772902875031968,0.942746505806972,0.977051941395206,FALSE,0.770833333333333,"Oligodendrocyte"
"COASY-202","COASY",0.870554343068275,NA,0.327237896203413,0.3495522995523,-0.0223144033488861,0.725270759264669,0.733324947237662,0.942746505806972,0.977051941395206,FALSE,0.229166666666667,"Oligodendrocyte"
"COG1-201","COG1",0.878179829966294,NA,0.665492813669766,0.635938506858142,0.0295543068116235,0.738743643223554,0.785200580794087,0.947855755136028,0.977051941395206,FALSE,0.985357645167772,"Oligodendrocyte"
"COG1-202","COG1",0.878179829966294,NA,0.331571862466823,0.353032081377152,-0.0214602189103287,0.738743643223554,0.74542766218886,0.947855755136028,0.977051941395206,FALSE,0.0146423548322282,"Oligodendrocyte"
"COG4-201","COG4",0.49546314464878,NA,0.243985933048433,0.420566073724125,-0.176580140675692,0.871915751557263,0.864684159753899,0.971169461860614,0.98281015465253,FALSE,0.577326975192829,"Oligodendrocyte"
"COG4-221","COG4",0.49546314464878,NA,0.20086569884364,0.150664390423068,0.0502013084205724,0.104676635558691,0.139185084280607,0.695239622607282,0.939408822241557,FALSE,0.0256410256410256,"Oligodendrocyte"
"COG4-222","COG4",0.49546314464878,NA,0.534178869197252,0.428769535852807,0.105409333344444,0.0955090139867347,0.142514609885243,0.695239622607282,0.939408822241557,FALSE,0.397031999166146,"Oligodendrocyte"
"COL4A5-202","COL4A5",0.187003523636946,NA,0.30749600893554,0.131727088869946,0.175768920065594,0.00210851594519774,0.00639787256836821,0.29669344505911,0.726245068833473,FALSE,0.235539504716981,"Oligodendrocyte"
"COL4A5-205","COL4A5",0.187003523636946,NA,0.499538253100585,0.722872465378114,-0.223334212277529,0.0231404019046452,0.0394488061070664,0.458733742410017,0.828650226894948,FALSE,0.733210495283019,"Oligodendrocyte"
"COL4A5-212","COL4A5",0.187003523636946,NA,0.192965737963875,0.14540044575194,0.0475652922119352,0.718605236553643,0.766811208588531,0.942746505806972,0.977051941395206,FALSE,0.03125,"Oligodendrocyte"
"COPS2-201","COPS2",0.978125768371506,NA,0.37842954717582,0.152260702260702,0.226168844915117,0.960205906966227,0.985152171026429,0.991933763062446,0.997007734161334,FALSE,0.21217827997489,"Oligodendrocyte"
"COPS2-202","COPS2",0.978125768371506,NA,0.62157045282418,0.847739297739298,-0.226168844915117,0.960205906966227,0.943607766315829,0.991933763062446,0.992180883039089,FALSE,0.78782172002511,"Oligodendrocyte"
"CPB2-AS1-201","CPB2-AS1",0.68338950060965,NA,0.227465614480531,0.162552763366798,0.0649128511137336,0.688565217045047,0.739291788287291,0.942746505806972,0.977051941395206,FALSE,0.301555776233035,"Oligodendrocyte"
"CPB2-AS1-202","CPB2-AS1",0.68338950060965,NA,0.416490505328842,0.500134624911689,-0.0836441195828475,0.975530703276755,0.957313350473481,0.993006621185744,0.992884967798767,FALSE,0.477411741001396,"Oligodendrocyte"
"CPB2-AS1-204","CPB2-AS1",0.68338950060965,NA,0.15704477555153,0.133458506338341,0.0235862692131892,0.352405187725453,0.390523130083734,0.831183771008174,0.955392638522348,FALSE,0.181861030755724,"Oligodendrocyte"
"CPB2-AS1-213","CPB2-AS1",0.68338950060965,NA,0.0884427265366231,0.118666532061855,-0.0302238055252316,0.409526511961107,0.47624985955082,0.852267111560684,0.962095112983767,FALSE,0.0391714520098441,"Oligodendrocyte"
"CPM-202","CPM",0.655428864064341,NA,0.0672460250976363,0.10225232450124,-0.035006299403604,0.315978674670511,0.355554445860312,0.820201433060846,0.955392638522348,FALSE,0.0591553043715018,"Oligodendrocyte"
"CPM-211","CPM",0.655428864064341,NA,0.930274435437806,0.896610573484465,0.0336638619533408,0.315978674670512,0.383348546632682,0.820201433060846,0.955392638522348,FALSE,0.940844695628498,"Oligodendrocyte"
"CREB1-201","CREB1",0.49546314464878,NA,0.671585316577461,0.863065388793873,-0.191480072216412,0.0952278212777113,0.128539980411875,0.695239622607282,0.939408822241557,FALSE,0.805494505494506,"Oligodendrocyte"
"CREB1-206","CREB1",0.49546314464878,NA,0.328414683422539,0.136934611206127,0.191480072216412,0.0952278212777111,0.142169821926596,0.695239622607282,0.939408822241557,FALSE,0.194505494505495,"Oligodendrocyte"
"CREB5-201","CREB5",0.718700157565952,NA,0.38569799772877,0.341842761200866,0.0438552365279042,0.413664060156281,0.480285805007428,0.852950439187176,0.964226841654836,FALSE,0.287032799389779,"Oligodendrocyte"
"CREB5-202","CREB5",0.718700157565952,NA,0.59524050438613,0.625324105545833,-0.0300836011597031,0.413664060156281,0.448469531028062,0.852950439187176,0.959883068031057,FALSE,0.712967200610221,"Oligodendrocyte"
"CREBRF-201","CREBRF",0.706148254048711,NA,0.625351590358009,0.631992564173415,-0.0066409738154064,0.393502462179816,0.460566627099495,0.847892894974602,0.960016699907608,FALSE,0.923247466216216,"Oligodendrocyte"
"CREBRF-204","CREBRF",0.706148254048711,NA,0.224957748213846,0.339473026973027,-0.114515278759181,0.393502462179816,0.429504292474346,0.847892894974602,0.955392638522348,FALSE,0.0767525337837838,"Oligodendrocyte"
"CREBZF-202","CREBZF",0.49546314464878,NA,0.145914396213534,0.0760337626763556,0.0698806335371781,0.0970912702164635,0.144451513445106,0.695239622607282,0.939408822241557,FALSE,0.141403173888254,"Oligodendrocyte"
"CREBZF-203","CREBZF",0.49546314464878,NA,0.204577364040973,0.112603755301431,0.0919736087395422,0.841291962670659,0.878224275749746,0.962679326180539,0.983948044086169,FALSE,0.205377170197734,"Oligodendrocyte"
"CREBZF-204","CREBZF",0.49546314464878,NA,0.647479468160947,0.746145090717866,-0.0986656225569184,0.248930662751472,0.289898494312501,0.793010677562821,0.95108705329265,FALSE,0.653219655914011,"Oligodendrocyte"
"CRELD1-234","CRELD1",0.731677394930628,NA,0.112508605618986,0.105050086541079,0.00745851907790701,0.846302899510513,0.882747292116746,0.962679326180539,0.984198277335489,FALSE,0.22170313908696,"Oligodendrocyte"
"CRELD1-256","CRELD1",0.731677394930628,NA,0.0943489580480609,0.19817498633177,-0.103826028283709,0.429357748891815,0.46316738915476,0.863661405538229,0.960016699907608,FALSE,0.618038480452422,"Oligodendrocyte"
"CRELD1-274","CRELD1",0.731677394930628,NA,0.121569430488527,0.148059501271589,-0.0264900707830616,0.544772378113968,0.605739240408013,0.932609883902397,0.977051941395206,FALSE,0.160258380460618,"Oligodendrocyte"
"CRK-201","CRK",0.216226182120213,NA,0.256161030378637,0.674619096143012,-0.418458065764374,0.00824572510316336,0.0167840865702162,0.339412650451647,0.726245068833473,FALSE,0.725226860254083,"Oligodendrocyte"
"CRK-202","CRK",0.216226182120213,NA,0.743838969621363,0.325380903856988,0.418458065764374,0.00824572510316326,0.0193210693845684,0.339412650451647,0.726245068833473,FALSE,0.274773139745916,"Oligodendrocyte"
"CSDE1-202","CSDE1",0.378475426364391,NA,0.351160894401007,0.542376424793181,-0.191215530392174,0.858527010695936,0.893773706199436,0.965994677522797,0.987675716805892,FALSE,0.788115250162216,"Oligodendrocyte"
"CSDE1-203","CSDE1",0.378475426364391,NA,0.0390905122982271,0.0259133496337694,0.0131771626644577,0.298081081960888,0.365153886638434,0.810678634871407,0.955392638522348,FALSE,0.113921362864905,"Oligodendrocyte"
"CSDE1-204","CSDE1",0.378475426364391,NA,0.0412898196685892,0.046760233981978,-0.00547041431338883,0.0448888073634935,0.0684793703064398,0.564621547886857,0.907922317979547,FALSE,0.0428209589919039,"Oligodendrocyte"
"CSDE1-221","CSDE1",0.378475426364391,NA,0.114109189450715,0.0369227813435421,0.0771864081071726,0.358712277314777,0.426207496856652,0.831183771008174,0.955392638522348,FALSE,0.0242845034158005,"Oligodendrocyte"
"CSDE1-224","CSDE1",0.378475426364391,NA,0.0464443415228342,0.0580151485358393,-0.0115708070130052,0.875831898537386,0.909366006653081,0.971169461860614,0.989551272174561,FALSE,0.00140056022408964,"Oligodendrocyte"
"CSDE1-226","CSDE1",0.378475426364391,NA,0.0357321099410176,0.0591408256270733,-0.0234087156860557,0.798979876895982,0.799436265830671,0.949516160280269,0.977051941395206,FALSE,0.0294573643410853,"Oligodendrocyte"
"CSNK1A1-201","CSNK1A1",0.567601051665673,NA,0.313587229463291,0.182552726337449,0.131034503125842,0.803225481431886,0.803237811119112,0.949516160280269,0.977051941395206,FALSE,0.130875291837364,"Oligodendrocyte"
"CSNK1A1-202","CSNK1A1",0.567601051665673,NA,0.164930981368193,0.372773919753086,-0.207842938384893,0.19970297896181,0.240297382578688,0.749951723200456,0.939408822241557,FALSE,0.159045857010704,"Oligodendrocyte"
"CSNK1A1-207","CSNK1A1",0.567601051665673,NA,0.309343927287885,0.167645318930041,0.141698608357843,0.524701765572568,0.586802840153935,0.923553362703959,0.977051941395206,FALSE,0.346923043037752,"Oligodendrocyte"
"CSNK1A1-212","CSNK1A1",0.567601051665673,NA,0.212137861880632,0.2749704218107,-0.0628325599300679,0.527474315472015,0.589423786512581,0.923553362703959,0.977051941395206,FALSE,0.36315580811418,"Oligodendrocyte"
"CSRP1-202","CSRP1",0.623317620580672,NA,0.409685974187168,0.394325687834816,0.0153602863523525,0.279779206794989,0.320340237166447,0.802033726145636,0.955392638522348,FALSE,0.327713222450065,"Oligodendrocyte"
"CSRP1-215","CSRP1",0.623317620580672,NA,0.581964889627489,0.594362094970614,-0.0123972053431249,0.279779206794989,0.346380626726643,0.802033726145636,0.955392638522348,FALSE,0.672286777549935,"Oligodendrocyte"
"CTNNA3-201","CTNNA3",0.825188264991889,NA,0.462073816244723,0.533383831480469,-0.0713100152357457,0.571962553139416,0.63126313632319,0.939104666712911,0.977051941395206,FALSE,0.430465367965368,"Oligodendrocyte"
"CTNNA3-210","CTNNA3",0.825188264991889,NA,0.420425911051723,0.359584776137537,0.0608411349141861,0.571962553139416,0.594673501742488,0.939104666712911,0.977051941395206,FALSE,0.569534632034632,"Oligodendrocyte"
"CTNNB1-201","CTNNB1",0.847960094086988,NA,0.555225721176105,0.506659348186716,0.0485663729893887,0.623701634475262,0.679460126515704,0.942746505806972,0.977051941395206,FALSE,0.48100291896694,"Oligodendrocyte"
"CTNNB1-202","CTNNB1",0.847960094086988,NA,0.187543201067567,0.227597053463216,-0.0400538523956498,0.623701634475261,0.641698012472897,0.942746505806972,0.977051941395206,FALSE,0.51899708103306,"Oligodendrocyte"
"CTSF-201","CTSF",0.981899171768505,NA,0.396653253012451,0.346148271371486,0.0505049816409657,0.971405592833575,0.953623692413099,0.991933763062446,0.992180883039089,FALSE,0.461290322580645,"Oligodendrocyte"
"CTSF-224","CTSF",0.981899171768505,NA,0.291820018605733,0.268635398871087,0.023184619734646,0.971405592833575,0.995188156569061,0.991933763062446,0.997104893063728,FALSE,0.538709677419355,"Oligodendrocyte"
"CTTNBP2-201","CTTNBP2",0.541323808589515,NA,0.698213054234387,0.755283648876566,-0.0570705946421793,0.143580142858688,0.181688327584366,0.73311707454587,0.939408822241557,FALSE,0.358780134860962,"Oligodendrocyte"
"CTTNBP2-206","CTTNBP2",0.541323808589515,NA,0.301786945765613,0.244716351123434,0.0570705946421794,0.143580142858688,0.199334946255579,0.73311707454587,0.939408822241557,FALSE,0.641219865139038,"Oligodendrocyte"
"CWC22-201","CWC22",0.862614080016457,NA,0.582102786236226,0.404795826410075,0.177306959826151,0.690091264013165,0.740692481926018,0.942746505806972,0.977051941395206,FALSE,0.711323763955343,"Oligodendrocyte"
"CWC22-202","CWC22",0.862614080016457,NA,0.417897213763774,0.595204173589925,-0.177306959826151,0.690091264013167,0.701673409033892,0.942746505806972,0.977051941395206,FALSE,0.288676236044657,"Oligodendrocyte"
"CYTH1-205","CYTH1",0.584171280858503,NA,0.561270630447052,0.471603242224808,0.0896673882222437,0.862392291015534,0.856169932725295,0.969601536630674,0.980439832000388,FALSE,0.448977187028658,"Oligodendrocyte"
"CYTH1-209","CYTH1",0.584171280858503,NA,0.301672872185056,0.335235431921558,-0.0335625597365022,0.667482873873803,0.681288737528919,0.942746505806972,0.977051941395206,FALSE,0.426465874811463,"Oligodendrocyte"
"CYTH1-214","CYTH1",0.584171280858503,NA,0.137056497367892,0.192738671584825,-0.0556821742169334,0.222902236989206,0.28677731957836,0.764879735650755,0.950773324279936,FALSE,0.124556938159879,"Oligodendrocyte"
"DAAM2-204","DAAM2",0.535288257347791,NA,0.811465346787295,0.850480718979212,-0.0390153721919166,0.1299402029287,0.166999886982642,0.73311707454587,0.939408822241557,FALSE,0.949581768713602,"Oligodendrocyte"
"DAAM2-211","DAAM2",0.535288257347791,NA,0.162785057463109,0.146187335997881,0.016597721465228,0.1299402029287,0.183590059205793,0.73311707454587,0.939408822241557,FALSE,0.0504182312863985,"Oligodendrocyte"
"DBNDD2-202","DBNDD2",0.865178442901418,NA,0.0662334869657148,0.071243478408871,-0.00500999144315628,0.695372872058159,0.706430347686954,0.942746505806972,0.977051941395206,FALSE,0.0637789760596778,"Oligodendrocyte"
"DBNDD2-203","DBNDD2",0.865178442901418,NA,0.862908820310364,0.836612874569081,0.0262959457412835,0.714110430762166,0.762700474414229,0.942746505806972,0.977051941395206,FALSE,0.845672261461735,"Oligodendrocyte"
"DBNDD2-209","DBNDD2",0.865178442901418,NA,0.0436231635681896,0.0587306066285688,-0.0151074430603791,0.715954699584538,0.724950466980683,0.942746505806972,0.977051941395206,FALSE,0.090548762478587,"Oligodendrocyte"
"DDRGK1-201","DDRGK1",0.861048942720289,NA,0.419884271004299,0.600892857142857,-0.181008586138558,0.650880015568581,0.666294161956165,0.942746505806972,0.977051941395206,FALSE,0.526695526695527,"Oligodendrocyte"
"DDRGK1-202","DDRGK1",0.861048942720289,NA,0.523025118456814,0.355357142857143,0.167667975599672,0.650880015568581,0.704603551448477,0.942746505806972,0.977051941395206,FALSE,0.473304473304473,"Oligodendrocyte"
"DDX17-201","DDX17",0.535288257347791,NA,0.859985950077038,0.926128818977006,-0.0661428688999685,0.268022502704627,0.308789529375415,0.797861987777359,0.95108705329265,FALSE,0.875310552515035,"Oligodendrocyte"
"DDX17-202","DDX17",0.535288257347791,NA,0.0613583577166348,0.0331726869532129,0.0281856707634219,0.129796248274085,0.183422474954439,0.73311707454587,0.939408822241557,FALSE,0.0997803898842872,"Oligodendrocyte"
"DDX17-204","DDX17",0.535288257347791,NA,0.0419123273287899,0.0142200492612457,0.0276922780675442,0.94984325505435,0.934342096484124,0.99095122543703,0.992180883039089,FALSE,0.024909057600678,"Oligodendrocyte"
"DDX24-206","DDX24",0.73334928344969,NA,0.271366584411692,0.0985587916479376,0.172807792763755,0.436650718389891,0.502611504015895,0.865411901943467,0.977051941395206,FALSE,0.0170107111236911,"Oligodendrocyte"
"DDX24-208","DDX24",0.73334928344969,NA,0.712260233768288,0.893620163267362,-0.181359929499074,0.436650718389892,0.46997946914466,0.865411901943467,0.961359243492012,FALSE,0.982989288876309,"Oligodendrocyte"
"DDX39B-215","DDX39B",0.623317620580672,NA,0.552092585708479,0.678297711017208,-0.12620512530873,0.278457742642016,0.319044896007292,0.802033726145636,0.955392638522348,FALSE,0.720729141945681,"Oligodendrocyte"
"DDX39B-219","DDX39B",0.623317620580672,NA,0.395366958411163,0.282426656454782,0.112940301956381,0.278457742642017,0.345018175199304,0.802033726145636,0.955392638522348,FALSE,0.279270858054319,"Oligodendrocyte"
"DDX5-201","DDX5",0.853419941634372,NA,0.371363713315358,0.264570716668416,0.106792996646942,0.974327060206434,0.99780534795894,0.992416359019485,0.998371317035964,FALSE,0.547204862978164,"Oligodendrocyte"
"DDX5-212","DDX5",0.853419941634372,NA,0.057933561643197,0.0276918589553236,0.0302417026878734,0.631921636172016,0.649144020538115,0.942746505806972,0.977051941395206,FALSE,0.0168322325961491,"Oligodendrocyte"
"DDX5-215","DDX5",0.853419941634372,NA,0.406536647958337,0.587450078898406,-0.180913430940069,0.842695049579424,0.879490925063289,0.962679326180539,0.983948044086169,FALSE,0.372687495014227,"Oligodendrocyte"
"DDX5-241","DDX5",0.853419941634372,NA,0.11515511302097,0.0896224145723659,0.0255326984486038,0.678622752447255,0.691337546061448,0.942746505806972,0.977051941395206,FALSE,0.06327540941146,"Oligodendrocyte"
"DDX54-201","DDX54",0.92154807505896,NA,0.468830701840411,0.500787224471435,-0.0319565226310244,0.848387006504661,0.884627938546202,0.96275586829452,0.984914660760677,FALSE,0.365358172543801,"Oligodendrocyte"
"DDX54-202","DDX54",0.92154807505896,NA,0.531169298159589,0.499212775528565,0.0319565226310244,0.848387006504662,0.84364669335845,0.96275586829452,0.977996986561973,FALSE,0.634641827456199,"Oligodendrocyte"
"DHCR7-201","DHCR7",0.855765165815389,NA,0.756508132713059,0.781236384221138,-0.0247282515080792,0.638884223028588,0.655446179266451,0.942746505806972,0.977051941395206,FALSE,0.69339735577179,"Oligodendrocyte"
"DHCR7-205","DHCR7",0.855765165815389,NA,0.151817570394367,0.207384521816738,-0.0555669514223713,0.638884223028588,0.693519700894218,0.942746505806972,0.977051941395206,FALSE,0.30660264422821,"Oligodendrocyte"
"DICER1-225","DICER1",0.79218892440052,NA,0.111689919594343,0.311335658070079,-0.199645738475736,0.837686468594563,0.874968724199551,0.96228099027722,0.983948044086169,FALSE,0.119191919191919,"Oligodendrocyte"
"DICER1-226","DICER1",0.79218892440052,NA,0.187101516760771,0.187387141762811,-0.000285625002039436,0.499415439538385,0.528182050820881,0.922721539295277,0.977051941395206,FALSE,0.0451178451178451,"Oligodendrocyte"
"DICER1-227","DICER1",0.79218892440052,NA,0.304574950180427,0.278194312061797,0.0263806381186301,0.654995466354588,0.708401291210254,0.942746505806972,0.977051941395206,FALSE,0.835690235690236,"Oligodendrocyte"
"DIDO1-202","DIDO1",0.187003523636946,NA,0.186312520981793,0.173402787688502,0.0129097332932908,0.367476099656449,0.434904763784168,0.831473466264412,0.955392638522348,FALSE,0.50931794761582,"Oligodendrocyte"
"DIDO1-204","DIDO1",0.187003523636946,NA,0.310618130933609,0.421080047771777,-0.110461916838168,0.00180345334759602,0.00479850229480391,0.29669344505911,0.726245068833473,FALSE,0.193499093499093,"Oligodendrocyte"
"DIDO1-205","DIDO1",0.187003523636946,NA,0.305487611010867,0.0741044669616098,0.231383144049257,0.0406968710154977,0.0708649749082728,0.558178636083249,0.916635569748472,FALSE,0.297182958885087,"Oligodendrocyte"
"DIP2A-209","DIP2A",0.713780418429458,NA,0.208091787439614,0.199894514767932,0.00819727267168102,0.407533951194695,0.474304271284956,0.852080162702258,0.962095112983767,FALSE,0.0104166666666667,"Oligodendrocyte"
"DIP2A-213","DIP2A",0.713780418429458,NA,0.24018341307815,0.204306514512211,0.0358768985659392,0.407533951194696,0.442713348985376,0.852080162702258,0.955767466664022,FALSE,0.989583333333333,"Oligodendrocyte"
"DIP2B-201","DIP2B",0.642762837016064,NA,0.504010911528907,0.750392732291698,-0.246381820762791,0.301399620682544,0.341432404960838,0.812129656139409,0.955392638522348,FALSE,0.629514628324782,"Oligodendrocyte"
"DIP2B-204","DIP2B",0.642762837016064,NA,0.495989088471093,0.249607267708302,0.246381820762791,0.301399620682543,0.368539343620747,0.812129656139409,0.955392638522348,FALSE,0.370485371675218,"Oligodendrocyte"
"DKK3-201","DKK3",0.851963676043529,NA,0.582480506822612,0.445398351648352,0.13708215517426,0.629542624740562,0.684873294193586,0.942746505806972,0.977051941395206,FALSE,0.554621848739496,"Oligodendrocyte"
"DKK3-217","DKK3",0.851963676043529,NA,0.408260233918129,0.39614294435723,0.0121172895608986,0.629542624740562,0.64698966078118,0.942746505806972,0.977051941395206,FALSE,0.445378151260504,"Oligodendrocyte"
"DLG2-201","DLG2",0.313501695865751,NA,0.101484423043961,0.158176075439429,-0.0566916523954681,0.198440411658102,0.260441030420135,0.749951723200456,0.939408822241557,FALSE,0.130844687662869,"Oligodendrocyte"
"DLG2-205","DLG2",0.313501695865751,NA,0.610235025307765,0.477458146999889,0.132776878307876,0.281459883905123,0.34811204422685,0.80218302268738,0.955392638522348,FALSE,0.681319898593896,"Oligodendrocyte"
"DLG2-222","DLG2",0.313501695865751,NA,0.170701738243795,0.233763871603547,-0.0630621333597517,0.0235913298454779,0.0400862228772496,0.458733742410017,0.828650226894948,FALSE,0.162013282918565,"Oligodendrocyte"
"DLG2-246","DLG2",0.313501695865751,NA,0.0429616614472453,0.0271658114659011,0.0157958499813442,0.889800441771819,0.921938512529463,0.971502746103206,0.989551272174561,FALSE,0.0258221308246702,"Oligodendrocyte"
"DMXL1-201","DMXL1",0.620899948925513,NA,0.295531984257932,0.175241675617615,0.120290308640317,0.273185129914632,0.339572326204139,0.799412892986508,0.955392638522348,FALSE,0.473809523809524,"Oligodendrocyte"
"DMXL1-215","DMXL1",0.620899948925513,NA,0.558091295341435,0.666863587540279,-0.108772292198844,0.273185129914631,0.313869096135827,0.799412892986508,0.955171680937042,FALSE,0.526190476190476,"Oligodendrocyte"
"DNAJA3-201","DNAJA3",0.685698611559415,NA,0.26327323180515,0.233057346060808,0.0302158857443421,0.371161720449715,0.438553694813351,0.831473466264412,0.955392638522348,FALSE,0.140377781023319,"Oligodendrocyte"
"DNAJA3-202","DNAJA3",0.685698611559415,NA,0.724697782687604,0.747587815229515,-0.022890032541911,0.371161720449715,0.408370898467166,0.831473466264412,0.955392638522348,FALSE,0.859622218976681,"Oligodendrocyte"
"DNAJB6-201","DNAJB6",0.816165706269732,NA,0.249542054313034,0.457430809719267,-0.207888755406234,0.662909422752063,0.715697511844015,0.942746505806972,0.977051941395206,FALSE,0.565096446023077,"Oligodendrocyte"
"DNAJB6-204","DNAJB6",0.816165706269732,NA,0.62484817221296,0.413707754345255,0.211140417867705,0.5471905261197,0.572050036816934,0.932609883902397,0.977051941395206,FALSE,0.413766527737856,"Oligodendrocyte"
"DNAJB6-216","DNAJB6",0.816165706269732,NA,0.125609773474007,0.128861435935478,-0.00325166246147129,0.706592656028789,0.755819743965136,0.942746505806972,0.977051941395206,FALSE,0.0211370262390671,"Oligodendrocyte"
"DNM3-202","DNM3",0.919795104960377,NA,0.208291550876192,0.217880817935566,-0.00958926705937463,0.841344936690178,0.878272101119473,0.962679326180539,0.983948044086169,FALSE,0.274711270410195,"Oligodendrocyte"
"DNM3-204","DNM3",0.919795104960377,NA,0.506340855627968,0.587895533360112,-0.0815546777321443,0.841344936690177,0.837348634514361,0.962679326180539,0.977996986561973,FALSE,0.725288729589805,"Oligodendrocyte"
"DOCK1-201","DOCK1",0.187003523636946,NA,0.832513602009704,0.476750684452952,0.355762917556752,0.0025318403867952,0.00741913421113584,0.29669344505911,0.726245068833473,FALSE,0.627719661472522,"Oligodendrocyte"
"DOCK1-206","DOCK1",0.187003523636946,NA,0.167486397990296,0.523249315547048,-0.355762917556752,0.0025318403867952,0.00634213926070207,0.29669344505911,0.726245068833473,FALSE,0.372280338527478,"Oligodendrocyte"
"DOCK10-201","DOCK10",0.870554343068275,NA,0.424175858760975,0.406843459116725,0.0173323996442508,0.709338971493936,0.758334123054162,0.942746505806972,0.977051941395206,FALSE,0.35678704856787,"Oligodendrocyte"
"DOCK10-214","DOCK10",0.870554343068275,NA,0.422129632564786,0.387557452677036,0.0345721798877505,0.709338971493937,0.719000311220606,0.942746505806972,0.977051941395206,FALSE,0.64321295143213,"Oligodendrocyte"
"DOCK9-204","DOCK9",0.485960893890849,NA,0.28471637304971,0.456978583480328,-0.172262210430618,0.263875756471193,0.304700871982879,0.796538058052414,0.95108705329265,FALSE,0.4607991242474,"Oligodendrocyte"
"DOCK9-214","DOCK9",0.485960893890849,NA,0.202710760706365,0.157397382029735,0.0453133786766302,0.341044083905409,0.408581303653468,0.831183771008174,0.955392638522348,FALSE,0.50287903667214,"Oligodendrocyte"
"DOCK9-215","DOCK9",0.485960893890849,NA,0.0650312654124256,0.109011062051939,-0.0439797966395138,0.0809054129670522,0.112096990876497,0.680330632234799,0.939408822241557,FALSE,0.0171647509578544,"Oligodendrocyte"
"DOCK9-220","DOCK9",0.485960893890849,NA,0.139007239176927,0.115123357035122,0.0238838821418053,0.402558874291683,0.469440845915516,0.851099831072605,0.961359243492012,FALSE,0.0191570881226054,"Oligodendrocyte"
"DPF2-201","DPF2",0.817538984049365,NA,0.349395824379949,0.410407954912712,-0.0610121305327624,0.555301092510297,0.579465671106669,0.932609883902397,0.977051941395206,FALSE,0.48244525427624,"Oligodendrocyte"
"DPF2-205","DPF2",0.817538984049365,NA,0.56324731205351,0.517655224890863,0.0455920871626464,0.555301092510297,0.615639865126141,0.932609883902397,0.977051941395206,FALSE,0.51755474572376,"Oligodendrocyte"
"DPP7-201","DPP7",0.951822765106158,NA,0.421774555781909,0.223870573870574,0.197903981911335,0.90677466477289,0.8958432327246,0.981413939900454,0.989095477630006,FALSE,0.306277005845971,"Oligodendrocyte"
"DPP7-202","DPP7",0.951822765106158,NA,0.377052132405993,0.586202686202686,-0.209150553796694,0.90677466477289,0.937201189690667,0.981413939900454,0.992180883039089,FALSE,0.693722994154029,"Oligodendrocyte"
"DRG2-201","DRG2",0.724347250937981,NA,0.510984848484848,0.192099567099567,0.318885281385281,0.420231992910585,0.486681358125737,0.854973274578952,0.967887550972559,FALSE,0.662393162393162,"Oligodendrocyte"
"DRG2-203","DRG2",0.724347250937981,NA,0.314772727272727,0.695995670995671,-0.381222943722944,0.420231992910584,0.454627327048345,0.854973274578952,0.960016699907608,FALSE,0.337606837606838,"Oligodendrocyte"
"DST-209","DST",0.584171280858503,NA,0.0815364321504133,0.212329505119714,-0.130793072969301,0.384598726763874,0.421097266192743,0.847629187413252,0.955392638522348,FALSE,0.103704096045198,"Oligodendrocyte"
"DST-222","DST",0.584171280858503,NA,0.0402958950742874,0.0153512325223479,0.0249446625519395,0.948517899999654,0.933157143382598,0.99095122543703,0.992180883039089,FALSE,0.0657156308851224,"Oligodendrocyte"
"DST-223","DST",0.584171280858503,NA,0.248234279825256,0.193592529124414,0.0546417507008416,0.502286663595796,0.565550830467849,0.922792242241237,0.977051941395206,FALSE,0.32891713747646,"Oligodendrocyte"
"DST-240","DST",0.584171280858503,NA,0.304658848003576,0.32494043328783,-0.0202815852842538,0.75792984646676,0.762646896010247,0.949516160280269,0.977051941395206,FALSE,0.110938088512241,"Oligodendrocyte"
"DST-241","DST",0.584171280858503,NA,0.220189728965791,0.0842729250711939,0.135916803894597,0.220605979673943,0.284325128461189,0.764879735650755,0.950773324279936,FALSE,0.390725047080979,"Oligodendrocyte"
"DYNC1I2-201","DYNC1I2",0.313501695865751,NA,0.294898461243208,0.148585601245849,0.146312859997358,0.0219528098156985,0.042834298577147,0.458733742410017,0.828650226894948,FALSE,0.269916516289067,"Oligodendrocyte"
"DYNC1I2-202","DYNC1I2",0.313501695865751,NA,0.14390441910977,0.167299955863805,-0.0233955367540349,0.584835856351897,0.643298702667295,0.942746505806972,0.977051941395206,FALSE,0.0613090679311612,"Oligodendrocyte"
"DYNC1I2-203","DYNC1I2",0.313501695865751,NA,0.417341225810443,0.462948414823721,-0.0456071890132779,0.0714397566643924,0.100991662366936,0.672691510151499,0.939408822241557,FALSE,0.668774415779772,"Oligodendrocyte"
"DYNC1LI2-201","DYNC1LI2",0.817538984049365,NA,0.727595370315959,0.778716887112218,-0.0511215167962599,0.558375364746202,0.618526597962898,0.932609883902397,0.977051941395206,FALSE,0.81625,"Oligodendrocyte"
"DYNC1LI2-211","DYNC1LI2",0.817538984049365,NA,0.271587636219989,0.220324340116928,0.0512632961030609,0.558375364746202,0.582274322256437,0.932609883902397,0.977051941395206,FALSE,0.18375,"Oligodendrocyte"
"DZIP3-201","DZIP3",0.535288257347791,NA,0.423081796066882,0.481696469599695,-0.0586146735328133,0.126982256981797,0.163786430261852,0.73311707454587,0.939408822241557,FALSE,0.492788461538462,"Oligodendrocyte"
"DZIP3-205","DZIP3",0.535288257347791,NA,0.530642259727646,0.508766920057243,0.0218753396704036,0.126982256981797,0.180140328548714,0.73311707454587,0.939408822241557,FALSE,0.507211538461538,"Oligodendrocyte"
"EEF1A1-201","EEF1A1",0.634331887120251,NA,0.829023538479193,0.926152851908112,-0.0971293134289196,0.292964283171691,0.359922974510522,0.810576113861241,0.955392638522348,FALSE,0.846119828815977,"Oligodendrocyte"
"EEF1A1-222","EEF1A1",0.634331887120251,NA,0.116293117400909,0.0420230383998067,0.0742700790011027,0.29296428317169,0.333225227511926,0.810576113861241,0.955392638522348,FALSE,0.153880171184023,"Oligodendrocyte"
"EGLN3-201","EGLN3",0.861048942720289,NA,0.42384419383613,0.385273632848855,0.038570560987275,0.659425822117621,0.712486918238591,0.942746505806972,0.977051941395206,FALSE,0.353945126592822,"Oligodendrocyte"
"EGLN3-205","EGLN3",0.861048942720289,NA,0.57615580616387,0.614726367151145,-0.038570560987275,0.659425822117621,0.67401490921782,0.942746505806972,0.977051941395206,FALSE,0.646054873407178,"Oligodendrocyte"
"EIF2B5-203","EIF2B5",0.463309450651697,NA,0.405010574463899,0.519013634409649,-0.114003059945749,0.0686122392568163,0.108644186357714,0.657602847334908,0.939408822241557,FALSE,0.441101131071191,"Oligodendrocyte"
"EIF2B5-226","EIF2B5",0.463309450651697,NA,0.277880048340406,0.376917049906319,-0.0990370015659128,0.0686122392568162,0.0976321183149559,0.657602847334908,0.939408822241557,FALSE,0.558898868928809,"Oligodendrocyte"
"EIF3C-201","EIF3C",0.779999763288851,NA,0.894074903490835,0.943023381026043,-0.048948477535208,0.48109909063923,0.545354927534098,0.914490625097989,0.977051941395206,FALSE,0.984493066529352,"Oligodendrocyte"
"EIF3C-202","EIF3C",0.779999763288851,NA,0.0715148815164567,0.0511829815956337,0.020331899920823,0.481099090639231,0.51127010225722,0.914490625097989,0.977051941395206,FALSE,0.0155069334706482,"Oligodendrocyte"
"EIF3CL-201","EIF3CL",0.939345490381703,NA,0.622581307727311,0.58294537327126,0.0396359344560512,0.881980880282057,0.914901893292522,0.97144952349681,0.989551272174561,FALSE,0.873690012067205,"Oligodendrocyte"
"EIF3CL-202","EIF3CL",0.939345490381703,NA,0.377418692272689,0.41705462672874,-0.0396359344560512,0.881980880282057,0.87368168994723,0.97144952349681,0.983948044086169,FALSE,0.126309987932795,"Oligodendrocyte"
"ELMO1-201","ELMO1",0.613991650723365,NA,0.510277125694021,0.414998910903543,0.0952782147904779,0.286522553091818,0.353318283096158,0.809693396037447,0.955392638522348,FALSE,0.498745819397993,"Oligodendrocyte"
"ELMO1-209","ELMO1",0.613991650723365,NA,0.281557809953115,0.401802624240437,-0.120244814287322,0.8471094007874,0.842504133962505,0.962679326180539,0.977996986561973,FALSE,0.47502167719559,"Oligodendrocyte"
"ELMO1-213","ELMO1",0.613991650723365,NA,0.163947378784226,0.108259440631467,0.055687938152759,0.263590362531249,0.304419188352968,0.796538058052414,0.95108705329265,FALSE,0.0262325034064164,"Oligodendrocyte"
"ELOVL5-201","ELOVL5",0.547990664513232,NA,0.663748646288321,0.848641938420814,-0.184893292132494,0.150861494991611,0.18944836680017,0.73424998776817,0.939408822241557,FALSE,0.750293229872438,"Oligodendrocyte"
"ELOVL5-207","ELOVL5",0.547990664513232,NA,0.319928364911486,0.150759721274536,0.16916864363695,0.15086149499161,0.20763809750754,0.73424998776817,0.939408822241557,FALSE,0.249706770127562,"Oligodendrocyte"
"ENO2-201","ENO2",0.49546314464878,NA,0.448986115509281,0.408685204560104,0.0403009109491772,0.100168829884585,0.148203638691334,0.695239622607282,0.939408822241557,FALSE,0.415971469844709,"Oligodendrocyte"
"ENO2-211","ENO2",0.49546314464878,NA,0.541051478475682,0.554922669923879,-0.0138711914481977,0.100168829884585,0.134124985621407,0.695239622607282,0.939408822241557,FALSE,0.584028530155291,"Oligodendrocyte"
"ENPP2-201","ENPP2",0.55493002022109,NA,0.0152437114138765,0.0245506415893629,-0.00930693017548644,0.164432115119542,0.20377518931558,0.741907485974173,0.939408822241557,FALSE,0.0108262042531129,"Oligodendrocyte"
"ENPP2-203","ENPP2",0.55493002022109,NA,0.942983693433052,0.954657508587006,-0.0116738151539534,0.904641436631816,0.89393653815241,0.980439050191566,0.987675716805892,FALSE,0.985768166607814,"Oligodendrocyte"
"ENPP2-209","ENPP2",0.55493002022109,NA,0.0417591635000377,0.0207918498236314,0.0209673136764063,0.397881427931964,0.464860932387439,0.847892894974602,0.960016699907608,FALSE,0.00340562913907285,"Oligodendrocyte"
"EPB41L3-205","EPB41L3",0.899285273117082,NA,0.719001087248214,0.694487941335897,0.0245131459123163,0.800605487163615,0.841428255931337,0.949516160280269,0.977996986561973,FALSE,0.861341710440485,"Oligodendrocyte"
"EPB41L3-214","EPB41L3",0.899285273117082,NA,0.100308713742622,0.0855271336361463,0.0147815801064755,0.800605487163615,0.800891914950546,0.949516160280269,0.977051941395206,FALSE,0.138658289559515,"Oligodendrocyte"
"ERBB3-201","ERBB3",0.567601051665673,NA,0.151357027387095,0.137999042866276,0.0133579845208188,0.261196519851374,0.327130299890206,0.796538058052414,0.955392638522348,FALSE,0.028454337523877,"Oligodendrocyte"
"ERBB3-213","ERBB3",0.567601051665673,NA,0.0840194866224554,0.0577580896145683,0.0262613970078871,0.199720367302471,0.261831254746836,0.749951723200456,0.939408822241557,FALSE,0.0380107258089184,"Oligodendrocyte"
"ERBB3-221","ERBB3",0.567601051665673,NA,0.0517034946366253,0.0448132358298779,0.00689025880674741,0.933245472911071,0.919503939925729,0.988278967061019,0.989551272174561,FALSE,0.0406700809102962,"Oligodendrocyte"
"ERBB3-224","ERBB3",0.567601051665673,NA,0.0982616619854017,0.159008606539749,-0.0607469445543471,0.396072949936398,0.431927687396045,0.847892894974602,0.955392638522348,FALSE,0.173096838686745,"Oligodendrocyte"
"ERBB3-232","ERBB3",0.567601051665673,NA,0.420951882202689,0.565241688110213,-0.144289805907524,0.406100608495208,0.441366178072863,0.852080162702258,0.955392638522348,FALSE,0.719768017070163,"Oligodendrocyte"
"ERBIN-205","ERBIN",0.187003523636946,NA,0.468815777014675,0.436004099596069,0.0328116774186055,0.00265039731551459,0.00769917238654246,0.29669344505911,0.726245068833473,FALSE,0.223880597014925,"Oligodendrocyte"
"ERBIN-212","ERBIN",0.187003523636946,NA,0.303896757107167,0.263810514258154,0.0400862428490134,0.00265039731551459,0.00658544768877741,0.29669344505911,0.726245068833473,FALSE,0.776119402985075,"Oligodendrocyte"
"ERCC6L2-201","ERCC6L2",0.802781775096356,NA,0.233567365105092,0.162635214709173,0.0709321503959191,0.521379067061072,0.583659629255745,0.923553362703959,0.977051941395206,FALSE,0.0774193548387097,"Oligodendrocyte"
"ERCC6L2-204","ERCC6L2",0.802781775096356,NA,0.248349197557684,0.224467782114849,0.0238814154428346,0.971982863993937,0.954140006945195,0.991933763062446,0.992180883039089,FALSE,0.336418541108316,"Oligodendrocyte"
"ERCC6L2-210","ERCC6L2",0.802781775096356,NA,0.0717270878826305,0.0775377261029618,-0.00581063822033133,0.982119746879418,0.995214961967017,0.996525840105328,0.997104893063728,FALSE,0.0274627786777752,"Oligodendrocyte"
"ERCC6L2-211","ERCC6L2",0.802781775096356,NA,0.155098009049533,0.131561762195244,0.0235362468542884,0.619238263767939,0.637652244316685,0.942746505806972,0.977051941395206,FALSE,0.337116557547163,"Oligodendrocyte"
"ERCC6L2-215","ERCC6L2",0.802781775096356,NA,0.053423364658109,0.100726298391848,-0.0473029337337388,0.91640977835778,0.945857911954509,0.984501207946439,0.992180883039089,FALSE,0.221582767828037,"Oligodendrocyte"
"ERVK13-1-208","ERVK13-1",0.634331887120251,NA,0.470817365694415,0.300732600732601,0.170084764961814,0.29275803470934,0.333024211845641,0.810576113861241,0.955392638522348,FALSE,0.922222222222222,"Oligodendrocyte"
"ERVK13-1-240","ERVK13-1",0.634331887120251,NA,0.177980478082937,0.180985680985681,-0.00300520290274389,0.292758034709339,0.359711844538511,0.810576113861241,0.955392638522348,FALSE,0.0777777777777778,"Oligodendrocyte"
"EWSR1-206","EWSR1",0.802781775096356,NA,0.149074749778704,0.0828589257941591,0.066215823984545,0.528432223309248,0.554865211907085,0.923553362703959,0.977051941395206,FALSE,0.0984714263672301,"Oligodendrocyte"
"EWSR1-217","EWSR1",0.802781775096356,NA,0.668218235335655,0.751367929495243,-0.0831496941595883,0.528432223309248,0.590328930868728,0.923553362703959,0.977051941395206,FALSE,0.90152857363277,"Oligodendrocyte"
"EXOC4-201","EXOC4",0.93993474522655,NA,0.728617179779336,0.785578529657477,-0.0569613498781409,0.888274209611045,0.879307116798495,0.97144952349681,0.983948044086169,FALSE,0.785714285714286,"Oligodendrocyte"
"EXOC4-205","EXOC4",0.93993474522655,NA,0.211163074279617,0.151044277360067,0.0601187969195504,0.888274209611045,0.920565378395617,0.97144952349681,0.989551272174561,FALSE,0.214285714285714,"Oligodendrocyte"
"EXOC6B-201","EXOC6B",0.899285273117082,NA,0.185592616872138,0.29748915346384,-0.111896536591702,0.798336785330716,0.839372500292555,0.949516160280269,0.977996986561973,FALSE,0.210908476865924,"Oligodendrocyte"
"EXOC6B-202","EXOC6B",0.899285273117082,NA,0.724307378284742,0.499216619240722,0.22509075904402,0.798336785330717,0.798860387995796,0.949516160280269,0.977051941395206,FALSE,0.789091523134076,"Oligodendrocyte"
"EZH1-202","EZH1",0.49546314464878,NA,0.311503315533427,0.157406934839092,0.154096380694335,0.108850602998621,0.158685639033519,0.695239622607282,0.939408822241557,FALSE,0.0704157698741294,"Oligodendrocyte"
"EZH1-205","EZH1",0.49546314464878,NA,0.0257182476312652,0.0167812504124689,0.00893699721879635,0.762369947846986,0.766629375472669,0.949516160280269,0.977051941395206,FALSE,0.00953038879232221,"Oligodendrocyte"
"EZH1-208","EZH1",0.49546314464878,NA,0.641857483901897,0.714592512298562,-0.0727350283966649,0.150742990364359,0.189322495321262,0.73424998776817,0.939408822241557,FALSE,0.920053841333548,"Oligodendrocyte"
"FAM124A-202","FAM124A",0.187003523636946,NA,0.536992459894692,0.237582050364005,0.299410409530687,0.00286106736675112,0.00819106350354249,0.29669344505911,0.726245068833473,FALSE,0.43452380952381,"Oligodendrocyte"
"FAM124A-204","FAM124A",0.187003523636946,NA,0.463007540105308,0.762417949635995,-0.299410409530687,0.00286106736675114,0.0070131952849989,0.29669344505911,0.726245068833473,FALSE,0.56547619047619,"Oligodendrocyte"
"FAM13B-201","FAM13B",0.817538984049365,NA,0.224204178003406,0.319262746923202,-0.0950585689197963,0.747788185099631,0.793445137943599,0.949516160280269,0.977051941395206,FALSE,0.814285714285714,"Oligodendrocyte"
"FAM13B-202","FAM13B",0.817538984049365,NA,0.44403607853437,0.342202154831554,0.101833923702815,0.623725574750394,0.679482324231981,0.942746505806972,0.977051941395206,FALSE,0.185714285714286,"Oligodendrocyte"
"FAM13B-212","FAM13B",0.817538984049365,NA,0.174368716876151,0.321603881314026,-0.147235164437875,0.555983568917374,0.580089284320515,0.932609883902397,0.977051941395206,FALSE,0,"Oligodendrocyte"
"FAM13C-204","FAM13C",0.668545265363703,NA,0.384872715848792,0.107017486481772,0.277855229367019,0.328658893812385,0.396148106864843,0.828078912627196,0.955392638522348,FALSE,0.282828282828283,"Oligodendrocyte"
"FAM13C-217","FAM13C",0.668545265363703,NA,0.470875225090036,0.678738424274139,-0.207863199184103,0.328658893812386,0.367776218963905,0.828078912627196,0.955392638522348,FALSE,0.717171717171717,"Oligodendrocyte"
"FAM219B-201","FAM219B",0.73334928344969,NA,0.371759259259259,0.361265172735761,0.0104940865234983,0.435905940258821,0.501890625459448,0.865411901943467,0.977051941395206,FALSE,0.22,"Oligodendrocyte"
"FAM219B-217","FAM219B",0.73334928344969,NA,0.403928571428571,0.309977991196479,0.0939505802320929,0.435905940258822,0.469284311926975,0.865411901943467,0.961359243492012,FALSE,0.78,"Oligodendrocyte"
"FAM98A-201","FAM98A",0.899048571397129,NA,0.541516325070865,0.532993749855461,0.00852257521540423,0.774142586668674,0.817420625434394,0.949516160280269,0.977051941395206,FALSE,0.212364913888571,"Oligodendrocyte"
"FAM98A-204","FAM98A",0.899048571397129,NA,0.426827193368799,0.432551639898074,-0.00572444652927534,0.774142586668673,0.777184620358266,0.949516160280269,0.977051941395206,FALSE,0.787635086111429,"Oligodendrocyte"
"FAN1-203","FAN1",0.567601051665673,NA,0.0893230071481243,0.231940310352922,-0.142617303204797,0.788073700088525,0.789668134816078,0.949516160280269,0.977051941395206,FALSE,0.333333333333333,"Oligodendrocyte"
"FAN1-204","FAN1",0.567601051665673,NA,0.135161286608227,0.0428500214927924,0.0923112651154342,0.188745698233025,0.249864122594635,0.749951723200456,0.939408822241557,FALSE,0.25,"Oligodendrocyte"
"FAN1-214","FAN1",0.567601051665673,NA,0.11865910141056,0.178781761702711,-0.0601226602921517,0.839511681512163,0.87661690455274,0.962679326180539,0.983948044086169,FALSE,0,"Oligodendrocyte"
"FAN1-225","FAN1",0.567601051665673,NA,0.0555480265272716,0.130793197123942,-0.0752451705966703,0.411796807213059,0.446717095232747,0.852950439187176,0.959883068031057,FALSE,0.416666666666667,"Oligodendrocyte"
"FAR1-201","FAR1",0.613991650723365,NA,0.708707392288588,0.760976538603244,-0.0522691463146552,0.264252099521904,0.330309481507762,0.796538058052414,0.955392638522348,FALSE,0.958743553680263,"Oligodendrocyte"
"FAR1-204","FAR1",0.613991650723365,NA,0.25759730421649,0.235809810725819,0.0217874934906704,0.264252099521904,0.305072265321612,0.796538058052414,0.95108705329265,FALSE,0.0412564463197375,"Oligodendrocyte"
"FASTKD2-201","FASTKD2",0.789661614762856,NA,0.403440877304514,0.382282913165266,0.0211579641392476,0.491463691464246,0.555247982979373,0.919695759549906,0.977051941395206,FALSE,0.170731707317073,"Oligodendrocyte"
"FASTKD2-202","FASTKD2",0.789661614762856,NA,0.39970134032634,0.413585434173669,-0.0138840938473291,0.491463691464245,0.520846857950955,0.919695759549906,0.977051941395206,FALSE,0.829268292682927,"Oligodendrocyte"
"FAXDC2-201","FAXDC2",0.855765165815389,NA,0.893771796912862,0.898033564584775,-0.00426176767191244,0.638032302648099,0.65467529951129,0.942746505806972,0.977051941395206,FALSE,0.976943937036285,"Oligodendrocyte"
"FAXDC2-202","FAXDC2",0.855765165815389,NA,0.0715603357309465,0.0679760455883613,0.00358429014258521,0.638032302648099,0.692731730290057,0.942746505806972,0.977051941395206,FALSE,0.0230560629637147,"Oligodendrocyte"
"FBXL5-201","FBXL5",0.847960094086988,NA,0.468442725341628,0.839730397217224,-0.371287671875595,0.625289657166435,0.643136998934713,0.942746505806972,0.977051941395206,FALSE,0.957115009746589,"Oligodendrocyte"
"FBXL5-205","FBXL5",0.847960094086988,NA,0.434734106814043,0.148909113194827,0.285824993619215,0.625289657166436,0.680932364536003,0.942746505806972,0.977051941395206,FALSE,0.0428849902534113,"Oligodendrocyte"
"FBXO21-201","FBXO21",0.515339284327581,NA,0.226965702423387,0.184474651801652,0.0424910506217353,0.115874667245735,0.15162120886148,0.715293174582493,0.939408822241557,FALSE,0.327164649282123,"Oligodendrocyte"
"FBXO21-207","FBXO21",0.515339284327581,NA,0.771866982401516,0.815525348198348,-0.0436583657968326,0.115874667245735,0.167063084068185,0.715293174582493,0.939408822241557,FALSE,0.672835350717877,"Oligodendrocyte"
"FBXO7-201","FBXO7",0.363957141665151,NA,0.31261168041961,0.248879928315412,0.0637317521041981,0.520273417056742,0.547375336599262,0.923553362703959,0.977051941395206,FALSE,0.355155179042543,"Oligodendrocyte"
"FBXO7-202","FBXO7",0.363957141665151,NA,0.179226180081468,0.455510752688172,-0.276284572606704,0.0388939669887768,0.0607635273486941,0.542809662097754,0.890904786316756,FALSE,0.590793991700805,"Oligodendrocyte"
"FBXO7-209","FBXO7",0.363957141665151,NA,0.455134316258333,0.285192652329749,0.169941663928584,0.0338952452543118,0.0610362172900857,0.542809662097754,0.890904786316756,FALSE,0.054050829256652,"Oligodendrocyte"
"FKBP15-203","FKBP15",0.899048571397129,NA,0.307285888921325,0.29020273775927,0.0170831511620556,0.773437953505782,0.81678048651874,0.949516160280269,0.977051941395206,FALSE,0.485714285714286,"Oligodendrocyte"
"FKBP15-206","FKBP15",0.899048571397129,NA,0.326683802242982,0.114292858929018,0.212390943313964,0.77343795350578,0.77655301096814,0.949516160280269,0.977051941395206,FALSE,0.514285714285714,"Oligodendrocyte"
"FLCN-201","FLCN",0.541323808589515,NA,0.40820898057522,0.310148674854557,0.0980603057206629,0.135719730744113,0.190293279176992,0.73311707454587,0.939408822241557,FALSE,0.584659593280283,"Oligodendrocyte"
"FLCN-204","FLCN",0.541323808589515,NA,0.278067736033781,0.35672268907563,-0.0786549530418489,0.273917041050755,0.3145882846078,0.799412892986508,0.955171680937042,FALSE,0.211538461538462,"Oligodendrocyte"
"FLCN-207","FLCN",0.541323808589515,NA,0.158298387966721,0.255860805860806,-0.0975624178940853,0.249217686223388,0.290183794017169,0.793010677562821,0.95108705329265,FALSE,0.203801945181256,"Oligodendrocyte"
"FLII-201","FLII",0.899285273117082,NA,0.635354007178271,0.810690304830066,-0.175336297651795,0.791544992439798,0.833215514279332,0.949516160280269,0.977996986561973,FALSE,0.82545045045045,"Oligodendrocyte"
"FLII-221","FLII",0.899285273117082,NA,0.287504321924482,0.0907415597818075,0.196762762142675,0.791544992439798,0.792777633347179,0.949516160280269,0.977051941395206,FALSE,0.17454954954955,"Oligodendrocyte"
"FLNB-218","FLNB",0.567601051665673,NA,0.37047852437419,0.329834264730098,0.040644259644092,0.937166786850337,0.923009297724938,0.989404351611736,0.989560507197019,FALSE,0.397419364672886,"Oligodendrocyte"
"FLNB-220","FLNB",0.567601051665673,NA,0.229921092750445,0.232347031826198,-0.00242593907575339,0.199909459100907,0.262036517173307,0.749951723200456,0.939408822241557,FALSE,0.523426925187489,"Oligodendrocyte"
"FLNB-222","FLNB",0.567601051665673,NA,0.151147762281658,0.330241192220359,-0.179093429938701,0.223069891478284,0.264016266292354,0.764879735650755,0.939408822241557,FALSE,0.0791537101396256,"Oligodendrocyte"
"FNBP4-201","FNBP4",0.669675007104037,NA,0.270911065580659,0.216461673215939,0.0544493923647204,0.330236682892526,0.397735701402388,0.828078912627196,0.955392638522348,FALSE,0.312440764463886,"Oligodendrocyte"
"FNBP4-213","FNBP4",0.669675007104037,NA,0.726729795784476,0.782985924741745,-0.0562561289572688,0.330236682892525,0.369293174931263,0.828078912627196,0.955392638522348,FALSE,0.687559235536114,"Oligodendrocyte"
"FOLH1-201","FOLH1",0.978119788387464,NA,0.642565968280385,0.591687313705893,0.0508786545744915,0.957695579973485,0.941363043711141,0.991933763062446,0.992180883039089,FALSE,0.763925183894696,"Oligodendrocyte"
"FOLH1-203","FOLH1",0.978119788387464,NA,0.318541299890041,0.230416828441743,0.0881244714482984,0.957695579973485,0.982902049787914,0.991933763062446,0.997007734161334,FALSE,0.236074816105304,"Oligodendrocyte"
"FRYL-202","FRYL",0.858015266339748,NA,0.64334503555839,0.746916552973114,-0.103571517414724,0.643183963011933,0.659335925173233,0.942746505806972,0.977051941395206,FALSE,0.521250985871059,"Oligodendrocyte"
"FRYL-211","FRYL",0.858015266339748,NA,0.0876133649542171,0.085293150692872,0.00232021426134511,0.758662154417173,0.803345989421958,0.949516160280269,0.977051941395206,FALSE,0.411245633999594,"Oligodendrocyte"
"FRYL-217","FRYL",0.858015266339748,NA,0.137809238030632,0.0211325074974965,0.116676730533136,0.69878472450371,0.748666217506202,0.942746505806972,0.977051941395206,FALSE,0.051615025801654,"Oligodendrocyte"
"FRYL-221","FRYL",0.858015266339748,NA,0.0672717409017621,0.0757074007855944,-0.00843565988383224,0.968355190093038,0.950895494682137,0.991933763062446,0.992180883039089,FALSE,0.0158883543276923,"Oligodendrocyte"
"FTH1-201","FTH1",0.847333108485916,NA,0.971145213623714,0.993430688564371,-0.022285474940657,0.610770459983895,0.629971377945343,0.942746505806972,0.977051941395206,FALSE,0.978171780324009,"Oligodendrocyte"
"FTH1-208","FTH1",0.847333108485916,NA,0.0269273310838818,0.00525089916366945,0.0216764319202124,0.610770459983898,0.66745675297442,0.942746505806972,0.977051941395206,FALSE,0.0218282196759914,"Oligodendrocyte"
"FTX-203","FTX",0.862077941445956,NA,0.184188719160453,0.177913174296153,0.00627554486429974,0.698927563537128,0.748797152043218,0.942746505806972,0.977051941395206,FALSE,0.274646074646075,"Oligodendrocyte"
"FTX-260","FTX",0.862077941445956,NA,0.556961064249742,0.557424330144695,-0.000463265894953269,0.814598673671058,0.85409835955746,0.951654177642065,0.980439832000388,FALSE,0.459459459459459,"Oligodendrocyte"
"FTX-267","FTX",0.862077941445956,NA,0.149011929486215,0.191979740961504,-0.0429678114752884,0.679575796688576,0.692196821434577,0.942746505806972,0.977051941395206,FALSE,0.265894465894466,"Oligodendrocyte"
"FUT8-203","FUT8",0.696693174353519,NA,0.585380017996555,0.613149406617649,-0.0277693886210943,0.381851678767807,0.418499376058744,0.844306543333965,0.955392638522348,FALSE,0.823718924403856,"Oligodendrocyte"
"FUT8-216","FUT8",0.696693174353519,NA,0.298849272413368,0.359481960473746,-0.0606326880603779,0.381851678767806,0.449108962617246,0.844306543333965,0.959883068031057,FALSE,0.176281075596144,"Oligodendrocyte"
"FXR1-202","FXR1",0.366484539869038,NA,0.192112542551817,0.298516561550261,-0.106404018998444,0.0761371398360477,0.106528825334379,0.680330632234799,0.939408822241557,FALSE,0.35227501862071,"Oligodendrocyte"
"FXR1-203","FXR1",0.366484539869038,NA,0.599329656389919,0.480829071323897,0.118500585066022,0.0384444352602314,0.0676451024421917,0.542809662097754,0.904397966264933,FALSE,0.557983449172664,"Oligodendrocyte"
"FXR1-223","FXR1",0.366484539869038,NA,0.117262877046309,0.0778833995069889,0.0393794775393199,0.341831856666906,0.380416573402486,0.831183771008174,0.955392638522348,FALSE,0.0897415322066261,"Oligodendrocyte"
"G3BP1-201","G3BP1",0.67307114674688,NA,0.49184198487552,0.729633390654649,-0.237791405779128,0.335739147711955,0.374577124863788,0.828078912627196,0.955392638522348,FALSE,0.63626365829431,"Oligodendrocyte"
"G3BP1-202","G3BP1",0.67307114674688,NA,0.284333626425364,0.203903677889684,0.0804299485356808,0.335739147711955,0.40326386969944,0.828078912627196,0.955392638522348,FALSE,0.36373634170569,"Oligodendrocyte"
"G3BP2-201","G3BP2",0.586521756019806,NA,0.275644903882969,0.246535865034727,0.0291090388482417,0.225953569657669,0.266920466243268,0.76852975080441,0.939408822241557,FALSE,0.600832474128384,"Oligodendrocyte"
"G3BP2-202","G3BP2",0.586521756019806,NA,0.212405371038767,0.231264339308354,-0.0188589682695877,0.396067891042577,0.463083243671907,0.847892894974602,0.960016699907608,FALSE,0.224844388437011,"Oligodendrocyte"
"G3BP2-282","G3BP2",0.586521756019806,NA,0.364490852464377,0.136168998001713,0.228321854462664,0.72893908666651,0.776253229099829,0.942746505806972,0.977051941395206,FALSE,0.174323137434605,"Oligodendrocyte"
"GAB1-201","GAB1",0.9131487388841,NA,0.422089224082667,0.733712051454932,-0.311622827372265,0.832289766585967,0.829248784816362,0.960241492848639,0.977996986561973,FALSE,0.0902163225172075,"Oligodendrocyte"
"GAB1-202","GAB1",0.9131487388841,NA,0.505096728236474,0.259296198157091,0.245800530079383,0.832289766585966,0.870094015266762,0.960241492848639,0.983948044086169,FALSE,0.909783677482793,"Oligodendrocyte"
"GABPB1-AS1-202","GABPB1-AS1",0.279328573203177,NA,0.149870081275509,0.153411224378966,-0.00354114310345702,0.612836867335961,0.669376718100074,0.942746505806972,0.977051941395206,FALSE,0.236968475073314,"Oligodendrocyte"
"GABPB1-AS1-206","GABPB1-AS1",0.279328573203177,NA,0.383466873650996,0.227212154631509,0.156254719019487,0.015352410130251,0.0320168845076785,0.442466020844036,0.828650226894948,FALSE,0.319235703812317,"Oligodendrocyte"
"GABPB1-AS1-208","GABPB1-AS1",0.279328573203177,NA,0.393018778197819,0.554099425067167,-0.161080646869348,0.023660259170854,0.0401834830140517,0.458733742410017,0.828650226894948,FALSE,0.443795821114369,"Oligodendrocyte"
"GAN-202","GAN",0.187003523636946,NA,0.669285473258487,0.145758870758871,0.523526602499616,0.000713226096683881,0.00266314782235514,0.29669344505911,0.726245068833473,FALSE,0,"Oligodendrocyte"
"GAN-203","GAN",0.187003523636946,NA,0.330714526741513,0.854241129241129,-0.523526602499616,0.000713226096683886,0.00224096956930205,0.29669344505911,0.726245068833473,FALSE,1,"Oligodendrocyte"
"GATAD1-201","GATAD1",0.494017156411533,NA,0.636670946441673,0.452593537414966,0.184077409026707,0.0923088414921557,0.138580327700042,0.695239622607282,0.939408822241557,FALSE,0.462269756387403,"Oligodendrocyte"
"GATAD1-203","GATAD1",0.494017156411533,NA,0.286087674247982,0.525085034013605,-0.238997359765623,0.0923088414921557,0.125220534898362,0.695239622607282,0.939408822241557,FALSE,0.537730243612597,"Oligodendrocyte"
"GATM-201","GATM",0.216226182120213,NA,0.554426426496515,0.777309273760912,-0.222882847264396,0.0100213193410464,0.0197194650983837,0.339412650451647,0.726245068833473,FALSE,0.726306169520354,"Oligodendrocyte"
"GATM-207","GATM",0.216226182120213,NA,0.0382011298055177,0.0770505988035705,-0.0388494689980528,0.581549364909252,0.603408784455087,0.942746505806972,0.977051941395206,FALSE,0.0523523847963873,"Oligodendrocyte"
"GATM-216","GATM",0.216226182120213,NA,0.283648017496837,0.131027375791836,0.152620641705,0.0614042712503413,0.0992022459927306,0.654585272494374,0.939408822241557,FALSE,0.207763862921516,"Oligodendrocyte"
"GATM-218","GATM",0.216226182120213,NA,0.121732252640482,0.0131022567601554,0.108629995880326,0.0680324957975824,0.10789138040828,0.657602847334908,0.939408822241557,FALSE,0.013577582761742,"Oligodendrocyte"
"GCC2-218","GCC2",0.68338950060965,NA,0.355818836509737,0.365325438217186,-0.00950660170744877,0.357522857389347,0.425024824459348,0.831183771008174,0.955392638522348,FALSE,0.60703877179287,"Oligodendrocyte"
"GCC2-223","GCC2",0.68338950060965,NA,0.381816648905391,0.281785997946023,0.100030650959368,0.357522857389348,0.395402850425872,0.831183771008174,0.955392638522348,FALSE,0.39296122820713,"Oligodendrocyte"
"GDAP1-201","GDAP1",0.199907990580733,NA,0.238935393742215,0.5058375800857,-0.266902186343485,0.589547276952809,0.647696047328951,0.942746505806972,0.977051941395206,FALSE,0.229500891265597,"Oligodendrocyte"
"GDAP1-215","GDAP1",0.199907990580733,NA,0.148276205860793,0.0674138399702309,0.080862365890562,0.176350750176132,0.236213752441314,0.74620756258039,0.939408822241557,FALSE,0.188553603259486,"Oligodendrocyte"
"GDAP1-233","GDAP1",0.199907990580733,NA,0.137475837568735,0.312974103387637,-0.175498265818902,0.00447578311852604,0.0101380450536162,0.319962429235825,0.726245068833473,FALSE,0.581945505474917,"Oligodendrocyte"
"GDE1-201","GDE1",0.216226182120213,NA,0.725744568617112,0.706637718542164,0.0191068500749484,0.00938085139948074,0.0214541283690592,0.339412650451647,0.726245068833473,FALSE,0.596478938471158,"Oligodendrocyte"
"GDE1-203","GDE1",0.216226182120213,NA,0.274255431382888,0.293362281457836,-0.0191068500749484,0.00938085139948074,0.0186716813459068,0.339412650451647,0.726245068833473,FALSE,0.403521061528842,"Oligodendrocyte"
"GGNBP2-212","GGNBP2",0.847960094086988,NA,0.783920613586445,0.810789265929831,-0.0268686523433863,0.622721137575491,0.640809416154941,0.942746505806972,0.977051941395206,FALSE,0.926811979443558,"Oligodendrocyte"
"GGNBP2-215","GGNBP2",0.847960094086988,NA,0.0929081756147694,0.0999166302411813,-0.00700845462641189,0.622721137575492,0.678550919828592,0.942746505806972,0.977051941395206,FALSE,0.0731880205564416,"Oligodendrocyte"
"GLUL-202","GLUL",0.547990664513232,NA,0.971109868510046,0.988394102904671,-0.0172842343946258,0.152009218675085,0.190666730854801,0.73424998776817,0.939408822241557,FALSE,0.997957316353326,"Oligodendrocyte"
"GLUL-204","GLUL",0.547990664513232,NA,0.0211025927534116,0.00534877900187461,0.015753813751537,0.197529084672128,0.259450327247966,0.749951723200456,0.939408822241557,FALSE,0.00179693643372664,"Oligodendrocyte"
"GLUL-212","GLUL",0.547990664513232,NA,0.00525160492400127,0.00256626306806924,0.00268534185593203,0.676120058637461,0.727857624838963,0.942746505806972,0.977051941395206,FALSE,0.000245747212947361,"Oligodendrocyte"
"GNAO1-201","GNAO1",0.899285273117082,NA,0.47610585360847,0.596031746031746,-0.119925892423276,0.80549917358585,0.805273466314488,0.949516160280269,0.977051941395206,FALSE,0.809116809116809,"Oligodendrocyte"
"GNAO1-202","GNAO1",0.899285273117082,NA,0.384050866746193,0.368303571428571,0.0157472953176214,0.805499173585851,0.845861104707545,0.949516160280269,0.977996986561973,FALSE,0.190883190883191,"Oligodendrocyte"
"GOLGA3-202","GOLGA3",0.449144514439351,NA,0.509005982182411,0.258753308698273,0.250252673484138,0.06377166388223,0.102323634095805,0.654585272494374,0.939408822241557,FALSE,0.476754385964912,"Oligodendrocyte"
"GOLGA3-220","GOLGA3",0.449144514439351,NA,0.343138480498949,0.679995842213784,-0.336857361714835,0.0637716638822284,0.0918309352466162,0.654585272494374,0.939408822241557,FALSE,0.523245614035088,"Oligodendrocyte"
"GOLGA4-202","GOLGA4",0.613571633146627,NA,0.591965487615534,0.744056254311462,-0.152090766695928,0.447894218204647,0.480460095970885,0.876796885950505,0.964226841654836,FALSE,0.75174009534769,"Oligodendrocyte"
"GOLGA4-205","GOLGA4",0.613571633146627,NA,0.169853960168718,0.135894769106066,0.0339591910626522,0.249175655598478,0.314567573840174,0.793010677562821,0.955171680937042,FALSE,0.109802454929037,"Oligodendrocyte"
"GOLGA4-215","GOLGA4",0.613571633146627,NA,0.202930634426787,0.0913674526467844,0.111563181780003,0.93841810182181,0.924127905771094,0.989910350789473,0.990092591300882,FALSE,0.138457449723273,"Oligodendrocyte"
"GOLGB1-201","GOLGB1",0.55934308976755,NA,0.151837404801558,0.101652684239447,0.0501847205621107,0.175915536629183,0.235731718978896,0.74620756258039,0.939408822241557,FALSE,0.289601265258843,"Oligodendrocyte"
"GOLGB1-205","GOLGB1",0.55934308976755,NA,0.130339046210239,0.0807644493252705,0.049574596884968,0.265243584392926,0.306050400561777,0.797156285955078,0.95108705329265,FALSE,0.271283524904215,"Oligodendrocyte"
"GOLGB1-208","GOLGB1",0.55934308976755,NA,0.168168127241809,0.225529669393769,-0.0573615421519598,0.900475138581005,0.890212662279307,0.9788657430772,0.987392840290878,FALSE,0.114341085271318,"Oligodendrocyte"
"GOLGB1-212","GOLGB1",0.55934308976755,NA,0.113304424933257,0.232436316219044,-0.119131891285788,0.888409212248811,0.879427789310405,0.97144952349681,0.983948044086169,FALSE,0.144044818675933,"Oligodendrocyte"
"GOLGB1-232","GOLGB1",0.55934308976755,NA,0.0486695385026987,0.0254806737370552,0.0231888647656435,0.230359922269988,0.271349061002852,0.772206474607915,0.939408822241557,FALSE,0.0989142831684933,"Oligodendrocyte"
"GOLGB1-240","GOLGB1",0.55934308976755,NA,0.0364075786111422,0.0284410299025419,0.00796654870860022,0.351065037100661,0.418593895693487,0.831183771008174,0.955392638522348,FALSE,0.0348837209302326,"Oligodendrocyte"
"GOLGB1-243","GOLGB1",0.55934308976755,NA,0.150839130923167,0.0732116475715355,0.0776274833516317,0.318077424056671,0.385472115679499,0.820201433060846,0.955392638522348,FALSE,0.0309990644212777,"Oligodendrocyte"
"GOLGB1-248","GOLGB1",0.55934308976755,NA,0.0214367249506317,0.0401308443176349,-0.0186941193670033,0.303218881437255,0.343198900387719,0.812129656139409,0.955392638522348,FALSE,0.0159322373696872,"Oligodendrocyte"
"GOLM2-201","GOLM2",0.366484539869038,NA,0.658628017022178,0.64000333589193,0.0186246811302476,0.0378025179674359,0.0593391397915538,0.542809662097754,0.890904786316756,FALSE,0.55726233145588,"Oligodendrocyte"
"GOLM2-202","GOLM2",0.366484539869038,NA,0.341371982977822,0.35999666410807,-0.0186246811302476,0.037802517967436,0.0667213918926714,0.542809662097754,0.904397966264933,FALSE,0.44273766854412,"Oligodendrocyte"
"GPAA1-201","GPAA1",0.898788016667421,NA,0.480911680911681,0.420992384808174,0.0599192961035067,0.76705725391922,0.810981631661526,0.949516160280269,0.977051941395206,FALSE,0.452639296187683,"Oligodendrocyte"
"GPAA1-216","GPAA1",0.898788016667421,NA,0.322433353683354,0.238395559119243,0.0840377945641104,0.767057253919219,0.770832659536479,0.949516160280269,0.977051941395206,FALSE,0.547360703812317,"Oligodendrocyte"
"GPATCH2L-201","GPATCH2L",0.584171280858503,NA,0.409553087386986,0.350672806362359,0.0588802810246264,0.220929142336904,0.284670475976813,0.764879735650755,0.950773324279936,FALSE,0.079449961802903,"Oligodendrocyte"
"GPATCH2L-204","GPATCH2L",0.584171280858503,NA,0.480096346819621,0.499421379482048,-0.0193250326624271,0.220929142336904,0.261857170756329,0.764879735650755,0.939408822241557,FALSE,0.920550038197097,"Oligodendrocyte"
"GPBP1-203","GPBP1",0.870554343068275,NA,0.458811880992623,0.187056273336988,0.271755607655635,0.718859515959957,0.727562226288947,0.942746505806972,0.977051941395206,FALSE,0.119230769230769,"Oligodendrocyte"
"GPBP1-204","GPBP1",0.870554343068275,NA,0.442498578382382,0.639739634899724,-0.197241056517343,0.718859515959957,0.767043690022208,0.942746505806972,0.977051941395206,FALSE,0.880769230769231,"Oligodendrocyte"
"GPM6B-202","GPM6B",0.634210612313245,NA,0.00597344389769135,0.00660284613172071,-0.00062940223402937,0.288541622090606,0.328911078289467,0.810576113861241,0.955392638522348,FALSE,0.00820688181487621,"Oligodendrocyte"
"GPM6B-203","GPM6B",0.634210612313245,NA,0.0215437000157673,0.00906609758751115,0.0124776024282562,0.550818725705533,0.611427600825559,0.932609883902397,0.977051941395206,FALSE,0.027731593636222,"Oligodendrocyte"
"GPM6B-205","GPM6B",0.634210612313245,NA,0.969733739587689,0.982457612217311,-0.0127238726296212,0.967820128973608,0.991975725327119,0.991933763062446,0.997067390485713,FALSE,0.964061524548902,"Oligodendrocyte"
"GRB2-202","GRB2",0.798142111139532,NA,0.423511430090377,0.515593434343434,-0.0920820042530568,0.511419042685399,0.539235800006838,0.923553362703959,0.977051941395206,FALSE,0.666666666666667,"Oligodendrocyte"
"GRB2-212","GRB2",0.798142111139532,NA,0.414686811726285,0.114583333333333,0.300103478392952,0.511419042685398,0.574223020498054,0.923553362703959,0.977051941395206,FALSE,0.333333333333333,"Oligodendrocyte"
"GRIA2-205","GRIA2",0.313501695865751,NA,0.565410544995583,0.564498203305153,0.000912341690430196,0.021949528870812,0.0377555278072275,0.458733742410017,0.828650226894948,FALSE,0.682893166612518,"Oligodendrocyte"
"GRIA2-220","GRIA2",0.313501695865751,NA,0.216739309334349,0.0457273693072702,0.171011940027079,0.194732001534167,0.256405077098756,0.749951723200456,0.939408822241557,FALSE,0.118419123386624,"Oligodendrocyte"
"GRIA2-227","GRIA2",0.313501695865751,NA,0.108767011583976,0.168208496805267,-0.0594414852212917,0.369123882598276,0.4365367713436,0.831473466264412,0.955392638522348,FALSE,0.0655652741385833,"Oligodendrocyte"
"GRIA2-231","GRIA2",0.313501695865751,NA,0.0600513878649589,0.0221434005929483,0.0379079872720106,0.144257328493257,0.200110026798938,0.73311707454587,0.939408822241557,FALSE,0.133122435862275,"Oligodendrocyte"
"GSN-203","GSN",0.494017156411533,NA,0.147090274417626,0.0693962521361141,0.0776940222815121,0.542608624441376,0.603701797742102,0.931273270211682,0.977051941395206,FALSE,0.0932686718977042,"Oligodendrocyte"
"GSN-204","GSN",0.494017156411533,NA,0.122753330911644,0.230781971068572,-0.108028640156928,0.199100148427584,0.261157780408084,0.749951723200456,0.939408822241557,FALSE,0.309450975887733,"Oligodendrocyte"
"GSN-207","GSN",0.494017156411533,NA,0.670409662925531,0.672713778924961,-0.0023041159994297,0.0928047561086967,0.125785568527949,0.695239622607282,0.939408822241557,FALSE,0.597280352214563,"Oligodendrocyte"
"HARS1-207","HARS1",0.919795104960377,NA,0.334609325173105,0.263229540794983,0.0713797843781223,0.843974310779821,0.839700312264874,0.962679326180539,0.977996986561973,FALSE,0.332439832120139,"Oligodendrocyte"
"HARS1-218","HARS1",0.919795104960377,NA,0.477231332190733,0.526267020451434,-0.0490356882607004,0.843974310779821,0.880645665453289,0.962679326180539,0.983948044086169,FALSE,0.667560167879861,"Oligodendrocyte"
"HBP1-201","HBP1",0.919795104960377,NA,0.447519220508269,0.556962163505658,-0.109442942997388,0.845368936162057,0.840947596235308,0.962679326180539,0.977996986561973,FALSE,0.49745063204965,"Oligodendrocyte"
"HBP1-208","HBP1",0.919795104960377,NA,0.476486534003488,0.370509117551284,0.105977416452204,0.845368936162057,0.881904406578804,0.962679326180539,0.983948044086169,FALSE,0.50254936795035,"Oligodendrocyte"
"HBS1L-203","HBS1L",0.187003523636946,NA,0.542149036725276,0.406869945394772,0.135279091330505,0.00485223023333008,0.0125665361320793,0.319962429235825,0.726245068833473,FALSE,0.341557759288256,"Oligodendrocyte"
"HBS1L-205","HBS1L",0.187003523636946,NA,0.271439308911768,0.464422913887668,-0.1929836049759,0.00127521292163917,0.0036096992538896,0.29669344505911,0.726245068833473,FALSE,0.592657408260245,"Oligodendrocyte"
"HBS1L-212","HBS1L",0.187003523636946,NA,0.163543965119697,0.105555967617084,0.0579879975026131,0.19206760720186,0.253497826013785,0.749951723200456,0.939408822241557,FALSE,0.0657848324514991,"Oligodendrocyte"
"HCG18-242","HCG18",0.905852152257069,NA,0.368646234098067,0.225749014115497,0.14289721998257,0.823432751289891,0.862088890046929,0.953133825334957,0.981806316438557,FALSE,0.42979242979243,"Oligodendrocyte"
"HCG18-246","HCG18",0.905852152257069,NA,0.218396535105828,0.26103916025572,-0.0426426251498929,0.823432751289891,0.821324487635629,0.953133825334957,0.977051941395206,FALSE,0.57020757020757,"Oligodendrocyte"
"HDLBP-201","HDLBP",0.993231689679545,NA,0.452340486882409,0.229958394170452,0.222382092711957,0.985649768384281,0.966365667567932,0.997990940556512,0.997007734161334,FALSE,0.559149184149184,"Oligodendrocyte"
"HDLBP-204","HDLBP",0.993231689679545,NA,0.3352765204192,0.334713152985075,0.000563367434125661,0.985649768384281,0.992053852381448,0.997990940556512,0.997067390485713,FALSE,0.440850815850816,"Oligodendrocyte"
"HECTD1-201","HECTD1",0.68338950060965,NA,0.429555908335967,0.545319634614215,-0.115763726278248,0.354940966564764,0.392941967357213,0.831183771008174,0.955392638522348,FALSE,0.495215311004785,"Oligodendrocyte"
"HECTD1-203","HECTD1",0.68338950060965,NA,0.347648467222708,0.141083320120501,0.206565147102207,0.354940966564763,0.422455669460782,0.831183771008174,0.955392638522348,FALSE,0.504784688995215,"Oligodendrocyte"
"HEPH-211","HEPH",0.861048942720289,NA,0.230271245208679,0.376257366388945,-0.145986121180266,0.665261730446797,0.679284016976718,0.942746505806972,0.977051941395206,FALSE,0.617521367521368,"Oligodendrocyte"
"HEPH-212","HEPH",0.861048942720289,NA,0.632777850398556,0.437449197317618,0.195328653080938,0.665261730446797,0.717864512776578,0.942746505806972,0.977051941395206,FALSE,0.382478632478632,"Oligodendrocyte"
"HERC1-201","HERC1",0.847333108485916,NA,0.964927171403194,0.952496774007815,0.0124303973953784,0.613934886819161,0.67039663838822,0.942746505806972,0.977051941395206,FALSE,0.986647485080989,"Oligodendrocyte"
"HERC1-205","HERC1",0.847333108485916,NA,0.0350728285968065,0.0475032259921849,-0.0124303973953784,0.613934886819159,0.632842554238541,0.942746505806972,0.977051941395206,FALSE,0.0133525149190111,"Oligodendrocyte"
"HEXA-201","HEXA",0.870554343068275,NA,0.119345752434527,0.141069248212105,-0.0217234957775782,0.729670739457226,0.776921280964675,0.942746505806972,0.977051941395206,FALSE,0.436856368563686,"Oligodendrocyte"
"HEXA-247","HEXA",0.870554343068275,NA,0.41682941033638,0.56480463980464,-0.14797522946826,0.729670739457226,0.737278525153597,0.942746505806972,0.977051941395206,FALSE,0.563143631436314,"Oligodendrocyte"
"HMGN1-216","HMGN1",0.898771333749675,NA,0.522681251693459,0.744167777278411,-0.221486525584951,0.765670846156212,0.769589512110558,0.949516160280269,0.977051941395206,FALSE,0.897886607324571,"Oligodendrocyte"
"HMGN1-220","HMGN1",0.898771333749675,NA,0.228771329683014,0.148071808334028,0.0806995213489858,0.765670846156213,0.809721124928825,0.949516160280269,0.977051941395206,FALSE,0.102113392675429,"Oligodendrocyte"
"HMGXB4-201","HMGXB4",0.930316420284236,NA,0.28895204577597,0.21675400622769,0.0721980395482792,0.863560890889795,0.898311416046012,0.969601536630674,0.989551272174561,FALSE,0.698412698412698,"Oligodendrocyte"
"HMGXB4-203","HMGXB4",0.930316420284236,NA,0.449693203686152,0.443684970000759,0.00600823368539244,0.863560890889796,0.857214748408511,0.969601536630674,0.980439832000388,FALSE,0.301587301587302,"Oligodendrocyte"
"HNRNPA1-203","HNRNPA1",0.92193646907946,NA,0.379777785743829,0.248025406829755,0.131752378914075,0.850152102784724,0.886220477833872,0.963052056766084,0.985808550409896,FALSE,0.529488432714239,"Oligodendrocyte"
"HNRNPA1-209","HNRNPA1",0.92193646907946,NA,0.49845192201843,0.606339227314628,-0.107887305296198,0.850152102784724,0.845225169679248,0.963052056766084,0.977996986561973,FALSE,0.470511567285761,"Oligodendrocyte"
"HNRNPA2B1-226","HNRNPA2B1",0.49546314464878,NA,0.17720199692604,0.148048353832928,0.0291536430931118,0.101748597924604,0.150122057199165,0.695239622607282,0.939408822241557,FALSE,0.518072289156627,"Oligodendrocyte"
"HNRNPA2B1-227","HNRNPA2B1",0.49546314464878,NA,0.326563354498881,0.667277447451073,-0.340714092952192,0.101748597924605,0.135902028858658,0.695239622607282,0.939408822241557,FALSE,0.481927710843373,"Oligodendrocyte"
"HNRNPA3-207","HNRNPA3",0.49546314464878,NA,0.125747645367156,0.0626827410634095,0.0630649043037468,0.310508122322894,0.35026442425869,0.820201433060846,0.955392638522348,FALSE,0.0562770562770563,"Oligodendrocyte"
"HNRNPA3-216","HNRNPA3",0.49546314464878,NA,0.590296243349168,0.660504623932775,-0.0702083805836077,0.367361200918725,0.4047625461669,0.831473466264412,0.955392638522348,FALSE,0.701118326118326,"Oligodendrocyte"
"HNRNPA3-218","HNRNPA3",0.49546314464878,NA,0.0949069951740576,0.0884018747310393,0.00650512044301832,0.109317692684735,0.159245489060616,0.695239622607282,0.939408822241557,FALSE,0.242604617604618,"Oligodendrocyte"
"HNRNPDL-204","HNRNPDL",0.861048942720289,NA,0.980619662331687,0.989819078311644,-0.00919941597995644,0.66019363533658,0.674708303993976,0.942746505806972,0.977051941395206,FALSE,0.987405224556924,"Oligodendrocyte"
"HNRNPDL-206","HNRNPDL",0.861048942720289,NA,0.0116393481126417,0.00642580933650368,0.00521353877613803,0.660193635336583,0.713194704898271,0.942746505806972,0.977051941395206,FALSE,0.0125947754430763,"Oligodendrocyte"
"HNRNPF-204","HNRNPF",0.541323808589515,NA,0.46122725235732,0.217768559329358,0.243458693027962,0.139805819643519,0.195003887439814,0.73311707454587,0.939408822241557,FALSE,0.294710014194182,"Oligodendrocyte"
"HNRNPF-208","HNRNPF",0.541323808589515,NA,0.458057402472438,0.522146546738198,-0.0640891442657605,0.139805819643519,0.1776443519798,0.73311707454587,0.939408822241557,FALSE,0.705289985805818,"Oligodendrocyte"
"HNRNPK-202","HNRNPK",0.485960893890849,NA,0.0997685243237442,0.0974822711847542,0.00228625313899,0.113758748557097,0.149285216357046,0.709765368448398,0.939408822241557,FALSE,0.198737210241767,"Oligodendrocyte"
"HNRNPK-204","HNRNPK",0.485960893890849,NA,0.234187570745578,0.15077136814765,0.0834162025979285,0.740355933912767,0.746875349738976,0.94915897732088,0.977051941395206,FALSE,0.145180241748796,"Oligodendrocyte"
"HNRNPK-205","HNRNPK",0.485960893890849,NA,0.0859902758611795,0.138711707209891,-0.0527214313487119,0.0774091357373592,0.119937921607233,0.680330632234799,0.939408822241557,FALSE,0,"Oligodendrocyte"
"HNRNPK-218","HNRNPK",0.485960893890849,NA,0.296741796491663,0.141288860330683,0.155452936160979,0.824331957046449,0.82212908206771,0.953133825334957,0.977051941395206,FALSE,0.427723455314471,"Oligodendrocyte"
"HNRNPK-220","HNRNPK",0.485960893890849,NA,0.102846277031526,0.065580879355562,0.0372653976759637,0.854271412758429,0.848908760805835,0.964530763607953,0.977996986561973,FALSE,0.228359092694966,"Oligodendrocyte"
"HNRNPM-201","HNRNPM",0.731677394930628,NA,0.597801920961105,0.456785847636296,0.14101607332481,0.430069919157698,0.496236231692366,0.863661405538229,0.975910809174974,FALSE,0.69683908045977,"Oligodendrocyte"
"HNRNPM-202","HNRNPM",0.731677394930628,NA,0.241457991435079,0.519181333087797,-0.277723341652718,0.430069919157698,0.463833094941388,0.863661405538229,0.960016699907608,FALSE,0.30316091954023,"Oligodendrocyte"
"HNRNPR-201","HNRNPR",0.68338950060965,NA,0.0840270675849804,0.0500705627371822,0.0339565048477982,0.890289757271197,0.922378715672453,0.971502746103206,0.989551272174561,FALSE,0.0811754596518243,"Oligodendrocyte"
"HNRNPR-202","HNRNPR",0.68338950060965,NA,0.14357075433063,0.111928249602022,0.0316425047286078,0.350713147409656,0.418242993460024,0.831183771008174,0.955392638522348,FALSE,0.343411488345873,"Oligodendrocyte"
"HNRNPR-210","HNRNPR",0.68338950060965,NA,0.662107409139668,0.807294494932654,-0.145187085792986,0.43678551681999,0.470105274316018,0.865411901943467,0.961359243492012,FALSE,0.575413052002303,"Oligodendrocyte"
"HNRNPU-203","HNRNPU",0.613991650723365,NA,0.106732111866464,0.124977159863305,-0.0182450479968412,0.983538642478071,0.964476917970882,0.99732949661097,0.996417387332255,FALSE,0.0248251748251748,"Oligodendrocyte"
"HNRNPU-204","HNRNPU",0.613991650723365,NA,0.0377723661272103,0.00846622404235956,0.0293061420848507,0.254118226823227,0.319743863170277,0.796538058052414,0.955392638522348,FALSE,0.0272584558298844,"Oligodendrocyte"
"HNRNPU-205","HNRNPU",0.613991650723365,NA,0.205435480964217,0.184638864309943,0.0207966166542743,0.350083335565428,0.417614824425256,0.831183771008174,0.955392638522348,FALSE,0.474580974580975,"Oligodendrocyte"
"HNRNPU-209","HNRNPU",0.613991650723365,NA,0.119547775920413,0.236277380650783,-0.11672960473037,0.867047142056398,0.901453060710299,0.969964024072751,0.989551272174561,FALSE,0.0616938616938617,"Oligodendrocyte"
"HNRNPU-217","HNRNPU",0.613991650723365,NA,0.182241506394733,0.131344686103867,0.0508968202908663,0.365418840526437,0.402916852373435,0.831473466264412,0.955392638522348,FALSE,0.176158761873048,"Oligodendrocyte"
"HNRNPU-226","HNRNPU",0.613991650723365,NA,0.258435825748599,0.275094720427446,-0.016658894678847,0.819706976140733,0.817990515937823,0.951654177642065,0.977051941395206,FALSE,0.235482771197057,"Oligodendrocyte"
"HOOK3-201","HOOK3",0.802781775096356,NA,0.720094739290294,0.819627540317012,-0.0995328010267179,0.524808621595557,0.551539896341323,0.923553362703959,0.977051941395206,FALSE,0.741666666666667,"Oligodendrocyte"
"HOOK3-204","HOOK3",0.802781775096356,NA,0.279671834005691,0.180372459682988,0.099299374322703,0.524808621595557,0.586903884071456,0.923553362703959,0.977051941395206,FALSE,0.258333333333333,"Oligodendrocyte"
"HSP90AA1-201","HSP90AA1",0.67307114674688,NA,0.845406118578006,0.94770319247377,-0.102297073895764,0.337190418170278,0.404719745752154,0.828078912627196,0.955392638522348,FALSE,0.910796579590682,"Oligodendrocyte"
"HSP90AA1-202","HSP90AA1",0.67307114674688,NA,0.153036209152625,0.0503674648702174,0.102668744282407,0.337190418170277,0.375969135709532,0.828078912627196,0.955392638522348,FALSE,0.0892034204093184,"Oligodendrocyte"
"HSP90AB1-201","HSP90AB1",0.589177335875121,NA,0.0252142123249764,0.0274470678977805,-0.00223285557280405,0.232972412201002,0.2739696376619,0.772206474607915,0.939408822241557,FALSE,0.0176598594425065,"Oligodendrocyte"
"HSP90AB1-203","HSP90AB1",0.589177335875121,NA,0.971826523395885,0.971545686101668,0.000280837294216907,0.232972412201005,0.297485626586143,0.772206474607915,0.95108705329265,FALSE,0.982340140557493,"Oligodendrocyte"
"HSP90B1-201","HSP90B1",0.73334928344969,NA,0.37377084635089,0.473515364667055,-0.0997445183161642,0.450867203727539,0.483227132359415,0.881240443649281,0.965847195457072,FALSE,0.741744625608882,"Oligodendrocyte"
"HSP90B1-211","HSP90B1",0.73334928344969,NA,0.222933161571084,0.11207645571783,0.110856705853254,0.684699507822114,0.73574227849445,0.942746505806972,0.977051941395206,FALSE,0.0373769718765468,"Oligodendrocyte"
"HSP90B1-213","HSP90B1",0.73334928344969,NA,0.116674270432015,0.0762923336542653,0.0403819367777494,0.48786390555645,0.517522760731669,0.919695759549906,0.977051941395206,FALSE,0.138863855386606,"Oligodendrocyte"
"HSP90B1-234","HSP90B1",0.73334928344969,NA,0.146800190515062,0.271335298755924,-0.124535108240862,0.436220283748698,0.502194901570697,0.865411901943467,0.977051941395206,FALSE,0.0820145471279649,"Oligodendrocyte"
"HSPA9-201","HSPA9",0.685698611559415,NA,0.489290535136659,0.743448175833295,-0.254157640696635,0.942810089855982,0.969554418207228,0.989910350789473,0.997007734161334,FALSE,0.805013772788083,"Oligodendrocyte"
"HSPA9-207","HSPA9",0.685698611559415,NA,0.227592485232433,0.0483045968432996,0.179287888389133,0.373731915002613,0.44109531422851,0.831618848628191,0.955392638522348,FALSE,0.0622690403104577,"Oligodendrocyte"
"HSPA9-211","HSPA9",0.685698611559415,NA,0.148820593550141,0.070348539813081,0.0784720537370601,0.495342601062109,0.524426297560149,0.92265530862716,0.977051941395206,FALSE,0.0190027429495514,"Oligodendrocyte"
"HSPA9-220","HSPA9",0.685698611559415,NA,0.033765383617639,0.0769701889948095,-0.0432048053771705,0.58918884737937,0.610362167115781,0.942746505806972,0.977051941395206,FALSE,0.113714443951908,"Oligodendrocyte"
"HSPD1-202","HSPD1",0.541323808589515,NA,0.510921666224828,0.522655680039716,-0.0117340138148874,0.369006665021323,0.406325298814409,0.831473466264412,0.955392638522348,FALSE,0.695066503333196,"Oligodendrocyte"
"HSPD1-210","HSPD1",0.541323808589515,NA,0.056300087252796,0.112249045013364,-0.0559489577605678,0.772103213312273,0.815567783493389,0.949516160280269,0.977051941395206,FALSE,0.186642900729036,"Oligodendrocyte"
"HSPD1-211","HSPD1",0.541323808589515,NA,0.095346767596716,0.154669752420796,-0.0593229848240795,0.677068741531055,0.728729958346082,0.942746505806972,0.977051941395206,FALSE,0.0610045926068664,"Oligodendrocyte"
"HSPD1-221","HSPD1",0.541323808589515,NA,0.199397849827117,0.0385561676738833,0.160841682153234,0.140080879005207,0.195320164351449,0.73311707454587,0.939408822241557,FALSE,0.0572860033309017,"Oligodendrocyte"
"HSPH1-201","HSPH1",0.485960893890849,NA,0.614930383928825,0.654306402904067,-0.0393760189752417,0.0852441199188881,0.129810913559706,0.680330632234799,0.939408822241557,FALSE,0.755706603991952,"Oligodendrocyte"
"HSPH1-202","HSPH1",0.485960893890849,NA,0.315734924508818,0.314365844396752,0.00136908011206649,0.0852441199188881,0.117120765959597,0.680330632234799,0.939408822241557,FALSE,0.244293396008048,"Oligodendrocyte"
"HYCC1-204","HYCC1",0.485691439886857,NA,0.753565062388592,0.351125287967393,0.402439774421199,0.0738569371279289,0.115405713008752,0.680330632234799,0.939408822241557,FALSE,0.765679442508711,"Oligodendrocyte"
"HYCC1-207","HYCC1",0.485691439886857,NA,0.241087344028521,0.64595073542442,-0.404863391395899,0.0738569371279287,0.103847646124122,0.680330632234799,0.939408822241557,FALSE,0.234320557491289,"Oligodendrocyte"
"IDS-201","IDS",0.861048942720289,NA,0.753176999094803,0.878215264411008,-0.125038265316205,0.660945939396572,0.675387647264873,0.942746505806972,0.977051941395206,FALSE,0.85200364298725,"Oligodendrocyte"
"IDS-203","IDS",0.861048942720289,NA,0.244726198528821,0.117795373886865,0.126930824641956,0.660945939396573,0.713888114447535,0.942746505806972,0.977051941395206,FALSE,0.14799635701275,"Oligodendrocyte"
"IFRD1-202","IFRD1",0.861048942720289,NA,0.898123936182508,0.816987487303825,0.0811364488786827,0.667058580786404,0.68090581593315,0.942746505806972,0.977051941395206,FALSE,0.912942140041091,"Oligodendrocyte"
"IFRD1-205","IFRD1",0.861048942720289,NA,0.0983299645267122,0.177982284092359,-0.0796523195656465,0.667058580786404,0.719519297243164,0.942746505806972,0.977051941395206,FALSE,0.0870578599589094,"Oligodendrocyte"
"IFT80-220","IFT80",0.861048942720289,NA,0.297009549331531,0.549170872650135,-0.252161323318605,0.664139767304775,0.716831029925142,0.942746505806972,0.977051941395206,FALSE,0.472222222222222,"Oligodendrocyte"
"IFT80-223","IFT80",0.861048942720289,NA,0.557582553325587,0.225194206714944,0.332388346610643,0.664139767304776,0.678271229900476,0.942746505806972,0.977051941395206,FALSE,0.527777777777778,"Oligodendrocyte"
"ILF3-207","ILF3",0.313501695865751,NA,0.601373626373626,0.485785486443381,0.115588139930245,0.0239314271653245,0.0459539328684534,0.458733742410017,0.837459557130589,FALSE,0.549768518518518,"Oligodendrocyte"
"ILF3-216","ILF3",0.313501695865751,NA,0.142918192918193,0.416831140350877,-0.273912947432684,0.0239314271653246,0.040565657378849,0.458733742410017,0.828650226894948,FALSE,0.450231481481481,"Oligodendrocyte"
"IQGAP1-201","IQGAP1",0.953546068821322,NA,0.709804577586235,0.634102477361218,0.075702100225017,0.910501871787419,0.899174639943558,0.981667464976663,0.989551272174561,FALSE,0.727272727272727,"Oligodendrocyte"
"IQGAP1-218","IQGAP1",0.953546068821322,NA,0.244134676078931,0.249161941035927,-0.00502726495699585,0.910501871787419,0.940550486923433,0.981667464976663,0.992180883039089,FALSE,0.272727272727273,"Oligodendrocyte"
"ITPRID2-205","ITPRID2",0.547990664513232,NA,0.39084655238897,0.219565401918343,0.171281150470626,0.154626913356102,0.211906047798074,0.73424998776817,0.939408822241557,FALSE,0.648148148148148,"Oligodendrocyte"
"ITPRID2-212","ITPRID2",0.547990664513232,NA,0.388398447491293,0.657236227824463,-0.26883778033317,0.154626913356102,0.193440791149909,0.73424998776817,0.939408822241557,FALSE,0.351851851851852,"Oligodendrocyte"
"IVNS1ABP-202","IVNS1ABP",0.685698611559415,NA,0.421073296355455,0.571919951687264,-0.150846655331808,0.362897001036197,0.430364113232104,0.831473466264412,0.955392638522348,FALSE,0.414181286549708,"Oligodendrocyte"
"IVNS1ABP-207","IVNS1ABP",0.685698611559415,NA,0.333625096213192,0.357375618565414,-0.0237505223522216,0.362897001036196,0.400518939698391,0.831473466264412,0.955392638522348,FALSE,0.585818713450292,"Oligodendrocyte"
"IWS1-201","IWS1",0.773563547292691,NA,0.475555000555001,0.678379953379953,-0.202824952824953,0.475948258868633,0.506503937434827,0.907954052589922,0.977051941395206,FALSE,0.662647804808345,"Oligodendrocyte"
"IWS1-212","IWS1",0.773563547292691,NA,0.511457986457986,0.321620046620047,0.18983793983794,0.475948258868633,0.540428488192252,0.907954052589922,0.977051941395206,FALSE,0.337352195191655,"Oligodendrocyte"
"KANK1-201","KANK1",0.450525841359104,NA,0.187996152354848,0.0606436493930891,0.127352502961759,0.798949689457842,0.839927919570157,0.949516160280269,0.977996986561973,FALSE,0.396057347670251,"Oligodendrocyte"
"KANK1-211","KANK1",0.450525841359104,NA,0.210086734335508,0.234632139469816,-0.0245454051343085,0.0646556169278714,0.0928951996205426,0.657602847334908,0.939408822241557,FALSE,0.600358422939068,"Oligodendrocyte"
"KANK1-224","KANK1",0.450525841359104,NA,0.148537481349383,0.147793614253242,0.000743867096141521,0.140394594146347,0.195680764714758,0.73311707454587,0.939408822241557,FALSE,0.003584229390681,"Oligodendrocyte"
"KANSL1-221","KANSL1",0.541323808589515,NA,0.383113481059436,0.607244298973508,-0.224130817914072,0.134832670997104,0.172292346600326,0.73311707454587,0.939408822241557,FALSE,0.73735119047619,"Oligodendrocyte"
"KANSL1-226","KANSL1",0.541323808589515,NA,0.318269677763956,0.140181172782593,0.178088504981363,0.134832670997104,0.189267566764294,0.73311707454587,0.939408822241557,FALSE,0.26264880952381,"Oligodendrocyte"
"KAT6A-207","KAT6A",0.55493002022109,NA,0.289370931148872,0.416383649897077,-0.127012718748205,0.168201651415108,0.227155580352265,0.741907485974173,0.939408822241557,FALSE,1,"Oligodendrocyte"
"KAT6A-211","KAT6A",0.55493002022109,NA,0.192417351805587,0.353027562863889,-0.160610211058302,0.168201651415108,0.207725460849474,0.741907485974173,0.939408822241557,FALSE,0,"Oligodendrocyte"
"KCNH8-201","KCNH8",0.924315710969572,NA,0.194873454765033,0.212759156558857,-0.0178857017938236,0.853759676324422,0.88947469606652,0.964530763607953,0.987392840290878,FALSE,0.372907768407987,"Oligodendrocyte"
"KCNH8-202","KCNH8",0.924315710969572,NA,0.805126545234967,0.787240843441143,0.0178857017938235,0.853759676324422,0.848451167346276,0.964530763607953,0.977996986561973,FALSE,0.627092231592013,"Oligodendrocyte"
"KCNK10-202","KCNK10",0.449144514439351,NA,0.584491978609626,0.353298180314309,0.231193798295316,0.0631924986194118,0.101561904680184,0.654585272494374,0.939408822241557,FALSE,0.620161857846587,"Oligodendrocyte"
"KCNK10-203","KCNK10",0.449144514439351,NA,0.393285799168152,0.646701819685691,-0.253416020517539,0.0631924986194119,0.0911324037707343,0.654585272494374,0.939408822241557,FALSE,0.379838142153413,"Oligodendrocyte"
"KIDINS220-206","KIDINS220",0.79218892440052,NA,0.0569459982557862,0.102990033793831,-0.0460440355380446,0.994531007602956,0.974312510705243,0.997990940556512,0.997007734161334,FALSE,0.156359749580089,"Oligodendrocyte"
"KIDINS220-218","KIDINS220",0.79218892440052,NA,0.409996576866247,0.535796495724221,-0.125799918857975,0.530436754275498,0.556703928176265,0.924342690090161,0.977051941395206,FALSE,0.750353415197592,"Oligodendrocyte"
"KIDINS220-232","KIDINS220",0.79218892440052,NA,0.234741735098906,0.251858180082695,-0.0171164449837887,0.501921226910253,0.565203407270118,0.922792242241237,0.977051941395206,FALSE,0.0932868352223191,"Oligodendrocyte"
"KIF13B-201","KIF13B",0.623317620580672,NA,0.0460837549183303,0.0184705239658206,0.0276132309525097,0.279725670876543,0.346325449036846,0.802033726145636,0.955392638522348,FALSE,0.0269874013481475,"Oligodendrocyte"
"KIF13B-206","KIF13B",0.623317620580672,NA,0.935768892730194,0.973826923731038,-0.0380580310008436,0.279725670876544,0.320287773874855,0.802033726145636,0.955392638522348,FALSE,0.973012598651853,"Oligodendrocyte"
"KIF19-202","KIF19",0.705654952782268,NA,0.570653195251921,0.39979157055569,0.170861624696231,0.620289849328131,0.638605613353766,0.942746505806972,0.977051941395206,FALSE,0.466471726836257,"Oligodendrocyte"
"KIF19-203","KIF19",0.705654952782268,NA,0.23229794707739,0.331177875280865,-0.0988799282034749,0.392150233301902,0.459239225316848,0.847892894974602,0.960016699907608,FALSE,0.153108360370041,"Oligodendrocyte"
"KIF19-205","KIF19",0.705654952782268,NA,0.120225738647719,0.261128572424253,-0.140902833776534,0.622585977603621,0.640686917366304,0.942746505806972,0.977051941395206,FALSE,0.380419912793701,"Oligodendrocyte"
"KIF21A-201","KIF21A",0.685698611559415,NA,0.281155263811394,0.297967980295567,-0.0168127164841721,0.371537000508292,0.438924954882387,0.831473466264412,0.955392638522348,FALSE,0.219334245326037,"Oligodendrocyte"
"KIF21A-202","KIF21A",0.685698611559415,NA,0.574752867612398,0.685021551724138,-0.11026868411174,0.371537000508292,0.408726987858304,0.831473466264412,0.955392638522348,FALSE,0.780665754673963,"Oligodendrocyte"
"KLHL24-201","KLHL24",0.366484539869038,NA,0.763524831657516,0.580711783246204,0.182813048411312,0.0350902130768079,0.0627867831832145,0.542809662097754,0.904397966264933,FALSE,0.908082384147293,"Oligodendrocyte"
"KLHL24-205","KLHL24",0.366484539869038,NA,0.234687232288863,0.417858082708453,-0.18317085041959,0.0350902130768073,0.0557705315668975,0.542809662097754,0.890904786316756,FALSE,0.0919176158527071,"Oligodendrocyte"
"KLHL4-202","KLHL4",0.802781775096356,NA,0.808728401644918,0.635776214998524,0.172952186646393,0.528766199129884,0.590644464362704,0.923553362703959,0.977051941395206,FALSE,0.5,"Oligodendrocyte"
"KLHL4-203","KLHL4",0.802781775096356,NA,0.190405797489282,0.364223785001476,-0.173817987512194,0.528766199129884,0.555171600936358,0.923553362703959,0.977051941395206,FALSE,0.5,"Oligodendrocyte"
"KMT2C-215","KMT2C",0.34285131837444,NA,0.135188725453896,0.245645107417674,-0.110456381963778,0.395884574812843,0.431750147100918,0.847892894974602,0.955392638522348,FALSE,0.0574626865671642,"Oligodendrocyte"
"KMT2C-216","KMT2C",0.34285131837444,NA,0.121493485549777,0.155314516217271,-0.0338210306674937,0.0376387936138492,0.0591249121050925,0.542809662097754,0.890904786316756,FALSE,0.688930348258706,"Oligodendrocyte"
"KMT2C-266","KMT2C",0.34285131837444,NA,0.24833950791334,0.183103471211299,0.0652360367020411,0.0314062276373533,0.0573537706342961,0.509870491541113,0.890904786316756,FALSE,0.253606965174129,"Oligodendrocyte"
"KMT2E-201","KMT2E",0.547990664513232,NA,0.164629003346339,0.16863760888971,-0.00400860554337096,0.156449243151106,0.19536813914251,0.73424998776817,0.939408822241557,FALSE,0.192574189095928,"Oligodendrocyte"
"KMT2E-206","KMT2E",0.547990664513232,NA,0.511576826031016,0.675394789215421,-0.163817963184405,0.344934408896818,0.412473284785319,0.831183771008174,0.955392638522348,FALSE,0.637819185645273,"Oligodendrocyte"
"KMT2E-211","KMT2E",0.547990664513232,NA,0.117478916442381,0.0339638932496075,0.0835150231927733,0.352890990583825,0.420413927283657,0.831183771008174,0.955392638522348,FALSE,0.169606625258799,"Oligodendrocyte"
"KRIT1-207","KRIT1",0.817370370946799,NA,0.616786489873839,0.516801128098782,0.0999853617750571,0.55281690737318,0.613305865855084,0.932609883902397,0.977051941395206,FALSE,0.883333333333333,"Oligodendrocyte"
"KRIT1-217","KRIT1",0.817370370946799,NA,0.0555467490951362,0.0846750105196628,-0.0291282614245266,0.552816907373179,0.577195242108366,0.932609883902397,0.977051941395206,FALSE,0.116666666666667,"Oligodendrocyte"
"KTN1-205","KTN1",0.68338950060965,NA,0.56409029188151,0.723661136638617,-0.159570844757107,0.359339492961581,0.426830932006514,0.831183771008174,0.955392638522348,FALSE,0.885515569477834,"Oligodendrocyte"
"KTN1-207","KTN1",0.68338950060965,NA,0.39258807433159,0.268726533990221,0.123861540341369,0.359339492961583,0.397133183188941,0.831183771008174,0.955392638522348,FALSE,0.114484430522166,"Oligodendrocyte"
"L3MBTL2-201","L3MBTL2",0.567601051665673,NA,0.566485396377699,0.543681318681319,0.0228040776963799,0.189996856092293,0.230339974630647,0.749951723200456,0.939408822241557,FALSE,0.632448924419727,"Oligodendrocyte"
"L3MBTL2-206","L3MBTL2",0.567601051665673,NA,0.219000341475529,0.279788069073783,-0.0607877275982543,0.189996856092294,0.251233900018553,0.749951723200456,0.939408822241557,FALSE,0.367551075580273,"Oligodendrocyte"
"LAMP2-201","LAMP2",0.950814654316785,NA,0.0951234604848812,0.079887603923716,0.0152358565611652,0.904362640670774,0.893687348223949,0.980439050191566,0.987675716805892,FALSE,0.102479608068617,"Oligodendrocyte"
"LAMP2-202","LAMP2",0.950814654316785,NA,0.90128647585892,0.91724128142933,-0.0159548055704105,0.904362640670775,0.935033336004784,0.980439050191566,0.992180883039089,FALSE,0.897520391931383,"Oligodendrocyte"
"LANCL1-204","LANCL1",0.899285273117082,NA,0.0361744678211987,0.0437167204761772,-0.00754225265497854,0.802815135717132,0.802870408714299,0.949516160280269,0.977051941395206,FALSE,0.0516470531330867,"Oligodendrocyte"
"LANCL1-205","LANCL1",0.899285273117082,NA,0.157182284369291,0.127668500504562,0.0295137838647286,0.954785924046491,0.980293691051046,0.991933763062446,0.997007734161334,FALSE,0.124531089022709,"Oligodendrocyte"
"LANCL1-207","LANCL1",0.899285273117082,NA,0.803997928318246,0.824751960080177,-0.0207540317619301,0.991630457398575,0.986699039474696,0.997990940556512,0.997007734161334,FALSE,0.823821857844204,"Oligodendrocyte"
"LATS1-202","LATS1",0.366484539869038,NA,0.693806539857099,0.906164058795638,-0.212357518938539,0.0381481451133711,0.0597908971236709,0.542809662097754,0.890904786316756,FALSE,0.773759404325316,"Oligodendrocyte"
"LATS1-207","LATS1",0.366484539869038,NA,0.283310139634072,0.0858994332678543,0.197410706366218,0.038148145113371,0.067219089224648,0.542809662097754,0.904397966264933,FALSE,0.226240595674684,"Oligodendrocyte"
"LCOR-203","LCOR",0.485960893890849,NA,0.182294381470156,0.21613856542088,-0.0338441839507237,0.0839638235633793,0.115642385423752,0.680330632234799,0.939408822241557,FALSE,0.604166666666667,"Oligodendrocyte"
"LCOR-222","LCOR",0.485960893890849,NA,0.144444971966617,0.125446723456091,0.0189982485105254,0.0839638235633795,0.128208622903973,0.680330632234799,0.939408822241557,FALSE,0.395833333333333,"Oligodendrocyte"
"LCORL-203","LCORL",0.865178442901418,NA,0.49141573908239,0.471461544990957,0.0199541940914329,0.698848768308812,0.748724924082598,0.942746505806972,0.977051941395206,FALSE,0.799564270152505,"Oligodendrocyte"
"LCORL-207","LCORL",0.865178442901418,NA,0.444041221395055,0.472770693358929,-0.0287294719638739,0.698848768308812,0.709559940873726,0.942746505806972,0.977051941395206,FALSE,0.200435729847495,"Oligodendrocyte"
"LINC00461-218","LINC00461",0.899048571397129,NA,0.786031478563648,0.749683297667169,0.036348180896479,0.772058722463096,0.775316657869344,0.949516160280269,0.977051941395206,FALSE,0.749287145045364,"Oligodendrocyte"
"LINC00461-237","LINC00461",0.899048571397129,NA,0.100180419389978,0.192414747959103,-0.0922343285691246,0.772058722463096,0.815527357565983,0.949516160280269,0.977051941395206,FALSE,0.250712854954636,"Oligodendrocyte"
"LINC00632-201","LINC00632",0.55493002022109,NA,0.126162891787892,0.215261999380301,-0.0890991075924097,0.784670725581914,0.826979573760079,0.949516160280269,0.977996986561973,FALSE,0.0873737373737374,"Oligodendrocyte"
"LINC00632-210","LINC00632",0.55493002022109,NA,0.0989268826805953,0.0750907659089034,0.0238361167716919,0.168597059578621,0.227596707403505,0.741907485974173,0.939408822241557,FALSE,0.00909090909090909,"Oligodendrocyte"
"LINC00632-212","LINC00632",0.55493002022109,NA,0.629297386163213,0.583329382875453,0.0459680032877596,0.541402854756236,0.566752972551503,0.93020728068809,0.977051941395206,FALSE,0.797474747474747,"Oligodendrocyte"
"LINC00632-215","LINC00632",0.55493002022109,NA,0.0979105232001566,0.10172129154017,-0.00381076834001351,0.484380452744658,0.514304011398903,0.918533135061681,0.977051941395206,FALSE,0.106060606060606,"Oligodendrocyte"
"LINC00639-201","LINC00639",0.924315710969572,NA,0.27251936064632,0.41207264957265,-0.13955328892633,0.855168428774903,0.849710860909803,0.964530763607953,0.978212720482993,FALSE,0.944444444444444,"Oligodendrocyte"
"LINC00639-207","LINC00639",0.924315710969572,NA,0.275746097337006,0.162962962962963,0.112783134374043,0.855168428774902,0.890745219607333,0.964530763607953,0.987392840290878,FALSE,0.0555555555555556,"Oligodendrocyte"
"LINC00667-204","LINC00667",0.68338950060965,NA,0.460865391148383,0.344915533321635,0.115949857826748,0.354189322395842,0.421707238197861,0.831183771008174,0.955392638522348,FALSE,0.805895125895126,"Oligodendrocyte"
"LINC00667-229","LINC00667",0.68338950060965,NA,0.266941839988715,0.1981934707471,0.0687483692416151,0.354189322395843,0.392225184319249,0.831183771008174,0.955392638522348,FALSE,0.194104874104874,"Oligodendrocyte"
"LINC00844-204","LINC00844",0.216226182120213,NA,0.280044696898817,0.158005909124247,0.122038787774571,0.00829669965008683,0.0194179760229956,0.339412650451647,0.726245068833473,FALSE,0.121087237711986,"Oligodendrocyte"
"LINC00844-206","LINC00844",0.216226182120213,NA,0.689472012112882,0.820697794579457,-0.131225782466575,0.0082966996500868,0.0168697564151801,0.339412650451647,0.726245068833473,FALSE,0.878912762288014,"Oligodendrocyte"
"LMAN2-201","LMAN2",0.806555588342853,NA,0.215891760744702,0.384210526315789,-0.168318765571088,0.63897191084172,0.693600800171695,0.942746505806972,0.977051941395206,FALSE,0.139383786624622,"Oligodendrocyte"
"LMAN2-209","LMAN2",0.806555588342853,NA,0.535506854256854,0.147527910685805,0.387978943571049,0.933929777586408,0.961587146332546,0.988278967061019,0.995742456916342,FALSE,0.560616213375378,"Oligodendrocyte"
"LMAN2-211","LMAN2",0.806555588342853,NA,0.183416977902272,0.468261562998405,-0.284844585096133,0.536882803843487,0.56261293028058,0.926443102944672,0.977051941395206,FALSE,0.3,"Oligodendrocyte"
"LMBRD1-223","LMBRD1",0.685698611559415,NA,0.464648730575949,0.28844480130712,0.176203929268829,0.3722909822601,0.409442297202368,0.831473466264412,0.955392638522348,FALSE,0.0701754385964912,"Oligodendrocyte"
"LMBRD1-229","LMBRD1",0.685698611559415,NA,0.518676042579333,0.68695821757416,-0.168282174994827,0.3722909822601,0.439670702247006,0.831473466264412,0.955392638522348,FALSE,0.929824561403509,"Oligodendrocyte"
"LMNA-205","LMNA",0.843501035029287,NA,0.361439817259009,0.579974032869929,-0.21853421561092,0.602455215420492,0.659723633026547,0.942746505806972,0.977051941395206,FALSE,0.480391223077092,"Oligodendrocyte"
"LMNA-238","LMNA",0.843501035029287,NA,0.331987093454969,0.187029842086533,0.144957251368436,0.68086009771783,0.693354658098942,0.942746505806972,0.977051941395206,FALSE,0.321119432133953,"Oligodendrocyte"
"LMNA-242","LMNA",0.843501035029287,NA,0.250960229991611,0.216276776384535,0.0346834536070756,0.996187053009286,0.982619977182007,0.997990940556512,0.997007734161334,FALSE,0.198489344788955,"Oligodendrocyte"
"LRRC1-202","LRRC1",0.840796400634416,NA,0.439706160241875,0.622300453890041,-0.182594293648167,0.595617602892167,0.616208550573206,0.942746505806972,0.977051941395206,FALSE,0.591920518207283,"Oligodendrocyte"
"LRRC1-203","LRRC1",0.840796400634416,NA,0.560293839758125,0.377699546109959,0.182594293648166,0.595617602892167,0.653355948220357,0.942746505806972,0.977051941395206,FALSE,0.408079481792717,"Oligodendrocyte"
"LSM14A-201","LSM14A",0.49546314464878,NA,0.322740204446441,0.466618369487222,-0.143878165040781,0.105721468916753,0.154924537283901,0.695239622607282,0.939408822241557,FALSE,0.45485945055529,"Oligodendrocyte"
"LSM14A-203","LSM14A",0.49546314464878,NA,0.677259795553559,0.514876911188387,0.162382884365172,0.105721468916752,0.140353335136696,0.695239622607282,0.939408822241557,FALSE,0.54514054944471,"Oligodendrocyte"
"LUC7L3-201","LUC7L3",0.825188264991889,NA,0.0255305577453013,0.0187824376360288,0.00674812010927251,0.995274336749163,0.983436994205606,0.997990940556512,0.997007734161334,FALSE,0.0617292644757433,"Oligodendrocyte"
"LUC7L3-202","LUC7L3",0.825188264991889,NA,0.0365251551834414,0.131695617359719,-0.0951704621762776,0.571792916758823,0.594518835788033,0.939104666712911,0.977051941395206,FALSE,0.0761189358372457,"Oligodendrocyte"
"LUC7L3-208","LUC7L3",0.825188264991889,NA,0.906328870424915,0.765075938345814,0.141252932079101,0.623708240797995,0.679466251988099,0.942746505806972,0.977051941395206,FALSE,0.862151799687011,"Oligodendrocyte"
"MACF1-223","MACF1",0.541323808589515,NA,0.325466148064058,0.308930261379521,0.0165358866845365,0.933389922173448,0.919633064466626,0.988278967061019,0.989551272174561,FALSE,0.282724737076648,"Oligodendrocyte"
"MACF1-226","MACF1",0.541323808589515,NA,0.151929382125089,0.20322416736316,-0.0512947852380712,0.996972247377141,0.981917129417611,0.997990940556512,0.997007734161334,FALSE,0.297715695638332,"Oligodendrocyte"
"MACF1-247","MACF1",0.541323808589515,NA,0.0868952816842084,0.195064748415354,-0.108169466731145,0.151865970121788,0.19051473547726,0.73424998776817,0.939408822241557,FALSE,0.227219146506196,"Oligodendrocyte"
"MACF1-256","MACF1",0.541323808589515,NA,0.11045518738147,0.0469548426084136,0.0635003447730561,0.14528173048432,0.201281383169144,0.73311707454587,0.939408822241557,FALSE,0.192340420778824,"Oligodendrocyte"
"MAG-201","MAG",0.755108595198491,NA,0.0275865049910129,0.0177250640766715,0.0098614409143414,0.455370832218942,0.520678867147639,0.886774778531623,0.977051941395206,FALSE,0.0129153641153986,"Oligodendrocyte"
"MAG-202","MAG",0.755108595198491,NA,0.969408644066659,0.979796529347348,-0.0103878852806887,0.455370832218937,0.48741549255341,0.886774778531623,0.968137389079245,FALSE,0.987084635884601,"Oligodendrocyte"
"MAGED1-201","MAGED1",0.68338950060965,NA,0.38383307868602,0.586003314738459,-0.202170236052439,0.357774069468848,0.395642185082443,0.831183771008174,0.955392638522348,FALSE,0.487575214735198,"Oligodendrocyte"
"MAGED1-204","MAGED1",0.68338950060965,NA,0.458158263305322,0.358674913089175,0.0994833502161476,0.357774069468848,0.425274657508193,0.831183771008174,0.955392638522348,FALSE,0.512424785264802,"Oligodendrocyte"
"MAGED2-204","MAGED2",0.862614080016457,NA,0.461484476675905,0.474259082079718,-0.0127746054038131,0.690063391791169,0.740666901866354,0.942746505806972,0.977051941395206,FALSE,0.820017504376094,"Oligodendrocyte"
"MAGED2-206","MAGED2",0.862614080016457,NA,0.483048437431967,0.457499418649717,0.0255490187822496,0.690063391791167,0.701648300613364,0.942746505806972,0.977051941395206,FALSE,0.179982495623906,"Oligodendrocyte"
"MALAT1-201","MALAT1",0.695257101999267,NA,0.0246850558915105,0.0115382452639449,0.0131468106275657,0.780069651095003,0.822803333253247,0.949516160280269,0.977051941395206,FALSE,0.0065695082880624,"Oligodendrocyte"
"MALAT1-202","MALAT1",0.695257101999267,NA,0.773399210330956,0.774959309786953,-0.00156009945599611,0.679505824393709,0.730970357894762,0.942746505806972,0.977051941395206,FALSE,0.932510388146362,"Oligodendrocyte"
"MALAT1-211","MALAT1",0.695257101999267,NA,0.0731362926143551,0.0473499749185007,0.0257863176958545,0.78229792234237,0.784493396114849,0.949516160280269,0.977051941395206,FALSE,0.0104551298299457,"Oligodendrocyte"
"MALAT1-223","MALAT1",0.695257101999267,NA,0.016884172734989,0.0124115739327685,0.00447259880222052,0.60543971080722,0.625132351441878,0.942746505806972,0.977051941395206,FALSE,0.00553698286669453,"Oligodendrocyte"
"MALAT1-239","MALAT1",0.695257101999267,NA,0.0126334745148419,0.00904866670330335,0.00358480781153859,0.564323373345005,0.587705047081859,0.933304040532124,0.977051941395206,FALSE,0.0153507983211507,"Oligodendrocyte"
"MALAT1-260","MALAT1",0.695257101999267,NA,0.0136665395127388,0.0082320360320724,0.00543450348066644,0.380003118344638,0.41675008094762,0.844306543333965,0.955392638522348,FALSE,0.0295771925477847,"Oligodendrocyte"
"MAN1B1-202","MAN1B1",0.883521381157681,NA,0.402053439155436,0.319773690654331,0.0822797485011046,0.744585957861133,0.790527140126357,0.949516160280269,0.977051941395206,FALSE,0.361884183232498,"Oligodendrocyte"
"MAN1B1-239","MAN1B1",0.883521381157681,NA,0.103354689323389,0.275634543007636,-0.172279853684248,0.744585957861129,0.75067289981687,0.949516160280269,0.977051941395206,FALSE,0.638115816767502,"Oligodendrocyte"
"MAN2A1-201","MAN2A1",0.802781775096356,NA,0.803024065361093,0.718673147970706,0.0843509173903867,0.52462449975939,0.58672977543447,0.923553362703959,0.977051941395206,FALSE,0.676294615225913,"Oligodendrocyte"
"MAN2A1-203","MAN2A1",0.802781775096356,NA,0.192345793531031,0.2760210673939,-0.0836752738628692,0.52462449975939,0.551370880449755,0.923553362703959,0.977051941395206,FALSE,0.323705384774087,"Oligodendrocyte"
"MAP1A-201","MAP1A",0.869153823079531,NA,0.631767109796156,0.730778173840662,-0.0990110640445068,0.704611725275162,0.754005545207265,0.942746505806972,0.977051941395206,FALSE,0.828419914540662,"Oligodendrocyte"
"MAP1A-202","MAP1A",0.869153823079531,NA,0.368232890203844,0.269221826159337,0.0990110640445069,0.704611725275162,0.714747013679354,0.942746505806972,0.977051941395206,FALSE,0.171580085459338,"Oligodendrocyte"
"MAP1B-201","MAP1B",0.865178442901418,NA,0.554959895280441,0.742763243534532,-0.187803348254091,0.699969323340389,0.749752013098346,0.942746505806972,0.977051941395206,FALSE,0.485017381550044,"Oligodendrocyte"
"MAP1B-203","MAP1B",0.865178442901418,NA,0.444339841090899,0.257236756465468,0.187103084625431,0.699969323340388,0.710568687174472,0.942746505806972,0.977051941395206,FALSE,0.514982618449957,"Oligodendrocyte"
"MAPRE2-201","MAPRE2",0.870554343068275,NA,0.341079499213988,0.207193454903603,0.133886044310385,0.721944558047634,0.769863673721009,0.942746505806972,0.977051941395206,FALSE,0.409972815073719,"Oligodendrocyte"
"MAPRE2-202","MAPRE2",0.870554343068275,NA,0.636885654019419,0.773098438139968,-0.136212784120549,0.721944558047633,0.730335495149257,0.942746505806972,0.977051941395206,FALSE,0.590027184926281,"Oligodendrocyte"
"MAPT-213","MAPT",0.442247545672847,NA,0.258390847967313,0.274449611068056,-0.0160587631007427,0.304149367535919,0.37134038398558,0.812129656139409,0.955392638522348,FALSE,0.282958553791887,"Oligodendrocyte"
"MAPT-220","MAPT",0.442247545672847,NA,0.294156834806285,0.253365481213582,0.0407913535927021,0.949536587929273,0.934067914368258,0.99095122543703,0.992180883039089,FALSE,0.172067901234568,"Oligodendrocyte"
"MAPT-223","MAPT",0.442247545672847,NA,0.130648182318966,0.187232698986768,-0.0565845166678016,0.0600916512440968,0.0873754527998597,0.654585272494374,0.939408822241557,FALSE,0.544973544973545,"Oligodendrocyte"
"MARCHF6-201","MARCHF6",0.73605601023754,NA,0.525912570418315,0.666783350845222,-0.140870780426906,0.440509856508574,0.473579657929665,0.868464909176136,0.962095112983767,FALSE,0.736656178489703,"Oligodendrocyte"
"MARCHF6-210","MARCHF6",0.73605601023754,NA,0.454765617090992,0.332472601535731,0.122293015555261,0.440509856508573,0.506344223280251,0.868464909176136,0.977051941395206,FALSE,0.263343821510298,"Oligodendrocyte"
"MATR3-201","MATR3",0.843501035029287,NA,0.426550965437745,0.335231964792956,0.0913190006447884,0.909180165358258,0.939362874234327,0.981667464976663,0.992180883039089,FALSE,0.812313814414655,"Oligodendrocyte"
"MATR3-210","MATR3",0.843501035029287,NA,0.0883062893346263,0.0771309648594794,0.0111753244751469,0.953629382808072,0.937727259633782,0.991933763062446,0.992180883039089,FALSE,0.0216175359032502,"Oligodendrocyte"
"MATR3-215","MATR3",0.843501035029287,NA,0.0957490776101095,0.0771327179523245,0.0186163596577851,0.664180679724337,0.678308162934687,0.942746505806972,0.977051941395206,FALSE,0.0818460717620381,"Oligodendrocyte"
"MATR3-227","MATR3",0.843501035029287,NA,0.0952329245787322,0.126104426499328,-0.0308715019205956,0.6010389038442,0.65840531543342,0.942746505806972,0.977051941395206,FALSE,0.0842225779200569,"Oligodendrocyte"
"MBNL2-201","MBNL2",0.761786308686539,NA,0.492528138278462,0.798190773563345,-0.305662635284883,0.789747519742731,0.791167553106924,0.949516160280269,0.977051941395206,FALSE,0.791268843399269,"Oligodendrocyte"
"MBNL2-203","MBNL2",0.761786308686539,NA,0.0291634988770239,0.0252018439292327,0.00396165494779126,0.463280055474244,0.528283164364821,0.895999416050903,0.977051941395206,FALSE,0.0240056584104977,"Oligodendrocyte"
"MBNL2-211","MBNL2",0.761786308686539,NA,0.372245057456893,0.163794062002281,0.208450995454612,0.85567057683415,0.89119806326694,0.964530763607953,0.987392840290878,FALSE,0.184725498190233,"Oligodendrocyte"
"MBP-202","MBP",0.49546314464878,NA,0.28175616279663,0.326578032342499,-0.0448218695458697,0.0999755535561562,0.13390729246767,0.695239622607282,0.939408822241557,FALSE,0.301761784918066,"Oligodendrocyte"
"MBP-204","MBP",0.49546314464878,NA,0.00534987016607235,0.00447895302908618,0.000870917136986162,0.485850691262215,0.549893634093885,0.919695759549906,0.977051941395206,FALSE,0.00251680475663667,"Oligodendrocyte"
"MBP-207","MBP",0.49546314464878,NA,0.258874810772893,0.230076706484423,0.0287981042884704,0.981405478446719,0.995854631232557,0.996525840105328,0.997108066891755,FALSE,0.287696231097207,"Oligodendrocyte"
"MBP-218","MBP",0.49546314464878,NA,0.0708837101018886,0.0475885190832536,0.023295191018635,0.522723408706545,0.584931641557358,0.923553362703959,0.977051941395206,FALSE,0.059284447041141,"Oligodendrocyte"
"MBP-220","MBP",0.49546314464878,NA,0.374632051399688,0.384533186904713,-0.00990113550502514,0.345039494777464,0.412578328393455,0.831183771008174,0.955392638522348,FALSE,0.345841979800619,"Oligodendrocyte"
"MBP-247","MBP",0.49546314464878,NA,0.00542704356590762,0.00401217846948022,0.0014148650964274,0.518004045460621,0.580464442964862,0.923553362703959,0.977051941395206,FALSE,0.00289875238633003,"Oligodendrocyte"
"MBTPS2-201","MBTPS2",0.520249507887994,NA,0.500629984051037,0.230668934240363,0.269961049810674,0.12072965679233,0.172803620312628,0.717780391438109,0.939408822241557,FALSE,0.046875,"Oligodendrocyte"
"MBTPS2-202","MBTPS2",0.520249507887994,NA,0.499370015948963,0.769331065759637,-0.269961049810674,0.120729656792328,0.156958158951347,0.717780391438109,0.939408822241557,FALSE,0.953125,"Oligodendrocyte"
"MCAM-201","MCAM",0.861048942720289,NA,0.715127698184665,0.705715542759936,0.00941215542472895,0.652949983467829,0.706514023582508,0.942746505806972,0.977051941395206,FALSE,0.773870110902467,"Oligodendrocyte"
"MCAM-208","MCAM",0.861048942720289,NA,0.280169746929361,0.289676162309189,-0.00950641537982716,0.65294998346783,0.668164832934191,0.942746505806972,0.977051941395206,FALSE,0.226129889097533,"Oligodendrocyte"
"MDM4-203","MDM4",0.567601051665673,NA,0.46219543118147,0.51976207255277,-0.0575666413713004,0.182876493933383,0.222992345052345,0.749951723200456,0.939408822241557,FALSE,0.683823529411765,"Oligodendrocyte"
"MDM4-205","MDM4",0.567601051665673,NA,0.403380896869748,0.385797174401826,0.0175837224679222,0.182876493933383,0.243418937629548,0.749951723200456,0.939408822241557,FALSE,0.316176470588235,"Oligodendrocyte"
"MDN1-201","MDN1",0.840137800016369,NA,0.77333347415988,0.676524368259246,0.0968091059006341,0.593868399095543,0.65172567002482,0.942746505806972,0.977051941395206,FALSE,0.772126436781609,"Oligodendrocyte"
"MDN1-220","MDN1",0.840137800016369,NA,0.0551982879474385,0.258612314380032,-0.203414026432593,0.59386839909554,0.614618249879261,0.942746505806972,0.977051941395206,FALSE,0.227873563218391,"Oligodendrocyte"
"MEG3-209","MEG3",0.817370370946799,NA,0.381302972241871,0.300754486979977,0.0805484852618941,0.551631263821531,0.576111339249912,0.932609883902397,0.977051941395206,FALSE,0.502988822997897,"Oligodendrocyte"
"MEG3-220","MEG3",0.817370370946799,NA,0.424229123092478,0.657526195663451,-0.233297072570972,0.551631263821531,0.612191471970957,0.932609883902397,0.977051941395206,FALSE,0.497011177002103,"Oligodendrocyte"
"MGA-201","MGA",0.655428864064341,NA,0.111052872407722,0.0298053243068263,0.0812475481008959,0.688710996358495,0.739425605797441,0.942746505806972,0.977051941395206,FALSE,0.145454545454545,"Oligodendrocyte"
"MGA-208","MGA",0.655428864064341,NA,0.151942838225942,0.242016953989987,-0.0900741157640448,0.33234288531115,0.399853293687847,0.828078912627196,0.955392638522348,FALSE,0.355244755244755,"Oligodendrocyte"
"MGA-210","MGA",0.655428864064341,NA,0.584962977213834,0.486364739955202,0.0985982372586315,0.316823109417442,0.356370069807127,0.820201433060846,0.955392638522348,FALSE,0.499300699300699,"Oligodendrocyte"
"MGRN1-202","MGRN1",0.68338950060965,NA,0.801832135235202,0.876857391979718,-0.0750252567445165,0.351286977162313,0.41881518734511,0.831183771008174,0.955392638522348,FALSE,0.856400681873529,"Oligodendrocyte"
"MGRN1-203","MGRN1",0.68338950060965,NA,0.131161916409757,0.106819583965299,0.0243423324444588,0.351286977162314,0.389455882218971,0.831183771008174,0.955392638522348,FALSE,0.143599318126471,"Oligodendrocyte"
"MIGA1-202","MIGA1",0.589177335875121,NA,0.17656189573202,0.328676328247365,-0.152114432515344,0.232921930005479,0.273919034678732,0.772206474607915,0.939408822241557,FALSE,0.348678904185788,"Oligodendrocyte"
"MIGA1-205","MIGA1",0.589177335875121,NA,0.715420584673697,0.519773159426557,0.19564742524714,0.232921930005479,0.297432126720502,0.772206474607915,0.95108705329265,FALSE,0.651321095814212,"Oligodendrocyte"
"MLH3-202","MLH3",0.620899948925513,NA,0.591610100536767,0.610132038926682,-0.0185219383899147,0.273428332858452,0.339823864508057,0.799412892986508,0.955392638522348,FALSE,0.728578548644338,"Oligodendrocyte"
"MLH3-210","MLH3",0.620899948925513,NA,0.401239824940077,0.359781037414966,0.0414587875251114,0.273428332858451,0.31410809737511,0.799412892986508,0.955171680937042,FALSE,0.271421451355662,"Oligodendrocyte"
"MOBP-202","MOBP",0.324120551286282,NA,0.608858596101646,0.826340188062859,-0.217481591961213,0.0259687609824975,0.0434150792898492,0.472374775966237,0.828650226894948,FALSE,0.895838069258165,"Oligodendrocyte"
"MOBP-212","MOBP",0.324120551286282,NA,0.314005013185256,0.161779461710926,0.15222555147433,0.0259687609824972,0.0491177066684649,0.472374775966237,0.850930621945769,FALSE,0.104161930741835,"Oligodendrocyte"
"MOG-218","MOG",0.55493002022109,NA,0.665503033574692,0.646709928560083,0.0187931050146083,0.166994316108941,0.225807607873024,0.741907485974173,0.939408822241557,FALSE,0.630377285322731,"Oligodendrocyte"
"MOG-221","MOG",0.55493002022109,NA,0.325478703528061,0.35022050089247,-0.024741797364409,0.166994316108941,0.206461566136104,0.741907485974173,0.939408822241557,FALSE,0.369622714677269,"Oligodendrocyte"
"MON2-203","MON2",0.899285273117082,NA,0.190974302250147,0.395486845797405,-0.204512543547258,0.776433753069027,0.779238210242618,0.949516160280269,0.977051941395206,FALSE,0.2,"Oligodendrocyte"
"MON2-214","MON2",0.899285273117082,NA,0.502609583313438,0.5394436481393,-0.0368340648258628,0.776433753069025,0.81950175790913,0.949516160280269,0.977051941395206,FALSE,0.8,"Oligodendrocyte"
"MRFAP1L1-201","MRFAP1L1",0.862614080016457,NA,0.406117963384263,0.243680223285486,0.162437740098777,0.687770209991614,0.738561966910757,0.942746505806972,0.977051941395206,FALSE,0.346752450980392,"Oligodendrocyte"
"MRFAP1L1-202","MRFAP1L1",0.862614080016457,NA,0.593882036615737,0.756319776714514,-0.162437740098777,0.687770209991614,0.699582327877629,0.942746505806972,0.977051941395206,FALSE,0.653247549019608,"Oligodendrocyte"
"MTCH1-202","MTCH1",0.635787595501704,NA,0.332055553509517,0.15444915716948,0.177606396340037,0.295898561623231,0.362924328313766,0.810576113861241,0.955392638522348,FALSE,0.288989938080495,"Oligodendrocyte"
"MTCH1-234","MTCH1",0.635787595501704,NA,0.393302429202931,0.725358462059253,-0.332056032856322,0.29589856162323,0.336083254963367,0.810576113861241,0.955392638522348,FALSE,0.711010061919505,"Oligodendrocyte"
"MTMR10-201","MTMR10",0.541323808589515,NA,0.560416619416334,0.792750726021403,-0.232334106605069,0.147107844166311,0.203366106101463,0.733694608365538,0.939408822241557,FALSE,0.993939393939394,"Oligodendrocyte"
"MTMR10-205","MTMR10",0.541323808589515,NA,0.41370618760121,0.177353104984684,0.236353082616526,0.147107844166315,0.185454627499791,0.733694608365538,0.939408822241557,FALSE,0.00606060606060606,"Oligodendrocyte"
"MTRF1L-203","MTRF1L",0.858015266339748,NA,0.198672663798235,0.212918904766731,-0.0142462409684963,0.642907254143006,0.65908564989689,0.942746505806972,0.977051941395206,FALSE,0.263405797101449,"Oligodendrocyte"
"MTRF1L-208","MTRF1L",0.858015266339748,NA,0.505544793444337,0.332615753811406,0.172929039632931,0.949430708562223,0.975492145968549,0.99095122543703,0.997007734161334,FALSE,0.494202898550725,"Oligodendrocyte"
"MTRF1L-211","MTRF1L",0.858015266339748,NA,0.248685018262644,0.275519830411135,-0.0268348121484909,0.725593153734891,0.77319738495086,0.942746505806972,0.977051941395206,FALSE,0.242391304347826,"Oligodendrocyte"
"MTUS1-202","MTUS1",0.485960893890849,NA,0.907651292423448,0.663178975228298,0.24447231719515,0.0826816474293277,0.126599774273511,0.680330632234799,0.939408822241557,FALSE,0.952717827065762,"Oligodendrocyte"
"MTUS1-205","MTUS1",0.485960893890849,NA,0.0873301966756877,0.30664231050126,-0.219312113825572,0.0826816474293274,0.114158449212889,0.680330632234799,0.939408822241557,FALSE,0.0472821729342384,"Oligodendrocyte"
"MVP-201","MVP",0.613991650723365,NA,0.574233400402414,0.847080085826039,-0.272846685423625,0.264344496952655,0.305163437629599,0.796538058052414,0.95108705329265,FALSE,0.525688764149157,"Oligodendrocyte"
"MVP-202","MVP",0.613991650723365,NA,0.425766599597586,0.152919914173961,0.272846685423625,0.264344496952655,0.330405529594515,0.796538058052414,0.955392638522348,FALSE,0.474311235850843,"Oligodendrocyte"
"MYCBP2-201","MYCBP2",0.485960893890849,NA,0.158009504619674,0.0367338855419948,0.121275619077679,0.0865160026088911,0.131398596419826,0.680330632234799,0.939408822241557,FALSE,0.0860215053763441,"Oligodendrocyte"
"MYCBP2-207","MYCBP2",0.485960893890849,NA,0.456528112075107,0.548908252388137,-0.0923801403130295,0.0865160026088909,0.118586149287474,0.680330632234799,0.939408822241557,FALSE,0.913978494623656,"Oligodendrocyte"
"MYLK-204","MYLK",0.489298100142937,NA,0.537658937165608,0.654326961973656,-0.116668024808048,0.20189545816435,0.264190505945471,0.749951723200456,0.939408822241557,FALSE,0.34093023255814,"Oligodendrocyte"
"MYLK-214","MYLK",0.489298100142937,NA,0.229765646156697,0.20665354525908,0.023112100897617,0.0882502071505643,0.120579028672303,0.68826509596347,0.939408822241557,FALSE,0.451395348837209,"Oligodendrocyte"
"MYLK-223","MYLK",0.489298100142937,NA,0.0995150326584457,0.114549813414243,-0.0150347807557969,0.616815098923346,0.673071055796926,0.942746505806972,0.977051941395206,FALSE,0.207674418604651,"Oligodendrocyte"
"MYO18A-201","MYO18A",0.68338950060965,NA,0.505706133740111,0.401019791012411,0.1046863427277,0.359279807255529,0.397076348106585,0.831183771008174,0.955392638522348,FALSE,0.437357349051875,"Oligodendrocyte"
"MYO18A-203","MYO18A",0.68338950060965,NA,0.487192872733556,0.543521492472192,-0.0563286197386353,0.359279807255529,0.426771612645852,0.831183771008174,0.955392638522348,FALSE,0.562642650948125,"Oligodendrocyte"
"MYO6-201","MYO6",0.279328573203177,NA,0.362041448535383,0.218097886427375,0.143943562108008,0.962246704733231,0.986981257890699,0.991933763062446,0.997007734161334,FALSE,0.634257647832308,"Oligodendrocyte"
"MYO6-212","MYO6",0.279328573203177,NA,0.0194183358580571,0.0378481388833575,-0.0184298030253004,0.0150509585325713,0.0276112302408387,0.442466020844036,0.828650226894948,FALSE,0.0118111149785358,"Oligodendrocyte"
"MYO6-216","MYO6",0.279328573203177,NA,0.480766904630098,0.60637991632248,-0.125613011692383,0.626889813093533,0.682415449786196,0.942746505806972,0.977051941395206,FALSE,0.353931237189156,"Oligodendrocyte"
"MYRF-201","MYRF",0.847960094086988,NA,0.465238273822387,0.638845514274086,-0.173607240451699,0.623678626538786,0.641677162083225,0.942746505806972,0.977051941395206,FALSE,0.553127415292078,"Oligodendrocyte"
"MYRF-202","MYRF",0.847960094086988,NA,0.377853414393606,0.335796964939822,0.0420564494537835,0.623678626538785,0.679438793189831,0.942746505806972,0.977051941395206,FALSE,0.446872584707922,"Oligodendrocyte"
"N4BP2L2-201","N4BP2L2",0.206605061747614,NA,0.0360491217585926,0.00632698895007333,0.0297221328085193,0.00567769635336953,0.0142738192678769,0.334563514748553,0.726245068833473,FALSE,0.0144947735191638,"Oligodendrocyte"
"N4BP2L2-208","N4BP2L2",0.206605061747614,NA,0.0630069186612472,0.0463049803772784,0.0167019382839688,0.40513813497513,0.471963231514756,0.852080162702258,0.962095112983767,FALSE,0.0724261611279707,"Oligodendrocyte"
"N4BP2L2-222","N4BP2L2",0.206605061747614,NA,0.26626895446512,0.238761708045346,0.0275072464197742,0.802270124811189,0.842936364331157,0.949516160280269,0.977996986561973,FALSE,0.21252606996116,"Oligodendrocyte"
"N4BP2L2-229","N4BP2L2",0.206605061747614,NA,0.270477300750923,0.374956171998565,-0.104478871247642,0.143698556518968,0.181814958313292,0.73311707454587,0.939408822241557,FALSE,0.405616924556342,"Oligodendrocyte"
"N4BP2L2-237","N4BP2L2",0.206605061747614,NA,0.240057399801766,0.229205169027605,0.010852230774161,0.754928040243568,0.759953976841894,0.949516160280269,0.977051941395206,FALSE,0.114394165324142,"Oligodendrocyte"
"N4BP2L2-241","N4BP2L2",0.206605061747614,NA,0.0175226766808692,0.0109880395693734,0.00653463711149583,0.186822528121162,0.247755793213186,0.749951723200456,0.939408822241557,FALSE,0.0948259713011877,"Oligodendrocyte"
"N4BP2L2-245","N4BP2L2",0.206605061747614,NA,0.0774744677988107,0.0756479404485352,0.00182652735027548,0.61657791652708,0.635239890754616,0.942746505806972,0.977051941395206,FALSE,0.0857159342100333,"Oligodendrocyte"
"NAA25-201","NAA25",0.816165706269732,NA,0.210944260610533,0.15068585260893,0.0602584080016036,0.548263985891118,0.609025017694265,0.932609883902397,0.977051941395206,FALSE,0.324122807017544,"Oligodendrocyte"
"NAA25-208","NAA25",0.816165706269732,NA,0.652224011213884,0.659609706532783,-0.00738569531889988,0.548263985891118,0.573032012512662,0.932609883902397,0.977051941395206,FALSE,0.675877192982456,"Oligodendrocyte"
"NAA60-202","NAA60",0.970052728646529,NA,0.347132034632035,0.19862012987013,0.148511904761905,0.946356784129974,0.931225010320233,0.989910350789473,0.992180883039089,FALSE,0.399797570850202,"Oligodendrocyte"
"NAA60-229","NAA60",0.970052728646529,NA,0.276305038805039,0.316922873045322,-0.0406178342402832,0.946356784129973,0.972735510342638,0.989910350789473,0.997007734161334,FALSE,0.600202429149798,"Oligodendrocyte"
"NAP1L4-201","NAP1L4",0.806555588342853,NA,0.243782002053275,0.220316103649437,0.0234658984038381,0.535916180464385,0.597393933214569,0.926443102944672,0.977051941395206,FALSE,0.297311349623719,"Oligodendrocyte"
"NAP1L4-222","NAP1L4",0.806555588342853,NA,0.747411207641554,0.774559637892971,-0.0271484302514176,0.535916180464386,0.561727209008551,0.926443102944672,0.977051941395206,FALSE,0.702688650376281,"Oligodendrocyte"
"NAPEPLD-201","NAPEPLD",0.847960094086988,NA,0.424438541595947,0.27714565288457,0.147292888711378,0.622424166507571,0.678275510936809,0.942746505806972,0.977051941395206,FALSE,0.421348578957275,"Oligodendrocyte"
"NAPEPLD-209","NAPEPLD",0.847960094086988,NA,0.497110271939469,0.479282230135224,0.0178280418042454,0.622424166507571,0.640540261722909,0.942746505806972,0.977051941395206,FALSE,0.578651421042725,"Oligodendrocyte"
"NBPF1-203","NBPF1",0.761619896539246,NA,0.380194958802037,0.433606866628938,-0.0534119078269011,0.460460273327544,0.52557402559572,0.894496086525186,0.977051941395206,FALSE,0.581081081081081,"Oligodendrocyte"
"NBPF1-206","NBPF1",0.761619896539246,NA,0.422853790945896,0.174589700056593,0.248264090889303,0.460460273327547,0.492143972436884,0.894496086525186,0.974431238697892,FALSE,0.418918918918919,"Oligodendrocyte"
"NCAM1-201","NCAM1",0.831648044895225,NA,0.214354592976251,0.22920140021827,-0.0148468072420188,0.679732815425902,0.731178989714806,0.942746505806972,0.977051941395206,FALSE,0.471372263478221,"Oligodendrocyte"
"NCAM1-202","NCAM1",0.831648044895225,NA,0.182097477720636,0.115642388550333,0.0664550891703032,0.578979402247668,0.601068141577518,0.942746505806972,0.977051941395206,FALSE,0.0737973781623291,"Oligodendrocyte"
"NCAM1-213","NCAM1",0.831648044895225,NA,0.0755291846238399,0.0470890753302234,0.0284401092936165,0.766364661211549,0.810351957510485,0.949516160280269,0.977051941395206,FALSE,0.0304878048780488,"Oligodendrocyte"
"NCAM1-225","NCAM1",0.831648044895225,NA,0.455559804786491,0.5924590186613,-0.136899213874809,0.973848981836492,0.955809115238256,0.992416359019485,0.992618996308137,FALSE,0.424342553481401,"Oligodendrocyte"
"NCL-201","NCL",0.802781775096356,NA,0.692194446334818,0.880281812183524,-0.188087365848705,0.521965919479523,0.548929869176424,0.923553362703959,0.977051941395206,FALSE,0.739790013227513,"Oligodendrocyte"
"NCL-221","NCL",0.802781775096356,NA,0.0626737176254423,0.0484145926101204,0.0142591250153219,0.521965919479526,0.584214956011201,0.923553362703959,0.977051941395206,FALSE,0.260209986772487,"Oligodendrocyte"
"NCOR1-204","NCOR1",0.541323808589515,NA,0.0972051943328539,0.209502929700244,-0.11229773536739,0.294266777588347,0.3344942900712,0.810576113861241,0.955392638522348,FALSE,0.0262605042016807,"Oligodendrocyte"
"NCOR1-205","NCOR1",0.541323808589515,NA,0.233604230529666,0.130041340468855,0.103562890060811,0.146645305525211,0.202838467552548,0.733694608365538,0.939408822241557,FALSE,0.0975079687047233,"Oligodendrocyte"
"NCOR1-208","NCOR1",0.541323808589515,NA,0.256733944202214,0.367859357383885,-0.111125413181671,0.698341836464355,0.748260224578582,0.942746505806972,0.977051941395206,FALSE,0.623261373514923,"Oligodendrocyte"
"NCOR1-220","NCOR1",0.541323808589515,NA,0.165240418597803,0.153101751176566,0.0121386674212371,0.631753473661723,0.648991754757215,0.942746505806972,0.977051941395206,FALSE,0.252970153578673,"Oligodendrocyte"
"NDE1-201","NDE1",0.966465569814037,NA,0.763569894441163,0.800273172813219,-0.0367032783720557,0.935479650781831,0.921501110484559,0.988278967061019,0.989551272174561,FALSE,0.926319094996285,"Oligodendrocyte"
"NDE1-221","NDE1",0.966465569814037,NA,0.0770475138963552,0.0296796796796797,0.0473678342166756,0.935479650781832,0.962977916722494,0.988278967061019,0.995742456916342,FALSE,0.0736809050037147,"Oligodendrocyte"
"NDRG1-201","NDRG1",0.615775890525118,NA,0.85244823518525,0.919508384202914,-0.0670601490176645,0.266052789341387,0.306848378916576,0.797156285955078,0.95108705329265,FALSE,0.937047425250692,"Oligodendrocyte"
"NDRG1-212","NDRG1",0.615775890525118,NA,0.115891882408599,0.0800841178345757,0.0358077645740236,0.266052789341387,0.332180405385812,0.797156285955078,0.955392638522348,FALSE,0.062952574749308,"Oligodendrocyte"
"NDRG2-202","NDRG2",0.33828147545916,NA,0.109251550531062,0.132460982000456,-0.0232094314693937,0.969050437562277,0.951517290731135,0.991933763062446,0.992180883039089,FALSE,0.391898336930876,"Oligodendrocyte"
"NDRG2-204","NDRG2",0.33828147545916,NA,0.0933513659218818,0.072305304344778,0.0210460615771038,0.0294382352689651,0.0544050396801506,0.498257790563016,0.890904786316756,FALSE,0.0415113518337123,"Oligodendrocyte"
"NDRG2-208","NDRG2",0.33828147545916,NA,0.0804124957461541,0.163634457647616,-0.0832219619014615,0.714445265066098,0.723593118790659,0.942746505806972,0.977051941395206,FALSE,0.02475027738749,"Oligodendrocyte"
"NDRG2-209","NDRG2",0.33828147545916,NA,0.0428268731809691,0.0319454010901379,0.0108814720908312,0.734475836465717,0.781307203961795,0.944285786135205,0.977051941395206,FALSE,0.0379790012868416,"Oligodendrocyte"
"NDRG2-210","NDRG2",0.33828147545916,NA,0.463398134932036,0.439075201114675,0.0243229338173612,0.0776683611351824,0.108322492026612,0.680330632234799,0.939408822241557,FALSE,0.434126934879316,"Oligodendrocyte"
"NDRG2-226","NDRG2",0.33828147545916,NA,0.129988162978853,0.0324143619538356,0.0975738010250176,0.0764796675920835,0.118755557428975,0.680330632234799,0.939408822241557,FALSE,0.0697340976817645,"Oligodendrocyte"
"NDUFA10-201","NDUFA10",0.725980019207033,NA,0.159853244801628,0.313324772076253,-0.153471527274625,0.42228761422577,0.456552605519825,0.858058230182887,0.960016699907608,FALSE,0.257127015038407,"Oligodendrocyte"
"NDUFA10-205","NDUFA10",0.725980019207033,NA,0.399540264630837,0.248336109635964,0.151204154994873,0.568468006579971,0.627990719956648,0.937235853335475,0.977051941395206,FALSE,0.15042464567781,"Oligodendrocyte"
"NDUFA10-217","NDUFA10",0.725980019207033,NA,0.29227170222252,0.356670431804216,-0.064398729581696,0.716084049225348,0.764505742101633,0.942746505806972,0.977051941395206,FALSE,0.592448339283782,"Oligodendrocyte"
"NDUFS2-202","NDUFS2",0.567601051665673,NA,0.551459975913881,0.518361126787914,0.0330988491259671,0.193890517648712,0.255487579564011,0.749951723200456,0.939408822241557,FALSE,0.845103920793035,"Oligodendrocyte"
"NDUFS2-229","NDUFS2",0.567601051665673,NA,0.125335256437938,0.153454179311195,-0.0281189228732572,0.193890517648712,0.234342341535388,0.749951723200456,0.939408822241557,FALSE,0.154896079206965,"Oligodendrocyte"
"NDUFS7-201","NDUFS7",0.802781775096356,NA,0.269871270247229,0.0630621557221274,0.206809114525102,0.524998163292091,0.587083110137823,0.923553362703959,0.977051941395206,FALSE,0.287615857806169,"Oligodendrocyte"
"NDUFS7-202","NDUFS7",0.802781775096356,NA,0.70665916061577,0.883068641708169,-0.176409481092398,0.52499816329209,0.551713882302943,0.923553362703959,0.977051941395206,FALSE,0.712384142193831,"Oligodendrocyte"
"NFASC-212","NFASC",0.216226182120213,NA,0.17817342392677,0.325357447389755,-0.147184023462985,0.0104614614926009,0.0204329563126237,0.339412650451647,0.726245068833473,FALSE,0.508139706802234,"Oligodendrocyte"
"NFASC-220","NFASC",0.216226182120213,NA,0.459696134035568,0.386608225761363,0.0730879082742053,0.0104614614926009,0.023440661079946,0.339412650451647,0.751799395229876,FALSE,0.491860293197766,"Oligodendrocyte"
"NFE2L2-201","NFE2L2",0.55846229303668,NA,0.216682676222794,0.333983113037195,-0.1173004368144,0.174607445087133,0.234281747104736,0.745534531999178,0.939408822241557,FALSE,0.298629393181519,"Oligodendrocyte"
"NFE2L2-202","NFE2L2",0.55846229303668,NA,0.310176810133555,0.251195644872189,0.0589811652613657,0.392875439852353,0.42891290252825,0.847892894974602,0.955392638522348,FALSE,0.628380946297171,"Oligodendrocyte"
"NFE2L2-243","NFE2L2",0.55846229303668,NA,0.136089349999686,0.0672618935224655,0.0688274564772207,0.416021081589722,0.450680485115776,0.852950439187176,0.959883068031057,FALSE,0.07298966052131,"Oligodendrocyte"
"NFIA-207","NFIA",0.843501035029287,NA,0.0606433904854482,0.158262532629333,-0.0976191421438846,0.602684708998026,0.622630336409994,0.942746505806972,0.977051941395206,FALSE,0.248273602079703,"Oligodendrocyte"
"NFIA-215","NFIA",0.843501035029287,NA,0.926472395117706,0.782631698069696,0.143840697048011,0.602684708998025,0.659937216047922,0.942746505806972,0.977051941395206,FALSE,0.751726397920297,"Oligodendrocyte"
"NFX1-201","NFX1",0.958998266565737,NA,0.505272880745877,0.591052036833201,-0.0857791560873239,0.92354727374136,0.952267628577661,0.984501207946439,0.992180883039089,FALSE,0.00483091787439614,"Oligodendrocyte"
"NFX1-202","NFX1",0.958998266565737,NA,0.436653613812197,0.363877359403983,0.0727762544082136,0.92354727374136,0.910834947382875,0.984501207946439,0.989551272174561,FALSE,0.995169082125604,"Oligodendrocyte"
"NKTR-201","NKTR",0.216226182120213,NA,0.0945206254702827,0.162962806148197,-0.0684421806779139,0.0364430514414928,0.057555772843209,0.542809662097754,0.890904786316756,FALSE,0.114387115023562,"Oligodendrocyte"
"NKTR-202","NKTR",0.216226182120213,NA,0.0803488375174061,0.125772249056653,-0.0454234115392467,0.332014806378137,0.399523567748657,0.828078912627196,0.955392638522348,FALSE,0.299994871125368,"Oligodendrocyte"
"NKTR-205","NKTR",0.216226182120213,NA,0.0547106803142294,0.105706180413814,-0.0509955000995845,0.00721765108383685,0.0150361049738588,0.339412650451647,0.726245068833473,FALSE,0.0986278706155893,"Oligodendrocyte"
"NKTR-211","NKTR",0.216226182120213,NA,0.560398969918569,0.363128071388662,0.197270898529907,0.211889702756234,0.274980223111151,0.752317574301022,0.940846311763101,FALSE,0.145960000994691,"Oligodendrocyte"
"NKTR-215","NKTR",0.216226182120213,NA,0.184232416455511,0.202796458181091,-0.0185640417255802,0.0833495728154316,0.127438403552831,0.680330632234799,0.939408822241557,FALSE,0.34103014224079,"Oligodendrocyte"
"NLGN3-203","NLGN3",0.943881619102889,NA,0.346772270198617,0.275876246274026,0.0708960239245906,0.893445196708078,0.925217114886579,0.973610484905859,0.990509742607593,FALSE,0.624860646599777,"Oligodendrocyte"
"NLGN3-220","NLGN3",0.943881619102889,NA,0.345873290552071,0.432874653098982,-0.0870013625469119,0.89344519670808,0.883929158873591,0.973610484905859,0.984825834571347,FALSE,0.375139353400223,"Oligodendrocyte"
"NOL8-205","NOL8",0.68338950060965,NA,0.494085541950203,0.609426622490303,-0.115341080540101,0.349706166043622,0.387946479779514,0.831183771008174,0.955392638522348,FALSE,0.66411149825784,"Oligodendrocyte"
"NOL8-208","NOL8",0.68338950060965,NA,0.276857036717181,0.140548413391205,0.136308623325976,0.349706166043622,0.417238562073256,0.831183771008174,0.955392638522348,FALSE,0.33588850174216,"Oligodendrocyte"
"NRDC-201","NRDC",0.589177335875121,NA,0.478560867947057,0.685220631831684,-0.206659763884627,0.229505820580179,0.27049149783017,0.772206474607915,0.939408822241557,FALSE,0.301841948900772,"Oligodendrocyte"
"NRDC-211","NRDC",0.589177335875121,NA,0.435438729476453,0.283267034447536,0.152171695028917,0.229505820580179,0.293807621472053,0.772206474607915,0.95108705329265,FALSE,0.698158051099228,"Oligodendrocyte"
"NSD3-201","NSD3",0.711140866232064,NA,0.441648159953821,0.491561235340241,-0.0499130753864197,0.403884583569966,0.439282426633156,0.851099831072605,0.955392638522348,FALSE,0.0578143763938926,"Oligodendrocyte"
"NSD3-202","NSD3",0.711140866232064,NA,0.473785993885486,0.479650902678527,-0.00586490879304075,0.403884583569967,0.470737594679487,0.851099831072605,0.961416576553355,FALSE,0.942185623606107,"Oligodendrocyte"
"NUMA1-205","NUMA1",0.604907896392827,NA,0.196838378883682,0.3737679123753,-0.176929533491618,0.745211594526749,0.751234496930376,0.949516160280269,0.977051941395206,FALSE,0.101327957638114,"Oligodendrocyte"
"NUMA1-217","NUMA1",0.604907896392827,NA,0.480007190683992,0.197725640746236,0.282281549937756,0.242886682063074,0.307958438565721,0.789957003024081,0.95108705329265,FALSE,0.555320882237577,"Oligodendrocyte"
"NUMA1-223","NUMA1",0.604907896392827,NA,0.217782773608008,0.227974339415987,-0.010191565807979,0.527748930292085,0.554238310081863,0.923553362703959,0.977051941395206,FALSE,0.249803880155689,"Oligodendrocyte"
"NUMA1-229","NUMA1",0.604907896392827,NA,0.0746012342353267,0.160042645233884,-0.0854414109985575,0.602665091371306,0.622612517409939,0.942746505806972,0.977051941395206,FALSE,0.0935472799686208,"Oligodendrocyte"
"NUTM2A-AS1-215","NUTM2A-AS1",0.685698611559415,NA,0.860534530022505,0.784315614957469,0.0762189150650368,0.370439943939934,0.407685923123626,0.831473466264412,0.955392638522348,FALSE,0.903697042366107,"Oligodendrocyte"
"NUTM2A-AS1-222","NUTM2A-AS1",0.685698611559415,NA,0.093756856028238,0.0526760091302727,0.0410808468979653,0.370439943939935,0.437839502890106,0.831473466264412,0.955392638522348,FALSE,0.0963029576338929,"Oligodendrocyte"
"NXPE3-201","NXPE3",0.366484539869038,NA,0.34166056627784,0.370059973591422,-0.0283994073135816,0.963074374103974,0.946172852736136,0.991933763062446,0.992180883039089,FALSE,0.488410118912392,"Oligodendrocyte"
"NXPE3-204","NXPE3",0.366484539869038,NA,0.0967585686014357,0.253049630335648,-0.156291061734212,0.690192616479813,0.7407854985094,0.942746505806972,0.977051941395206,FALSE,0.210061531771256,"Oligodendrocyte"
"NXPE3-205","NXPE3",0.366484539869038,NA,0.108781762409658,0.146917997953227,-0.038136235543569,0.426138624513188,0.492421568770022,0.862578309924278,0.974431238697892,FALSE,0.0447120791393992,"Oligodendrocyte"
"NXPE3-207","NXPE3",0.366484539869038,NA,0.0420636866754922,0.0254302160957889,0.0166334705797033,0.0375407385448379,0.0589965394004772,0.542809662097754,0.890904786316756,FALSE,0.0384270901512281,"Oligodendrocyte"
"NXPE3-218","NXPE3",0.366484539869038,NA,0.158665141719723,0.0826067938951938,0.0760583478245291,0.971007165202784,0.994831203412209,0.991933763062446,0.997104893063728,FALSE,0.218389180025725,"Oligodendrocyte"
"OGT-210","OGT",0.541323808589515,NA,0.52744907467081,0.757276850133993,-0.229827775463183,0.13790678263771,0.175603862320166,0.73311707454587,0.939408822241557,FALSE,0.537334519264723,"Oligodendrocyte"
"OGT-215","OGT",0.541323808589515,NA,0.348940918313259,0.176055194805195,0.172885723508064,0.13790678263771,0.1928174679168,0.73311707454587,0.939408822241557,FALSE,0.462665480735277,"Oligodendrocyte"
"OMG-201","OMG",0.932849914961107,NA,0.782001357247074,0.648924280611369,0.133077076635705,0.868760989505764,0.861863829419361,0.969964024072751,0.981806316438557,FALSE,0.88286296844135,"Oligodendrocyte"
"OMG-203","OMG",0.932849914961107,NA,0.217998642752926,0.351075719388631,-0.133077076635705,0.868760989505763,0.902997209606175,0.969964024072751,0.989551272174561,FALSE,0.11713703155865,"Oligodendrocyte"
"OPTN-202","OPTN",0.49546314464878,NA,0.172694773175542,0.180220219428853,-0.00752544625331011,0.107544887119857,0.15711846410634,0.695239622607282,0.939408822241557,FALSE,0.159083817013044,"Oligodendrocyte"
"OPTN-205","OPTN",0.49546314464878,NA,0.811180966469428,0.816056613552202,-0.00487564708277388,0.107544887119857,0.142388118361869,0.695239622607282,0.939408822241557,FALSE,0.840916182986956,"Oligodendrocyte"
"OSBPL1A-201","OSBPL1A",0.789661614762856,NA,0.158996170101264,0.220664031265864,-0.0616678611645994,0.493086412882455,0.52234459902359,0.919695759549906,0.977051941395206,FALSE,0.178918488611786,"Oligodendrocyte"
"OSBPL1A-204","OSBPL1A",0.789661614762856,NA,0.841003829898735,0.779335968734136,0.0616678611645993,0.493086412882508,0.556794501688775,0.919695759549906,0.977051941395206,FALSE,0.821081511388214,"Oligodendrocyte"
"OTUB1-201","OTUB1",0.914144191435274,NA,0.623956188225383,0.579731981209814,0.0442242070155697,0.834592712180601,0.872174476324936,0.961130468909211,0.983948044086169,FALSE,0.43525641025641,"Oligodendrocyte"
"OTUB1-208","OTUB1",0.914144191435274,NA,0.328329207538273,0.409279007801175,-0.080949800262902,0.834592712180602,0.831308927379194,0.961130468909211,0.977996986561973,FALSE,0.56474358974359,"Oligodendrocyte"
"OTUD6B-AS1-202","OTUD6B-AS1",0.861048942720289,NA,0.684776096714774,0.528841655683995,0.155934441030779,0.665712438909574,0.679690840324963,0.942746505806972,0.977051941395206,FALSE,0.619444444444444,"Oligodendrocyte"
"OTUD6B-AS1-204","OTUD6B-AS1",0.861048942720289,NA,0.221797485558953,0.200570683700037,0.0212268018589166,0.665712438909571,0.718279628377356,0.942746505806972,0.977051941395206,FALSE,0.380555555555556,"Oligodendrocyte"
"P2RX7-202","P2RX7",0.711140866232064,NA,0.631168195806832,0.652714742365721,-0.0215465465588883,0.402867705851227,0.469742982615728,0.851099831072605,0.961359243492012,FALSE,0.7158369099724,"Oligodendrocyte"
"P2RX7-206","P2RX7",0.711140866232064,NA,0.318744676737555,0.330747806505514,-0.0120031297679592,0.402867705851227,0.43832585603176,0.851099831072605,0.955392638522348,FALSE,0.2841630900276,"Oligodendrocyte"
"P4HB-201","P4HB",0.313501695865751,NA,0.501635027856876,0.600482206341625,-0.098847178484749,0.0231908076516847,0.0395201580013773,0.458733742410017,0.828650226894948,FALSE,0.879056718228693,"Oligodendrocyte"
"P4HB-220","P4HB",0.313501695865751,NA,0.165471593779529,0.0682369441465226,0.0972346496330067,0.0231908076516846,0.0447919041564837,0.458733742410017,0.828650226894948,FALSE,0.120943281771307,"Oligodendrocyte"
"PADI2-202","PADI2",0.313501695865751,NA,0.682115419651288,0.97629179331307,-0.294176373661782,0.0199876880268669,0.0349325706745254,0.458733742410017,0.828650226894948,FALSE,1,"Oligodendrocyte"
"PADI2-203","PADI2",0.313501695865751,NA,0.261990271405623,0.0237082066869301,0.238282064718693,0.0199876880268668,0.039684964845599,0.458733742410017,0.828650226894948,FALSE,0,"Oligodendrocyte"
"PALM2AKAP2-203","PALM2AKAP2",0.713780418429458,NA,0.556866052689728,0.619142094349433,-0.0622760416597045,0.407563170217736,0.442740806367935,0.852080162702258,0.955767466664022,FALSE,0.78234126984127,"Oligodendrocyte"
"PALM2AKAP2-206","PALM2AKAP2",0.713780418429458,NA,0.316496602989215,0.161339083765049,0.155157519224165,0.407563170217736,0.474332810761884,0.852080162702258,0.962095112983767,FALSE,0.21765873015873,"Oligodendrocyte"
"PCDH9-201","PCDH9",0.378475426364391,NA,0.801735382082531,0.679510824790946,0.122224557291585,0.0432386722369531,0.0744607139471596,0.560263018193876,0.931854820274786,FALSE,0.575187969924812,"Oligodendrocyte"
"PCDH9-204","PCDH9",0.378475426364391,NA,0.198264617917469,0.320489175209054,-0.122224557291585,0.0432386722369532,0.0663727280575791,0.560263018193876,0.904397966264933,FALSE,0.424812030075188,"Oligodendrocyte"
"PCM1-201","PCM1",0.378475426364391,NA,0.254188019907246,0.289119153793067,-0.0349311338858209,0.881687122366235,0.873419102011457,0.97144952349681,0.983948044086169,FALSE,0.250929437410416,"Oligodendrocyte"
"PCM1-203","PCM1",0.378475426364391,NA,0.0504244233445296,0.0459291387959866,0.00449528454854301,0.130335402480129,0.184049970982432,0.73311707454587,0.939408822241557,FALSE,0.0661639990444338,"Oligodendrocyte"
"PCM1-211","PCM1",0.378475426364391,NA,0.0598243549308004,0.0860462454212454,-0.026221890490445,0.50851012337213,0.536559130031093,0.923553362703959,0.977051941395206,FALSE,0.0192307692307692,"Oligodendrocyte"
"PCM1-214","PCM1",0.378475426364391,NA,0.118599344205504,0.0451013961883527,0.0734979480171516,0.0436357114971226,0.0750189445229336,0.560263018193876,0.931854820274786,FALSE,0.413326415432394,"Oligodendrocyte"
"PCM1-221","PCM1",0.378475426364391,NA,0.327010628619225,0.462887701067049,-0.135877072447824,0.577091141897619,0.599347886485933,0.942746505806972,0.977051941395206,FALSE,0.250349378881988,"Oligodendrocyte"
"PCMT1-203","PCMT1",0.55493002022109,NA,0.352604833840985,0.258614037012655,0.0939907968283308,0.161679630491783,0.219854882693666,0.741907485974173,0.939408822241557,FALSE,0.270639979602244,"Oligodendrocyte"
"PCMT1-205","PCMT1",0.55493002022109,NA,0.615048652222492,0.587984602443128,0.0270640497793647,0.161679630491783,0.20088291789991,0.741907485974173,0.939408822241557,FALSE,0.729360020397756,"Oligodendrocyte"
"PCNP-201","PCNP",0.861048942720289,NA,0.577451573661494,0.547394907950579,0.0300566657109154,0.674378790252684,0.72625617952863,0.942746505806972,0.977051941395206,FALSE,0.441380036712708,"Oligodendrocyte"
"PCNP-202","PCNP",0.861048942720289,NA,0.414010454840319,0.441494069835377,-0.0274836149950583,0.674378790252684,0.687510338321401,0.942746505806972,0.977051941395206,FALSE,0.558619963287292,"Oligodendrocyte"
"PCNT-204","PCNT",0.620899948925513,NA,0.198903302459835,0.152252944188428,0.0466503582714073,0.275850206316526,0.316486730566537,0.799412892986508,0.955392638522348,FALSE,0.291068580542265,"Oligodendrocyte"
"PCNT-209","PCNT",0.620899948925513,NA,0.624287697665143,0.5932964130757,0.0309912845894427,0.275850206316526,0.342326916722538,0.799412892986508,0.955392638522348,FALSE,0.708931419457735,"Oligodendrocyte"
"PCSK6-210","PCSK6",0.630561880874668,NA,0.444001965881396,0.163533778291191,0.280468187590205,0.285918898656148,0.352698234040999,0.809425209540802,0.955392638522348,FALSE,0.593898267681783,"Oligodendrocyte"
"PCSK6-217","PCSK6",0.630561880874668,NA,0.188551749458567,0.520015348906858,-0.331463599448292,0.285918898656147,0.326348998646518,0.809425209540802,0.955392638522348,FALSE,0.406101732318217,"Oligodendrocyte"
"PDE12-201","PDE12",0.870554343068275,NA,0.80709048136686,0.57164540196201,0.23544507940485,0.727354635886635,0.774806305533703,0.942746505806972,0.977051941395206,FALSE,0.862497612029086,"Oligodendrocyte"
"PDE12-202","PDE12",0.870554343068275,NA,0.19290951863314,0.42835459803799,-0.23544507940485,0.727354635886635,0.735197535353969,0.942746505806972,0.977051941395206,FALSE,0.137502387970914,"Oligodendrocyte"
"PDE1C-201","PDE1C",0.634331887120251,NA,0.136093431499132,0.0966187413759117,0.0394746901232202,0.293439025644941,0.360408869651971,0.810576113861241,0.955392638522348,FALSE,0.239880610682849,"Oligodendrocyte"
"PDE1C-202","PDE1C",0.634331887120251,NA,0.361213846274208,0.251001516255526,0.110212330018681,0.540711156327698,0.566119606791512,0.93002318888364,0.977051941395206,FALSE,0.137467994277696,"Oligodendrocyte"
"PDE1C-203","PDE1C",0.634331887120251,NA,0.470109902904493,0.591939337458816,-0.121829434554323,0.910124851019743,0.940211726040788,0.981667464976663,0.992180883039089,FALSE,0.622651395039455,"Oligodendrocyte"
"PDIA4-201","PDIA4",0.798142111139532,NA,0.248036957411957,0.30725986975987,-0.0592229123479123,0.509922922936853,0.572803600727695,0.923553362703959,0.977051941395206,FALSE,0.216161616161616,"Oligodendrocyte"
"PDIA4-204","PDIA4",0.798142111139532,NA,0.671963042588043,0.69274013024013,-0.0207770876520876,0.509922922936853,0.537859293683972,0.923553362703959,0.977051941395206,FALSE,0.783838383838384,"Oligodendrocyte"
"PEG3-204","PEG3",0.642762837016064,NA,0.785228991258552,0.57208025528921,0.213148735969341,0.302245730993813,0.369401635739261,0.812129656139409,0.955392638522348,FALSE,0.641281512605042,"Oligodendrocyte"
"PEG3-211","PEG3",0.642762837016064,NA,0.131316099722244,0.28024281550401,-0.148926715781766,0.302245730993813,0.34225412955597,0.812129656139409,0.955392638522348,FALSE,0.358718487394958,"Oligodendrocyte"
"PGM3-212","PGM3",0.569015268993847,NA,0.635587982526229,0.661890136898541,-0.0263021543723126,0.206380528768502,0.247110680391582,0.749951723200456,0.939408822241557,FALSE,0.935726495726496,"Oligodendrocyte"
"PGM3-238","PGM3",0.569015268993847,NA,0.181519509723973,0.067980058894818,0.113539450829155,0.206380528768502,0.269042716613835,0.749951723200456,0.939408822241557,FALSE,0.0642735042735043,"Oligodendrocyte"
"PHF3-201","PHF3",0.604907896392827,NA,0.450442935388976,0.42924404459326,0.0211988907957162,0.792512385793952,0.834092737240864,0.949516160280269,0.977996986561973,FALSE,0.43433431469081,"Oligodendrocyte"
"PHF3-202","PHF3",0.604907896392827,NA,0.0606727251268807,0.0435567487622179,0.0171159763646629,0.242379679910218,0.307424491121798,0.789957003024081,0.95108705329265,FALSE,0.0550751429876038,"Oligodendrocyte"
"PHF3-204","PHF3",0.604907896392827,NA,0.413597750985639,0.355562680879162,0.0580350701064768,0.524386076523668,0.551152010919337,0.923553362703959,0.977051941395206,FALSE,0.393799585726856,"Oligodendrocyte"
"PHF3-205","PHF3",0.604907896392827,NA,0.0136361272921521,0.0249136414412819,-0.0112775141491298,0.31705288179012,0.356591959462413,0.820201433060846,0.955392638522348,FALSE,0.00909975707891746,"Oligodendrocyte"
"PHF3-208","PHF3",0.604907896392827,NA,0.0425442859407594,0.0223668522145559,0.0201774337262035,0.611999510497221,0.668598787597432,0.942746505806972,0.977051941395206,FALSE,0.0854096982167943,"Oligodendrocyte"
"PHF3-209","PHF3",0.604907896392827,NA,0.0188946883627937,0.122192093936252,-0.103297405573458,0.352511742570642,0.420036019070821,0.831183771008174,0.955392638522348,FALSE,0.0222815012990183,"Oligodendrocyte"
"PHIP-201","PHIP",0.67307114674688,NA,0.525281271875509,0.59783079990873,-0.0725495280332218,0.338076957678967,0.405608657146879,0.828783420134417,0.955392638522348,FALSE,0.721268707651563,"Oligodendrocyte"
"PHIP-202","PHIP",0.67307114674688,NA,0.133201120572951,0.0683317666816356,0.0648693538913151,0.628175528371584,0.645751424381418,0.942746505806972,0.977051941395206,FALSE,0.128339250050646,"Oligodendrocyte"
"PHIP-203","PHIP",0.67307114674688,NA,0.200232054409104,0.164621702903392,0.0356103515057128,0.926351107697909,0.913341170678785,0.986495724462766,0.989551272174561,FALSE,0.105659594428809,"Oligodendrocyte"
"PHIP-206","PHIP",0.67307114674688,NA,0.130248390980518,0.116326394033547,0.0139219969469709,0.352004231445455,0.390140490274762,0.831183771008174,0.955392638522348,FALSE,0.0447324478689819,"Oligodendrocyte"
"PHLDB1-217","PHLDB1",0.898213253236931,NA,0.495537688188102,0.5757098293863,-0.0801721411981984,0.763824094737361,0.767933463603772,0.949516160280269,0.977051941395206,FALSE,0.301729024943311,"Oligodendrocyte"
"PHLDB1-222","PHLDB1",0.898213253236931,NA,0.309661176113002,0.362474535268653,-0.0528133591556514,0.76382409473736,0.808041785355865,0.949516160280269,0.977051941395206,FALSE,0.698270975056689,"Oligodendrocyte"
"PIEZO2-216","PIEZO2",0.970052728646529,NA,0.529870459708184,0.379503857820184,0.150366601888,0.942319526289942,0.927615661623048,0.989910350789473,0.991543399926835,FALSE,0.393939393939394,"Oligodendrocyte"
"PIEZO2-220","PIEZO2",0.970052728646529,NA,0.446440392092301,0.512536958506346,-0.0660965664140454,0.942319526289942,0.969114381523998,0.989910350789473,0.997007734161334,FALSE,0.606060606060606,"Oligodendrocyte"
"PIGC-201","PIGC",0.833964969371939,NA,0.374727211683733,0.315486687905336,0.0592405237783972,0.583138864079921,0.641713866507549,0.942746505806972,0.977051941395206,FALSE,0.339247468492752,"Oligodendrocyte"
"PIGC-202","PIGC",0.833964969371939,NA,0.625272788316267,0.684513312094664,-0.0592405237783973,0.583138864079922,0.604856073202576,0.942746505806972,0.977051941395206,FALSE,0.660752531507248,"Oligodendrocyte"
"PIK3IP1-201","PIK3IP1",0.945596033604985,NA,0.735782606741986,0.730772016622638,0.00501059011934835,0.89651165934152,0.886670041254909,0.975615629283419,0.985808550409896,FALSE,0.656726415868015,"Oligodendrocyte"
"PIK3IP1-203","PIK3IP1",0.945596033604985,NA,0.254784726187551,0.234033426595001,0.0207512995925506,0.89651165934152,0.927974935569489,0.975615629283419,0.991543399926835,FALSE,0.343273584131985,"Oligodendrocyte"
"PIK3R1-203","PIK3R1",0.899048571397129,NA,0.149196578311441,0.0863523026655356,0.0628442756459056,0.850463947049873,0.845504038027591,0.963052056766084,0.977996986561973,FALSE,0.30441139079583,"Oligodendrocyte"
"PIK3R1-211","PIK3R1",0.899048571397129,NA,0.310012526337471,0.398851918134397,-0.0888393917969259,0.772151094698077,0.815611289967704,0.949516160280269,0.977051941395206,FALSE,0.347135955831608,"Oligodendrocyte"
"PIK3R1-221","PIK3R1",0.899048571397129,NA,0.226092421771087,0.0550165691441987,0.171075852626888,0.874100106112144,0.866636896295519,0.971169461860614,0.983465978606399,FALSE,0.348452653372562,"Oligodendrocyte"
"PITRM1-223","PITRM1",0.870554343068275,NA,0.403132723583851,0.290750915750916,0.112381807832936,0.718472189162374,0.727214003942764,0.942746505806972,0.977051941395206,FALSE,NA,"Oligodendrocyte"
"PITRM1-236","PITRM1",0.870554343068275,NA,0.419309746227039,0.391330891330891,0.0279788548961482,0.718472189162375,0.766689563630416,0.942746505806972,0.977051941395206,FALSE,NA,"Oligodendrocyte"
"PLD1-201","PLD1",0.668545265363703,NA,0.298420458651482,0.150411803610333,0.148008655041149,0.328160087717804,0.395645972626845,0.828078912627196,0.955392638522348,FALSE,0.467103270745003,"Oligodendrocyte"
"PLD1-202","PLD1",0.668545265363703,NA,0.692021506790484,0.708596910986617,-0.0165754041961331,0.328160087717805,0.367296473645917,0.828078912627196,0.955392638522348,FALSE,0.532896729254997,"Oligodendrocyte"
"PLEKHB2-201","PLEKHB2",0.584171280858503,NA,0.407301820451692,0.600013961971081,-0.192712141519389,0.222842436488301,0.286713508219786,0.764879735650755,0.950773324279936,FALSE,0.515975259422345,"Oligodendrocyte"
"PLEKHB2-212","PLEKHB2",0.584171280858503,NA,0.334765088764843,0.208923142705441,0.125841946059403,0.222842436488302,0.263786988699923,0.764879735650755,0.939408822241557,FALSE,0.484024740577655,"Oligodendrocyte"
"PLEKHH1-201","PLEKHH1",0.899285273117082,NA,0.682396583541293,0.746562918240766,-0.0641663346994732,0.79501940818625,0.79588952162578,0.949516160280269,0.977051941395206,FALSE,0.654144385026738,"Oligodendrocyte"
"PLEKHH1-211","PLEKHH1",0.899285273117082,NA,0.22146072493953,0.157892303956392,0.0635684209831385,0.795019408186254,0.836365694805385,0.949516160280269,0.977996986561973,FALSE,0.345855614973262,"Oligodendrocyte"
"PLP1-220","PLP1",0.613991650723365,NA,0.00289415178899857,0.00345672850889033,-0.00056257671989176,0.561963394585006,0.621893422078812,0.932609883902397,0.977051941395206,FALSE,0.00135105205360409,"Oligodendrocyte"
"PLP1-221","PLP1",0.613991650723365,NA,0.913918703644679,0.908673328332916,0.00524537531176272,0.281848089052323,0.348511749636121,0.80218302268738,0.955392638522348,FALSE,0.9349604133451,"Oligodendrocyte"
"PLP1-223","PLP1",0.613991650723365,NA,0.08303078450167,0.0878608766462622,-0.00483009214459215,0.25439102793863,0.295319116837558,0.796538058052414,0.95108705329265,FALSE,0.0636885346012959,"Oligodendrocyte"
"PLXNB1-201","PLXNB1",0.705654952782268,NA,0.337122588872948,0.419246031746032,-0.0821234428730842,0.391746211972519,0.458842500443448,0.847892894974602,0.960016699907608,FALSE,0.534464052287582,"Oligodendrocyte"
"PLXNB1-218","PLXNB1",0.705654952782268,NA,0.596144986449864,0.359821428571429,0.236323557878436,0.391746211972519,0.427847599348825,0.847892894974602,0.955392638522348,FALSE,0.465535947712418,"Oligodendrocyte"
"PMP22-204","PMP22",0.569015268993847,NA,0.0698446873774794,0.170384136003201,-0.100539448625721,0.243118576456144,0.284112404958838,0.789957003024081,0.950773324279936,FALSE,0.0376815752897367,"Oligodendrocyte"
"PMP22-215","PMP22",0.569015268993847,NA,0.51703374106037,0.526590585592862,-0.00955684453249195,0.96519815720743,0.98962625831842,0.991933763062446,0.997067390485713,FALSE,0.701275381351652,"Oligodendrocyte"
"PMP22-223","PMP22",0.569015268993847,NA,0.376836781750541,0.265217661097925,0.111619120652616,0.208434162584622,0.271258896308611,0.749951723200456,0.939408822241557,FALSE,0.261043043358612,"Oligodendrocyte"
"PMPCA-201","PMPCA",0.313501695865751,NA,0.465283750066359,0.158446284623519,0.30683746544284,0.0220865929715246,0.0379511675868025,0.458733742410017,0.828650226894948,FALSE,0.633783175888439,"Oligodendrocyte"
"PMPCA-207","PMPCA",0.313501695865751,NA,0.326844954562346,0.484448083604554,-0.157603129042208,0.0220865929715246,0.0430467920290086,0.458733742410017,0.828650226894948,FALSE,0.366216824111561,"Oligodendrocyte"
"PMPCB-201","PMPCB",0.817538984049365,NA,0.319847510217635,0.18668340504364,0.133164105173995,0.561763359415053,0.62170578476436,0.932609883902397,0.977051941395206,FALSE,0.621985157699443,"Oligodendrocyte"
"PMPCB-217","PMPCB",0.817538984049365,NA,0.14842057358749,0.279887095459363,-0.131466521871873,0.561763359415052,0.585368210765127,0.932609883902397,0.977051941395206,FALSE,0.378014842300557,"Oligodendrocyte"
"PNISR-201","PNISR",0.586521756019806,NA,0.49233962671483,0.390986972742432,0.101352653972398,0.602873245386442,0.660112674737051,0.942746505806972,0.977051941395206,FALSE,0.360496553323355,"Oligodendrocyte"
"PNISR-202","PNISR",0.586521756019806,NA,0.348355099380539,0.424217346279934,-0.0758622468993957,0.865036266626956,0.85853382086277,0.969964024072751,0.980439832000388,FALSE,0.421018930370808,"Oligodendrocyte"
"PNISR-205","PNISR",0.586521756019806,NA,0.0773443514809759,0.0965335836996697,-0.0191892322186939,0.65845634177471,0.711593111723804,0.942746505806972,0.977051941395206,FALSE,0.174829774226869,"Oligodendrocyte"
"PNISR-207","PNISR",0.586521756019806,NA,0.0147409098849813,0.0155705366740579,-0.000829626789076649,0.875050958070785,0.86748691080723,0.971169461860614,0.983728920238277,FALSE,0.0295418133524464,"Oligodendrocyte"
"PNISR-214","PNISR",0.586521756019806,NA,0.0171325242394138,0.0353716132239622,-0.0182390889845484,0.22480153689647,0.265760807555174,0.767509109876145,0.939408822241557,FALSE,0.0141129287265215,"Oligodendrocyte"
"PNPLA8-201","PNPLA8",0.79218892440052,NA,0.417411905832958,0.460571555730498,-0.0431596498975391,0.498283164567953,0.527138196775246,0.922721539295277,0.977051941395206,FALSE,0.164353600067886,"Oligodendrocyte"
"PNPLA8-206","PNPLA8",0.79218892440052,NA,0.534194888931731,0.532975322922764,0.001219566008967,0.498283164567952,0.561742968132374,0.922721539295277,0.977051941395206,FALSE,0.835646399932114,"Oligodendrocyte"
"POGK-201","POGK",0.463309450651697,NA,0.410870441971996,0.490234403277882,-0.0793639613058851,0.0685743532626046,0.0975869622517055,0.657602847334908,0.939408822241557,FALSE,0.614758403361345,"Oligodendrocyte"
"POGK-202","POGK",0.463309450651697,NA,0.589129558028004,0.509765596722119,0.0793639613058851,0.0685743532626048,0.108595024618188,0.657602847334908,0.939408822241557,FALSE,0.385241596638655,"Oligodendrocyte"
"POGZ-206","POGZ",0.79218892440052,NA,0.635512010897325,0.493238117783214,0.142273893114112,0.500954831863128,0.56428449829226,0.922721539295277,0.977051941395206,FALSE,0.340582668118045,"Oligodendrocyte"
"POGZ-212","POGZ",0.79218892440052,NA,0.270863101360981,0.364862906892418,-0.0939998055314372,0.500954831863128,0.529600899828188,0.922721539295277,0.977051941395206,FALSE,0.659417331881955,"Oligodendrocyte"
"POLR3D-201","POLR3D",0.485691439886857,NA,0.501287776759475,0.664737653695857,-0.163449876936382,0.0741513648682227,0.104194546068564,0.680330632234799,0.939408822241557,FALSE,0.484126984126984,"Oligodendrocyte"
"POLR3D-202","POLR3D",0.485691439886857,NA,0.498712223240525,0.335262346304143,0.163449876936382,0.0741513648682224,0.115782777906152,0.680330632234799,0.939408822241557,FALSE,0.515873015873016,"Oligodendrocyte"
"POMGNT1-201","POMGNT1",0.446185890452867,NA,0.508819996036465,0.701852960965324,-0.193032964928859,0.0613079849477222,0.0888526232234812,0.654585272494374,0.939408822241557,FALSE,0.838457361053559,"Oligodendrocyte"
"POMGNT1-214","POMGNT1",0.446185890452867,NA,0.281438429652559,0.190051574026275,0.0913868556262833,0.0613079849477222,0.0990748537694505,0.654585272494374,0.939408822241557,FALSE,0.161542638946442,"Oligodendrocyte"
"PPFIA2-202","PPFIA2",0.939345490381703,NA,0.152877296715551,0.162545787545788,-0.00966849083023666,0.879800196489887,0.871732378785795,0.97144952349681,0.983948044086169,FALSE,0.573611111111111,"Oligodendrocyte"
"PPFIA2-205","PPFIA2",0.939345490381703,NA,0.638802891960456,0.620294934950107,0.018507957010349,0.879800196489886,0.912938902576503,0.97144952349681,0.989551272174561,FALSE,0.426388888888889,"Oligodendrocyte"
"PPIB-201","PPIB",0.541323808589515,NA,0.488049054323162,0.34088223025584,0.147166824067322,0.140582302564261,0.195896462962912,0.73311707454587,0.939408822241557,FALSE,0.265185185185185,"Oligodendrocyte"
"PPIB-203","PPIB",0.541323808589515,NA,0.511950945676838,0.65911776974416,-0.147166824067322,0.140582302564261,0.178477547998268,0.73311707454587,0.939408822241557,FALSE,0.734814814814815,"Oligodendrocyte"
"PPIG-201","PPIG",0.485960893890849,NA,0.127346216714634,0.30409919635383,-0.176752979639196,0.611541173363176,0.630670760722414,0.942746505806972,0.977051941395206,FALSE,0.139837398373984,"Oligodendrocyte"
"PPIG-205","PPIG",0.485960893890849,NA,0.395382651983853,0.272267075149762,0.123115576834091,0.811806652134098,0.810919816129341,0.951654177642065,0.977051941395206,FALSE,0.498073282102684,"Oligodendrocyte"
"PPIG-214","PPIG",0.485960893890849,NA,0.105083739496161,0.215744184059136,-0.110660444562975,0.98680764848877,0.991017061399527,0.997990940556512,0.997067390485713,FALSE,0.226027397260274,"Oligodendrocyte"
"PPIG-216","PPIG",0.485960893890849,NA,0.113168033074776,0.0112326353292278,0.101935397745548,0.0763535727100017,0.118594963466558,0.680330632234799,0.939408822241557,FALSE,0.0113821138211382,"Oligodendrocyte"
"PPIG-217","PPIG",0.485960893890849,NA,0.193590673531641,0.192964963448049,0.000625710083592301,0.964439553306953,0.988946451167884,0.991933763062446,0.997067390485713,FALSE,0.12467980844192,"Oligodendrocyte"
"PPM1B-201","PPM1B",0.613991650723365,NA,0.800130825022343,0.570889419967289,0.229241405055054,0.261058223499744,0.326986276526489,0.796538058052414,0.955392638522348,FALSE,0.965073820039895,"Oligodendrocyte"
"PPM1B-207","PPM1B",0.613991650723365,NA,0.174154010948261,0.14959228140187,0.0245617295463906,0.261058223499744,0.301918326324691,0.796538058052414,0.95108705329265,FALSE,0.0349261799601045,"Oligodendrocyte"
"PPM1K-208","PPM1K",0.4895541280489,NA,0.176479841886914,0.117633760096995,0.0588460817899189,0.699413015554384,0.71006789781582,0.942746505806972,0.977051941395206,FALSE,0.177712217718587,"Oligodendrocyte"
"PPM1K-209","PPM1K",0.4895541280489,NA,0.389449707365003,0.245617442308619,0.143832265056385,0.0896893059020886,0.135342565237277,0.6920278469969,0.939408822241557,FALSE,0.540425883034163,"Oligodendrocyte"
"PPM1K-210","PPM1K",0.4895541280489,NA,0.432167492595124,0.511748797594386,-0.0795813049992617,0.245125789285497,0.28611257396624,0.789957003024081,0.950773324279936,FALSE,0.28186189924725,"Oligodendrocyte"
"PPP1R12A-203","PPP1R12A",0.93993474522655,NA,0.177400535971965,0.322278911564626,-0.144878375592661,0.885615096595782,0.876930240724999,0.97144952349681,0.983948044086169,FALSE,0.0416666666666667,"Oligodendrocyte"
"PPP1R12A-213","PPP1R12A",0.93993474522655,NA,0.74342328667004,0.581323845327605,0.162099441342435,0.885615096595783,0.918172678812339,0.97144952349681,0.989551272174561,FALSE,0.958333333333333,"Oligodendrocyte"
"PPP1R12B-204","PPP1R12B",0.833964969371939,NA,0.118034642709412,0.262629391214337,-0.144594748504924,0.581953580249769,0.603776862462672,0.942746505806972,0.977051941395206,FALSE,0,"Oligodendrocyte"
"PPP1R12B-216","PPP1R12B",0.833964969371939,NA,0.602659578297101,0.427695104074802,0.174964474222299,0.944006119266115,0.970627216789925,0.989910350789473,0.997007734161334,FALSE,0.437147108583542,"Oligodendrocyte"
"PPP1R12B-217","PPP1R12B",0.833964969371939,NA,0.259426107647497,0.158965339974785,0.100460767672712,0.708855643886465,0.757891679890197,0.942746505806972,0.977051941395206,FALSE,0.562852891416458,"Oligodendrocyte"
"PPP1R9A-202","PPP1R9A",0.861048942720289,NA,0.347555234109251,0.696466586634654,-0.348911352525403,0.673036293249463,0.686299397230141,0.942746505806972,0.977051941395206,FALSE,0.724747474747475,"Oligodendrocyte"
"PPP1R9A-207","PPP1R9A",0.861048942720289,NA,0.277108572363301,0.20921168467387,0.0678968876894312,0.673036293249464,0.725021206497348,0.942746505806972,0.977051941395206,FALSE,0.275252525252525,"Oligodendrocyte"
"PPP4R3B-204","PPP4R3B",0.378475426364391,NA,0.3129236741254,0.196296183161548,0.116627490963852,0.67430715375137,0.726190286699545,0.942746505806972,0.977051941395206,FALSE,0.135185185185185,"Oligodendrocyte"
"PPP4R3B-205","PPP4R3B",0.378475426364391,NA,0.35768062350852,0.560402834038685,-0.202722210530165,0.0439860933443854,0.0673284642865122,0.560263018193876,0.904397966264933,FALSE,0.440740740740741,"Oligodendrocyte"
"PPP4R3B-206","PPP4R3B",0.378475426364391,NA,0.29064082873643,0.22403728416963,0.0666035445667998,0.0658824175350491,0.105089642768578,0.657602847334908,0.939408822241557,FALSE,0.424074074074074,"Oligodendrocyte"
"PREPL-205","PREPL",0.634331887120251,NA,0.550854903903684,0.473125721906667,0.0777291819970173,0.294286300501998,0.361275759812908,0.810576113861241,0.955392638522348,FALSE,0.553512326916582,"Oligodendrocyte"
"PREPL-207","PREPL",0.634331887120251,NA,0.158211402418719,0.169755831815097,-0.0115444293963771,0.289755358537722,0.330095811249139,0.810576113861241,0.955392638522348,FALSE,0.0984126984126984,"Oligodendrocyte"
"PREPL-216","PREPL",0.634331887120251,NA,0.226733006153738,0.276848974148299,-0.0501159679945611,0.639048450362666,0.65559477677149,0.942746505806972,0.977051941395206,FALSE,0.348074974670719,"Oligodendrocyte"
"PRKDC-202","PRKDC",0.939345490381703,NA,0.462286372594539,0.514509273911929,-0.0522229013173898,0.88119324923839,0.872977631263642,0.97144952349681,0.983948044086169,FALSE,0.636769005847953,"Oligodendrocyte"
"PRKDC-212","PRKDC",0.939345490381703,NA,0.229947178718365,0.347832158009149,-0.117884979290784,0.881193249238555,0.914192922993473,0.97144952349681,0.989551272174561,FALSE,0.363230994152047,"Oligodendrocyte"
"PRNP-201","PRNP",0.187003523636946,NA,0.49021996018038,0.525205542981553,-0.0349855828011723,0.0155739139957675,0.0284037734212255,0.442466020844036,0.828650226894948,FALSE,0.584059829059829,"Oligodendrocyte"
"PRNP-202","PRNP",0.187003523636946,NA,0.338692468004763,0.339006267364476,-0.000313799359712874,0.00317020023004706,0.00890074402953423,0.29669344505911,0.726245068833473,FALSE,0.333404558404558,"Oligodendrocyte"
"PRNP-203","PRNP",0.187003523636946,NA,0.164309930237502,0.131064782878325,0.0332451473591763,0.431559281837141,0.46522493754165,0.863661405538229,0.960016699907608,FALSE,0.0825356125356125,"Oligodendrocyte"
"PROX1-201","PROX1",0.839444904473047,NA,0.841918972070236,0.794582053273039,0.0473369187971964,0.591994273901082,0.649978373164804,0.942746505806972,0.977051941395206,FALSE,0.94933996404929,"Oligodendrocyte"
"PROX1-202","PROX1",0.839444904473047,NA,0.158081027929764,0.20480744611646,-0.0467264181866958,0.591994273901083,0.612914008247797,0.942746505806972,0.977051941395206,FALSE,0.0506600359507098,"Oligodendrocyte"
"PRPF38B-203","PRPF38B",0.593092475948025,NA,0.615179913444853,0.664711520742317,-0.049531607297464,0.235880292828953,0.300564323058212,0.776866581697979,0.95108705329265,FALSE,0.761574074074074,"Oligodendrocyte"
"PRPF38B-204","PRPF38B",0.593092475948025,NA,0.221845723084039,0.112570225289429,0.10927549779461,0.235880292828953,0.276882142058968,0.776866581697979,0.944834816565537,FALSE,0.238425925925926,"Oligodendrocyte"
"PRPF40A-202","PRPF40A",0.55687890390824,NA,0.167388153640059,0.473187759952466,-0.305799606312407,0.172589950371562,0.212309018358911,0.742136786597716,0.939408822241557,FALSE,0.0521680216802168,"Oligodendrocyte"
"PRPF40A-215","PRPF40A",0.55687890390824,NA,0.773501997875092,0.441518122400475,0.331983875474617,0.172589950371562,0.232041992342082,0.742136786597716,0.939408822241557,FALSE,0.947831978319783,"Oligodendrocyte"
"PRRC2C-201","PRRC2C",0.899285273117082,NA,0.168145138467979,0.0749336576158264,0.0932114808521527,0.801593879022578,0.842323735975452,0.949516160280269,0.977996986561973,FALSE,0.0988540569020021,"Oligodendrocyte"
"PRRC2C-213","PRRC2C",0.899285273117082,NA,0.728245043100064,0.862978499721694,-0.13473345662163,0.801593879022574,0.801776928109787,0.949516160280269,0.977051941395206,FALSE,0.901145943097998,"Oligodendrocyte"
"PRUNE2-203","PRUNE2",0.958998266565737,NA,0.841768017419372,0.885789822403853,-0.0440218049844814,0.921622192822579,0.950539084366403,0.984501207946439,0.992180883039089,FALSE,0.721244118883668,"Oligodendrocyte"
"PRUNE2-213","PRUNE2",0.958998266565737,NA,0.139129807943545,0.0674663088408675,0.071663499102678,0.921622192822581,0.909114224996862,0.984501207946439,0.989551272174561,FALSE,0.278755881116332,"Oligodendrocyte"
"PSD3-201","PSD3",0.380433199797555,NA,0.507577681463305,0.496195344675588,0.0113823367877169,0.0460842157538384,0.0784419820556377,0.568371994297343,0.939408822241557,FALSE,0.813532763532763,"Oligodendrocyte"
"PSD3-203","PSD3",0.380433199797555,NA,0.352229915496725,0.428152344109791,-0.0759224286130657,0.0460842157538386,0.0699978579794143,0.568371994297343,0.916635569748472,FALSE,0.186467236467236,"Oligodendrocyte"
"PSEN1-201","PSEN1",0.515605324075393,NA,0.09385544218253,0.367886422833828,-0.274030980651298,0.120827317683143,0.157065194339569,0.717780391438109,0.939408822241557,FALSE,0.197018914000046,"Oligodendrocyte"
"PSEN1-202","PSEN1",0.515605324075393,NA,0.330635325845032,0.216933465085639,0.113701860759393,0.117290371430891,0.168741097350853,0.717726849794414,0.939408822241557,FALSE,0.42882561184448,"Oligodendrocyte"
"PSEN1-226","PSEN1",0.515605324075393,NA,0.120474077950104,0.076461038961039,0.0440130389890654,0.87363170260838,0.907384618706418,0.971169461860614,0.989551272174561,FALSE,0.060816611760008,"Oligodendrocyte"
"PSEN1-232","PSEN1",0.515605324075393,NA,0.0653601236577682,0.135592885375494,-0.0702327617177259,0.206671259389053,0.247406659139205,0.749951723200456,0.939408822241557,FALSE,0.313338862395466,"Oligodendrocyte"
"PSMA2-201","PSMA2",0.847333108485916,NA,0.493627819548872,0.502876984126984,-0.00924916457811192,0.614327261394119,0.633198497647312,0.942746505806972,0.977051941395206,FALSE,0.777777777777778,"Oligodendrocyte"
"PSMA2-206","PSMA2",0.847333108485916,NA,0.489586466165414,0.360218253968254,0.12936821219716,0.614327261394119,0.670761056668833,0.942746505806972,0.977051941395206,FALSE,0.222222222222222,"Oligodendrocyte"
"PTK2-206","PTK2",0.625404708814406,NA,0.424296870566772,0.241631944546008,0.182664926020764,0.639435587824886,0.65594506020789,0.942746505806972,0.977051941395206,FALSE,0.286087369420703,"Oligodendrocyte"
"PTK2-213","PTK2",0.625404708814406,NA,0.302646788756425,0.287336764016408,0.0153100247400174,0.418375702362749,0.484875152633656,0.854973274578952,0.967730192855602,FALSE,0.674738841405508,"Oligodendrocyte"
"PTK2-258","PTK2",0.625404708814406,NA,0.0513765988248815,0.240747508895894,-0.189370910071012,0.281670823053817,0.322193181898887,0.80218302268738,0.955392638522348,FALSE,0.0391737891737892,"Oligodendrocyte"
"PTMA-201","PTMA",0.862077941445956,NA,0.103258122562799,0.046997671409503,0.0562604511532959,0.681120433329173,0.693589344189289,0.942746505806972,0.977051941395206,FALSE,0.0911424100156494,"Oligodendrocyte"
"PTMA-202","PTMA",0.862077941445956,NA,0.869642214511372,0.888399833358512,-0.0187576188471404,0.681120433329174,0.732454228318727,0.942746505806972,0.977051941395206,FALSE,0.908857589984351,"Oligodendrocyte"
"PTPDC1-201","PTPDC1",0.338481307769329,NA,0.725144921412368,0.489458961239896,0.235685960172472,0.139905676368877,0.195118719506889,0.73311707454587,0.939408822241557,FALSE,0.782052916122317,"Oligodendrocyte"
"PTPDC1-202","PTPDC1",0.338481307769329,NA,0.0994060626205783,0.387492995102121,-0.288086932481543,0.0299723906116353,0.0489122899006965,0.501958668032755,0.850930621945769,FALSE,0.0751255987849048,"Oligodendrocyte"
"PTPDC1-204","PTPDC1",0.338481307769329,NA,0.161460762915495,0.0890849598533247,0.0723758030621702,0.155138925038698,0.21248507373862,0.73424998776817,0.939408822241557,FALSE,0.142821485092778,"Oligodendrocyte"
"PUF60-202","PUF60",0.899285273117082,NA,0.445247729240716,0.358285938903863,0.0869617903368525,0.804666154742538,0.845106675023428,0.949516160280269,0.977996986561973,FALSE,0.212698389575579,"Oligodendrocyte"
"PUF60-208","PUF60",0.899285273117082,NA,0.38147357124529,0.405723270440252,-0.0242496991949612,0.804666154742539,0.804527675621381,0.949516160280269,0.977051941395206,FALSE,0.787301610424421,"Oligodendrocyte"
"PUS7L-201","PUS7L",0.938796548019675,NA,0.611251805319032,0.741601689408707,-0.130349884089675,0.877165629600063,0.910566952585887,0.971169461860614,0.989551272174561,FALSE,0.717261904761905,"Oligodendrocyte"
"PUS7L-202","PUS7L",0.938796548019675,NA,0.311290861834818,0.230003248862898,0.0812876129719204,0.877165629600064,0.869377293789489,0.971169461860614,0.983948044086169,FALSE,0.282738095238095,"Oligodendrocyte"
"PWWP2A-201","PWWP2A",0.49546314464878,NA,0.452873763577576,0.493817066250532,-0.0409433026729562,0.138593646089546,0.176342341248784,0.73311707454587,0.939408822241557,FALSE,0.0181818181818182,"Oligodendrocyte"
"PWWP2A-202","PWWP2A",0.49546314464878,NA,0.330665269888144,0.242008866505887,0.0886564033822564,0.109682680876447,0.159682680715041,0.695239622607282,0.939408822241557,FALSE,0.748484848484849,"Oligodendrocyte"
"PWWP2A-205","PWWP2A",0.49546314464878,NA,0.21646096653428,0.264174067243581,-0.0477131007093003,0.546169010338922,0.571115436978543,0.932609883902397,0.977051941395206,FALSE,0.233333333333333,"Oligodendrocyte"
"PXK-202","PXK",0.567601051665673,NA,0.36229041304263,0.702447065024885,-0.340156651982255,0.293152677579782,0.333408827479349,0.810576113861241,0.955392638522348,FALSE,0.691790068474086,"Oligodendrocyte"
"PXK-205","PXK",0.567601051665673,NA,0.215176031750512,0.113028746868494,0.102147284882018,0.767773547997997,0.811632804717327,0.949516160280269,0.977051941395206,FALSE,0.293387797138563,"Oligodendrocyte"
"PXK-211","PXK",0.567601051665673,NA,0.172411205017628,0.0962769320766121,0.0761342729410163,0.184401229044787,0.245096440622399,0.749951723200456,0.939408822241557,FALSE,0.0148221343873518,"Oligodendrocyte"
"QKI-201","QKI",0.324120551286282,NA,0.285578737938083,0.406380478838242,-0.120801740900158,0.0260054490582981,0.0434660499234901,0.472374775966237,0.828650226894948,FALSE,0.452650111193477,"Oligodendrocyte"
"QKI-203","QKI",0.324120551286282,NA,0.310815418701204,0.185023006000471,0.125792412700733,0.945185672059972,0.930178006458972,0.989910350789473,0.992180883039089,FALSE,0.28912157153447,"Oligodendrocyte"
"QKI-205","QKI",0.324120551286282,NA,0.108717763587788,0.0430604034278382,0.0656573601599497,0.320823027144141,0.388247118940059,0.82074018330444,0.955392638522348,FALSE,0.0250370644922165,"Oligodendrocyte"
"QKI-207","QKI",0.324120551286282,NA,0.245905538257433,0.327092325411535,-0.0811867871541026,0.161134877477895,0.219242953235748,0.741907485974173,0.939408822241557,FALSE,0.233191252779837,"Oligodendrocyte"
"RAB40B-206","RAB40B",0.81693817026487,NA,0.590329657433033,0.612718224039788,-0.0223885666067554,0.550030126850088,0.57464730730859,0.932609883902397,0.977051941395206,FALSE,0.93374613003096,"Oligodendrocyte"
"RAB40B-211","RAB40B",0.81693817026487,NA,0.303006220486841,0.320876108099254,-0.0178698876124131,0.550030126850088,0.610686109187569,0.932609883902397,0.977051941395206,FALSE,0.0662538699690402,"Oligodendrocyte"
"RAB6A-201","RAB6A",0.862077941445956,NA,0.526189741120727,0.332783656091351,0.193406085029375,0.682248270235363,0.733490538422744,0.942746505806972,0.977051941395206,FALSE,0.45510473463868,"Oligodendrocyte"
"RAB6A-202","RAB6A",0.862077941445956,NA,0.386510510602406,0.53482165526396,-0.148311144661554,0.682248270235362,0.694606005253889,0.942746505806972,0.977051941395206,FALSE,0.54489526536132,"Oligodendrocyte"
"RAF1-201","RAF1",0.899285273117082,NA,0.136124336022034,0.507591218305504,-0.37146688228347,0.807084481146186,0.84729668851964,0.949516160280269,0.977996986561973,FALSE,0.458474576271186,"Oligodendrocyte"
"RAF1-232","RAF1",0.899285273117082,NA,0.478900936375361,0.172110860154338,0.306790076221023,0.807084481146186,0.806692714681112,0.949516160280269,0.977051941395206,FALSE,0.541525423728814,"Oligodendrocyte"
"RANBP2-201","RANBP2",0.870554343068275,NA,0.79481443689568,0.853102736607398,-0.0582882997117184,0.728092319422225,0.735860366415132,0.942746505806972,0.977051941395206,FALSE,0.767067935796939,"Oligodendrocyte"
"RANBP2-206","RANBP2",0.870554343068275,NA,0.142846445516724,0.0784519433270036,0.0643945021897206,0.728092319422228,0.775479994633687,0.942746505806972,0.977051941395206,FALSE,0.232932064203061,"Oligodendrocyte"
"RANGAP1-201","RANGAP1",0.843501035029287,NA,0.626721107797958,0.648201561105318,-0.02148045330736,0.601866036336425,0.659175260305053,0.942746505806972,0.977051941395206,FALSE,1,"Oligodendrocyte"
"RANGAP1-207","RANGAP1",0.843501035029287,NA,0.248278892202042,0.308267170965824,-0.0599882787637817,0.601866036336425,0.621886688987073,0.942746505806972,0.977051941395206,FALSE,0,"Oligodendrocyte"
"RASSF4-201","RASSF4",0.924359002172034,NA,0.386878265318978,0.505586319578465,-0.118708054259486,0.856619716516679,0.851008558707951,0.964530763607953,0.97899827686504,FALSE,0.474831648044366,"Oligodendrocyte"
"RASSF4-211","RASSF4",0.924359002172034,NA,0.602935772149249,0.486792688238466,0.116143083910783,0.856619716516679,0.892053962802835,0.964530763607953,0.987653343646006,FALSE,0.525168351955634,"Oligodendrocyte"
"RB1CC1-201","RB1CC1",0.997562486358707,NA,0.926274484662281,0.834123850227632,0.0921506344346497,0.997562486358709,0.981388802232924,0.997990940556512,0.997007734161334,FALSE,0.942276422764228,"Oligodendrocyte"
"RB1CC1-202","RB1CC1",0.997562486358707,NA,0.0737255153377186,0.165876149772368,-0.0921506344346497,0.997562486358707,0.977025482501618,0.997990940556512,0.997007734161334,FALSE,0.0577235772357724,"Oligodendrocyte"
"RBL2-201","RBL2",0.899285273117082,NA,0.333883535550029,0.492736663965267,-0.158853128415238,0.804409464494078,0.804297860101273,0.949516160280269,0.977051941395206,FALSE,0.626697005412956,"Oligodendrocyte"
"RBL2-209","RBL2",0.899285273117082,NA,0.66459678623375,0.503691907463304,0.160904878770446,0.804409464494078,0.844874189758106,0.949516160280269,0.977996986561973,FALSE,0.373302994587044,"Oligodendrocyte"
"RBM12-202","RBM12",0.997562486358707,NA,0.45672096627979,0.200113378684807,0.256607587594983,0.993256690643891,0.973172149879755,0.997990940556512,0.997007734161334,FALSE,0.265359477124183,"Oligodendrocyte"
"RBM12-203","RBM12",0.997562486358707,NA,0.528788072170425,0.675736961451247,-0.146948889280822,0.993256690643893,0.985243169643676,0.997990940556512,0.997007734161334,FALSE,0.734640522875817,"Oligodendrocyte"
"RBM25-201","RBM25",0.216226182120213,NA,0.249547431887602,0.361623959796904,-0.112076527909302,0.794053812787283,0.79502471859148,0.949516160280269,0.977051941395206,FALSE,0.461570945945946,"Oligodendrocyte"
"RBM25-203","RBM25",0.216226182120213,NA,0.239269508407066,0.201645832264741,0.0376236761423246,0.0105637218745753,0.0236266308997447,0.339412650451647,0.751799395229876,FALSE,0.141019144144144,"Oligodendrocyte"
"RBM25-212","RBM25",0.216226182120213,NA,0.461808258640316,0.412991655779482,0.0488166028608339,0.212313382062325,0.253139988970841,0.752317574301022,0.939408822241557,FALSE,0.39740990990991,"Oligodendrocyte"
"RBM33-201","RBM33",0.847960094086988,NA,0.438311211329199,0.39047619047619,0.0478350208530088,0.624142256230065,0.679868661892056,0.942746505806972,0.977051941395206,FALSE,0.581081081081081,"Oligodendrocyte"
"RBM33-207","RBM33",0.847960094086988,NA,0.499135851933987,0.426984126984127,0.0721517249498596,0.624142256230064,0.642097305677492,0.942746505806972,0.977051941395206,FALSE,0.418918918918919,"Oligodendrocyte"
"RBM39-201","RBM39",0.216226182120213,NA,0.0757440281430029,0.13983715113584,-0.0640931229928371,0.0990225325480072,0.132832968328579,0.695239622607282,0.939408822241557,FALSE,0.246081132510575,"Oligodendrocyte"
"RBM39-203","RBM39",0.216226182120213,NA,0.0822787180316486,0.076581725049211,0.00569699298243759,0.0667310655071857,0.0953853131477414,0.657602847334908,0.939408822241557,FALSE,0.110897371806139,"Oligodendrocyte"
"RBM39-223","RBM39",0.216226182120213,NA,0.81455972519058,0.733390271200606,0.081169453989974,0.0086568875719489,0.0200996238802781,0.339412650451647,0.726245068833473,FALSE,0.643021495683286,"Oligodendrocyte"
"RBM5-201","RBM5",0.245689735176838,NA,0.2676502074494,0.296253748665952,-0.028603541216552,0.0168524144382293,0.0303231363191347,0.458733742410017,0.828650226894948,FALSE,0.342635267731988,"Oligodendrocyte"
"RBM5-212","RBM5",0.245689735176838,NA,0.0932538321350367,0.336991839716203,-0.243738007581166,0.672572157900108,0.685880712870134,0.942746505806972,0.977051941395206,FALSE,0.0818320717689936,"Oligodendrocyte"
"RBM5-214","RBM5",0.245689735176838,NA,0.634571073537735,0.366240008325664,0.268331065212071,0.0123782614669247,0.026874616187619,0.386153215566219,0.822259891432728,FALSE,0.575532660499019,"Oligodendrocyte"
"RBMX-201","RBMX",0.68338950060965,NA,0.159359736422657,0.197666757632504,-0.0383070212098469,0.657316169206684,0.672109486157292,0.942746505806972,0.977051941395206,FALSE,0.309014514896868,"Oligodendrocyte"
"RBMX-207","RBMX",0.68338950060965,NA,0.531321257717425,0.482129148785307,0.0491921089321181,0.562683060700242,0.586207827338713,0.932609883902397,0.977051941395206,FALSE,0.362554112554113,"Oligodendrocyte"
"RBMX-212","RBMX",0.68338950060965,NA,0.308086156567782,0.306891023673374,0.00119513289440815,0.356613725167256,0.424120476080436,0.831183771008174,0.955392638522348,FALSE,0.32843137254902,"Oligodendrocyte"
"RBPJ-205","RBPJ",0.847333108485916,NA,0.100008038597757,0.0610243785394778,0.0389836600582796,0.61471096236569,0.63354655805207,0.942746505806972,0.977051941395206,FALSE,0.184121824966895,"Oligodendrocyte"
"RBPJ-250","RBPJ",0.847333108485916,NA,0.255757391311635,0.265388044939382,-0.00963065362774734,0.614710962365691,0.671117395071244,0.942746505806972,0.977051941395206,FALSE,0.815878175033105,"Oligodendrocyte"
"RC3H1-202","RC3H1",0.607333400571344,NA,0.433567247371112,0.303010092926059,0.130557154445053,0.244787813360053,0.285775928099939,0.789957003024081,0.950773324279936,FALSE,0.7,"Oligodendrocyte"
"RC3H1-203","RC3H1",0.607333400571344,NA,0.566432752628888,0.696989907073941,-0.130557154445053,0.244787813360054,0.309959088449574,0.789957003024081,0.952017200237977,FALSE,0.3,"Oligodendrocyte"
"REPIN1-203","REPIN1",0.843814305241425,NA,0.617835416448311,0.881321973233738,-0.263486556785427,0.604196807875158,0.624003679302573,0.942746505806972,0.977051941395206,FALSE,0.73015873015873,"Oligodendrocyte"
"REPIN1-214","REPIN1",0.843814305241425,NA,0.359637900464661,0.102338157485216,0.257299742979445,0.604196807875158,0.661344260313127,0.942746505806972,0.977051941395206,FALSE,0.26984126984127,"Oligodendrocyte"
"RFC1-201","RFC1",0.485960893890849,NA,0.365678481798226,0.445562365225287,-0.0798838834270605,0.0864257766224802,0.118482303075797,0.680330632234799,0.939408822241557,FALSE,0.396940418679549,"Oligodendrocyte"
"RFC1-202","RFC1",0.485960893890849,NA,0.634120391894453,0.387770968108047,0.246349423786406,0.0864257766224844,0.131286100272534,0.680330632234799,0.939408822241557,FALSE,0.603059581320451,"Oligodendrocyte"
"RHOT1-201","RHOT1",0.962650441616025,NA,0.201515466953255,0.165443148989947,0.0360723179633079,0.928847449009661,0.957025783706784,0.987831745571103,0.992884967798767,FALSE,0.271510099096306,"Oligodendrocyte"
"RHOT1-205","RHOT1",0.962650441616025,NA,0.700374459130219,0.554060079985485,0.146314379144735,0.928847449009661,0.915572576900234,0.987831745571103,0.989551272174561,FALSE,0.728489900903694,"Oligodendrocyte"
"RIF1-201","RIF1",0.485960893890849,NA,0.333444800813222,0.71103518115754,-0.377590380344318,0.0797050294121197,0.110700007732637,0.680330632234799,0.939408822241557,FALSE,0.276315789473684,"Oligodendrocyte"
"RIF1-203","RIF1",0.485960893890849,NA,0.475448060711219,0.283585261161647,0.191862799549571,0.0797050294121195,0.122848094877328,0.680330632234799,0.939408822241557,FALSE,0.723684210526316,"Oligodendrocyte"
"RIOK3-201","RIOK3",0.332851605357793,NA,0.447761406045388,0.84437525010004,-0.396613844054652,0.0284575418321166,0.0468472033844264,0.48683816188062,0.837459557130589,FALSE,0.639736088034867,"Oligodendrocyte"
"RIOK3-205","RIOK3",0.332851605357793,NA,0.540669430970482,0.154978337488842,0.385691093481641,0.0284575418321167,0.0529224794359314,0.48683816188062,0.886312260869124,FALSE,0.360263911965133,"Oligodendrocyte"
"RLIM-201","RLIM",0.817538984049365,NA,0.911339610653774,0.882438023800626,0.0289015868531481,0.559400795934854,0.61948906480317,0.932609883902397,0.977051941395206,FALSE,0.764411027568922,"Oligodendrocyte"
"RLIM-202","RLIM",0.817538984049365,NA,0.0886603893462257,0.117561976199374,-0.0289015868531481,0.559400795934854,0.583210889198628,0.932609883902397,0.977051941395206,FALSE,0.235588972431078,"Oligodendrocyte"
"RNF141-201","RNF141",0.978119788387464,NA,0.536881951703059,0.596768374143405,-0.0598864224403464,0.958706723885117,0.983808413078075,0.991933763062446,0.997007734161334,FALSE,0.543191056910569,"Oligodendrocyte"
"RNF141-205","RNF141",0.978119788387464,NA,0.330927393470234,0.363453419492082,-0.0325260260218478,0.958706723885117,0.942267192700545,0.991933763062446,0.992180883039089,FALSE,0.456808943089431,"Oligodendrocyte"
"RNF213-207","RNF213",0.685698611559415,NA,0.346111566329072,0.392200849131045,-0.0460892828019729,0.373143969146945,0.410251347247156,0.831473466264412,0.955392638522348,FALSE,0.40625,"Oligodendrocyte"
"RNF213-220","RNF213",0.685698611559415,NA,0.464855658059205,0.315338897770878,0.149516760288327,0.373143969146945,0.440514120174997,0.831473466264412,0.955392638522348,FALSE,0.59375,"Oligodendrocyte"
"RNF216-202","RNF216",0.847333108485916,NA,0.488735497930515,0.283990750450378,0.204744747480138,0.615771846777551,0.672102500844022,0.942746505806972,0.977051941395206,FALSE,0.156077203964528,"Oligodendrocyte"
"RNF216-205","RNF216",0.847333108485916,NA,0.454604237217275,0.680925492726735,-0.22632125550946,0.615771846777553,0.634508825244752,0.942746505806972,0.977051941395206,FALSE,0.843922796035472,"Oligodendrocyte"
"RNF6-201","RNF6",0.899285273117082,NA,0.23693836768172,0.158832462508236,0.0781059051734833,0.787241902685722,0.829312498499958,0.949516160280269,0.977996986561973,FALSE,0.257890041262407,"Oligodendrocyte"
"RNF6-203","RNF6",0.899285273117082,NA,0.76285838028576,0.840526922501373,-0.0776685422156128,0.787241902685722,0.788922969126361,0.949516160280269,0.977051941395206,FALSE,0.742109958737593,"Oligodendrocyte"
"RNH1-202","RNH1",0.567601051665673,NA,0.350422956586216,0.251861756293666,0.0985612002925501,0.186881188275159,0.247820152080313,0.749951723200456,0.939408822241557,FALSE,0.304327108059313,"Oligodendrocyte"
"RNH1-203","RNH1",0.567601051665673,NA,0.164218118437923,0.391483885440372,-0.227265767002449,0.701861315767511,0.712271713367181,0.942746505806972,0.977051941395206,FALSE,0.281005268298458,"Oligodendrocyte"
"RNH1-205","RNH1",0.567601051665673,NA,0.240230046478338,0.0706980368543624,0.169532009623976,0.872579596392385,0.865277618624177,0.971169461860614,0.98281015465253,FALSE,0.374271169384675,"Oligodendrocyte"
"RNH1-222","RNH1",0.567601051665673,NA,0.0600391804014479,0.0266445882884239,0.033394592113024,0.453194161763957,0.485391686698411,0.884701731737982,0.967730192855602,FALSE,0.0403964542575547,"Oligodendrocyte"
"RNPC3-201","RNPC3",0.187003523636946,NA,0.35425672342765,0.445350554014709,-0.0910938305870592,0.00342601875365397,0.00813457762676109,0.302821990947971,0.726245068833473,FALSE,0.732905982905983,"Oligodendrocyte"
"RNPC3-202","RNPC3",0.187003523636946,NA,0.317816451566992,0.206365304742587,0.111451146824405,0.834872600900396,0.872427298203016,0.961130468909211,0.983948044086169,FALSE,0.183372183372183,"Oligodendrocyte"
"RNPC3-208","RNPC3",0.187003523636946,NA,0.270611703006584,0.289131744651884,-0.0185200416452999,0.0630307046639041,0.101348893053072,0.654585272494374,0.939408822241557,FALSE,0.0837218337218337,"Oligodendrocyte"
"ROGDI-201","ROGDI",0.568252322002147,NA,0.315900771731858,0.525763793889649,-0.209863022157791,0.224770726157188,0.265729782439775,0.767509109876145,0.939408822241557,FALSE,0.327003023431595,"Oligodendrocyte"
"ROGDI-209","ROGDI",0.568252322002147,NA,0.2870249881962,0.0847393220854233,0.202285666110777,0.202141665689313,0.264457305576576,0.749951723200456,0.939408822241557,FALSE,0.511007180650038,"Oligodendrocyte"
"ROGDI-213","ROGDI",0.568252322002147,NA,0.397074240071943,0.389496884024928,0.00757735604701476,0.835646498495361,0.832251574536984,0.961325798341373,0.977996986561973,FALSE,0.161989795918367,"Oligodendrocyte"
"RPL15-201","RPL15",0.761786308686539,NA,0.755016752462197,0.731896491278879,0.0231202611833177,0.462047582135795,0.5270993124752,0.89539306111821,0.977051941395206,FALSE,0.882554282849319,"Oligodendrocyte"
"RPL15-204","RPL15",0.761786308686539,NA,0.208937013461743,0.210916390892615,-0.0019793774308719,0.462047582135795,0.493617702213426,0.89539306111821,0.975139211462558,FALSE,0.117445717150681,"Oligodendrocyte"
"RRP7BP-202","RRP7BP",0.861048942720289,NA,0.719536484749482,0.640629692797993,0.0789067919514883,0.673285120594604,0.686523851249884,0.942746505806972,0.977051941395206,FALSE,0.886402964586001,"Oligodendrocyte"
"RRP7BP-205","RRP7BP",0.861048942720289,NA,0.264516942070101,0.345921227855019,-0.081404285784918,0.673285120594604,0.725250122959094,0.942746505806972,0.977051941395206,FALSE,0.113597035413999,"Oligodendrocyte"
"RSRC2-201","RSRC2",0.620899948925513,NA,0.638343171039804,0.622341506011719,0.0160016650280848,0.2745758569642,0.315235449636434,0.799412892986508,0.955313524517269,FALSE,0.686470187103098,"Oligodendrocyte"
"RSRC2-214","RSRC2",0.620899948925513,NA,0.332262101720642,0.371294857624645,-0.0390327559040032,0.274575856964199,0.341010265399174,0.799412892986508,0.955392638522348,FALSE,0.313529812896902,"Oligodendrocyte"
"RSRP1-201","RSRP1",0.71840172434802,NA,0.036405527638412,0.0997483071012688,-0.0633427794628568,0.412395493671535,0.479048969561006,0.852950439187176,0.964226841654836,FALSE,0.00532999331745127,"Oligodendrocyte"
"RSRP1-202","RSRP1",0.71840172434802,NA,0.0412890331382649,0.0258155223279595,0.0154735108103054,0.730683268223147,0.738188178134813,0.94283623661235,0.977051941395206,FALSE,0.0419929403193758,"Oligodendrocyte"
"RSRP1-207","RSRP1",0.71840172434802,NA,0.911116700850872,0.872905461641211,0.0382112392096616,0.782574470192478,0.78474119328332,0.949516160280269,0.977051941395206,FALSE,0.952677066363173,"Oligodendrocyte"
"RTCA-AS1-204","RTCA-AS1",0.567601051665673,NA,0.765363858656592,0.695300285676943,0.0700635729796494,0.19709625652975,0.258979546511651,0.749951723200456,0.939408822241557,FALSE,0.94619017019326,"Oligodendrocyte"
"RTCA-AS1-205","RTCA-AS1",0.567601051665673,NA,0.207854210773553,0.0339528872038531,0.1739013235697,0.197096256529751,0.237629587158627,0.749951723200456,0.939408822241557,FALSE,0.0538098298067403,"Oligodendrocyte"
"RTKN-201","RTKN",0.854617723236982,NA,0.198104764849019,0.150481764612199,0.04762300023682,0.635418062925817,0.690313043879144,0.942746505806972,0.977051941395206,FALSE,0.357499363381716,"Oligodendrocyte"
"RTKN-203","RTKN",0.854617723236982,NA,0.6033200075174,0.5157767956681,0.0875432118492997,0.635418062925817,0.652309341731075,0.942746505806972,0.977051941395206,FALSE,0.642500636618284,"Oligodendrocyte"
"RTN1-201","RTN1",0.870554343068275,NA,0.707220890858303,0.58112406079235,0.126096830065953,0.724076342184673,0.771811662754733,0.942746505806972,0.977051941395206,FALSE,0.182094594594595,"Oligodendrocyte"
"RTN1-202","RTN1",0.870554343068275,NA,0.285469167621229,0.417200307377049,-0.13173113975582,0.724076342184699,0.732251525966263,0.942746505806972,0.977051941395206,FALSE,0.817905405405405,"Oligodendrocyte"
"RTN3-203","RTN3",0.589177335875121,NA,0.0113385257445273,0.0540613208531371,-0.0427227951086098,0.372518915596227,0.409658509172746,0.831473466264412,0.955392638522348,FALSE,0.0434168740213531,"Oligodendrocyte"
"RTN3-205","RTN3",0.589177335875121,NA,0.0286634590167889,0.0284891667166874,0.000174292300101506,0.232229177413324,0.296697782221002,0.772206474607915,0.95108705329265,FALSE,0.024332229946382,"Oligodendrocyte"
"RTN3-208","RTN3",0.589177335875121,NA,0.948664814246953,0.903596613723469,0.0450682005234838,0.932708749096397,0.919024158883574,0.988278967061019,0.989551272174561,FALSE,0.932250896032265,"Oligodendrocyte"
"SACS-201","SACS",0.386853237809557,NA,0.573914834528781,0.21143271172549,0.362482122803292,0.0484304816799761,0.0816920005574889,0.579345085359714,0.939408822241557,FALSE,0.666666666666667,"Oligodendrocyte"
"SACS-213","SACS",0.386853237809557,NA,0.219438723688978,0.542094708587877,-0.322655984898899,0.048430481679975,0.0729604503990631,0.579345085359714,0.931854820274786,FALSE,0.333333333333333,"Oligodendrocyte"
"SAFB-205","SAFB",0.504564564409625,NA,0.575518055439089,0.63342175066313,-0.057903695224041,0.112467826570695,0.147856946742623,0.707258150490022,0.939408822241557,FALSE,0.749980234029096,"Oligodendrocyte"
"SAFB-211","SAFB",0.504564564409625,NA,0.224240687685614,0.128592414529915,0.0956482731556992,0.112467826570695,0.163010806658442,0.707258150490022,0.939408822241557,FALSE,0.250019765970904,"Oligodendrocyte"
"SARAF-201","SARAF",0.313501695865751,NA,0.650647626032994,0.604472848919539,0.0461747771134544,0.0221991508313395,0.0432253916007307,0.458733742410017,0.828650226894948,FALSE,0.493129913453239,"Oligodendrocyte"
"SARAF-203","SARAF",0.313501695865751,NA,0.28196739003625,0.361589148200238,-0.0796217581639875,0.0221991508313395,0.038111679550228,0.458733742410017,0.828650226894948,FALSE,0.506870086546761,"Oligodendrocyte"
"SBDS-201","SBDS",0.644887962352353,NA,0.388270629224577,0.584193677470988,-0.195923048246412,0.304229588346378,0.371422045221151,0.812129656139409,0.955392638522348,FALSE,0.673720043572985,"Oligodendrocyte"
"SBDS-207","SBDS",0.644887962352353,NA,0.604965301511354,0.404851940776311,0.200113360735044,0.304229588346377,0.34417975763392,0.812129656139409,0.955392638522348,FALSE,0.326279956427015,"Oligodendrocyte"
"SBNO1-201","SBNO1",0.904276591383627,NA,0.468555348488084,0.468037209850214,0.000518138637869758,0.818935352814485,0.817299993533977,0.951654177642065,0.977051941395206,FALSE,0.426567192192192,"Oligodendrocyte"
"SBNO1-203","SBNO1",0.904276591383627,NA,0.531444651511916,0.5220001219052,0.00944452960671593,0.818935352814483,0.858021718505088,0.951654177642065,0.980439832000388,FALSE,0.573432807807808,"Oligodendrocyte"
"SCAF4-201","SCAF4",0.313501695865751,NA,0.415146250808015,0.829553077310079,-0.414406826502063,0.0218592384890728,0.0376265417093493,0.458733742410017,0.828650226894948,FALSE,1,"Oligodendrocyte"
"SCAF4-202","SCAF4",0.313501695865751,NA,0.487762605042017,0.168574263513891,0.319188341528126,0.0218592384890728,0.0426855356595182,0.458733742410017,0.828650226894948,FALSE,0,"Oligodendrocyte"
"SCAPER-201","SCAPER",0.862077941445956,NA,0.164386386502554,0.0983814555595267,0.0660049309430275,0.920264890437584,0.907901017843381,0.984501207946439,0.989551272174561,FALSE,0.0513858888304994,"Oligodendrocyte"
"SCAPER-207","SCAPER",0.862077941445956,NA,0.53748596638208,0.49865570150149,0.0388302648805897,0.765763966487054,0.809805794816965,0.949516160280269,0.977051941395206,FALSE,0.638954174119613,"Oligodendrocyte"
"SCAPER-212","SCAPER",0.862077941445956,NA,0.25911219374085,0.37046624827076,-0.11135405452991,0.684397755041064,0.696543355913448,0.942746505806972,0.977051941395206,FALSE,0.309659937049888,"Oligodendrocyte"
"SCARB2-201","SCARB2",0.806525905605835,NA,0.552397949322766,0.601172372434954,-0.0487744231121872,0.534400371042647,0.595963934971316,0.926177549377833,0.977051941395206,FALSE,0.692377495462795,"Oligodendrocyte"
"SCARB2-215","SCARB2",0.806525905605835,NA,0.11270285010723,0.256748804252064,-0.144045954144833,0.534400371042645,0.560338005656022,0.926177549377833,0.977051941395206,FALSE,0.307622504537205,"Oligodendrocyte"
"SDHA-201","SDHA",0.613991650723365,NA,0.849496384452328,0.911396508490075,-0.0619001240377464,0.259980993505414,0.3008535008083,0.796538058052414,0.95108705329265,FALSE,0.9614448130687,"Oligodendrocyte"
"SDHA-216","SDHA",0.613991650723365,NA,0.113832436190896,0.0684296544339364,0.0454027817569592,0.259980993505413,0.325864040769237,0.796538058052414,0.955392638522348,FALSE,0.0385551869313001,"Oligodendrocyte"
"SECISBP2-202","SECISBP2",0.861048942720289,NA,0.389249396588672,0.625624375624376,-0.236374979035704,0.664672113380926,0.678751786627232,0.942746505806972,0.977051941395206,FALSE,0.631987577639752,"Oligodendrocyte"
"SECISBP2-205","SECISBP2",0.861048942720289,NA,0.600241471690075,0.374375624375624,0.225865847314451,0.664672113380925,0.717321415866519,0.942746505806972,0.977051941395206,FALSE,0.368012422360248,"Oligodendrocyte"
"SECISBP2L-201","SECISBP2L",0.958998266565737,NA,0.275067100564503,0.245055067266894,0.0300120332976098,0.918866206971771,0.948064151430791,0.984501207946439,0.992180883039089,FALSE,0.17382202219636,"Oligodendrocyte"
"SECISBP2L-209","SECISBP2L",0.958998266565737,NA,0.720677951582988,0.754100338138512,-0.033422386555524,0.918866206971772,0.906650830287795,0.984501207946439,0.989551272174561,FALSE,0.82617797780364,"Oligodendrocyte"
"SEMA3B-209","SEMA3B",0.616606100250049,NA,0.0385191551423175,0.0640369359235709,-0.0255177807812534,0.699340259037914,0.749175438462771,0.942746505806972,0.977051941395206,FALSE,0.0335547115609135,"Oligodendrocyte"
"SEMA3B-212","SEMA3B",0.616606100250049,NA,0.34060931749331,0.101195119892339,0.239414197600972,0.298080668849567,0.365153464852147,0.810678634871407,0.955392638522348,FALSE,0.132784688059029,"Oligodendrocyte"
"SEMA3B-213","SEMA3B",0.616606100250049,NA,0.517958225256618,0.594618211247359,-0.0766599859907405,0.268240483600872,0.30900424222607,0.797861987777359,0.95108705329265,FALSE,0.833660600380057,"Oligodendrocyte"
"SEMA6A-202","SEMA6A",0.586521756019806,NA,0.346796064419363,0.379834882540441,-0.0330388181210781,0.226549624844292,0.29066433705295,0.76852975080441,0.95108705329265,FALSE,0.360461030290252,"Oligodendrocyte"
"SEMA6A-212","SEMA6A",0.586521756019806,NA,0.575030978893054,0.531850088656247,0.0431808902368069,0.226549624844292,0.26752017011679,0.76852975080441,0.939408822241557,FALSE,0.639538969709748,"Oligodendrocyte"
"SENP5-201","SENP5",0.547990664513232,NA,0.502098951377139,0.633074961472174,-0.130976010095035,0.15639325240169,0.195308968052206,0.73424998776817,0.939408822241557,FALSE,0.714514326356432,"Oligodendrocyte"
"SENP5-204","SENP5",0.547990664513232,NA,0.497901048622861,0.366925038527826,0.130976010095035,0.15639325240169,0.213902258848853,0.73424998776817,0.939408822241557,FALSE,0.285485673643568,"Oligodendrocyte"
"SENP6-202","SENP6",0.861048942720289,NA,0.350055134196421,0.194547067838993,0.155508066357428,0.671448382293171,0.684866917479736,0.942746505806972,0.977051941395206,FALSE,0,"Oligodendrocyte"
"SENP6-205","SENP6",0.861048942720289,NA,0.531580243966815,0.792018902422629,-0.260438658455814,0.671448382293172,0.723560161345182,0.942746505806972,0.977051941395206,FALSE,1,"Oligodendrocyte"
"SEPTIN4-202","SEPTIN4",0.216226182120213,NA,0.513578833738196,0.683207119337009,-0.169628285598813,0.201858207553947,0.242499644570711,0.749951723200456,0.939408822241557,FALSE,0.729170918742392,"Oligodendrocyte"
"SEPTIN4-208","SEPTIN4",0.216226182120213,NA,0.126966547711779,0.0334676753510907,0.0934988723606878,0.00820239595579525,0.0192386099035327,0.339412650451647,0.726245068833473,FALSE,0.0713010560374637,"Oligodendrocyte"
"SEPTIN4-225","SEPTIN4",0.216226182120213,NA,0.154811370364051,0.127581686822939,0.0272296835411121,0.42015230820419,0.454552676166164,0.854973274578952,0.960016699907608,FALSE,0.199528025220144,"Oligodendrocyte"
"SEPTIN7-202","SEPTIN7",0.541323808589515,NA,0.736757218257986,0.665653726940353,0.0711034913176332,0.183962284499326,0.224115227762824,0.749951723200456,0.939408822241557,FALSE,0.851048681327687,"Oligodendrocyte"
"SEPTIN7-204","SEPTIN7",0.541323808589515,NA,0.0574300269695502,0.103232122966931,-0.045802095997381,0.829184822995352,0.826471019694325,0.958048695269139,0.977996986561973,FALSE,0.0160588265410133,"Oligodendrocyte"
"SEPTIN7-218","SEPTIN7",0.541323808589515,NA,0.182240585785075,0.219615059449528,-0.0373744736644528,0.134152972646627,0.188480872452994,0.73311707454587,0.939408822241557,FALSE,0.132892492131299,"Oligodendrocyte"
"SEPTIN8-205","SEPTIN8",0.802781775096356,NA,0.719317556007462,0.523430493095127,0.195887062912334,0.519584571045731,0.581961064247992,0.923553362703959,0.977051941395206,FALSE,0.836433080418646,"Oligodendrocyte"
"SEPTIN8-207","SEPTIN8",0.802781775096356,NA,0.268857001825384,0.464061689519007,-0.195204687693623,0.519584571045731,0.546742523293218,0.923553362703959,0.977051941395206,FALSE,0.163566919581354,"Oligodendrocyte"
"SF3B1-201","SF3B1",0.567601051665673,NA,0.258346238369766,0.192253709842287,0.066092528527479,0.649311562180918,0.664876481887942,0.942746505806972,0.977051941395206,FALSE,0.193973061865604,"Oligodendrocyte"
"SF3B1-208","SF3B1",0.567601051665673,NA,0.544567753552882,0.664945082379557,-0.120377328826675,0.281474045313753,0.348126626601555,0.80218302268738,0.955392638522348,FALSE,0.674282836179522,"Oligodendrocyte"
"SF3B1-211","SF3B1",0.567601051665673,NA,0.144494691667977,0.0718878306672642,0.0726068610007129,0.536431065179911,0.562199016203988,0.926443102944672,0.977051941395206,FALSE,0.104024436682907,"Oligodendrocyte"
"SF3B1-213","SF3B1",0.567601051665673,NA,0.0524308928912869,0.0709133771108912,-0.0184824842196043,0.195304397630648,0.235793048649104,0.749951723200456,0.939408822241557,FALSE,0.0277196652719665,"Oligodendrocyte"
"SGK1-201","SGK1",0.386853237809557,NA,0.779197256141169,0.643945734190515,0.135251521950655,0.597182719241439,0.617631208059487,0.942746505806972,0.977051941395206,FALSE,0.798453953790681,"Oligodendrocyte"
"SGK1-202","SGK1",0.386853237809557,NA,0.0270573753456321,0.137011796709649,-0.109954421364017,0.665793504975728,0.718354289602197,0.942746505806972,0.977051941395206,FALSE,0.00613590815855069,"Oligodendrocyte"
"SGK1-204","SGK1",0.386853237809557,NA,0.134935327107079,0.140668501200159,-0.00573317409307986,0.877056219632228,0.91046843952129,0.971169461860614,0.989551272174561,FALSE,0.161815171997706,"Oligodendrocyte"
"SGK1-205","SGK1",0.386853237809557,NA,0.0304674458812723,0.0428291333708684,-0.0123616874895962,0.0481713062392007,0.0813343842048525,0.579345085359714,0.939408822241557,FALSE,0.013171897137066,"Oligodendrocyte"
"SGK1-210","SGK1",0.386853237809557,NA,0.021683545731792,0.0328369471575651,-0.011153401425773,0.69334152839671,0.704601017121957,0.942746505806972,0.977051941395206,FALSE,0.0204230689159958,"Oligodendrocyte"
"SGTA-201","SGTA",0.899285273117082,NA,0.29352641808575,0.32077590149627,-0.02724948341052,0.778557774124368,0.781141805456739,0.949516160280269,0.977051941395206,FALSE,0.353037904124861,"Oligodendrocyte"
"SGTA-214","SGTA",0.899285273117082,NA,0.616375097167181,0.661629501187449,-0.0452544040202678,0.778557774124368,0.821430624654207,0.949516160280269,0.977051941395206,FALSE,0.646962095875139,"Oligodendrocyte"
"SH3TC2-219","SH3TC2",0.613571633146627,NA,0.269384699588679,0.107512085255988,0.161872614332692,0.249150098123032,0.290116615513128,0.793010677562821,0.95108705329265,FALSE,0,"Oligodendrocyte"
"SH3TC2-220","SH3TC2",0.613571633146627,NA,0.150331488486859,0.289559986816084,-0.139228498329225,0.249150098123033,0.314540767348153,0.793010677562821,0.955171680937042,FALSE,1,"Oligodendrocyte"
"SHPRH-202","SHPRH",0.49546314464878,NA,0.59721342215594,0.311186270495882,0.286027151660058,0.10892190090487,0.158771122266299,0.695239622607282,0.939408822241557,FALSE,0.932647058823529,"Oligodendrocyte"
"SHPRH-204","SHPRH",0.49546314464878,NA,0.22342365531387,0.478033005101039,-0.254609349787169,0.10892190090487,0.143921420130761,0.695239622607282,0.939408822241557,FALSE,0.0673529411764706,"Oligodendrocyte"
"SHTN1-202","SHTN1",0.616606100250049,NA,0.155999493396462,0.159325976949002,-0.00332648355254012,0.268294257360708,0.309057206522301,0.797861987777359,0.95108705329265,FALSE,0.251553116175476,"Oligodendrocyte"
"SHTN1-204","SHTN1",0.616606100250049,NA,0.117625216410242,0.0259301252532071,0.0916950911570349,0.868646517734859,0.902894078284605,0.969964024072751,0.989551272174561,FALSE,0.0162003340890109,"Oligodendrocyte"
"SHTN1-207","SHTN1",0.616606100250049,NA,0.712046923461731,0.808650741151724,-0.0966038176899936,0.33067692243473,0.39817848184491,0.828078912627196,0.955392638522348,FALSE,0.732246549735513,"Oligodendrocyte"
"SIAH1-202","SIAH1",0.634331887120251,NA,0.317789886412177,0.258848961723526,0.0589409246886513,0.292452885384008,0.332726773827848,0.810576113861241,0.955392638522348,FALSE,0.0407407407407407,"Oligodendrocyte"
"SIAH1-203","SIAH1",0.634331887120251,NA,0.682210113587823,0.736755433880869,-0.0545453202930468,0.292452885384008,0.359399432499916,0.810576113861241,0.955392638522348,FALSE,0.959259259259259,"Oligodendrocyte"
"SIK3-202","SIK3",0.870554343068275,NA,0.197524120289059,0.618855207842345,-0.421331087553287,0.728264339015634,0.775637082650252,0.942746505806972,0.977051941395206,FALSE,0.75,"Oligodendrocyte"
"SIK3-204","SIK3",0.870554343068275,NA,0.189480298336145,0.296116991691369,-0.106636693355224,0.728264339015635,0.736014926968168,0.942746505806972,0.977051941395206,FALSE,0.25,"Oligodendrocyte"
"SILC1-213","SILC1",0.685698611559415,NA,0.46469404999497,0.418784581738648,0.0459094682563218,0.364925222147466,0.432376288088793,0.831473466264412,0.955392638522348,FALSE,0.355911680911681,"Oligodendrocyte"
"SILC1-214","SILC1",0.685698611559415,NA,0.513096713770252,0.553633366102648,-0.0405366523323958,0.364925222147466,0.402447632037998,0.831473466264412,0.955392638522348,FALSE,0.644088319088319,"Oligodendrocyte"
"SLAIN1-201","SLAIN1",0.979966915489335,NA,0.347101394422685,0.342585834955697,0.00451555946698823,0.966237616310482,0.949001689352876,0.991933763062446,0.992180883039089,FALSE,0.397948147461451,"Oligodendrocyte"
"SLAIN1-206","SLAIN1",0.979966915489335,NA,0.37646258803173,0.474722115797802,-0.0982595277660714,0.96623761631048,0.990557714450343,0.991933763062446,0.997067390485713,FALSE,0.602051852538549,"Oligodendrocyte"
"SLC12A2-201","SLC12A2",0.556438694199471,NA,0.316653877197071,0.389460428515901,-0.0728065513188299,0.171372591665375,0.230688482728137,0.741907485974173,0.939408822241557,FALSE,0.442740618366492,"Oligodendrocyte"
"SLC12A2-202","SLC12A2",0.556438694199471,NA,0.683346122802929,0.610539571484099,0.0728065513188298,0.171372591665375,0.211039096598288,0.741907485974173,0.939408822241557,FALSE,0.557259381633508,"Oligodendrocyte"
"SLC1A3-201","SLC1A3",0.520249507887994,NA,0.270685111027439,0.14872292293275,0.121962188094689,0.119228972010091,0.171033406794498,0.717780391438109,0.939408822241557,FALSE,0.198227372087228,"Oligodendrocyte"
"SLC1A3-253","SLC1A3",0.520249507887994,NA,0.596429197616075,0.738905552861094,-0.14247635524502,0.119228972010091,0.155311853063499,0.717780391438109,0.939408822241557,FALSE,0.801772627912772,"Oligodendrocyte"
"SLC24A2-201","SLC24A2",0.216226182120213,NA,0.705855453543655,0.781774061262592,-0.0759186077189369,0.009300816605977,0.0185399124912328,0.339412650451647,0.726245068833473,FALSE,0.611130296205437,"Oligodendrocyte"
"SLC24A2-202","SLC24A2",0.216226182120213,NA,0.294144546456345,0.218225938737408,0.0759186077189369,0.00930081660597704,0.0213053644056588,0.339412650451647,0.726245068833473,FALSE,0.388869703794563,"Oligodendrocyte"
"SLC25A3-204","SLC25A3",0.817538984049365,NA,0.329743901660421,0.306706699098003,0.0230372025624176,0.557511299712909,0.617715430047682,0.932609883902397,0.977051941395206,FALSE,0.321990740740741,"Oligodendrocyte"
"SLC25A3-216","SLC25A3",0.817538984049365,NA,0.467078043540665,0.382536907536908,0.0845411360037579,0.557511299712908,0.581485034562063,0.932609883902397,0.977051941395206,FALSE,0.678009259259259,"Oligodendrocyte"
"SLC25A36-201","SLC25A36",0.870554343068275,NA,0.43072470324908,0.527504174976085,-0.0967794717270047,0.727580667457193,0.775012735244949,0.942746505806972,0.977051941395206,FALSE,0.925205761316872,"Oligodendrocyte"
"SLC25A36-208","SLC25A36",0.870554343068275,NA,0.365725000892932,0.372138317363036,-0.00641331647010496,0.727580667457192,0.73540063474974,0.942746505806972,0.977051941395206,FALSE,0.0747942386831276,"Oligodendrocyte"
"SLC25A46-201","SLC25A46",0.979966915489335,NA,0.410248812326386,0.590384615384615,-0.180135803058229,0.966501721230703,0.990794371911268,0.991933763062446,0.997067390485713,FALSE,0.647278253661232,"Oligodendrocyte"
"SLC25A46-207","SLC25A46",0.979966915489335,NA,0.589751187673614,0.409615384615385,0.180135803058229,0.966501721230704,0.949237881597431,0.991933763062446,0.992180883039089,FALSE,0.352721746338768,"Oligodendrocyte"
"SLC39A6-201","SLC39A6",0.187003523636946,NA,0.756068497784242,0.631728221862273,0.12434027592197,0.00160067583866141,0.00511925761119446,0.29669344505911,0.726245068833473,FALSE,0.598461475926265,"Oligodendrocyte"
"SLC39A6-204","SLC39A6",0.187003523636946,NA,0.243833884097835,0.368271778137727,-0.124437894039893,0.00160067583866139,0.00435055216315304,0.29669344505911,0.726245068833473,FALSE,0.401538524073735,"Oligodendrocyte"
"SLC44A1-201","SLC44A1",0.892575459797007,NA,0.594620274967136,0.598445642448264,-0.00382536748112772,0.753691539480866,0.798821704431981,0.949516160280269,0.977051941395206,FALSE,0.373747934449262,"Oligodendrocyte"
"SLC44A1-203","SLC44A1",0.892575459797007,NA,0.396361222963634,0.392285776548716,0.00407544641491753,0.753691539480868,0.758844593643902,0.949516160280269,0.977051941395206,FALSE,0.626252065550738,"Oligodendrocyte"
"SLCO3A1-201","SLCO3A1",0.705420054104618,NA,0.416999851438152,0.727503961786945,-0.310504110348793,0.389363878915398,0.425599080299111,0.847892894974602,0.955392638522348,FALSE,0.844525427624019,"Oligodendrocyte"
"SLCO3A1-202","SLCO3A1",0.705420054104618,NA,0.246591667669509,0.10814752398237,0.138444143687139,0.389363878915397,0.456502049456957,0.847892894974602,0.960016699907608,FALSE,0.155474572375981,"Oligodendrocyte"
"SLF2-201","SLF2",0.567601051665673,NA,0.0556344050158593,0.0293312069302168,0.0263031980856425,0.195087182218079,0.256792153263248,0.749951723200456,0.939408822241557,FALSE,0.0371024734982332,"Oligodendrocyte"
"SLF2-203","SLF2",0.567601051665673,NA,0.92088617908399,0.963353978254968,-0.0424677991709785,0.19508718221808,0.235570266045475,0.749951723200456,0.939408822241557,FALSE,0.962897526501767,"Oligodendrocyte"
"SLITRK1-201","SLITRK1",0.49546314464878,NA,0.983738355790645,0.83767080683558,0.146067548955065,0.103055294930874,0.151705057653101,0.695239622607282,0.939408822241557,FALSE,0.98943661971831,"Oligodendrocyte"
"SLITRK1-202","SLITRK1",0.49546314464878,NA,0.0162616442093549,0.16232919316442,-0.146067548955065,0.103055294930872,0.137368844940189,0.695239622607282,0.939408822241557,FALSE,0.0105633802816901,"Oligodendrocyte"
"SMAD5-211","SMAD5",0.547990664513232,NA,0.481794021382122,0.338605317402089,0.143188703980033,0.153766881220298,0.210932746184604,0.73424998776817,0.939408822241557,FALSE,0.444444444444444,"Oligodendrocyte"
"SMAD5-212","SMAD5",0.547990664513232,NA,0.508324555692977,0.661394682597911,-0.153070126904934,0.153766881220298,0.192530108067151,0.73424998776817,0.939408822241557,FALSE,0.555555555555556,"Oligodendrocyte"
"SMARCE1-202","SMARCE1",0.798142111139532,NA,0.240627167547876,0.223076662246809,0.0175505053010664,0.51005379478456,0.53797971616099,0.923553362703959,0.977051941395206,FALSE,0.490828739388195,"Oligodendrocyte"
"SMARCE1-241","SMARCE1",0.798142111139532,NA,0.58622255932386,0.543710873985837,0.0425116853380227,0.51005379478456,0.572927783607796,0.923553362703959,0.977051941395206,FALSE,0.509171260611805,"Oligodendrocyte"
"SNAP25-201","SNAP25",0.899285273117082,NA,0.82881817561051,0.89678239368903,-0.06796421807852,0.780186997429432,0.782601835774995,0.949516160280269,0.977051941395206,FALSE,0.903333333333333,"Oligodendrocyte"
"SNAP25-202","SNAP25",0.899285273117082,NA,0.149301226282826,0.0973671174690573,0.0519341088137685,0.780186997429432,0.822909868931223,0.949516160280269,0.977051941395206,FALSE,0.0966666666666667,"Oligodendrocyte"
"SNAPC3-202","SNAPC3",0.93993474522655,NA,0.581618040828567,0.665712560386473,-0.0840945195579063,0.888179728363404,0.920480370212216,0.97144952349681,0.989551272174561,FALSE,0.527777777777778,"Oligodendrocyte"
"SNAPC3-206","SNAPC3",0.93993474522655,NA,0.418381959171433,0.334287439613527,0.0840945195579063,0.888179728363404,0.879222664396893,0.97144952349681,0.983948044086169,FALSE,0.472222222222222,"Oligodendrocyte"
"SNHG5-235","SNHG5",0.870554343068275,NA,0.303650247413405,0.186136725461452,0.117513521951953,0.728466678841553,0.736196728352247,0.942746505806972,0.977051941395206,FALSE,0.333333333333333,"Oligodendrocyte"
"SNHG5-279","SNHG5",0.870554343068275,NA,0.323310391363023,0.387612900174966,-0.0643025088119428,0.728466678841553,0.775821854806815,0.942746505806972,0.977051941395206,FALSE,0.666666666666667,"Oligodendrocyte"
"SNX13-203","SNX13",0.67307114674688,NA,0.829526981014889,0.656693781223856,0.172833199791032,0.335082902461026,0.402605245982758,0.828078912627196,0.955392638522348,FALSE,0.571014492753623,"Oligodendrocyte"
"SNX13-213","SNX13",0.67307114674688,NA,0.118129938881461,0.336503497687708,-0.218373558806248,0.335082902461027,0.373947454778469,0.828078912627196,0.955392638522348,FALSE,0.428985507246377,"Oligodendrocyte"
"SORT1-201","SORT1",0.187003523636946,NA,0.363214126067294,0.40331867444618,-0.0401045483788854,0.00306310418892782,0.00865642265772657,0.29669344505911,0.726245068833473,FALSE,0.32259819077064,"Oligodendrocyte"
"SORT1-209","SORT1",0.187003523636946,NA,0.636785873932706,0.59668132555382,0.0401045483788854,0.00306310418892777,0.0074182887527575,0.29669344505911,0.726245068833473,FALSE,0.67740180922936,"Oligodendrocyte"
"SOX2-OT-207","SOX2-OT",0.541323808589515,NA,0.0193217255534762,0.00493891019716266,0.0143828153563135,0.582646233085777,0.641253697132849,0.942746505806972,0.977051941395206,FALSE,0.00763985367716356,"Oligodendrocyte"
"SOX2-OT-225","SOX2-OT",0.541323808589515,NA,0.496458535374462,0.401560557939973,0.0948979774344886,0.176300763670983,0.236158398158168,0.74620756258039,0.939408822241557,FALSE,0.472995576191869,"Oligodendrocyte"
"SOX2-OT-234","SOX2-OT",0.541323808589515,NA,0.456197840002939,0.559834543174003,-0.103636703171064,0.134691662322674,0.172140194402279,0.73311707454587,0.939408822241557,FALSE,0.515576125857138,"Oligodendrocyte"
"SOX2-OT-293","SOX2-OT",0.541323808589515,NA,0.00943412965137128,0.0194109958789677,-0.00997686622759643,0.143576100706908,0.181684004678078,0.73311707454587,0.939408822241557,FALSE,0.00378844427382926,"Oligodendrocyte"
"SPART-201","SPART",0.73605601023754,NA,0.522660487484561,0.644227405172482,-0.121566917687922,0.439860646742967,0.472974224271534,0.868464909176136,0.962095112983767,FALSE,0.496202206454583,"Oligodendrocyte"
"SPART-202","SPART",0.73605601023754,NA,0.378054427980115,0.286016580845716,0.0920378471343996,0.439860646742967,0.505716581855601,0.868464909176136,0.977051941395206,FALSE,0.503797793545417,"Oligodendrocyte"
"SPATA13-203","SPATA13",0.47758172062379,NA,0.369892300928478,0.507292241904196,-0.137399940975718,0.0714549749940938,0.112319766228014,0.672691510151499,0.939408822241557,FALSE,0.875011786892975,"Oligodendrocyte"
"SPATA13-209","SPATA13",0.47758172062379,NA,0.498637897850407,0.42889002166433,0.0697478761860768,0.0714549749940939,0.101009688773229,0.672691510151499,0.939408822241557,FALSE,0.124988213107025,"Oligodendrocyte"
"SPECC1-206","SPECC1",0.613991650723365,NA,0.543963903509169,0.41699314178112,0.126970761728049,0.716341264774457,0.725298061359719,0.942746505806972,0.977051941395206,FALSE,0.634255440063063,"Oligodendrocyte"
"SPECC1-213","SPECC1",0.613991650723365,NA,0.221471339741647,0.13165595309174,0.0898153866499068,0.520024902026931,0.582377921413086,0.923553362703959,0.977051941395206,FALSE,0.312965101712833,"Oligodendrocyte"
"SPECC1-231","SPECC1",0.613991650723365,NA,0.0531741570195093,0.193334810594412,-0.140160653574903,0.263619675361162,0.304448121816833,0.796538058052414,0.95108705329265,FALSE,0.0527794582241043,"Oligodendrocyte"
"SPECC1L-201","SPECC1L",0.685698611559415,NA,0.724584711880107,0.812941159369731,-0.0883564474896233,0.370548475581213,0.437946906434138,0.831473466264412,0.955392638522348,FALSE,0.834054216505918,"Oligodendrocyte"
"SPECC1L-203","SPECC1L",0.685698611559415,NA,0.132999599171413,0.126377993031284,0.0066216061401291,0.585342235484482,0.606861838159134,0.942746505806972,0.977051941395206,FALSE,0.113209861281684,"Oligodendrocyte"
"SPECC1L-204","SPECC1L",0.685698611559415,NA,0.140662871127426,0.0550628700708958,0.0856000010565301,0.652338902807056,0.667612624189797,0.942746505806972,0.977051941395206,FALSE,0.0527359222123984,"Oligodendrocyte"
"SPEN-201","SPEN",0.770945812871676,NA,0.487885910126596,0.497874384834956,-0.00998847470836089,0.473160636296815,0.503922548000076,0.904805976380088,0.977051941395206,FALSE,0.777777777777778,"Oligodendrocyte"
"SPEN-202","SPEN",0.770945812871676,NA,0.475573425497688,0.500362623878138,-0.0247891983804497,0.473160636296815,0.537759494917866,0.904805976380088,0.977051941395206,FALSE,0.222222222222222,"Oligodendrocyte"
"SPG11-201","SPG11",0.579072815273534,NA,0.217306933883686,0.0886029750391452,0.128703958844541,0.216599755331322,0.280037281084191,0.759053327603817,0.94995629407814,FALSE,0.457698170731707,"Oligodendrocyte"
"SPG11-228","SPG11",0.579072815273534,NA,0.457117977420953,0.488531410731859,-0.0314134333109058,0.216599755331322,0.257482418338347,0.759053327603817,0.939408822241557,FALSE,0.542301829268293,"Oligodendrocyte"
"SPG7-223","SPG7",0.894401463530295,NA,0.258156155795047,0.0919990789506219,0.166157076844425,0.757851621769945,0.802608408574353,0.949516160280269,0.977051941395206,FALSE,0.0975987239410801,"Oligodendrocyte"
"SPG7-268","SPG7",0.894401463530295,NA,0.497943079638556,0.779349842349523,-0.281406762710966,0.757851621769944,0.762576725800478,0.949516160280269,0.977051941395206,FALSE,0.90240127605892,"Oligodendrocyte"
"SPOCK3-201","SPOCK3",0.521476862193913,NA,0.377479762620466,0.284653704792526,0.0928260578279405,0.121810625825449,0.174076457590603,0.717780391438109,0.939408822241557,FALSE,0.299502408425779,"Oligodendrocyte"
"SPOCK3-202","SPOCK3",0.521476862193913,NA,0.491793027354077,0.508393422273703,-0.0166003949196258,0.121810625825448,0.158142201127817,0.717780391438109,0.939408822241557,FALSE,0.700497591574221,"Oligodendrocyte"
"SPP1-201","SPP1",0.216226182120213,NA,0.175475680957796,0.316449200300214,-0.140973519342418,0.00810570228919439,0.0165482941774554,0.339412650451647,0.726245068833473,FALSE,0.168932716177525,"Oligodendrocyte"
"SPP1-203","SPP1",0.216226182120213,NA,0.7364053051169,0.627234266338789,0.109171038778111,0.00810570228919435,0.0190543005251148,0.339412650451647,0.726245068833473,FALSE,0.831067283822476,"Oligodendrocyte"
"SPPL2B-209","SPPL2B",0.899285273117082,NA,0.410706355220046,0.555638384386012,-0.144932029165966,0.782734803476179,0.825222640500149,0.949516160280269,0.977996986561973,FALSE,0.24234693877551,"Oligodendrocyte"
"SPPL2B-212","SPPL2B",0.899285273117082,NA,0.589293644779954,0.444361615613988,0.144932029165966,0.782734803476179,0.784884856590399,0.949516160280269,0.977051941395206,FALSE,0.75765306122449,"Oligodendrocyte"
"SPRTN-202","SPRTN",0.949164507967147,NA,0.33204984988652,0.531934731934732,-0.199884882048212,0.901344006039031,0.890989265780718,0.9788657430772,0.987392840290878,FALSE,0.0666666666666667,"Oligodendrocyte"
"SPRTN-204","SPRTN",0.949164507967147,NA,0.663602324026524,0.468065268065268,0.195537055961256,0.901344006039031,0.932319840085735,0.9788657430772,0.992180883039089,FALSE,0.933333333333333,"Oligodendrocyte"
"SPSB3-208","SPSB3",0.958998266565737,NA,0.260553912660893,0.125148123765635,0.135405788895258,0.920815343325571,0.908393032117037,0.984501207946439,0.989551272174561,FALSE,0.412218468468468,"Oligodendrocyte"
"SPSB3-209","SPSB3",0.958998266565737,NA,0.422768271885503,0.524994513934606,-0.102226242049103,0.920815343325571,0.949814555021447,0.984501207946439,0.992180883039089,FALSE,0.587781531531532,"Oligodendrocyte"
"SPTBN1-201","SPTBN1",0.553679666866857,NA,0.676835383493476,0.618012502848714,0.0588228806447619,0.158918744077815,0.197975024075951,0.741465459905585,0.939408822241557,FALSE,0.678228216076787,"Oligodendrocyte"
"SPTBN1-202","SPTBN1",0.553679666866857,NA,0.109960054009066,0.0930678729321106,0.0168921810769558,0.243931701638011,0.309058457920993,0.789957003024081,0.95108705329265,FALSE,0.0663502101574382,"Oligodendrocyte"
"SPTBN1-204","SPTBN1",0.553679666866857,NA,0.187014266785583,0.10787172554934,0.0791425412362421,0.305132308584782,0.372340756811192,0.813175046831471,0.955392638522348,FALSE,0.242400740432441,"Oligodendrocyte"
"SPTBN1-207","SPTBN1",0.553679666866857,NA,0.0183812684045987,0.0434037538917527,-0.025022485487154,0.761905305107963,0.766212661752038,0.949516160280269,0.977051941395206,FALSE,0.0130208333333333,"Oligodendrocyte"
"SRCAP-202","SRCAP",0.718946618990838,NA,0.473744613315523,0.68522551024632,-0.211480896930797,0.41600117343134,0.450661815959096,0.852950439187176,0.959883068031057,FALSE,0.77223803460415,"Oligodendrocyte"
"SRCAP-205","SRCAP",0.718946618990838,NA,0.51474745017654,0.310310204039394,0.204437246137146,0.41600117343134,0.482563127417819,0.852950439187176,0.96573325248019,FALSE,0.227761965395851,"Oligodendrocyte"
"SRPK2-201","SRPK2",0.899285273117082,NA,0.681512467073467,0.683154085497836,-0.00164161842436861,0.7991752581584,0.840132323773466,0.949516160280269,0.977996986561973,FALSE,0.674963924963925,"Oligodendrocyte"
"SRPK2-202","SRPK2",0.899285273117082,NA,0.164235329269131,0.241335227272727,-0.0770998980035965,0.799175258158398,0.799611223926895,0.949516160280269,0.977051941395206,FALSE,0.325036075036075,"Oligodendrocyte"
"SRRM1-201","SRRM1",0.567601051665673,NA,0.0872806663591902,0.0291486325797629,0.0581320337794272,0.668574126507155,0.682273522125588,0.942746505806972,0.977051941395206,FALSE,0.0496525533613386,"Oligodendrocyte"
"SRRM1-204","SRRM1",0.567601051665673,NA,0.708805712057393,0.851297566333723,-0.14249185427633,0.684660215023518,0.735706189767431,0.942746505806972,0.977051941395206,FALSE,0.888266572012312,"Oligodendrocyte"
"SRRM1-205","SRRM1",0.567601051665673,NA,0.0224085627188601,0.0289621243762782,-0.00655356165741807,0.180268076883738,0.220291153423452,0.749951723200456,0.939408822241557,FALSE,0.0235747209188956,"Oligodendrocyte"
"SRRM1-223","SRRM1",0.567601051665673,NA,0.0522033439668199,0.0293487012291255,0.0228546427376944,0.91393051327137,0.94363085609092,0.983139585270284,0.992180883039089,FALSE,0.0259208184340073,"Oligodendrocyte"
"SRRM1-224","SRRM1",0.567601051665673,NA,0.0950366564768716,0.0325832750946026,0.062453381382269,0.816253369709447,0.814899779762916,0.951654177642065,0.977051941395206,FALSE,0.0125853352734467,"Oligodendrocyte"
"SRRM2-201","SRRM2",0.55846229303668,NA,0.355559568064751,0.669316730559115,-0.313757162494364,0.174785908507664,0.214596731796617,0.745534531999178,0.939408822241557,FALSE,0.633333333333333,"Oligodendrocyte"
"SRRM2-225","SRRM2",0.55846229303668,NA,0.201781239486055,0.21658894877768,-0.0148077092916248,0.174785908507663,0.234479669979024,0.745534531999178,0.939408822241557,FALSE,0.366666666666667,"Oligodendrocyte"
"SRSF10-204","SRSF10",0.655428864064341,NA,0.243163625167936,0.242075725946694,0.00108789922124183,0.340448275594537,0.379091531179214,0.831183771008174,0.955392638522348,FALSE,0.184860736747529,"Oligodendrocyte"
"SRSF10-213","SRSF10",0.655428864064341,NA,0.32650102531568,0.0987033675205718,0.227797657795109,0.317207557112055,0.384592209713549,0.820201433060846,0.955392638522348,FALSE,0.104978354978355,"Oligodendrocyte"
"SRSF10-214","SRSF10",0.655428864064341,NA,0.224883418587658,0.5431401732477,-0.318256754660042,0.734774232077551,0.781579484926983,0.944285786135205,0.977051941395206,FALSE,0.710160908274116,"Oligodendrocyte"
"SRSF11-201","SRSF11",0.366484539869038,NA,0.0709232216809348,0.112214622691182,-0.0412914010102469,0.770917645985234,0.774293730854433,0.949516160280269,0.977051941395206,FALSE,0.223692810457516,"Oligodendrocyte"
"SRSF11-203","SRSF11",0.366484539869038,NA,0.107304377756721,0.277993058125506,-0.170688680368785,0.0362999369975478,0.0573674222944742,0.542809662097754,0.890904786316756,FALSE,0.319221628045157,"Oligodendrocyte"
"SRSF11-214","SRSF11",0.366484539869038,NA,0.411153045920792,0.327270569882088,0.0838824760387042,0.15849700788315,0.216275013094459,0.741465459905585,0.939408822241557,FALSE,0.27516339869281,"Oligodendrocyte"
"SRSF11-218","SRSF11",0.366484539869038,NA,0.273998484778148,0.19699258149375,0.0770059032843973,0.499386402295815,0.562792670832833,0.922721539295277,0.977051941395206,FALSE,0.181922162804516,"Oligodendrocyte"
"SRSF2-202","SRSF2",0.635787595501704,NA,0.166987212806272,0.0973683684441458,0.069618844362126,0.297024433929041,0.364074767578284,0.810576113861241,0.955392638522348,FALSE,0.0161823361823362,"Oligodendrocyte"
"SRSF2-203","SRSF2",0.635787595501704,NA,0.823732475420368,0.902464155421203,-0.0787316800008359,0.29702443392904,0.337178981263559,0.810576113861241,0.955392638522348,FALSE,0.983817663817664,"Oligodendrocyte"
"SRSF5-207","SRSF5",0.567601051665673,NA,0.514133856093652,0.669408469565803,-0.155274613472151,0.198967705667232,0.239545349677825,0.749951723200456,0.939408822241557,FALSE,0.627459657996146,"Oligodendrocyte"
"SRSF5-212","SRSF5",0.567601051665673,NA,0.367320280479964,0.275031069970953,0.0922892105090113,0.198967705667231,0.261013922388228,0.749951723200456,0.939408822241557,FALSE,0.372540342003854,"Oligodendrocyte"
"SRSF7-201","SRSF7",0.366484539869038,NA,0.173219349008243,0.320859997249484,-0.147640648241241,0.145240806308685,0.18346290189825,0.73311707454587,0.939408822241557,FALSE,0.206245305033005,"Oligodendrocyte"
"SRSF7-204","SRSF7",0.366484539869038,NA,0.207106882394334,0.0416431360959443,0.16546374629839,0.103285007572782,0.151982991465484,0.695239622607282,0.939408822241557,FALSE,0.00807214665878178,"Oligodendrocyte"
"SRSF7-208","SRSF7",0.366484539869038,NA,0.561140238294712,0.515963389114197,0.0451768491805151,0.818637144882291,0.85775198065116,0.951654177642065,0.980439832000388,FALSE,0.764615132577876,"Oligodendrocyte"
"SRSF7-209","SRSF7",0.366484539869038,NA,0.055078430890078,0.107644588651486,-0.0525661577614082,0.0386067683220818,0.060389344270132,0.542809662097754,0.890904786316756,FALSE,0.0210674157303371,"Oligodendrocyte"
"STAT3-201","STAT3",0.494017156411533,NA,0.152501558789765,0.241359814361277,-0.0888582555715126,0.395857807021822,0.462877240744397,0.847892894974602,0.960016699907608,FALSE,0.920212765957447,"Oligodendrocyte"
"STAT3-231","STAT3",0.494017156411533,NA,0.231908233227353,0.100054056710403,0.131854176516949,0.384656362861325,0.451871497205234,0.847629187413252,0.960016699907608,FALSE,0.0585106382978723,"Oligodendrocyte"
"STAT3-247","STAT3",0.494017156411533,NA,0.183659643292489,0.286365348930584,-0.102705705638095,0.0935238586183665,0.126604104065231,0.695239622607282,0.939408822241557,FALSE,0.0212765957446809,"Oligodendrocyte"
"STMN1-206","STMN1",0.905852152257069,NA,0.530271462528996,0.550737408873032,-0.0204659463440354,0.824256309534679,0.862833492705037,0.953133825334957,0.981951421240138,FALSE,0.673190205670843,"Oligodendrocyte"
"STMN1-207","STMN1",0.905852152257069,NA,0.453058943746615,0.447143947059171,0.00591499668744377,0.824256309534676,0.822061394670003,0.953133825334957,0.977051941395206,FALSE,0.326809794329157,"Oligodendrocyte"
"STX16-202","STX16",0.313501695865751,NA,0.689707114211878,0.576865090191593,0.112842024020285,0.596723163776563,0.654386070698465,0.942746505806972,0.977051941395206,FALSE,0.733137099181306,"Oligodendrocyte"
"STX16-205","STX16",0.313501695865751,NA,0.0356890533888591,0.135362647231124,-0.0996735938422651,0.0235966647484673,0.040093752145824,0.458733742410017,0.828650226894948,FALSE,0.0251857517482517,"Oligodendrocyte"
"STX16-206","STX16",0.313501695865751,NA,0.263060669352301,0.276916856585098,-0.0138561872327976,0.290681102608654,0.357584524118176,0.810576113861241,0.955392638522348,FALSE,0.241677149070442,"Oligodendrocyte"
"SUGP2-202","SUGP2",0.324120551286282,NA,0.530314142615744,0.53606124267889,-0.00574710006314605,0.0263286836128274,0.0496718795319731,0.472374775966237,0.850930621945769,FALSE,0.459473966720344,"Oligodendrocyte"
"SUGP2-214","SUGP2",0.324120551286282,NA,0.0978088694254402,0.296581359816654,-0.198772490391214,0.0263286836128274,0.0439146162252149,0.472374775966237,0.828650226894948,FALSE,0.540526033279656,"Oligodendrocyte"
"SUPT7L-201","SUPT7L",0.49546314464878,NA,0.242697123677371,0.130732225464158,0.111964898213214,0.101371790718906,0.14966493585784,0.695239622607282,0.939408822241557,FALSE,0.440836940836941,"Oligodendrocyte"
"SUPT7L-204","SUPT7L",0.49546314464878,NA,0.619616380400309,0.862610506365416,-0.242994125965107,0.101371790718906,0.135478537299572,0.695239622607282,0.939408822241557,FALSE,0.559163059163059,"Oligodendrocyte"
"SVEP1-201","SVEP1",0.68338950060965,NA,0.371807005277659,0.593328197356283,-0.221521192078624,0.359953248412717,0.397717565873458,0.831183771008174,0.955392638522348,FALSE,0.696620583717358,"Oligodendrocyte"
"SVEP1-202","SVEP1",0.68338950060965,NA,0.535998387810227,0.357725548930279,0.178272838879947,0.359953248412716,0.427440839953212,0.831183771008174,0.955392638522348,FALSE,0.303379416282642,"Oligodendrocyte"
"SYT1-201","SYT1",0.567601051665673,NA,0.642452451590926,0.55277818010443,0.0896742714864963,0.181281178363769,0.221340907419771,0.749951723200456,0.939408822241557,FALSE,0.966318629095382,"Oligodendrocyte"
"SYT1-214","SYT1",0.567601051665673,NA,0.239339558247084,0.229385995904438,0.00995356234264577,0.181281178363768,0.241661384605156,0.749951723200456,0.939408822241557,FALSE,0.0336813709046181,"Oligodendrocyte"
"TAF3-202","TAF3",0.861048942720289,NA,0.391910594950522,0.42643875732111,-0.0345281623705879,0.669526738437967,0.683133118162608,0.942746505806972,0.977051941395206,FALSE,0.745042335115864,"Oligodendrocyte"
"TAF3-205","TAF3",0.861048942720289,NA,0.194703955048783,0.154861944777911,0.0398420102708715,0.817759488807909,0.856958073529872,0.951654177642065,0.980439832000388,FALSE,0.108762254901961,"Oligodendrocyte"
"TAF3-206","TAF3",0.861048942720289,NA,0.372534634149879,0.396640474371567,-0.0241058402216877,0.725765907418245,0.773355191975913,0.942746505806972,0.977051941395206,FALSE,0.146195409982175,"Oligodendrocyte"
"TALDO1-201","TALDO1",0.567601051665673,NA,0.731279981279981,0.674843205574913,0.0564367757050683,0.199989447671079,0.240590282256034,0.749951723200456,0.939408822241557,FALSE,0.818840579710145,"Oligodendrocyte"
"TALDO1-203","TALDO1",0.567601051665673,NA,0.248371748371748,0.314425087108014,-0.0660533387362656,0.199989447671079,0.262123336909489,0.749951723200456,0.939408822241557,FALSE,0.181159420289855,"Oligodendrocyte"
"TANC1-201","TANC1",0.899285273117082,NA,0.507969628597074,0.443469559657681,0.0645000689393933,0.782085171593545,0.784302761612748,0.949516160280269,0.977051941395206,FALSE,0.184374705494298,"Oligodendrocyte"
"TANC1-205","TANC1",0.899285273117082,NA,0.450013564680237,0.537657755273943,-0.0876441905937068,0.782085171593546,0.824632994079948,0.949516160280269,0.977996986561973,FALSE,0.815625294505702,"Oligodendrocyte"
"TAOK3-201","TAOK3",0.541323808589515,NA,0.726823757092656,0.531771839170451,0.195051917922206,0.14463959477031,0.200547289918296,0.73311707454587,0.939408822241557,FALSE,0.457483591186123,"Oligodendrocyte"
"TAOK3-209","TAOK3",0.541323808589515,NA,0.246975342008618,0.435870870087165,-0.188895528078547,0.14463959477031,0.182820780297001,0.73311707454587,0.939408822241557,FALSE,0.542516408813877,"Oligodendrocyte"
"TASOR-209","TASOR",0.613991650723365,NA,0.341638049450549,0.18944099378882,0.15219705566173,0.25558530901541,0.321277354268604,0.796538058052414,0.955392638522348,FALSE,0.386111111111111,"Oligodendrocyte"
"TASOR-211","TASOR",0.613991650723365,NA,0.463062805250305,0.661620082815735,-0.19855727756543,0.25558530901541,0.296502773382643,0.796538058052414,0.95108705329265,FALSE,0.613888888888889,"Oligodendrocyte"
"TAX1BP1-201","TAX1BP1",0.802781775096356,NA,0.596015308190661,0.351098751434261,0.2449165567564,0.563317472300568,0.623163373991161,0.932609883902397,0.977051941395206,FALSE,0.577734765234765,"Oligodendrocyte"
"TAX1BP1-202","TAX1BP1",0.802781775096356,NA,0.326126957361907,0.570554428655593,-0.244427471293686,0.847042336033903,0.842444157369345,0.962679326180539,0.977996986561973,FALSE,0.292702395643572,"Oligodendrocyte"
"TAX1BP1-213","TAX1BP1",0.802781775096356,NA,0.0778577344474317,0.0783468199101463,-0.000489085462714575,0.524452627026955,0.551213104273186,0.923553362703959,0.977051941395206,FALSE,0.129562839121663,"Oligodendrocyte"
"TBC1D9B-201","TBC1D9B",0.895092923280959,NA,0.359082137363463,0.295455876314284,0.0636262610491798,0.759804069227807,0.804385014174902,0.949516160280269,0.977051941395206,FALSE,0.115311140533384,"Oligodendrocyte"
"TBC1D9B-202","TBC1D9B",0.895092923280959,NA,0.604031993257423,0.688155750154486,-0.084123756897063,0.759804069227806,0.764328056297495,0.949516160280269,0.977051941395206,FALSE,0.884688859466616,"Oligodendrocyte"
"TCERG1-201","TCERG1",0.49546314464878,NA,0.229532739285061,0.214691902169216,0.0148408371158451,0.10740139885985,0.156946048542706,0.695239622607282,0.939408822241557,FALSE,0.171428571428571,"Oligodendrocyte"
"TCERG1-202","TCERG1",0.49546314464878,NA,0.260107966981032,0.387205081669691,-0.127097114688659,0.10740139885985,0.142228180680607,0.695239622607282,0.939408822241557,FALSE,0.828571428571429,"Oligodendrocyte"
"TCF12-201","TCF12",0.795038504396321,NA,0.595833645760202,0.720296492155024,-0.124462846394822,0.504940485234915,0.533272702240998,0.923553362703959,0.977051941395206,FALSE,0.616110549376475,"Oligodendrocyte"
"TCF12-202","TCF12",0.795038504396321,NA,0.394798071050184,0.226436309057702,0.168361761992482,0.504940485234915,0.568072904387674,0.923553362703959,0.977051941395206,FALSE,0.383889450623525,"Oligodendrocyte"
"TECR-201","TECR",0.524226184249194,NA,0.6215736347383,0.396431150620196,0.225142484118104,0.12325317919752,0.175772128592061,0.720940470967851,0.939408822241557,FALSE,0.80134574850022,"Oligodendrocyte"
"TECR-218","TECR",0.524226184249194,NA,0.368140607248669,0.450998143678168,-0.0828575364294991,0.123253179197521,0.159719964554496,0.720940470967851,0.939408822241557,FALSE,0.19865425149978,"Oligodendrocyte"
"TET2-201","TET2",0.789661614762856,NA,0.155272230883155,0.17700912183055,-0.0217368909473954,0.492544703089044,0.521844659547409,0.919695759549906,0.977051941395206,FALSE,0.336873008459328,"Oligodendrocyte"
"TET2-204","TET2",0.789661614762856,NA,0.782520322031559,0.767225958565244,0.0152943634663143,0.492544703089045,0.556278301108262,0.919695759549906,0.977051941395206,FALSE,0.663126991540672,"Oligodendrocyte"
"TF-201","TF",0.541323808589515,NA,0.891315411776363,0.894722132826462,-0.00340672105009854,0.136994624397152,0.174622357182619,0.73311707454587,0.939408822241557,FALSE,0.98315499721663,"Oligodendrocyte"
"TF-207","TF",0.541323808589515,NA,0.104111536192883,0.0946739739464372,0.00943756224644544,0.136994624397152,0.191765508970389,0.73311707454587,0.939408822241557,FALSE,0.0168450027833697,"Oligodendrocyte"
"TGOLN2-201","TGOLN2",0.491843631254675,NA,0.657311019968133,0.798009829331058,-0.140698809362925,0.0908596631783445,0.123566784533281,0.6920278469969,0.939408822241557,FALSE,0.944461903764229,"Oligodendrocyte"
"TGOLN2-202","TGOLN2",0.491843631254675,NA,0.311043788382034,0.16737602427191,0.143667764110124,0.0908596631783446,0.136791100754854,0.6920278469969,0.939408822241557,FALSE,0.0555380962357707,"Oligodendrocyte"
"THUMPD1-201","THUMPD1",0.366484539869038,NA,0.519362745098039,0.529058420502805,-0.00969567540476612,0.036572885430992,0.0577265431373339,0.542809662097754,0.890904786316756,FALSE,0.451286261631089,"Oligodendrocyte"
"THUMPD1-202","THUMPD1",0.366484539869038,NA,0.367211328976035,0.291229575978898,0.0759817529971371,0.0365728854309919,0.0649440944897315,0.542809662097754,0.904397966264933,FALSE,0.548713738368911,"Oligodendrocyte"
"TJP2-201","TJP2",0.535288257347791,NA,0.293935805685375,0.189340489335474,0.104595316349901,0.469715178963506,0.534457897935738,0.901467852510178,0.977051941395206,FALSE,0.410774410774411,"Oligodendrocyte"
"TJP2-220","TJP2",0.535288257347791,NA,0.211950229334111,0.20974817490832,0.00220205442579111,0.129262200855021,0.166264245663325,0.73311707454587,0.939408822241557,FALSE,0.228956228956229,"Oligodendrocyte"
"TJP2-225","TJP2",0.535288257347791,NA,0.128368945820938,0.24427885918755,-0.115909913366612,0.292305434953133,0.359248455373634,0.810576113861241,0.955392638522348,FALSE,0.36026936026936,"Oligodendrocyte"
"TLCD5-202","TLCD5",0.342639979538143,NA,0.785722897882156,0.77997369436177,0.00574920352038533,0.0308637538820619,0.0501195196072268,0.506229200271757,0.850930621945769,FALSE,0.98015873015873,"Oligodendrocyte"
"TLCD5-205","TLCD5",0.342639979538143,NA,0.194277102117844,0.216986791960418,-0.0227096898425739,0.0308637538820618,0.0565443601585788,0.506229200271757,0.890904786316756,FALSE,0.0198412698412698,"Oligodendrocyte"
"TMC6-211","TMC6",0.378475426364391,NA,0.21293761838118,0.243672958511237,-0.0307353401300564,0.329435143650022,0.368522642377297,0.828078912627196,0.955392638522348,FALSE,0.23826079868008,"Oligodendrocyte"
"TMC6-217","TMC6",0.378475426364391,NA,0.350087623142098,0.495244413883527,-0.145156790741429,0.723150897791367,0.770966070733341,0.942746505806972,0.977051941395206,FALSE,0.500319701546752,"Oligodendrocyte"
"TMC6-229","TMC6",0.378475426364391,NA,0.179609951657668,0.0465444050892955,0.133065546568372,0.0404718352071236,0.0705447383594698,0.558178636083249,0.916635569748472,FALSE,0.0501259935414061,"Oligodendrocyte"
"TMC6-231","TMC6",0.378475426364391,NA,0.131333185664188,0.148596095696908,-0.0172629100327193,0.3115950401087,0.35131632386172,0.820201433060846,0.955392638522348,FALSE,0.211293506231761,"Oligodendrocyte"
"TMCC3-201","TMCC3",0.847960094086988,NA,0.861996157087638,0.854469261183841,0.00752689590379652,0.619891258954386,0.675925939733286,0.942746505806972,0.977051941395206,FALSE,0.928684356706405,"Oligodendrocyte"
"TMCC3-203","TMCC3",0.847960094086988,NA,0.138003842912362,0.145530738816159,-0.0075268959037966,0.619891258954382,0.63824426328265,0.942746505806972,0.977051941395206,FALSE,0.0713156432935948,"Oligodendrocyte"
"TMEFF2-201","TMEFF2",0.861048942720289,NA,0.655781349848439,0.701779701779702,-0.0459983519312623,0.67295660410651,0.68622751288239,0.942746505806972,0.977051941395206,FALSE,0.820159590484794,"Oligodendrocyte"
"TMEFF2-203","TMEFF2",0.861048942720289,NA,0.259771834147538,0.200225039510754,0.0595467946367845,0.672956604106511,0.724947892223976,0.942746505806972,0.977051941395206,FALSE,0.179840409515206,"Oligodendrocyte"
"TMEM144-201","TMEM144",0.313501695865751,NA,0.944177354155838,0.798041762250995,0.146135591904843,0.0220975670452757,0.0430642122349425,0.458733742410017,0.828650226894948,FALSE,0.938938435413716,"Oligodendrocyte"
"TMEM144-211","TMEM144",0.313501695865751,NA,0.0235414120404275,0.0671266704706034,-0.0435852584301759,0.0220975670452755,0.0379668229301472,0.458733742410017,0.828650226894948,FALSE,0.0610615645862837,"Oligodendrocyte"
"TMEM161B-DT-221","TMEM161B-DT",0.423719539477522,NA,0.423088641625055,0.524484956079025,-0.10139631445397,0.0562803052435794,0.0827163268670151,0.630577222834753,0.939408822241557,FALSE,0.649297423887588,"Oligodendrocyte"
"TMEM161B-DT-239","TMEM161B-DT",0.423719539477522,NA,0.248280665077811,0.209282326530597,0.0389983385472135,0.0562803052435792,0.092372738466947,0.630577222834753,0.939408822241557,FALSE,0.350702576112412,"Oligodendrocyte"
"TMEM63A-201","TMEM63A",0.324120551286282,NA,0.8888473249506,0.957626623392171,-0.0687792984415705,0.0267213889610064,0.0444583896873878,0.472374775966237,0.828650226894948,FALSE,0.984899953466729,"Oligodendrocyte"
"TMEM63A-203","TMEM63A",0.324120551286282,NA,0.100238879883648,0.038920548335259,0.0613183315483885,0.0267213889610065,0.0502749707497815,0.472374775966237,0.850930621945769,FALSE,0.0151000465332713,"Oligodendrocyte"
"TMF1-201","TMF1",0.541323808589515,NA,0.814021536277799,0.787510440947941,0.0265110953298578,0.145609676653987,0.201656087492241,0.73311707454587,0.939408822241557,FALSE,0.5921875,"Oligodendrocyte"
"TMF1-207","TMF1",0.541323808589515,NA,0.167749297055534,0.203560987623488,-0.0358116905679532,0.145609676653988,0.183856688590297,0.73311707454587,0.939408822241557,FALSE,0.4078125,"Oligodendrocyte"
"TMTC4-202","TMTC4",0.567601051665673,NA,0.485282624960973,0.469887217074846,0.0153954078861271,0.6409090127644,0.657278100131738,0.942746505806972,0.977051941395206,FALSE,0.313172710713694,"Oligodendrocyte"
"TMTC4-203","TMTC4",0.567601051665673,NA,0.298232703834814,0.480126268951063,-0.181893565116248,0.192803238648885,0.254301146237172,0.749951723200456,0.939408822241557,FALSE,0.673720026179043,"Oligodendrocyte"
"TMTC4-210","TMTC4",0.567601051665673,NA,0.212625628169251,0.0499865139740909,0.16263911419516,0.515791294083879,0.543256539495399,0.923553362703959,0.977051941395206,FALSE,0.0131072631072631,"Oligodendrocyte"
"TNKS-201","TNKS",0.708545212501323,NA,0.780278385013789,0.843683108446712,-0.0634047234329235,0.398248523226306,0.465220636822689,0.847892894974602,0.960016699907608,FALSE,0.962828282828283,"Oligodendrocyte"
"TNKS-212","TNKS",0.708545212501323,NA,0.204049180256399,0.104968235960972,0.0990809442954273,0.398248523226305,0.433977497961924,0.847892894974602,0.955392638522348,FALSE,0.0371717171717172,"Oligodendrocyte"
"TNPO1-201","TNPO1",0.541323808589515,NA,0.488513996678748,0.237979239460634,0.250534757218114,0.145156283909248,0.201138013871266,0.73311707454587,0.939408822241557,FALSE,0.40188060731539,"Oligodendrocyte"
"TNPO1-204","TNPO1",0.541323808589515,NA,0.314218648911412,0.582670361469756,-0.268451712558344,0.145156283909247,0.183372650548864,0.73311707454587,0.939408822241557,FALSE,0.59811939268461,"Oligodendrocyte"
"TNRC6B-202","TNRC6B",0.870554343068275,NA,0.194810512052489,0.249628798887976,-0.0548182868354873,0.724500125326656,0.772198847035807,0.942746505806972,0.977051941395206,FALSE,0,"Oligodendrocyte"
"TNRC6B-206","TNRC6B",0.870554343068275,NA,0.667311011268007,0.707286598850066,-0.039975587582059,0.724500125326656,0.732632388503648,0.942746505806972,0.977051941395206,FALSE,1,"Oligodendrocyte"
"TOGARAM1-201","TOGARAM1",0.378475426364391,NA,0.321984805318139,0.607674811064642,-0.285690005746503,0.0440181503923533,0.06736939843335,0.560263018193876,0.904397966264933,FALSE,0.948717948717949,"Oligodendrocyte"
"TOGARAM1-204","TOGARAM1",0.378475426364391,NA,0.359600546058879,0.257292747607518,0.102307798451362,0.0440181503923535,0.0755557962384961,0.560263018193876,0.931854820274786,FALSE,0.0512820512820513,"Oligodendrocyte"
"TOM1-203","TOM1",0.997562486358707,NA,0.283926109732561,0.404698581560284,-0.120772471827722,0.995812708381082,0.982955068634417,0.997990940556512,0.997007734161334,FALSE,0.221739130434783,"Oligodendrocyte"
"TOM1-209","TOM1",0.997562486358707,NA,0.474954048341145,0.409328211189913,0.0656258371512318,0.995812708381081,0.975459519538323,0.997990940556512,0.997007734161334,FALSE,0.778260869565217,"Oligodendrocyte"
"TPD52-201","TPD52",0.872852524895698,NA,0.80941474003675,0.712874628557949,0.0965401114788008,0.732929601057456,0.77989613344748,0.943439316571531,0.977051941395206,FALSE,0.990919199406968,"Oligodendrocyte"
"TPD52-209","TPD52",0.872852524895698,NA,0.190126123140477,0.285946126159032,-0.0958200030185552,0.732929601057456,0.740206081179279,0.943439316571531,0.977051941395206,FALSE,0.00908080059303188,"Oligodendrocyte"
"TPD52L2-202","TPD52L2",0.547990664513232,NA,0.190292743296676,0.275656565837687,-0.0853638225410104,0.1529753617161,0.191691349709968,0.73424998776817,0.939408822241557,FALSE,0.282565184463919,"Oligodendrocyte"
"TPD52L2-203","TPD52L2",0.547990664513232,NA,0.30411387040203,0.122843909781986,0.181269960620044,0.57170006063845,0.594434172777532,0.939104666712911,0.977051941395206,FALSE,0.144771719138808,"Oligodendrocyte"
"TPD52L2-208","TPD52L2",0.547990664513232,NA,0.482895986848446,0.572849602873263,-0.0899536160248169,0.152767814388416,0.209800981809169,0.73424998776817,0.939408822241557,FALSE,0.572663096397274,"Oligodendrocyte"
"TPP2-202","TPP2",0.569015268993847,NA,0.238555553139518,0.452368533620345,-0.213812980480826,0.205936504549696,0.246658535698162,0.749951723200456,0.939408822241557,FALSE,0.923432601880878,"Oligodendrocyte"
"TPP2-217","TPP2",0.569015268993847,NA,0.245992807731647,0.305980323163748,-0.0599875154321015,0.205936504549695,0.2685630923386,0.749951723200456,0.939408822241557,FALSE,0.0765673981191222,"Oligodendrocyte"
"TPR-201","TPR",0.593092475948025,NA,0.958145308120988,0.910191686493644,0.0479536216273434,0.236331505683106,0.301041514582127,0.776866581697979,0.95108705329265,FALSE,0.805797101449275,"Oligodendrocyte"
"TPR-205","TPR",0.593092475948025,NA,0.0372098762127559,0.0779593551730226,-0.0407494789602667,0.236331505683106,0.277333663944755,0.776866581697979,0.944834816565537,FALSE,0.194202898550725,"Oligodendrocyte"
"TRIM2-209","TRIM2",0.485960893890849,NA,0.0379950928974491,0.0204850896493541,0.0175100032480949,0.954551927084227,0.938552131330585,0.991933763062446,0.992180883039089,FALSE,0.0179026016854252,"Oligodendrocyte"
"TRIM2-236","TRIM2",0.485960893890849,NA,0.320077567019497,0.315637864475352,0.00443970254414533,0.245278918600815,0.286265081543612,0.789957003024081,0.950773324279936,FALSE,0.563655606063482,"Oligodendrocyte"
"TRIM2-243","TRIM2",0.485960893890849,NA,0.0779637915173256,0.0414870258634468,0.0364767656538788,0.3030639708887,0.370235186895896,0.812129656139409,0.955392638522348,FALSE,0.056148516237402,"Oligodendrocyte"
"TRIM2-246","TRIM2",0.485960893890849,NA,0.0158730092328383,0.043287460085157,-0.0274144508523187,0.555180962495219,0.579355896086063,0.932609883902397,0.977051941395206,FALSE,0.00958846584546473,"Oligodendrocyte"
"TRIM2-249","TRIM2",0.485960893890849,NA,0.0143893616904981,0.0405653818601847,-0.0261760201696866,0.0818234500248739,0.11316328289147,0.680330632234799,0.939408822241557,FALSE,0.274796498661909,"Oligodendrocyte"
"TRIM2-264","TRIM2",0.485960893890849,NA,0.0972169339680764,0.0603900122512026,0.0368269217168738,0.188925650746104,0.250061224875742,0.749951723200456,0.939408822241557,FALSE,0.0772434178892959,"Oligodendrocyte"
"TRIM2-274","TRIM2",0.485960893890849,NA,0.0327957022635301,0.0831533269107539,-0.0503576246472238,0.10068735853647,0.148833884074617,0.695239622607282,0.939408822241557,FALSE,0.000664893617021277,"Oligodendrocyte"
"TRIM9-201","TRIM9",0.865178442901418,NA,0.650514869814855,0.704401517214035,-0.0538866473991804,0.698553251822277,0.709293897388567,0.942746505806972,0.977051941395206,FALSE,0.60604398050965,"Oligodendrocyte"
"TRIM9-203","TRIM9",0.865178442901418,NA,0.294430381012749,0.278160164174939,0.0162702168378107,0.698553251822278,0.748454030860478,0.942746505806972,0.977051941395206,FALSE,0.39395601949035,"Oligodendrocyte"
"TSC22D3-203","TSC22D3",0.836462999961346,NA,0.639519522626416,0.553770237755393,0.0857492848710226,0.586162621346959,0.607608509128775,0.942746505806972,0.977051941395206,FALSE,0.644535034857616,"Oligodendrocyte"
"TSC22D3-206","TSC22D3",0.836462999961346,NA,0.227695501761342,0.250986167700413,-0.0232906659390703,0.58616262134696,0.644537421186636,0.942746505806972,0.977051941395206,FALSE,0.355464965142385,"Oligodendrocyte"
"TSEN54-207","TSEN54",0.569015268993847,NA,0.301590109447363,0.204929971988796,0.096660137458567,0.210231595567192,0.273195779868051,0.749951723200456,0.939408822241557,FALSE,0.388888888888889,"Oligodendrocyte"
"TSEN54-218","TSEN54",0.569015268993847,NA,0.376001451528429,0.413789592760181,-0.0377881412317522,0.210231595567193,0.251026886221025,0.749951723200456,0.939408822241557,FALSE,0.611111111111111,"Oligodendrocyte"
"TTC1-201","TTC1",0.635787595501704,NA,0.53328666240381,0.446855559899038,0.086431102504772,0.296893429354371,0.363940937580289,0.810576113861241,0.955392638522348,FALSE,0.48786717752235,"Oligodendrocyte"
"TTC1-207","TTC1",0.635787595501704,NA,0.446549291116354,0.545898063289368,-0.0993487721730137,0.296893429354371,0.337051509601096,0.810576113861241,0.955392638522348,FALSE,0.51213282247765,"Oligodendrocyte"
"TTC14-201","TTC14",0.870554343068275,NA,0.107816566873482,0.137177264644883,-0.0293606977714018,0.714359356045555,0.723515861663206,0.942746505806972,0.977051941395206,FALSE,0.148513347803664,"Oligodendrocyte"
"TTC14-203","TTC14",0.870554343068275,NA,0.824032519532787,0.719519970896954,0.104512548635833,0.714359356045554,0.762928191434986,0.942746505806972,0.977051941395206,FALSE,0.851486652196336,"Oligodendrocyte"
"TTC3-203","TTC3",0.802781775096356,NA,0.358002988726746,0.228401804710905,0.129601184015841,0.52946828525439,0.555815642139696,0.923666712543569,0.977051941395206,FALSE,0.0358851674641148,"Oligodendrocyte"
"TTC3-211","TTC3",0.802781775096356,NA,0.0528905269784297,0.10573813973026,-0.05284761275183,0.627412961690387,0.682900236716839,0.942746505806972,0.977051941395206,FALSE,0.0850202429149798,"Oligodendrocyte"
"TTC3-222","TTC3",0.802781775096356,NA,0.268724591714688,0.319906972433027,-0.0511823807183392,0.533192403956533,0.594824006098424,0.926177549377833,0.977051941395206,FALSE,0.879094589620905,"Oligodendrocyte"
"TTLL7-201","TTLL7",0.567601051665673,NA,0.643227954561585,0.753782747329373,-0.110554792767787,0.200176859442398,0.262326732477155,0.749951723200456,0.939408822241557,FALSE,0.976599326599327,"Oligodendrocyte"
"TTLL7-212","TTLL7",0.567601051665673,NA,0.165530096146286,0.119756621847194,0.0457734742990923,0.200176859442398,0.240781871383934,0.749951723200456,0.939408822241557,FALSE,0.0234006734006734,"Oligodendrocyte"
"TTYH1-201","TTYH1",0.19077229699489,NA,0.183319004085778,0.236499843565612,-0.0531808394798341,0.264280405271098,0.330338906166757,0.796538058052414,0.955392638522348,FALSE,0.164087301587302,"Oligodendrocyte"
"TTYH1-202","TTYH1",0.19077229699489,NA,0.553808978904601,0.433920487235374,0.119888491669227,0.0909074921573552,0.136850230054258,0.6920278469969,0.939408822241557,FALSE,0.532142857142857,"Oligodendrocyte"
"TTYH1-203","TTYH1",0.19077229699489,NA,0.224379125696299,0.322818343979271,-0.0984392182829718,0.00378632039837186,0.0088327885223788,0.317054513358402,0.726245068833473,FALSE,0.303769841269841,"Oligodendrocyte"
"TTYH2-201","TTYH2",0.584171280858503,NA,0.556253099913294,0.781313530994582,-0.225060431081288,0.222966137732253,0.263911684886074,0.764879735650755,0.939408822241557,FALSE,0.74875390724001,"Oligodendrocyte"
"TTYH2-202","TTYH2",0.584171280858503,NA,0.438045648956883,0.218686469005418,0.219359179951466,0.222966137732253,0.286845503239704,0.764879735650755,0.950773324279936,FALSE,0.25124609275999,"Oligodendrocyte"
"TUT4-204","TUT4",0.861048942720289,NA,0.722430341957714,0.62698529659016,0.0954450453675546,0.664955302192429,0.679007416387435,0.942746505806972,0.977051941395206,FALSE,0.680715197956577,"Oligodendrocyte"
"TUT4-220","TUT4",0.861048942720289,NA,0.157600591928754,0.192367991684101,-0.0347673997553471,0.664955302192429,0.717582267393536,0.942746505806972,0.977051941395206,FALSE,0.319284802043423,"Oligodendrocyte"
"TYRO3-201","TYRO3",0.865178442901418,NA,0.440634276537298,0.607546696931007,-0.166912420393709,0.700068053034735,0.710657561750095,0.942746505806972,0.977051941395206,FALSE,0.531974153297683,"Oligodendrocyte"
"TYRO3-209","TYRO3",0.865178442901418,NA,0.452395586755525,0.328784224712725,0.1236113620428,0.700068053034735,0.74984250026418,0.942746505806972,0.977051941395206,FALSE,0.468025846702317,"Oligodendrocyte"
"U2SURP-208","U2SURP",0.79218892440052,NA,0.509131730965742,0.648076882219955,-0.138945151254213,0.496412912749748,0.559962812803134,0.92265530862716,0.977051941395206,FALSE,0.9002849002849,"Oligodendrocyte"
"U2SURP-209","U2SURP",0.79218892440052,NA,0.194677464060365,0.189089154241657,0.00558830981870853,0.496412912749748,0.52541354211772,0.92265530862716,0.977051941395206,FALSE,0.0997150997150997,"Oligodendrocyte"
"UBA6-201","UBA6",0.658834782012576,NA,0.400020254659543,0.397828159790938,0.0021920948686045,0.32086762665956,0.388292167519552,0.82074018330444,0.955392638522348,FALSE,0.401572146934338,"Oligodendrocyte"
"UBA6-203","UBA6",0.658834782012576,NA,0.597003554864267,0.602171840209062,-0.00516828534479497,0.320867626659561,0.36027315115221,0.82074018330444,0.955392638522348,FALSE,0.598427853065662,"Oligodendrocyte"
"UBC-201","UBC",0.556438694199471,NA,0.949436469001315,0.914115573257056,0.0353208957442595,0.169945139181665,0.229099404769111,0.741907485974173,0.939408822241557,FALSE,0.96615645389093,"Oligodendrocyte"
"UBC-205","UBC",0.556438694199471,NA,0.0504072083724004,0.0856881944038549,-0.0352809860314545,0.169945139181666,0.209548448304842,0.741907485974173,0.939408822241557,FALSE,0.0338435461090703,"Oligodendrocyte"
"UBE2G2-202","UBE2G2",0.931768915886675,NA,0.443271190375298,0.266266722408027,0.177004467967271,0.86633170958013,0.859692001642229,0.969964024072751,0.980480268539632,FALSE,0.654882154882155,"Oligodendrocyte"
"UBE2G2-206","UBE2G2",0.931768915886675,NA,0.549345121986817,0.539983277591973,0.00936184439484333,0.866331709580131,0.90080841141056,0.969964024072751,0.989551272174561,FALSE,0.345117845117845,"Oligodendrocyte"
"UBE3A-227","UBE3A",0.861048942720289,NA,0.131026869763965,0.0811297246171196,0.0498971451468454,0.649320441124457,0.703163735722683,0.942746505806972,0.977051941395206,FALSE,0.181818181818182,"Oligodendrocyte"
"UBE3A-232","UBE3A",0.861048942720289,NA,0.530986127909494,0.611327258175998,-0.0803411302665039,0.649320441124456,0.664884507890699,0.942746505806972,0.977051941395206,FALSE,0.818181818181818,"Oligodendrocyte"
"UBXN7-201","UBXN7",0.579072815273534,NA,0.945073427762773,0.854541446208113,0.0905319815546597,0.216287245134935,0.279702284282918,0.759053327603817,0.94995629407814,FALSE,0.986928104575163,"Oligodendrocyte"
"UBXN7-205","UBXN7",0.579072815273534,NA,0.0549265722372274,0.145458553791887,-0.0905319815546597,0.216287245134935,0.257166199538945,0.759053327603817,0.939408822241557,FALSE,0.0130718954248366,"Oligodendrocyte"
"USP11-201","USP11",0.485960893890849,NA,0.1590592861464,0.617437595880924,-0.458378309734524,0.0814952024645345,0.112782233522643,0.680330632234799,0.939408822241557,FALSE,0.285714285714286,"Oligodendrocyte"
"USP11-204","USP11",0.485960893890849,NA,0.507703165960879,0.151705671181998,0.355997494778881,0.0814952024645345,0.125107228219392,0.680330632234799,0.939408822241557,FALSE,0.714285714285714,"Oligodendrocyte"
"USP15-201","USP15",0.567601051665673,NA,0.42874027014652,0.687565906315906,-0.258825636169386,0.190845316156868,0.252161983105427,0.749951723200456,0.939408822241557,FALSE,0.444444444444444,"Oligodendrocyte"
"USP15-203","USP15",0.567601051665673,NA,0.315738896520147,0.30918734043734,0.00655155608280611,0.190845316156868,0.231213043091929,0.749951723200456,0.939408822241557,FALSE,0.555555555555556,"Oligodendrocyte"
"USP16-201","USP16",0.816165706269732,NA,0.301736246844942,0.233778842516707,0.0679574043282359,0.775409510473006,0.778320199073297,0.949516160280269,0.977051941395206,FALSE,0.447251528207394,"Oligodendrocyte"
"USP16-203","USP16",0.816165706269732,NA,0.249479059587755,0.296344244300894,-0.0468651847131384,0.54709245177605,0.607922820228577,0.932609883902397,0.977051941395206,FALSE,0.202077809692149,"Oligodendrocyte"
"USP16-204","USP16",0.816165706269732,NA,0.160116815551598,0.180468198418074,-0.0203513828664761,0.967696522421498,0.950306421590116,0.991933763062446,0.992180883039089,FALSE,0.254446531153336,"Oligodendrocyte"
"USP16-205","USP16",0.816165706269732,NA,0.269933568846612,0.2827641964919,-0.012830627645288,0.80712790434379,0.806731588315578,0.949516160280269,0.977051941395206,FALSE,0.0962241309471203,"Oligodendrocyte"
"USP47-202","USP47",0.485960893890849,NA,0.10449272303091,0.101659447665898,0.00283327536501231,0.086805228374396,0.13175907552078,0.680330632234799,0.939408822241557,FALSE,0.400213675213675,"Oligodendrocyte"
"USP47-207","USP47",0.485960893890849,NA,0.739860081923161,0.868869371345809,-0.129009289422648,0.0868052283743961,0.11891892684274,0.680330632234799,0.939408822241557,FALSE,0.599786324786325,"Oligodendrocyte"
"USP48-201","USP48",0.589177335875121,NA,0.174795315107222,0.17250744460656,0.00228787050066209,0.231913356785304,0.296362887778981,0.772206474607915,0.95108705329265,FALSE,0.244072164948454,"Oligodendrocyte"
"USP48-205","USP48",0.589177335875121,NA,0.722112762077298,0.681065167576114,0.0410475945011838,0.231913356785369,0.272907756197009,0.772206474607915,0.939408822241557,FALSE,0.755927835051546,"Oligodendrocyte"
"USP5-201","USP5",0.569015268993847,NA,0.619746742178184,0.641598530408228,-0.0218517882300437,0.208421030045853,0.249186871118459,0.749951723200456,0.939408822241557,FALSE,0.303615353774272,"Oligodendrocyte"
"USP5-202","USP5",0.569015268993847,NA,0.262977340417891,0.296225740193484,-0.0332483997755927,0.208421030045853,0.271244735270594,0.749951723200456,0.939408822241557,FALSE,0.696384646225728,"Oligodendrocyte"
"VAPA-202","VAPA",0.652928251005996,NA,0.900249961353163,0.802391059439919,0.0978589019132446,0.310016314599794,0.377304408712779,0.820201433060846,0.955392638522348,FALSE,0.965996525192355,"Oligodendrocyte"
"VAPA-203","VAPA",0.652928251005996,NA,0.0977412462360754,0.195004773893415,-0.0972635276573393,0.310016314599794,0.34978832159219,0.820201433060846,0.955392638522348,FALSE,0.0340034748076446,"Oligodendrocyte"
"VEZT-203","VEZT",0.568252322002147,NA,0.346058044818896,0.462324171247709,-0.116266126428814,0.201529358270992,0.263793691433208,0.749951723200456,0.939408822241557,FALSE,0.588515406162465,"Oligodendrocyte"
"VEZT-233","VEZT",0.568252322002147,NA,0.19998535405315,0.282615902671375,-0.0826305486182249,0.201529358270992,0.24216381938866,0.749951723200456,0.939408822241557,FALSE,0.411484593837535,"Oligodendrocyte"
"VPS13C-201","VPS13C",0.485960893890849,NA,0.377430412473251,0.459804160751839,-0.0823737482785883,0.0768039927335911,0.107310637205658,0.680330632234799,0.939408822241557,FALSE,0.54040404040404,"Oligodendrocyte"
"VPS13C-210","VPS13C",0.485960893890849,NA,0.399610670918818,0.427043138315735,-0.027432467396917,0.322425525137533,0.389865183772884,0.823401300953155,0.955392638522348,FALSE,0.237373737373737,"Oligodendrocyte"
"VPS13C-211","VPS13C",0.485960893890849,NA,0.148751530893634,0.0610607587074896,0.0876907721861444,0.113189228858102,0.163870580256685,0.708992374461578,0.939408822241557,FALSE,0.222222222222222,"Oligodendrocyte"
"WDFY3-201","WDFY3",0.726572182637248,NA,0.566966683203084,0.67856087123258,-0.111594188029496,0.844320983170103,0.880958573119778,0.962679326180539,0.983948044086169,FALSE,0.497181443509656,"Oligodendrocyte"
"WDFY3-203","WDFY3",0.726572182637248,NA,0.284207232008265,0.206356934205035,0.0778502978032292,0.423741333996074,0.457913586222665,0.859913855086421,0.960016699907608,FALSE,0.428219058323967,"Oligodendrocyte"
"WDFY3-212","WDFY3",0.726572182637248,NA,0.148826084788652,0.115082194562385,0.0337438902262667,0.469161063061682,0.53392663100696,0.901467852510178,0.977051941395206,FALSE,0.0745994981663771,"Oligodendrocyte"
"WDR33-201","WDR33",0.970052728646529,NA,0.181387886059737,0.226937385276647,-0.0455494992169106,0.945852493262009,0.972283235039868,0.989910350789473,0.997007734161334,FALSE,0.0445286902698637,"Oligodendrocyte"
"WDR33-204","WDR33",0.970052728646529,NA,0.818612113940263,0.773062614723353,0.0455494992169106,0.945852493262009,0.930774159647962,0.989910350789473,0.992180883039089,FALSE,0.955471309730136,"Oligodendrocyte"
"WSB1-204","WSB1",0.899285273117082,NA,0.942726551508478,0.967612046098213,-0.024885494589735,0.808670268497651,0.84873249580709,0.949516160280269,0.977996986561973,FALSE,0.93471706430684,"Oligodendrocyte"
"WSB1-209","WSB1",0.899285273117082,NA,0.0507784040637705,0.0264384834306647,0.0243399206331058,0.808670268497652,0.808112319616649,0.949516160280269,0.977051941395206,FALSE,0.0652829356931599,"Oligodendrocyte"
"YPEL2-201","YPEL2",0.870554343068275,NA,0.187690788441681,0.142616093295265,0.0450746951464165,0.715210266610404,0.763706550007167,0.942746505806972,0.977051941395206,FALSE,0.028046159503223,"Oligodendrocyte"
"YPEL2-203","YPEL2",0.870554343068275,NA,0.812309211558318,0.857383906704735,-0.0450746951464165,0.715210266610404,0.724281057778247,0.942746505806972,0.977051941395206,FALSE,0.971953840496777,"Oligodendrocyte"
"YTHDF2-201","YTHDF2",0.556438694199471,NA,0.762908469416597,0.724651571571333,0.0382568978452633,0.171603994241669,0.21128058461658,0.741907485974173,0.939408822241557,FALSE,0.815134819808141,"Oligodendrocyte"
"YTHDF2-206","YTHDF2",0.556438694199471,NA,0.227395862769722,0.199963311023943,0.0274325517457787,0.171603994241669,0.23094588466302,0.741907485974173,0.939408822241557,FALSE,0.184865180191859,"Oligodendrocyte"
"YWHAB-201","YWHAB",0.613991650723365,NA,0.938331343075491,0.939249631442338,-0.000918288366847153,0.252098725226012,0.317630738412745,0.796538058052414,0.955392638522348,FALSE,0.648559551241993,"Oligodendrocyte"
"YWHAB-202","YWHAB",0.613991650723365,NA,0.0403576966840325,0.0583602337378538,-0.0180025370538213,0.252098725226011,0.293045275367679,0.796538058052414,0.95108705329265,FALSE,0.351440448758007,"Oligodendrocyte"
"YWHAZ-206","YWHAZ",0.981899171768505,NA,0.457723764447981,0.544819263851814,-0.0870954994038328,0.970667461708325,0.952963512662732,0.991933763062446,0.992180883039089,FALSE,0.403935185185185,"Oligodendrocyte"
"YWHAZ-212","YWHAZ",0.981899171768505,NA,0.366266242084777,0.352395423710975,0.0138708183738019,0.970667461708324,0.994526857178504,0.991933763062446,0.997104893063728,FALSE,0.596064814814815,"Oligodendrocyte"
"ZBTB1-201","ZBTB1",0.731677394930628,NA,0.452856335454048,0.405151239963138,0.0477050954909098,0.429474654554154,0.49565892502646,0.863661405538229,0.975910809174974,FALSE,0.215667557591956,"Oligodendrocyte"
"ZBTB1-207","ZBTB1",0.731677394930628,NA,0.547143664545952,0.594848760036862,-0.0477050954909097,0.429474654554155,0.463276674907843,0.863661405538229,0.960016699907608,FALSE,0.784332442408044,"Oligodendrocyte"
"ZBTB11-202","ZBTB11",0.569015268993847,NA,0.278454630030876,0.054995326431933,0.223459303598943,0.207966783243177,0.270754826846965,0.749951723200456,0.939408822241557,FALSE,0.117460317460317,"Oligodendrocyte"
"ZBTB11-215","ZBTB11",0.569015268993847,NA,0.456133130693248,0.692668804979852,-0.236535674286604,0.207966783243177,0.24872490965565,0.749951723200456,0.939408822241557,FALSE,0.882539682539683,"Oligodendrocyte"
"ZBTB16-201","ZBTB16",0.49546314464878,NA,0.546197253008633,0.73988938039214,-0.193692127383508,0.0987416314548492,0.132516023901321,0.695239622607282,0.939408822241557,FALSE,0.777090896852042,"Oligodendrocyte"
"ZBTB16-202","ZBTB16",0.49546314464878,NA,0.243537564648609,0.083591267952884,0.159946296695725,0.771794629829633,0.815287389935934,0.949516160280269,0.977051941395206,FALSE,0.19316740489084,"Oligodendrocyte"
"ZBTB16-207","ZBTB16",0.49546314464878,NA,0.161476757542188,0.0875648943788042,0.073911863163384,0.270658328491339,0.336956925094903,0.799412892986508,0.955392638522348,FALSE,0.0297416982571178,"Oligodendrocyte"
"ZBTB20-201","ZBTB20",0.567601051665673,NA,0.102387688017584,0.407891080652815,-0.305503392635232,0.196757629407531,0.237282686034824,0.749951723200456,0.939408822241557,FALSE,0.309167362864462,"Oligodendrocyte"
"ZBTB20-220","ZBTB20",0.567601051665673,NA,0.391028473165055,0.332180230321249,0.0588482428438051,0.396478985963764,0.463486309556201,0.847892894974602,0.960016699907608,FALSE,0.623325750370084,"Oligodendrocyte"
"ZBTB20-223","ZBTB20",0.567601051665673,NA,0.194861071761571,0.0708214285958778,0.124039643165693,0.545015495471033,0.605968105960444,0.932609883902397,0.977051941395206,FALSE,0.0675068867654535,"Oligodendrocyte"
"ZBTB37-201","ZBTB37",0.904276591383627,NA,0.763704320367211,0.771434172477347,-0.00772985211013599,0.8177756326249,0.856972677406803,0.951654177642065,0.980439832000388,FALSE,0.885185185185185,"Oligodendrocyte"
"ZBTB37-204","ZBTB37",0.904276591383627,NA,0.117091881698121,0.0695852541203721,0.0475066275777489,0.817775632624902,0.816262136405327,0.951654177642065,0.977051941395206,FALSE,0.114814814814815,"Oligodendrocyte"
"ZBTB43-202","ZBTB43",0.991188410670615,NA,0.552952972473954,0.493222039773764,0.05973093270019,0.982108822175922,0.963197763164205,0.996525840105328,0.995742456916342,FALSE,0.763454706464552,"Oligodendrocyte"
"ZBTB43-203","ZBTB43",0.991188410670615,NA,0.356195070222103,0.488562762269659,-0.132367692047556,0.982108822175925,0.995224745559523,0.996525840105328,0.997104893063728,FALSE,0.236545293535448,"Oligodendrocyte"
"ZC3H11A-202","ZC3H11A",0.899285273117082,NA,0.358996318640417,0.352722784515771,0.00627353412464515,0.807702902513349,0.807246337260243,0.949516160280269,0.977051941395206,FALSE,0.975124378109453,"Oligodendrocyte"
"ZC3H11A-213","ZC3H11A",0.899285273117082,NA,0.346761426057782,0.210165187129704,0.136596238928078,0.807702902513346,0.847856646066913,0.949516160280269,0.977996986561973,FALSE,0.0248756218905473,"Oligodendrocyte"
"ZC3H13-201","ZC3H13",0.388286694302725,NA,0.352523347657555,0.3091899115774,0.0433334360801551,0.0496179009277228,0.0833261449493734,0.582534653944694,0.939408822241557,FALSE,0.307959313993797,"Oligodendrocyte"
"ZC3H13-202","ZC3H13",0.388286694302725,NA,0.271138795316534,0.184743818467986,0.0863949768485471,0.517571818820155,0.580055065329171,0.923553362703959,0.977051941395206,FALSE,0.265841087392812,"Oligodendrocyte"
"ZC3H13-206","ZC3H13",0.388286694302725,NA,0.376337857025911,0.504834742861017,-0.128496885835106,0.0558945752452684,0.0822421238246255,0.630577222834753,0.939408822241557,FALSE,0.426199598613392,"Oligodendrocyte"
"ZEB2-218","ZEB2",0.68338950060965,NA,0.228677912756348,0.205160629577689,0.0235172831786586,0.800881537390436,0.841678365055285,0.949516160280269,0.977996986561973,FALSE,0.0899021559764672,"Oligodendrocyte"
"ZEB2-223","ZEB2",0.68338950060965,NA,0.22996198053299,0.206207586940969,0.0237543935920213,0.57610394266797,0.598448356840554,0.942746505806972,0.977051941395206,FALSE,0.146209104606113,"Oligodendrocyte"
"ZEB2-225","ZEB2",0.68338950060965,NA,0.113278712515547,0.062180333450715,0.0510983790648319,0.355639810439298,0.423151325459436,0.831183771008174,0.955392638522348,FALSE,0.154148505883197,"Oligodendrocyte"
"ZEB2-227","ZEB2",0.68338950060965,NA,0.145393736375546,0.0735561517127854,0.0718375846627603,0.69398079342619,0.744261175563109,0.942746505806972,0.977051941395206,FALSE,0.276468557181805,"Oligodendrocyte"
"ZEB2-231","ZEB2",0.68338950060965,NA,0.190042072610704,0.347324388035683,-0.157282315424979,0.492592009302326,0.521888319988781,0.919695759549906,0.977051941395206,FALSE,0.333271676352418,"Oligodendrocyte"
"ZFYVE16-201","ZFYVE16",0.485960893890849,NA,0.0988561733487222,0.121783923230646,-0.0229277498819238,0.71459625135767,0.72372889819925,0.942746505806972,0.977051941395206,FALSE,0.409556534536543,"Oligodendrocyte"
"ZFYVE16-202","ZFYVE16",0.485960893890849,NA,0.0994465614021721,0.0581277256507257,0.0413188357514464,0.0834334247924415,0.127543604202958,0.680330632234799,0.939408822241557,FALSE,0.0808124402856883,"Oligodendrocyte"
"ZFYVE16-206","ZFYVE16",0.485960893890849,NA,0.600069174180421,0.69656148115743,-0.0964923069770091,0.479962121410971,0.510218440569467,0.914490625097989,0.977051941395206,FALSE,0.442639953086456,"Oligodendrocyte"
"ZFYVE16-207","ZFYVE16",0.485960893890849,NA,0.190666460009127,0.096216084338115,0.0944503756710123,0.773317339378538,0.77644489456947,0.949516160280269,0.977051941395206,FALSE,0.0669910720913131,"Oligodendrocyte"
"ZHX1-201","ZHX1",0.655428864064341,NA,0.499017052315808,0.584965437788018,-0.0859483854722102,0.312526759969196,0.3522176880575,0.820201433060846,0.955392638522348,FALSE,0.288119538982543,"Oligodendrocyte"
"ZHX1-202","ZHX1",0.655428864064341,NA,0.480616782484078,0.376801961479381,0.103814821004697,0.312526759969197,0.379851334688738,0.820201433060846,0.955392638522348,FALSE,0.711880461017457,"Oligodendrocyte"
"ZKSCAN1-201","ZKSCAN1",0.919795104960377,NA,0.646631957403067,0.699154517677092,-0.0525225602740252,0.845353827139097,0.840934083656619,0.962679326180539,0.977996986561973,FALSE,0.690131323832869,"Oligodendrocyte"
"ZKSCAN1-204","ZKSCAN1",0.919795104960377,NA,0.353368042596933,0.300845482322908,0.0525225602740252,0.845353827139097,0.88189077043866,0.962679326180539,0.983948044086169,FALSE,0.309868676167131,"Oligodendrocyte"
"ZMYM2-204","ZMYM2",0.744842489195145,NA,0.360915904967567,0.233883340570271,0.127032564397296,0.448042657622728,0.513617971689092,0.876796885950505,0.977051941395206,FALSE,0.861111111111111,"Oligodendrocyte"
"ZMYM2-210","ZMYM2",0.744842489195145,NA,0.36223536966105,0.360645534809669,0.0015898348513817,0.448042657622728,0.480598293797791,0.876796885950505,0.964226841654836,FALSE,0.138888888888889,"Oligodendrocyte"
"ZNF112-201","ZNF112",0.541323808589515,NA,0.409430946909748,0.335244673916926,0.0741862729928223,0.143592204823491,0.181701227232181,0.73311707454587,0.939408822241557,FALSE,0.512576342012215,"Oligodendrocyte"
"ZNF112-202","ZNF112",0.541323808589515,NA,0.590569053090252,0.664755326083074,-0.0741862729928223,0.143592204823491,0.199348757162904,0.73311707454587,0.939408822241557,FALSE,0.487423657987785,"Oligodendrocyte"
"ZNF146-201","ZNF146",0.861048942720289,NA,0.782902352314588,0.65218648863054,0.130715863684048,0.651282654448983,0.7049752146118,0.942746505806972,0.977051941395206,FALSE,0.875806255324328,"Oligodendrocyte"
"ZNF146-202","ZNF146",0.861048942720289,NA,0.217097647685412,0.34781351136946,-0.130715863684048,0.651282654448983,0.666658062556694,0.942746505806972,0.977051941395206,FALSE,0.124193744675672,"Oligodendrocyte"
"ZNF160-202","ZNF160",0.449144514439351,NA,0.555607856713823,0.232234999262863,0.32337285745096,0.062574700247058,0.100748021306744,0.654585272494374,0.939408822241557,FALSE,0.97459700181898,"Oligodendrocyte"
"ZNF160-213","ZNF160",0.449144514439351,NA,0.333298081027842,0.454795075925107,-0.121496994897265,0.0625747002470563,0.0903861921331594,0.654585272494374,0.939408822241557,FALSE,0.0254029981810199,"Oligodendrocyte"
"ZNF184-201","ZNF184",0.378475426364391,NA,0.279748724826195,0.256242757742008,0.0235059670841865,0.0439649482407139,0.0673014611975109,0.560263018193876,0.904397966264933,FALSE,0.66547619047619,"Oligodendrocyte"
"ZNF184-203","ZNF184",0.378475426364391,NA,0.719949342806656,0.733905025509223,-0.0139556827025679,0.043964948240714,0.0754811629511227,0.560263018193876,0.931854820274786,FALSE,0.33452380952381,"Oligodendrocyte"
"ZNF207-201","ZNF207",0.216226182120213,NA,0.155344255356396,0.511171209742638,-0.355826954386243,0.0102560783356156,0.020100663135203,0.339412650451647,0.726245068833473,FALSE,0.244617799330007,"Oligodendrocyte"
"ZNF207-203","ZNF207",0.216226182120213,NA,0.636401742559679,0.320778269349698,0.315623473209981,0.0102560783356156,0.0230661343330607,0.339412650451647,0.751799395229876,FALSE,0.755382200669993,"Oligodendrocyte"
"ZNF226-202","ZNF226",0.708545212501323,NA,0.503815441940191,0.75808957098122,-0.254274129041029,0.399165165516013,0.434840806777423,0.847892894974602,0.955392638522348,FALSE,0.747655347655348,"Oligodendrocyte"
"ZNF226-213","ZNF226",0.708545212501323,NA,0.489092359478249,0.224303608358525,0.264788751119724,0.399165165516013,0.466118627090452,0.847892894974602,0.960614942617758,FALSE,0.252344652344652,"Oligodendrocyte"
"ZNF24-201","ZNF24",0.765517114980926,NA,0.151265432409756,0.150173525118932,0.00109190729082409,0.467491367927283,0.498668402944203,0.899369729591667,0.977051941395206,FALSE,0.268195684103491,"Oligodendrocyte"
"ZNF24-202","ZNF24",0.765517114980926,NA,0.848734567590244,0.849826474881068,-0.00109190729082409,0.467491367927284,0.532325301201248,0.899369729591667,0.977051941395206,FALSE,0.731804315896509,"Oligodendrocyte"
"ZNF253-201","ZNF253",0.969860545705016,NA,0.515837638297531,0.266411048224958,0.249426590072573,0.940246483240741,0.967254743702285,0.989910350789473,0.997007734161334,FALSE,0.445914390131687,"Oligodendrocyte"
"ZNF253-203","ZNF253",0.969860545705016,NA,0.484162361702469,0.733588951775042,-0.249426590072573,0.940246483240744,0.925762405567248,0.989910350789473,0.990509742607593,FALSE,0.554085609868313,"Oligodendrocyte"
"ZNF254-202","ZNF254",0.817538984049365,NA,0.326954744251649,0.522206516036151,-0.195251771784501,0.664407427053157,0.678512853101243,0.942746505806972,0.977051941395206,FALSE,0.597238895558223,"Oligodendrocyte"
"ZNF254-206","ZNF254",0.817538984049365,NA,0.343425774937304,0.365651177642645,-0.0222254027053412,0.83729721246707,0.874617191322464,0.96228099027722,0.983948044086169,FALSE,0.191576630652261,"Oligodendrocyte"
"ZNF254-207","ZNF254",0.817538984049365,NA,0.154216037630261,0.0349902147033295,0.119225822926931,0.993416743166711,0.98509988817764,0.997990940556512,0.997007734161334,FALSE,0.00340136054421769,"Oligodendrocyte"
"ZNF254-208","ZNF254",0.817538984049365,NA,0.125562719129483,0.0759811314305214,0.0495815876989618,0.56291615542941,0.622787026739789,0.932609883902397,0.977051941395206,FALSE,0.207783113245298,"Oligodendrocyte"
"ZNF280D-201","ZNF280D",0.839444904473047,NA,0.117588989928394,0.0958590093820884,0.0217299805463051,0.592097016590149,0.650074178796298,0.942746505806972,0.977051941395206,FALSE,0.0341437872455692,"Oligodendrocyte"
"ZNF280D-202","ZNF280D",0.839444904473047,NA,0.748813599884238,0.758616435027444,-0.00980283514320535,0.748083540640043,0.753812229752503,0.949516160280269,0.977051941395206,FALSE,0.903359840569615,"Oligodendrocyte"
"ZNF280D-204","ZNF280D",0.839444904473047,NA,0.0914569746935589,0.0737393013281269,0.017717673365432,0.934981971836371,0.962531338882264,0.988278967061019,0.995742456916342,FALSE,0.0624963721848154,"Oligodendrocyte"
"ZNF281-201","ZNF281",0.862614080016457,NA,0.65329136156335,0.601083284516597,0.052208077046753,0.689718606593145,0.740350462995286,0.942746505806972,0.977051941395206,FALSE,0.868435911914173,"Oligodendrocyte"
"ZNF281-203","ZNF281",0.862614080016457,NA,0.340739343804932,0.394209857284858,-0.0534705134799258,0.689718606593145,0.70133769983355,0.942746505806972,0.977051941395206,FALSE,0.131564088085827,"Oligodendrocyte"
"ZNF3-202","ZNF3",0.569015268993847,NA,0.486662323965665,0.420150428369824,0.0665118955958412,0.518689435015389,0.58111351554915,0.923553362703959,0.977051941395206,FALSE,0.671084797555386,"Oligodendrocyte"
"ZNF3-203","ZNF3",0.569015268993847,NA,0.271287815267207,0.190927307310644,0.0803605079565631,0.312818937284711,0.352500282208472,0.820201433060846,0.955392638522348,FALSE,0.12458619811561,"Oligodendrocyte"
"ZNF3-206","ZNF3",0.569015268993847,NA,0.214467763943783,0.340557827600332,-0.126090063656548,0.208575490708136,0.271411283931255,0.749951723200456,0.939408822241557,FALSE,0.204329004329004,"Oligodendrocyte"
"ZNF331-201","ZNF331",0.854617723236982,NA,0.552866789429146,0.645529380744197,-0.0926625913150513,0.634642190411135,0.65160703837143,0.942746505806972,0.977051941395206,FALSE,0.651453387996479,"Oligodendrocyte"
"ZNF331-202","ZNF331",0.854617723236982,NA,0.366087560376849,0.273347921526847,0.0927396388500028,0.634642190411135,0.68959500910042,0.942746505806972,0.977051941395206,FALSE,0.348546612003521,"Oligodendrocyte"
"ZNF345-202","ZNF345",0.904276591383627,NA,0.195601450206713,0.168989520355401,0.0266119298513121,0.820061519514312,0.85904030534792,0.951654177642065,0.980439832000388,FALSE,0.0179357021996616,"Oligodendrocyte"
"ZNF345-214","ZNF345",0.904276591383627,NA,0.749326307221044,0.774771003924397,-0.0254446967033526,0.820061519514312,0.81830779024581,0.951654177642065,0.977051941395206,FALSE,0.982064297800338,"Oligodendrocyte"
"ZNF37A-201","ZNF37A",0.187003523636946,NA,0.32816302610062,0.629545650234571,-0.301382624133951,0.0106666452058971,0.0207638316996868,0.339412650451647,0.726245068833473,FALSE,0.241071428571429,"Oligodendrocyte"
"ZNF37A-202","ZNF37A",0.187003523636946,NA,0.276589125677077,0.201189571893983,0.0753995537830945,0.730021178600999,0.737593364941313,0.942746505806972,0.977051941395206,FALSE,0.462662337662338,"Oligodendrocyte"
"ZNF37A-207","ZNF37A",0.187003523636946,NA,0.395247848222302,0.166960630406009,0.228287217816294,0.000837732233072688,0.00303289992808085,0.29669344505911,0.726245068833473,FALSE,0.296266233766234,"Oligodendrocyte"
"ZNF451-201","ZNF451",0.567601051665673,NA,0.0550888246037075,0.112322878644735,-0.057234054041027,0.490710185733312,0.554529645386471,0.919695759549906,0.977051941395206,FALSE,0.0347724622175958,"Oligodendrocyte"
"ZNF451-203","ZNF451",0.567601051665673,NA,0.0480432175622329,0.0208361111104756,0.0272071064517573,0.19013666536916,0.251386874909927,0.749951723200456,0.939408822241557,FALSE,0.0226542018467114,"Oligodendrocyte"
"ZNF451-204","ZNF451",0.567601051665673,NA,0.195150508556203,0.118251477953784,0.0768990306024192,0.328022061221243,0.36716370695389,0.828078912627196,0.955392638522348,FALSE,0.189582881534814,"Oligodendrocyte"
"ZNF451-207","ZNF451",0.567601051665673,NA,0.6978330029224,0.741014225528481,-0.0431812226060817,0.919777074657997,0.907464991827434,0.984501207946439,0.989551272174561,FALSE,0.752990454400879,"Oligodendrocyte"
"ZNF480-203","ZNF480",0.732041708110969,NA,0.317716733883699,0.422135888748751,-0.104419154865052,0.431401678367686,0.465077675856762,0.863661405538229,0.960016699907608,FALSE,0.773683621509708,"Oligodendrocyte"
"ZNF480-205","ZNF480",0.732041708110969,NA,0.676516277696212,0.576798013170226,0.0997182645259865,0.431401678367686,0.49752743178314,0.863661405538229,0.977051941395206,FALSE,0.226316378490292,"Oligodendrocyte"
"ZNF484-201","ZNF484",0.262087971389224,NA,0.431433081375886,0.378268422286335,0.0531646590895511,0.0136045664537918,0.025394670452835,0.408393683546843,0.792214131185501,FALSE,0.435934515633918,"Oligodendrocyte"
"ZNF484-202","ZNF484",0.262087971389224,NA,0.545595481040174,0.577204676043906,-0.0316091950037328,0.0136045664537918,0.0290196486336473,0.408393683546843,0.828650226894948,FALSE,0.564065484366082,"Oligodendrocyte"
"ZNF507-201","ZNF507",0.613991650723365,NA,0.193027773023682,0.253012071795903,-0.0599842987722208,0.261060740000618,0.301920813214761,0.796538058052414,0.95108705329265,FALSE,0.0234936234936235,"Oligodendrocyte"
"ZNF507-202","ZNF507",0.613991650723365,NA,0.184550758488529,0.105054838801754,0.0794959196867743,0.382087184915434,0.449341036890574,0.844306543333965,0.959883068031057,FALSE,0.0619398619398619,"Oligodendrocyte"
"ZNF507-205","ZNF507",0.613991650723365,NA,0.621328520579012,0.633996581465835,-0.0126680608868228,0.555334340620897,0.615671094913212,0.932609883902397,0.977051941395206,FALSE,0.914566514566515,"Oligodendrocyte"
"ZNF514-201","ZNF514",0.55493002022109,NA,0.518705012705013,0.244998652818659,0.273706359886353,0.162576402087504,0.220861511818045,0.741907485974173,0.939408822241557,FALSE,1,"Oligodendrocyte"
"ZNF514-205","ZNF514",0.55493002022109,NA,0.233758489258489,0.513433516177191,-0.279675026918701,0.162576402087481,0.20182596807258,0.741907485974173,0.939408822241557,FALSE,0,"Oligodendrocyte"
"ZNF536-201","ZNF536",0.705420054104618,NA,0.26032407529007,0.279577173525528,-0.0192530982354584,0.389865739825759,0.456995250320404,0.847892894974602,0.960016699907608,FALSE,0.603215391495662,"Oligodendrocyte"
"ZNF536-209","ZNF536",0.705420054104618,NA,0.351360650938806,0.528973359791765,-0.177612708852959,0.389865739825758,0.42607287075812,0.847892894974602,0.955392638522348,FALSE,0.396784608504338,"Oligodendrocyte"
"ZNF557-201","ZNF557",0.685698611559415,NA,0.828371795937678,0.712532446967272,0.115839348970406,0.368415259064444,0.405763706946135,0.831473466264412,0.955392638522348,FALSE,0.873740915466021,"Oligodendrocyte"
"ZNF557-202","ZNF557",0.685698611559415,NA,0.171628204062322,0.287467553032728,-0.115839348970406,0.368415259064445,0.435835056876847,0.831473466264412,0.955392638522348,FALSE,0.126259084533979,"Oligodendrocyte"
"ZNF606-201","ZNF606",0.902266795154739,NA,0.147263598756136,0.170510634286792,-0.0232470355306555,0.81272886891801,0.811745275484878,0.951654177642065,0.977051941395206,FALSE,0.181108139985054,"Oligodendrocyte"
"ZNF606-207","ZNF606",0.902266795154739,NA,0.538936416656686,0.71625882382065,-0.177322407163964,0.812728868918009,0.852406291243595,0.951654177642065,0.979897694630462,FALSE,0.818891860014946,"Oligodendrocyte"
"ZNF608-205","ZNF608",0.67307114674688,NA,0.437010367571735,0.422297808012094,0.0147125595596408,0.335767773328709,0.374604588120735,0.828078912627196,0.955392638522348,FALSE,0.736987818383167,"Oligodendrocyte"
"ZNF608-209","ZNF608",0.67307114674688,NA,0.545427240092794,0.55525321239607,-0.00982597230327509,0.335767773328709,0.403292594863172,0.828078912627196,0.955392638522348,FALSE,0.263012181616833,"Oligodendrocyte"
"ZNF638-201","ZNF638",0.49546314464878,NA,0.417381231678616,0.457685540359798,-0.0403043086811817,0.266652289300877,0.332802863344978,0.79745073736409,0.955392638522348,FALSE,0.509506505975067,"Oligodendrocyte"
"ZNF638-204","ZNF638",0.49546314464878,NA,0.558118894840004,0.457417490338163,0.100701404501841,0.671144154670885,0.6845924472954,0.942746505806972,0.977051941395206,FALSE,0.479148371120582,"Oligodendrocyte"
"ZNF638-219","ZNF638",0.49546314464878,NA,0.00665976791375239,0.0654555306843037,-0.0587957627705513,0.108375642167386,0.14331350171111,0.695239622607282,0.939408822241557,FALSE,0.0113451229043515,"Oligodendrocyte"
"ZNF708-201","ZNF708",0.403762420715461,NA,0.726839115552171,0.825799641651599,-0.0989605260994278,0.0523966500165101,0.0779181704684654,0.604080218668608,0.939408822241557,FALSE,0.601556293269776,"Oligodendrocyte"
"ZNF708-202","ZNF708",0.403762420715461,NA,0.26398005962898,0.173404180004452,0.0905758796245279,0.0523966500165103,0.0871237426686371,0.604080218668608,0.939408822241557,FALSE,0.398443706730224,"Oligodendrocyte"
"ZNF91-201","ZNF91",0.789661614762856,NA,0.844942032509879,0.928873514577091,-0.0839314820672119,0.492565315053803,0.521863683044857,0.919695759549906,0.977051941395206,FALSE,0.961944444444444,"Oligodendrocyte"
"ZNF91-202","ZNF91",0.789661614762856,NA,0.150057436810252,0.0680183456152614,0.0820390911949906,0.492565315053802,0.556297943745515,0.919695759549906,0.977051941395206,FALSE,0.0380555555555556,"Oligodendrocyte"
"ZNF92-201","ZNF92",0.61957272339312,NA,0.385472986038597,0.482620727826207,-0.0971477417876104,0.270530990672416,0.336825025369639,0.799412892986508,0.955392638522348,FALSE,0.281820026190081,"Oligodendrocyte"
"ZNF92-203","ZNF92",0.61957272339312,NA,0.361712495649147,0.369731562197316,-0.00801906654816842,0.270530990672416,0.311259129140537,0.799412892986508,0.954168158887466,FALSE,0.718179973809919,"Oligodendrocyte"
"ZRANB2-201","ZRANB2",0.332851605357793,NA,0.360664505938219,0.0834730501738699,0.277191455764349,0.186597742789831,0.247509140580903,0.749951723200456,0.939408822241557,FALSE,0.232806324110672,"Oligodendrocyte"
"ZRANB2-202","ZRANB2",0.332851605357793,NA,0.504869504767556,0.613899958242439,-0.109030453474883,0.409795311341247,0.476512224406794,0.852267111560684,0.962095112983767,FALSE,0.726933935629588,"Oligodendrocyte"
"ZRANB2-204","ZRANB2",0.332851605357793,NA,0.122680755608553,0.301364365321065,-0.178683609712513,0.0281848656866219,0.0464736198627234,0.48683816188062,0.837459557130589,FALSE,0.0402597402597403,"Oligodendrocyte"
"ZSCAN12-202","ZSCAN12",0.49546314464878,NA,0.271666439855294,0.494057943711314,-0.222391503856019,0.105660935908974,0.140285698011399,0.695239622607282,0.939408822241557,FALSE,0.333333333333333,"Oligodendrocyte"
"ZSCAN12-203","ZSCAN12",0.49546314464878,NA,0.728333560144706,0.505942056288686,0.222391503856019,0.105660935908973,0.15485159535245,0.695239622607282,0.939408822241557,FALSE,0.666666666666667,"Oligodendrocyte"
