"donor","transcript_id","cell_type","gene_id","is_significant_hit","condition","n_cells_donor","raw_count","gene_total_count","psi","padj_gene","padj_tx","delta_psi","n_cells_expressing_gene"
"PO05","CAMK2B-201","Excitatory_neuron","CAMK2B",FALSE,"AD",1197,0,47,0,NA,NA,NA,42
"PO11","CAMK2B-201","Excitatory_neuron","CAMK2B",FALSE,"AD",1165,0,47,0,NA,NA,NA,37
"PO28","CAMK2B-201","Excitatory_neuron","CAMK2B",FALSE,"AD",1851,0,302,0,NA,NA,NA,193
"PO41","CAMK2B-201","Excitatory_neuron","CAMK2B",FALSE,"AD",973,0,168,0,NA,NA,NA,119
"PO42","CAMK2B-201","Excitatory_neuron","CAMK2B",FALSE,"AD",1303,0,37,0,NA,NA,NA,30
"SMC029","CAMK2B-201","Excitatory_neuron","CAMK2B",FALSE,"AD",150,0,16,0,NA,NA,NA,8
"SMC032","CAMK2B-201","Excitatory_neuron","CAMK2B",FALSE,"AD",578,0,88,0,NA,NA,NA,64
"SMC036","CAMK2B-201","Excitatory_neuron","CAMK2B",FALSE,"AD",206,0,42,0,NA,NA,NA,9
"SMC038","CAMK2B-201","Excitatory_neuron","CAMK2B",FALSE,"AD",1640,0,1250,0,NA,NA,NA,313
"SMC039","CAMK2B-201","Excitatory_neuron","CAMK2B",FALSE,"AD",413,0,35,0,NA,NA,NA,10
"SMC041","CAMK2B-201","Excitatory_neuron","CAMK2B",FALSE,"AD",1746,0,322,0,NA,NA,NA,66
"SMC043","CAMK2B-201","Excitatory_neuron","CAMK2B",FALSE,"AD",105,0,2,0,NA,NA,NA,2
"SMC049","CAMK2B-201","Excitatory_neuron","CAMK2B",FALSE,"AD",4070,0,4021,0,NA,NA,NA,1264
"PO13","CAMK2B-201","Excitatory_neuron","CAMK2B",FALSE,"Control",777,0,14,0,NA,NA,NA,12
"PO15","CAMK2B-201","Excitatory_neuron","CAMK2B",FALSE,"Control",744,0,146,0,NA,NA,NA,105
"PO20","CAMK2B-201","Excitatory_neuron","CAMK2B",FALSE,"Control",1454,0,44,0,NA,NA,NA,33
"PO23","CAMK2B-201","Excitatory_neuron","CAMK2B",FALSE,"Control",1605,0,538,0,NA,NA,NA,318
"SMC027","CAMK2B-201","Excitatory_neuron","CAMK2B",FALSE,"Control",129,0,115,0,NA,NA,NA,31
"SMC030","CAMK2B-201","Excitatory_neuron","CAMK2B",FALSE,"Control",915,0,153,0,NA,NA,NA,122
"SMC033","CAMK2B-201","Excitatory_neuron","CAMK2B",FALSE,"Control",2797,0,509,0,NA,NA,NA,262
"SMC052","CAMK2B-201","Excitatory_neuron","CAMK2B",FALSE,"Control",4785,0,886,0,NA,NA,NA,346
"PO05","CAMK2B-204","Excitatory_neuron","CAMK2B",TRUE,"AD",1197,6,47,0.127659574468085,0.0332671598587754,0,0.0842938478424818,42
"PO11","CAMK2B-204","Excitatory_neuron","CAMK2B",TRUE,"AD",1165,21,47,0.446808510638298,0.0332671598587754,0,0.0842938478424818,37
"PO28","CAMK2B-204","Excitatory_neuron","CAMK2B",TRUE,"AD",1851,18,302,0.0596026490066225,0.0332671598587754,0,0.0842938478424818,193
"PO41","CAMK2B-204","Excitatory_neuron","CAMK2B",TRUE,"AD",973,10,168,0.0595238095238095,0.0332671598587754,0,0.0842938478424818,119
"PO42","CAMK2B-204","Excitatory_neuron","CAMK2B",TRUE,"AD",1303,6,37,0.162162162162162,0.0332671598587754,0,0.0842938478424818,30
"SMC029","CAMK2B-204","Excitatory_neuron","CAMK2B",TRUE,"AD",150,1,16,0.0625,0.0332671598587754,0,0.0842938478424818,8
"SMC032","CAMK2B-204","Excitatory_neuron","CAMK2B",TRUE,"AD",578,19,88,0.215909090909091,0.0332671598587754,0,0.0842938478424818,64
"SMC036","CAMK2B-204","Excitatory_neuron","CAMK2B",TRUE,"AD",206,2,42,0.0476190476190476,0.0332671598587754,0,0.0842938478424818,9
"SMC038","CAMK2B-204","Excitatory_neuron","CAMK2B",TRUE,"AD",1640,519,1250,0.4152,0.0332671598587754,0,0.0842938478424818,313
"SMC039","CAMK2B-204","Excitatory_neuron","CAMK2B",TRUE,"AD",413,5,35,0.142857142857143,0.0332671598587754,0,0.0842938478424818,10
"SMC041","CAMK2B-204","Excitatory_neuron","CAMK2B",TRUE,"AD",1746,138,322,0.428571428571429,0.0332671598587754,0,0.0842938478424818,66
"SMC043","CAMK2B-204","Excitatory_neuron","CAMK2B",TRUE,"AD",105,0,2,0,0.0332671598587754,0,0.0842938478424818,2
"SMC049","CAMK2B-204","Excitatory_neuron","CAMK2B",TRUE,"AD",4070,306,4021,0.0761004725192738,0.0332671598587754,0,0.0842938478424818,1264
"PO13","CAMK2B-204","Excitatory_neuron","CAMK2B",TRUE,"Control",777,0,14,0,0.0332671598587754,0,0.0842938478424818,12
"PO15","CAMK2B-204","Excitatory_neuron","CAMK2B",TRUE,"Control",744,14,146,0.0958904109589041,0.0332671598587754,0,0.0842938478424818,105
"PO20","CAMK2B-204","Excitatory_neuron","CAMK2B",TRUE,"Control",1454,3,44,0.0681818181818182,0.0332671598587754,0,0.0842938478424818,33
"PO23","CAMK2B-204","Excitatory_neuron","CAMK2B",TRUE,"Control",1605,13,538,0.0241635687732342,0.0332671598587754,0,0.0842938478424818,318
"SMC027","CAMK2B-204","Excitatory_neuron","CAMK2B",TRUE,"Control",129,3,115,0.0260869565217391,0.0332671598587754,0,0.0842938478424818,31
"SMC030","CAMK2B-204","Excitatory_neuron","CAMK2B",TRUE,"Control",915,32,153,0.209150326797386,0.0332671598587754,0,0.0842938478424818,122
"SMC033","CAMK2B-204","Excitatory_neuron","CAMK2B",TRUE,"Control",2797,69,509,0.135559921414538,0.0332671598587754,0,0.0842938478424818,262
"SMC052","CAMK2B-204","Excitatory_neuron","CAMK2B",TRUE,"Control",4785,131,886,0.147855530474041,0.0332671598587754,0,0.0842938478424818,346
"PO05","CAMK2B-206","Excitatory_neuron","CAMK2B",FALSE,"AD",1197,0,47,0,NA,NA,NA,42
"PO11","CAMK2B-206","Excitatory_neuron","CAMK2B",FALSE,"AD",1165,0,47,0,NA,NA,NA,37
"PO28","CAMK2B-206","Excitatory_neuron","CAMK2B",FALSE,"AD",1851,0,302,0,NA,NA,NA,193
"PO41","CAMK2B-206","Excitatory_neuron","CAMK2B",FALSE,"AD",973,0,168,0,NA,NA,NA,119
"PO42","CAMK2B-206","Excitatory_neuron","CAMK2B",FALSE,"AD",1303,0,37,0,NA,NA,NA,30
"SMC029","CAMK2B-206","Excitatory_neuron","CAMK2B",FALSE,"AD",150,0,16,0,NA,NA,NA,8
"SMC032","CAMK2B-206","Excitatory_neuron","CAMK2B",FALSE,"AD",578,0,88,0,NA,NA,NA,64
"SMC036","CAMK2B-206","Excitatory_neuron","CAMK2B",FALSE,"AD",206,0,42,0,NA,NA,NA,9
"SMC038","CAMK2B-206","Excitatory_neuron","CAMK2B",FALSE,"AD",1640,0,1250,0,NA,NA,NA,313
"SMC039","CAMK2B-206","Excitatory_neuron","CAMK2B",FALSE,"AD",413,0,35,0,NA,NA,NA,10
"SMC041","CAMK2B-206","Excitatory_neuron","CAMK2B",FALSE,"AD",1746,0,322,0,NA,NA,NA,66
"SMC043","CAMK2B-206","Excitatory_neuron","CAMK2B",FALSE,"AD",105,0,2,0,NA,NA,NA,2
"SMC049","CAMK2B-206","Excitatory_neuron","CAMK2B",FALSE,"AD",4070,0,4021,0,NA,NA,NA,1264
"PO13","CAMK2B-206","Excitatory_neuron","CAMK2B",FALSE,"Control",777,0,14,0,NA,NA,NA,12
"PO15","CAMK2B-206","Excitatory_neuron","CAMK2B",FALSE,"Control",744,0,146,0,NA,NA,NA,105
"PO20","CAMK2B-206","Excitatory_neuron","CAMK2B",FALSE,"Control",1454,0,44,0,NA,NA,NA,33
"PO23","CAMK2B-206","Excitatory_neuron","CAMK2B",FALSE,"Control",1605,0,538,0,NA,NA,NA,318
"SMC027","CAMK2B-206","Excitatory_neuron","CAMK2B",FALSE,"Control",129,0,115,0,NA,NA,NA,31
"SMC030","CAMK2B-206","Excitatory_neuron","CAMK2B",FALSE,"Control",915,0,153,0,NA,NA,NA,122
"SMC033","CAMK2B-206","Excitatory_neuron","CAMK2B",FALSE,"Control",2797,0,509,0,NA,NA,NA,262
"SMC052","CAMK2B-206","Excitatory_neuron","CAMK2B",FALSE,"Control",4785,0,886,0,NA,NA,NA,346
"PO05","CAMK2B-207","Excitatory_neuron","CAMK2B",FALSE,"AD",1197,0,47,0,NA,NA,NA,42
"PO11","CAMK2B-207","Excitatory_neuron","CAMK2B",FALSE,"AD",1165,0,47,0,NA,NA,NA,37
"PO28","CAMK2B-207","Excitatory_neuron","CAMK2B",FALSE,"AD",1851,1,302,0.0033112582781457,NA,NA,NA,193
"PO41","CAMK2B-207","Excitatory_neuron","CAMK2B",FALSE,"AD",973,0,168,0,NA,NA,NA,119
"PO42","CAMK2B-207","Excitatory_neuron","CAMK2B",FALSE,"AD",1303,0,37,0,NA,NA,NA,30
"SMC029","CAMK2B-207","Excitatory_neuron","CAMK2B",FALSE,"AD",150,0,16,0,NA,NA,NA,8
"SMC032","CAMK2B-207","Excitatory_neuron","CAMK2B",FALSE,"AD",578,0,88,0,NA,NA,NA,64
"SMC036","CAMK2B-207","Excitatory_neuron","CAMK2B",FALSE,"AD",206,0,42,0,NA,NA,NA,9
"SMC038","CAMK2B-207","Excitatory_neuron","CAMK2B",FALSE,"AD",1640,0,1250,0,NA,NA,NA,313
"SMC039","CAMK2B-207","Excitatory_neuron","CAMK2B",FALSE,"AD",413,0,35,0,NA,NA,NA,10
"SMC041","CAMK2B-207","Excitatory_neuron","CAMK2B",FALSE,"AD",1746,0,322,0,NA,NA,NA,66
"SMC043","CAMK2B-207","Excitatory_neuron","CAMK2B",FALSE,"AD",105,0,2,0,NA,NA,NA,2
"SMC049","CAMK2B-207","Excitatory_neuron","CAMK2B",FALSE,"AD",4070,5,4021,0.00124347177319075,NA,NA,NA,1264
"PO13","CAMK2B-207","Excitatory_neuron","CAMK2B",FALSE,"Control",777,0,14,0,NA,NA,NA,12
"PO15","CAMK2B-207","Excitatory_neuron","CAMK2B",FALSE,"Control",744,0,146,0,NA,NA,NA,105
"PO20","CAMK2B-207","Excitatory_neuron","CAMK2B",FALSE,"Control",1454,0,44,0,NA,NA,NA,33
"PO23","CAMK2B-207","Excitatory_neuron","CAMK2B",FALSE,"Control",1605,0,538,0,NA,NA,NA,318
"SMC027","CAMK2B-207","Excitatory_neuron","CAMK2B",FALSE,"Control",129,0,115,0,NA,NA,NA,31
"SMC030","CAMK2B-207","Excitatory_neuron","CAMK2B",FALSE,"Control",915,0,153,0,NA,NA,NA,122
"SMC033","CAMK2B-207","Excitatory_neuron","CAMK2B",FALSE,"Control",2797,1,509,0.00196463654223969,NA,NA,NA,262
"SMC052","CAMK2B-207","Excitatory_neuron","CAMK2B",FALSE,"Control",4785,2,886,0.00225733634311512,NA,NA,NA,346
"PO05","CAMK2B-209","Excitatory_neuron","CAMK2B",FALSE,"AD",1197,3,47,0.0638297872340425,NA,NA,NA,42
"PO11","CAMK2B-209","Excitatory_neuron","CAMK2B",FALSE,"AD",1165,2,47,0.0425531914893617,NA,NA,NA,37
"PO28","CAMK2B-209","Excitatory_neuron","CAMK2B",FALSE,"AD",1851,18,302,0.0596026490066225,NA,NA,NA,193
"PO41","CAMK2B-209","Excitatory_neuron","CAMK2B",FALSE,"AD",973,10,168,0.0595238095238095,NA,NA,NA,119
"PO42","CAMK2B-209","Excitatory_neuron","CAMK2B",FALSE,"AD",1303,3,37,0.0810810810810811,NA,NA,NA,30
"SMC029","CAMK2B-209","Excitatory_neuron","CAMK2B",FALSE,"AD",150,0,16,0,NA,NA,NA,8
"SMC032","CAMK2B-209","Excitatory_neuron","CAMK2B",FALSE,"AD",578,0,88,0,NA,NA,NA,64
"SMC036","CAMK2B-209","Excitatory_neuron","CAMK2B",FALSE,"AD",206,0,42,0,NA,NA,NA,9
"SMC038","CAMK2B-209","Excitatory_neuron","CAMK2B",FALSE,"AD",1640,8,1250,0.0064,NA,NA,NA,313
"SMC039","CAMK2B-209","Excitatory_neuron","CAMK2B",FALSE,"AD",413,1,35,0.0285714285714286,NA,NA,NA,10
"SMC041","CAMK2B-209","Excitatory_neuron","CAMK2B",FALSE,"AD",1746,3,322,0.0093167701863354,NA,NA,NA,66
"SMC043","CAMK2B-209","Excitatory_neuron","CAMK2B",FALSE,"AD",105,0,2,0,NA,NA,NA,2
"SMC049","CAMK2B-209","Excitatory_neuron","CAMK2B",FALSE,"AD",4070,1,4021,0.00024869435463815,NA,NA,NA,1264
"PO13","CAMK2B-209","Excitatory_neuron","CAMK2B",FALSE,"Control",777,3,14,0.214285714285714,NA,NA,NA,12
"PO15","CAMK2B-209","Excitatory_neuron","CAMK2B",FALSE,"Control",744,0,146,0,NA,NA,NA,105
"PO20","CAMK2B-209","Excitatory_neuron","CAMK2B",FALSE,"Control",1454,4,44,0.0909090909090909,NA,NA,NA,33
"PO23","CAMK2B-209","Excitatory_neuron","CAMK2B",FALSE,"Control",1605,22,538,0.0408921933085502,NA,NA,NA,318
"SMC027","CAMK2B-209","Excitatory_neuron","CAMK2B",FALSE,"Control",129,0,115,0,NA,NA,NA,31
"SMC030","CAMK2B-209","Excitatory_neuron","CAMK2B",FALSE,"Control",915,2,153,0.0130718954248366,NA,NA,NA,122
"SMC033","CAMK2B-209","Excitatory_neuron","CAMK2B",FALSE,"Control",2797,4,509,0.00785854616895874,NA,NA,NA,262
"SMC052","CAMK2B-209","Excitatory_neuron","CAMK2B",FALSE,"Control",4785,1,886,0.00112866817155756,NA,NA,NA,346
"PO05","CAMK2B-216","Excitatory_neuron","CAMK2B",TRUE,"AD",1197,37,47,0.787234042553192,0.0332671598587754,0,-0.0843616936639449,42
"PO11","CAMK2B-216","Excitatory_neuron","CAMK2B",TRUE,"AD",1165,24,47,0.51063829787234,0.0332671598587754,0,-0.0843616936639449,37
"PO28","CAMK2B-216","Excitatory_neuron","CAMK2B",TRUE,"AD",1851,250,302,0.827814569536424,0.0332671598587754,0,-0.0843616936639449,193
"PO41","CAMK2B-216","Excitatory_neuron","CAMK2B",TRUE,"AD",973,145,168,0.863095238095238,0.0332671598587754,0,-0.0843616936639449,119
"PO42","CAMK2B-216","Excitatory_neuron","CAMK2B",TRUE,"AD",1303,26,37,0.702702702702703,0.0332671598587754,0,-0.0843616936639449,30
"SMC029","CAMK2B-216","Excitatory_neuron","CAMK2B",TRUE,"AD",150,13,16,0.8125,0.0332671598587754,0,-0.0843616936639449,8
"SMC032","CAMK2B-216","Excitatory_neuron","CAMK2B",TRUE,"AD",578,69,88,0.784090909090909,0.0332671598587754,0,-0.0843616936639449,64
"SMC036","CAMK2B-216","Excitatory_neuron","CAMK2B",TRUE,"AD",206,39,42,0.928571428571429,0.0332671598587754,0,-0.0843616936639449,9
"SMC038","CAMK2B-216","Excitatory_neuron","CAMK2B",TRUE,"AD",1640,691,1250,0.5528,0.0332671598587754,0,-0.0843616936639449,313
"SMC039","CAMK2B-216","Excitatory_neuron","CAMK2B",TRUE,"AD",413,27,35,0.771428571428571,0.0332671598587754,0,-0.0843616936639449,10
"SMC041","CAMK2B-216","Excitatory_neuron","CAMK2B",TRUE,"AD",1746,161,322,0.5,0.0332671598587754,0,-0.0843616936639449,66
"SMC043","CAMK2B-216","Excitatory_neuron","CAMK2B",TRUE,"AD",105,1,2,0.5,0.0332671598587754,0,-0.0843616936639449,2
"SMC049","CAMK2B-216","Excitatory_neuron","CAMK2B",TRUE,"AD",4070,3644,4021,0.906242228301418,0.0332671598587754,0,-0.0843616936639449,1264
"PO13","CAMK2B-216","Excitatory_neuron","CAMK2B",TRUE,"Control",777,10,14,0.714285714285714,0.0332671598587754,0,-0.0843616936639449,12
"PO15","CAMK2B-216","Excitatory_neuron","CAMK2B",TRUE,"Control",744,129,146,0.883561643835616,0.0332671598587754,0,-0.0843616936639449,105
"PO20","CAMK2B-216","Excitatory_neuron","CAMK2B",TRUE,"Control",1454,33,44,0.75,0.0332671598587754,0,-0.0843616936639449,33
"PO23","CAMK2B-216","Excitatory_neuron","CAMK2B",TRUE,"Control",1605,493,538,0.91635687732342,0.0332671598587754,0,-0.0843616936639449,318
"SMC027","CAMK2B-216","Excitatory_neuron","CAMK2B",TRUE,"Control",129,93,115,0.808695652173913,0.0332671598587754,0,-0.0843616936639449,31
"SMC030","CAMK2B-216","Excitatory_neuron","CAMK2B",TRUE,"Control",915,116,153,0.758169934640523,0.0332671598587754,0,-0.0843616936639449,122
"SMC033","CAMK2B-216","Excitatory_neuron","CAMK2B",TRUE,"Control",2797,430,509,0.844793713163065,0.0332671598587754,0,-0.0843616936639449,262
"SMC052","CAMK2B-216","Excitatory_neuron","CAMK2B",TRUE,"Control",4785,720,886,0.812641083521445,0.0332671598587754,0,-0.0843616936639449,346
"PO05","CAMK2B-219","Excitatory_neuron","CAMK2B",FALSE,"AD",1197,0,47,0,NA,NA,NA,42
"PO11","CAMK2B-219","Excitatory_neuron","CAMK2B",FALSE,"AD",1165,0,47,0,NA,NA,NA,37
"PO28","CAMK2B-219","Excitatory_neuron","CAMK2B",FALSE,"AD",1851,1,302,0.0033112582781457,NA,NA,NA,193
"PO41","CAMK2B-219","Excitatory_neuron","CAMK2B",FALSE,"AD",973,0,168,0,NA,NA,NA,119
"PO42","CAMK2B-219","Excitatory_neuron","CAMK2B",FALSE,"AD",1303,0,37,0,NA,NA,NA,30
"SMC029","CAMK2B-219","Excitatory_neuron","CAMK2B",FALSE,"AD",150,0,16,0,NA,NA,NA,8
"SMC032","CAMK2B-219","Excitatory_neuron","CAMK2B",FALSE,"AD",578,0,88,0,NA,NA,NA,64
"SMC036","CAMK2B-219","Excitatory_neuron","CAMK2B",FALSE,"AD",206,0,42,0,NA,NA,NA,9
"SMC038","CAMK2B-219","Excitatory_neuron","CAMK2B",FALSE,"AD",1640,0,1250,0,NA,NA,NA,313
"SMC039","CAMK2B-219","Excitatory_neuron","CAMK2B",FALSE,"AD",413,0,35,0,NA,NA,NA,10
"SMC041","CAMK2B-219","Excitatory_neuron","CAMK2B",FALSE,"AD",1746,0,322,0,NA,NA,NA,66
"SMC043","CAMK2B-219","Excitatory_neuron","CAMK2B",FALSE,"AD",105,0,2,0,NA,NA,NA,2
"SMC049","CAMK2B-219","Excitatory_neuron","CAMK2B",FALSE,"AD",4070,3,4021,0.000746083063914449,NA,NA,NA,1264
"PO13","CAMK2B-219","Excitatory_neuron","CAMK2B",FALSE,"Control",777,0,14,0,NA,NA,NA,12
"PO15","CAMK2B-219","Excitatory_neuron","CAMK2B",FALSE,"Control",744,0,146,0,NA,NA,NA,105
"PO20","CAMK2B-219","Excitatory_neuron","CAMK2B",FALSE,"Control",1454,0,44,0,NA,NA,NA,33
"PO23","CAMK2B-219","Excitatory_neuron","CAMK2B",FALSE,"Control",1605,0,538,0,NA,NA,NA,318
"SMC027","CAMK2B-219","Excitatory_neuron","CAMK2B",FALSE,"Control",129,0,115,0,NA,NA,NA,31
"SMC030","CAMK2B-219","Excitatory_neuron","CAMK2B",FALSE,"Control",915,0,153,0,NA,NA,NA,122
"SMC033","CAMK2B-219","Excitatory_neuron","CAMK2B",FALSE,"Control",2797,0,509,0,NA,NA,NA,262
"SMC052","CAMK2B-219","Excitatory_neuron","CAMK2B",FALSE,"Control",4785,0,886,0,NA,NA,NA,346
"PO05","CAMK2B-224","Excitatory_neuron","CAMK2B",FALSE,"AD",1197,0,47,0,NA,NA,NA,42
"PO11","CAMK2B-224","Excitatory_neuron","CAMK2B",FALSE,"AD",1165,0,47,0,NA,NA,NA,37
"PO28","CAMK2B-224","Excitatory_neuron","CAMK2B",FALSE,"AD",1851,0,302,0,NA,NA,NA,193
"PO41","CAMK2B-224","Excitatory_neuron","CAMK2B",FALSE,"AD",973,0,168,0,NA,NA,NA,119
"PO42","CAMK2B-224","Excitatory_neuron","CAMK2B",FALSE,"AD",1303,0,37,0,NA,NA,NA,30
"SMC029","CAMK2B-224","Excitatory_neuron","CAMK2B",FALSE,"AD",150,0,16,0,NA,NA,NA,8
"SMC032","CAMK2B-224","Excitatory_neuron","CAMK2B",FALSE,"AD",578,0,88,0,NA,NA,NA,64
"SMC036","CAMK2B-224","Excitatory_neuron","CAMK2B",FALSE,"AD",206,0,42,0,NA,NA,NA,9
"SMC038","CAMK2B-224","Excitatory_neuron","CAMK2B",FALSE,"AD",1640,3,1250,0.0024,NA,NA,NA,313
"SMC039","CAMK2B-224","Excitatory_neuron","CAMK2B",FALSE,"AD",413,2,35,0.0571428571428571,NA,NA,NA,10
"SMC041","CAMK2B-224","Excitatory_neuron","CAMK2B",FALSE,"AD",1746,1,322,0.0031055900621118,NA,NA,NA,66
"SMC043","CAMK2B-224","Excitatory_neuron","CAMK2B",FALSE,"AD",105,1,2,0.5,NA,NA,NA,2
"SMC049","CAMK2B-224","Excitatory_neuron","CAMK2B",FALSE,"AD",4070,3,4021,0.000746083063914449,NA,NA,NA,1264
"PO13","CAMK2B-224","Excitatory_neuron","CAMK2B",FALSE,"Control",777,0,14,0,NA,NA,NA,12
"PO15","CAMK2B-224","Excitatory_neuron","CAMK2B",FALSE,"Control",744,0,146,0,NA,NA,NA,105
"PO20","CAMK2B-224","Excitatory_neuron","CAMK2B",FALSE,"Control",1454,0,44,0,NA,NA,NA,33
"PO23","CAMK2B-224","Excitatory_neuron","CAMK2B",FALSE,"Control",1605,0,538,0,NA,NA,NA,318
"SMC027","CAMK2B-224","Excitatory_neuron","CAMK2B",FALSE,"Control",129,0,115,0,NA,NA,NA,31
"SMC030","CAMK2B-224","Excitatory_neuron","CAMK2B",FALSE,"Control",915,0,153,0,NA,NA,NA,122
"SMC033","CAMK2B-224","Excitatory_neuron","CAMK2B",FALSE,"Control",2797,2,509,0.00392927308447937,NA,NA,NA,262
"SMC052","CAMK2B-224","Excitatory_neuron","CAMK2B",FALSE,"Control",4785,1,886,0.00112866817155756,NA,NA,NA,346
"PO05","CAMK2B-225","Excitatory_neuron","CAMK2B",FALSE,"AD",1197,0,47,0,NA,NA,NA,42
"PO11","CAMK2B-225","Excitatory_neuron","CAMK2B",FALSE,"AD",1165,0,47,0,NA,NA,NA,37
"PO28","CAMK2B-225","Excitatory_neuron","CAMK2B",FALSE,"AD",1851,0,302,0,NA,NA,NA,193
"PO41","CAMK2B-225","Excitatory_neuron","CAMK2B",FALSE,"AD",973,0,168,0,NA,NA,NA,119
"PO42","CAMK2B-225","Excitatory_neuron","CAMK2B",FALSE,"AD",1303,0,37,0,NA,NA,NA,30
"SMC029","CAMK2B-225","Excitatory_neuron","CAMK2B",FALSE,"AD",150,0,16,0,NA,NA,NA,8
"SMC032","CAMK2B-225","Excitatory_neuron","CAMK2B",FALSE,"AD",578,0,88,0,NA,NA,NA,64
"SMC036","CAMK2B-225","Excitatory_neuron","CAMK2B",FALSE,"AD",206,0,42,0,NA,NA,NA,9
"SMC038","CAMK2B-225","Excitatory_neuron","CAMK2B",FALSE,"AD",1640,0,1250,0,NA,NA,NA,313
"SMC039","CAMK2B-225","Excitatory_neuron","CAMK2B",FALSE,"AD",413,0,35,0,NA,NA,NA,10
"SMC041","CAMK2B-225","Excitatory_neuron","CAMK2B",FALSE,"AD",1746,2,322,0.0062111801242236,NA,NA,NA,66
"SMC043","CAMK2B-225","Excitatory_neuron","CAMK2B",FALSE,"AD",105,0,2,0,NA,NA,NA,2
"SMC049","CAMK2B-225","Excitatory_neuron","CAMK2B",FALSE,"AD",4070,3,4021,0.000746083063914449,NA,NA,NA,1264
"PO13","CAMK2B-225","Excitatory_neuron","CAMK2B",FALSE,"Control",777,0,14,0,NA,NA,NA,12
"PO15","CAMK2B-225","Excitatory_neuron","CAMK2B",FALSE,"Control",744,0,146,0,NA,NA,NA,105
"PO20","CAMK2B-225","Excitatory_neuron","CAMK2B",FALSE,"Control",1454,2,44,0.0454545454545455,NA,NA,NA,33
"PO23","CAMK2B-225","Excitatory_neuron","CAMK2B",FALSE,"Control",1605,0,538,0,NA,NA,NA,318
"SMC027","CAMK2B-225","Excitatory_neuron","CAMK2B",FALSE,"Control",129,0,115,0,NA,NA,NA,31
"SMC030","CAMK2B-225","Excitatory_neuron","CAMK2B",FALSE,"Control",915,1,153,0.0065359477124183,NA,NA,NA,122
"SMC033","CAMK2B-225","Excitatory_neuron","CAMK2B",FALSE,"Control",2797,0,509,0,NA,NA,NA,262
"SMC052","CAMK2B-225","Excitatory_neuron","CAMK2B",FALSE,"Control",4785,0,886,0,NA,NA,NA,346
"PO05","CAMK2B-226","Excitatory_neuron","CAMK2B",FALSE,"AD",1197,0,47,0,NA,NA,NA,42
"PO11","CAMK2B-226","Excitatory_neuron","CAMK2B",FALSE,"AD",1165,0,47,0,NA,NA,NA,37
"PO28","CAMK2B-226","Excitatory_neuron","CAMK2B",FALSE,"AD",1851,0,302,0,NA,NA,NA,193
"PO41","CAMK2B-226","Excitatory_neuron","CAMK2B",FALSE,"AD",973,0,168,0,NA,NA,NA,119
"PO42","CAMK2B-226","Excitatory_neuron","CAMK2B",FALSE,"AD",1303,0,37,0,NA,NA,NA,30
"SMC029","CAMK2B-226","Excitatory_neuron","CAMK2B",FALSE,"AD",150,2,16,0.125,NA,NA,NA,8
"SMC032","CAMK2B-226","Excitatory_neuron","CAMK2B",FALSE,"AD",578,0,88,0,NA,NA,NA,64
"SMC036","CAMK2B-226","Excitatory_neuron","CAMK2B",FALSE,"AD",206,0,42,0,NA,NA,NA,9
"SMC038","CAMK2B-226","Excitatory_neuron","CAMK2B",FALSE,"AD",1640,24,1250,0.0192,NA,NA,NA,313
"SMC039","CAMK2B-226","Excitatory_neuron","CAMK2B",FALSE,"AD",413,0,35,0,NA,NA,NA,10
"SMC041","CAMK2B-226","Excitatory_neuron","CAMK2B",FALSE,"AD",1746,14,322,0.0434782608695652,NA,NA,NA,66
"SMC043","CAMK2B-226","Excitatory_neuron","CAMK2B",FALSE,"AD",105,0,2,0,NA,NA,NA,2
"SMC049","CAMK2B-226","Excitatory_neuron","CAMK2B",FALSE,"AD",4070,4,4021,0.000994777418552599,NA,NA,NA,1264
"PO13","CAMK2B-226","Excitatory_neuron","CAMK2B",FALSE,"Control",777,0,14,0,NA,NA,NA,12
"PO15","CAMK2B-226","Excitatory_neuron","CAMK2B",FALSE,"Control",744,1,146,0.00684931506849315,NA,NA,NA,105
"PO20","CAMK2B-226","Excitatory_neuron","CAMK2B",FALSE,"Control",1454,0,44,0,NA,NA,NA,33
"PO23","CAMK2B-226","Excitatory_neuron","CAMK2B",FALSE,"Control",1605,0,538,0,NA,NA,NA,318
"SMC027","CAMK2B-226","Excitatory_neuron","CAMK2B",FALSE,"Control",129,0,115,0,NA,NA,NA,31
"SMC030","CAMK2B-226","Excitatory_neuron","CAMK2B",FALSE,"Control",915,1,153,0.0065359477124183,NA,NA,NA,122
"SMC033","CAMK2B-226","Excitatory_neuron","CAMK2B",FALSE,"Control",2797,0,509,0,NA,NA,NA,262
"SMC052","CAMK2B-226","Excitatory_neuron","CAMK2B",FALSE,"Control",4785,10,886,0.0112866817155756,NA,NA,NA,346
"PO05","CAMK2B-230","Excitatory_neuron","CAMK2B",FALSE,"AD",1197,0,47,0,NA,NA,NA,42
"PO11","CAMK2B-230","Excitatory_neuron","CAMK2B",FALSE,"AD",1165,0,47,0,NA,NA,NA,37
"PO28","CAMK2B-230","Excitatory_neuron","CAMK2B",FALSE,"AD",1851,3,302,0.00993377483443709,NA,NA,NA,193
"PO41","CAMK2B-230","Excitatory_neuron","CAMK2B",FALSE,"AD",973,1,168,0.00595238095238095,NA,NA,NA,119
"PO42","CAMK2B-230","Excitatory_neuron","CAMK2B",FALSE,"AD",1303,1,37,0.027027027027027,NA,NA,NA,30
"SMC029","CAMK2B-230","Excitatory_neuron","CAMK2B",FALSE,"AD",150,0,16,0,NA,NA,NA,8
"SMC032","CAMK2B-230","Excitatory_neuron","CAMK2B",FALSE,"AD",578,0,88,0,NA,NA,NA,64
"SMC036","CAMK2B-230","Excitatory_neuron","CAMK2B",FALSE,"AD",206,0,42,0,NA,NA,NA,9
"SMC038","CAMK2B-230","Excitatory_neuron","CAMK2B",FALSE,"AD",1640,3,1250,0.0024,NA,NA,NA,313
"SMC039","CAMK2B-230","Excitatory_neuron","CAMK2B",FALSE,"AD",413,0,35,0,NA,NA,NA,10
"SMC041","CAMK2B-230","Excitatory_neuron","CAMK2B",FALSE,"AD",1746,3,322,0.0093167701863354,NA,NA,NA,66
"SMC043","CAMK2B-230","Excitatory_neuron","CAMK2B",FALSE,"AD",105,0,2,0,NA,NA,NA,2
"SMC049","CAMK2B-230","Excitatory_neuron","CAMK2B",FALSE,"AD",4070,26,4021,0.00646605322059189,NA,NA,NA,1264
"PO13","CAMK2B-230","Excitatory_neuron","CAMK2B",FALSE,"Control",777,0,14,0,NA,NA,NA,12
"PO15","CAMK2B-230","Excitatory_neuron","CAMK2B",FALSE,"Control",744,0,146,0,NA,NA,NA,105
"PO20","CAMK2B-230","Excitatory_neuron","CAMK2B",FALSE,"Control",1454,0,44,0,NA,NA,NA,33
"PO23","CAMK2B-230","Excitatory_neuron","CAMK2B",FALSE,"Control",1605,1,538,0.00185873605947955,NA,NA,NA,318
"SMC027","CAMK2B-230","Excitatory_neuron","CAMK2B",FALSE,"Control",129,18,115,0.156521739130435,NA,NA,NA,31
"SMC030","CAMK2B-230","Excitatory_neuron","CAMK2B",FALSE,"Control",915,0,153,0,NA,NA,NA,122
"SMC033","CAMK2B-230","Excitatory_neuron","CAMK2B",FALSE,"Control",2797,2,509,0.00392927308447937,NA,NA,NA,262
"SMC052","CAMK2B-230","Excitatory_neuron","CAMK2B",FALSE,"Control",4785,9,886,0.0101580135440181,NA,NA,NA,346
"PO05","CAMK2B-231","Excitatory_neuron","CAMK2B",FALSE,"AD",1197,0,47,0,NA,NA,NA,42
"PO11","CAMK2B-231","Excitatory_neuron","CAMK2B",FALSE,"AD",1165,0,47,0,NA,NA,NA,37
"PO28","CAMK2B-231","Excitatory_neuron","CAMK2B",FALSE,"AD",1851,9,302,0.0298013245033113,NA,NA,NA,193
"PO41","CAMK2B-231","Excitatory_neuron","CAMK2B",FALSE,"AD",973,2,168,0.0119047619047619,NA,NA,NA,119
"PO42","CAMK2B-231","Excitatory_neuron","CAMK2B",FALSE,"AD",1303,0,37,0,NA,NA,NA,30
"SMC029","CAMK2B-231","Excitatory_neuron","CAMK2B",FALSE,"AD",150,0,16,0,NA,NA,NA,8
"SMC032","CAMK2B-231","Excitatory_neuron","CAMK2B",FALSE,"AD",578,0,88,0,NA,NA,NA,64
"SMC036","CAMK2B-231","Excitatory_neuron","CAMK2B",FALSE,"AD",206,0,42,0,NA,NA,NA,9
"SMC038","CAMK2B-231","Excitatory_neuron","CAMK2B",FALSE,"AD",1640,0,1250,0,NA,NA,NA,313
"SMC039","CAMK2B-231","Excitatory_neuron","CAMK2B",FALSE,"AD",413,0,35,0,NA,NA,NA,10
"SMC041","CAMK2B-231","Excitatory_neuron","CAMK2B",FALSE,"AD",1746,0,322,0,NA,NA,NA,66
"SMC043","CAMK2B-231","Excitatory_neuron","CAMK2B",FALSE,"AD",105,0,2,0,NA,NA,NA,2
"SMC049","CAMK2B-231","Excitatory_neuron","CAMK2B",FALSE,"AD",4070,22,4021,0.00547127580203929,NA,NA,NA,1264
"PO13","CAMK2B-231","Excitatory_neuron","CAMK2B",FALSE,"Control",777,0,14,0,NA,NA,NA,12
"PO15","CAMK2B-231","Excitatory_neuron","CAMK2B",FALSE,"Control",744,0,146,0,NA,NA,NA,105
"PO20","CAMK2B-231","Excitatory_neuron","CAMK2B",FALSE,"Control",1454,0,44,0,NA,NA,NA,33
"PO23","CAMK2B-231","Excitatory_neuron","CAMK2B",FALSE,"Control",1605,1,538,0.00185873605947955,NA,NA,NA,318
"SMC027","CAMK2B-231","Excitatory_neuron","CAMK2B",FALSE,"Control",129,0,115,0,NA,NA,NA,31
"SMC030","CAMK2B-231","Excitatory_neuron","CAMK2B",FALSE,"Control",915,0,153,0,NA,NA,NA,122
"SMC033","CAMK2B-231","Excitatory_neuron","CAMK2B",FALSE,"Control",2797,0,509,0,NA,NA,NA,262
"SMC052","CAMK2B-231","Excitatory_neuron","CAMK2B",FALSE,"Control",4785,1,886,0.00112866817155756,NA,NA,NA,346
"PO05","CAMK2B-232","Excitatory_neuron","CAMK2B",FALSE,"AD",1197,0,47,0,NA,NA,NA,42
"PO11","CAMK2B-232","Excitatory_neuron","CAMK2B",FALSE,"AD",1165,0,47,0,NA,NA,NA,37
"PO28","CAMK2B-232","Excitatory_neuron","CAMK2B",FALSE,"AD",1851,0,302,0,NA,NA,NA,193
"PO41","CAMK2B-232","Excitatory_neuron","CAMK2B",FALSE,"AD",973,0,168,0,NA,NA,NA,119
"PO42","CAMK2B-232","Excitatory_neuron","CAMK2B",FALSE,"AD",1303,0,37,0,NA,NA,NA,30
"SMC029","CAMK2B-232","Excitatory_neuron","CAMK2B",FALSE,"AD",150,0,16,0,NA,NA,NA,8
"SMC032","CAMK2B-232","Excitatory_neuron","CAMK2B",FALSE,"AD",578,0,88,0,NA,NA,NA,64
"SMC036","CAMK2B-232","Excitatory_neuron","CAMK2B",FALSE,"AD",206,1,42,0.0238095238095238,NA,NA,NA,9
"SMC038","CAMK2B-232","Excitatory_neuron","CAMK2B",FALSE,"AD",1640,0,1250,0,NA,NA,NA,313
"SMC039","CAMK2B-232","Excitatory_neuron","CAMK2B",FALSE,"AD",413,0,35,0,NA,NA,NA,10
"SMC041","CAMK2B-232","Excitatory_neuron","CAMK2B",FALSE,"AD",1746,0,322,0,NA,NA,NA,66
"SMC043","CAMK2B-232","Excitatory_neuron","CAMK2B",FALSE,"AD",105,0,2,0,NA,NA,NA,2
"SMC049","CAMK2B-232","Excitatory_neuron","CAMK2B",FALSE,"AD",4070,1,4021,0.00024869435463815,NA,NA,NA,1264
"PO13","CAMK2B-232","Excitatory_neuron","CAMK2B",FALSE,"Control",777,0,14,0,NA,NA,NA,12
"PO15","CAMK2B-232","Excitatory_neuron","CAMK2B",FALSE,"Control",744,0,146,0,NA,NA,NA,105
"PO20","CAMK2B-232","Excitatory_neuron","CAMK2B",FALSE,"Control",1454,0,44,0,NA,NA,NA,33
"PO23","CAMK2B-232","Excitatory_neuron","CAMK2B",FALSE,"Control",1605,0,538,0,NA,NA,NA,318
"SMC027","CAMK2B-232","Excitatory_neuron","CAMK2B",FALSE,"Control",129,0,115,0,NA,NA,NA,31
"SMC030","CAMK2B-232","Excitatory_neuron","CAMK2B",FALSE,"Control",915,0,153,0,NA,NA,NA,122
"SMC033","CAMK2B-232","Excitatory_neuron","CAMK2B",FALSE,"Control",2797,0,509,0,NA,NA,NA,262
"SMC052","CAMK2B-232","Excitatory_neuron","CAMK2B",FALSE,"Control",4785,0,886,0,NA,NA,NA,346
"PO05","CAMK2B-242","Excitatory_neuron","CAMK2B",FALSE,"AD",1197,1,47,0.0212765957446809,NA,NA,NA,42
"PO11","CAMK2B-242","Excitatory_neuron","CAMK2B",FALSE,"AD",1165,0,47,0,NA,NA,NA,37
"PO28","CAMK2B-242","Excitatory_neuron","CAMK2B",FALSE,"AD",1851,0,302,0,NA,NA,NA,193
"PO41","CAMK2B-242","Excitatory_neuron","CAMK2B",FALSE,"AD",973,0,168,0,NA,NA,NA,119
"PO42","CAMK2B-242","Excitatory_neuron","CAMK2B",FALSE,"AD",1303,1,37,0.027027027027027,NA,NA,NA,30
"SMC029","CAMK2B-242","Excitatory_neuron","CAMK2B",FALSE,"AD",150,0,16,0,NA,NA,NA,8
"SMC032","CAMK2B-242","Excitatory_neuron","CAMK2B",FALSE,"AD",578,0,88,0,NA,NA,NA,64
"SMC036","CAMK2B-242","Excitatory_neuron","CAMK2B",FALSE,"AD",206,0,42,0,NA,NA,NA,9
"SMC038","CAMK2B-242","Excitatory_neuron","CAMK2B",FALSE,"AD",1640,0,1250,0,NA,NA,NA,313
"SMC039","CAMK2B-242","Excitatory_neuron","CAMK2B",FALSE,"AD",413,0,35,0,NA,NA,NA,10
"SMC041","CAMK2B-242","Excitatory_neuron","CAMK2B",FALSE,"AD",1746,0,322,0,NA,NA,NA,66
"SMC043","CAMK2B-242","Excitatory_neuron","CAMK2B",FALSE,"AD",105,0,2,0,NA,NA,NA,2
"SMC049","CAMK2B-242","Excitatory_neuron","CAMK2B",FALSE,"AD",4070,0,4021,0,NA,NA,NA,1264
"PO13","CAMK2B-242","Excitatory_neuron","CAMK2B",FALSE,"Control",777,0,14,0,NA,NA,NA,12
"PO15","CAMK2B-242","Excitatory_neuron","CAMK2B",FALSE,"Control",744,0,146,0,NA,NA,NA,105
"PO20","CAMK2B-242","Excitatory_neuron","CAMK2B",FALSE,"Control",1454,0,44,0,NA,NA,NA,33
"PO23","CAMK2B-242","Excitatory_neuron","CAMK2B",FALSE,"Control",1605,0,538,0,NA,NA,NA,318
"SMC027","CAMK2B-242","Excitatory_neuron","CAMK2B",FALSE,"Control",129,0,115,0,NA,NA,NA,31
"SMC030","CAMK2B-242","Excitatory_neuron","CAMK2B",FALSE,"Control",915,0,153,0,NA,NA,NA,122
"SMC033","CAMK2B-242","Excitatory_neuron","CAMK2B",FALSE,"Control",2797,0,509,0,NA,NA,NA,262
"SMC052","CAMK2B-242","Excitatory_neuron","CAMK2B",FALSE,"Control",4785,1,886,0.00112866817155756,NA,NA,NA,346
"PO05","CAMK2B-243","Excitatory_neuron","CAMK2B",FALSE,"AD",1197,0,47,0,NA,NA,NA,42
"PO11","CAMK2B-243","Excitatory_neuron","CAMK2B",FALSE,"AD",1165,0,47,0,NA,NA,NA,37
"PO28","CAMK2B-243","Excitatory_neuron","CAMK2B",FALSE,"AD",1851,0,302,0,NA,NA,NA,193
"PO41","CAMK2B-243","Excitatory_neuron","CAMK2B",FALSE,"AD",973,0,168,0,NA,NA,NA,119
"PO42","CAMK2B-243","Excitatory_neuron","CAMK2B",FALSE,"AD",1303,0,37,0,NA,NA,NA,30
"SMC029","CAMK2B-243","Excitatory_neuron","CAMK2B",FALSE,"AD",150,0,16,0,NA,NA,NA,8
"SMC032","CAMK2B-243","Excitatory_neuron","CAMK2B",FALSE,"AD",578,0,88,0,NA,NA,NA,64
"SMC036","CAMK2B-243","Excitatory_neuron","CAMK2B",FALSE,"AD",206,0,42,0,NA,NA,NA,9
"SMC038","CAMK2B-243","Excitatory_neuron","CAMK2B",FALSE,"AD",1640,1,1250,8e-04,NA,NA,NA,313
"SMC039","CAMK2B-243","Excitatory_neuron","CAMK2B",FALSE,"AD",413,0,35,0,NA,NA,NA,10
"SMC041","CAMK2B-243","Excitatory_neuron","CAMK2B",FALSE,"AD",1746,0,322,0,NA,NA,NA,66
"SMC043","CAMK2B-243","Excitatory_neuron","CAMK2B",FALSE,"AD",105,0,2,0,NA,NA,NA,2
"SMC049","CAMK2B-243","Excitatory_neuron","CAMK2B",FALSE,"AD",4070,2,4021,0.000497388709276299,NA,NA,NA,1264
"PO13","CAMK2B-243","Excitatory_neuron","CAMK2B",FALSE,"Control",777,0,14,0,NA,NA,NA,12
"PO15","CAMK2B-243","Excitatory_neuron","CAMK2B",FALSE,"Control",744,2,146,0.0136986301369863,NA,NA,NA,105
"PO20","CAMK2B-243","Excitatory_neuron","CAMK2B",FALSE,"Control",1454,2,44,0.0454545454545455,NA,NA,NA,33
"PO23","CAMK2B-243","Excitatory_neuron","CAMK2B",FALSE,"Control",1605,8,538,0.0148698884758364,NA,NA,NA,318
"SMC027","CAMK2B-243","Excitatory_neuron","CAMK2B",FALSE,"Control",129,1,115,0.00869565217391304,NA,NA,NA,31
"SMC030","CAMK2B-243","Excitatory_neuron","CAMK2B",FALSE,"Control",915,1,153,0.0065359477124183,NA,NA,NA,122
"SMC033","CAMK2B-243","Excitatory_neuron","CAMK2B",FALSE,"Control",2797,0,509,0,NA,NA,NA,262
"SMC052","CAMK2B-243","Excitatory_neuron","CAMK2B",FALSE,"Control",4785,7,886,0.00790067720090293,NA,NA,NA,346
"PO05","CAMK2B-247","Excitatory_neuron","CAMK2B",FALSE,"AD",1197,0,47,0,NA,NA,NA,42
"PO11","CAMK2B-247","Excitatory_neuron","CAMK2B",FALSE,"AD",1165,0,47,0,NA,NA,NA,37
"PO28","CAMK2B-247","Excitatory_neuron","CAMK2B",FALSE,"AD",1851,1,302,0.0033112582781457,NA,NA,NA,193
"PO41","CAMK2B-247","Excitatory_neuron","CAMK2B",FALSE,"AD",973,0,168,0,NA,NA,NA,119
"PO42","CAMK2B-247","Excitatory_neuron","CAMK2B",FALSE,"AD",1303,0,37,0,NA,NA,NA,30
"SMC029","CAMK2B-247","Excitatory_neuron","CAMK2B",FALSE,"AD",150,0,16,0,NA,NA,NA,8
"SMC032","CAMK2B-247","Excitatory_neuron","CAMK2B",FALSE,"AD",578,0,88,0,NA,NA,NA,64
"SMC036","CAMK2B-247","Excitatory_neuron","CAMK2B",FALSE,"AD",206,0,42,0,NA,NA,NA,9
"SMC038","CAMK2B-247","Excitatory_neuron","CAMK2B",FALSE,"AD",1640,1,1250,8e-04,NA,NA,NA,313
"SMC039","CAMK2B-247","Excitatory_neuron","CAMK2B",FALSE,"AD",413,0,35,0,NA,NA,NA,10
"SMC041","CAMK2B-247","Excitatory_neuron","CAMK2B",FALSE,"AD",1746,0,322,0,NA,NA,NA,66
"SMC043","CAMK2B-247","Excitatory_neuron","CAMK2B",FALSE,"AD",105,0,2,0,NA,NA,NA,2
"SMC049","CAMK2B-247","Excitatory_neuron","CAMK2B",FALSE,"AD",4070,1,4021,0.00024869435463815,NA,NA,NA,1264
"PO13","CAMK2B-247","Excitatory_neuron","CAMK2B",FALSE,"Control",777,0,14,0,NA,NA,NA,12
"PO15","CAMK2B-247","Excitatory_neuron","CAMK2B",FALSE,"Control",744,0,146,0,NA,NA,NA,105
"PO20","CAMK2B-247","Excitatory_neuron","CAMK2B",FALSE,"Control",1454,0,44,0,NA,NA,NA,33
"PO23","CAMK2B-247","Excitatory_neuron","CAMK2B",FALSE,"Control",1605,0,538,0,NA,NA,NA,318
"SMC027","CAMK2B-247","Excitatory_neuron","CAMK2B",FALSE,"Control",129,0,115,0,NA,NA,NA,31
"SMC030","CAMK2B-247","Excitatory_neuron","CAMK2B",FALSE,"Control",915,0,153,0,NA,NA,NA,122
"SMC033","CAMK2B-247","Excitatory_neuron","CAMK2B",FALSE,"Control",2797,1,509,0.00196463654223969,NA,NA,NA,262
"SMC052","CAMK2B-247","Excitatory_neuron","CAMK2B",FALSE,"Control",4785,1,886,0.00112866817155756,NA,NA,NA,346
"PO05","CAMK2B-248","Excitatory_neuron","CAMK2B",FALSE,"AD",1197,0,47,0,NA,NA,NA,42
"PO11","CAMK2B-248","Excitatory_neuron","CAMK2B",FALSE,"AD",1165,0,47,0,NA,NA,NA,37
"PO28","CAMK2B-248","Excitatory_neuron","CAMK2B",FALSE,"AD",1851,1,302,0.0033112582781457,NA,NA,NA,193
"PO41","CAMK2B-248","Excitatory_neuron","CAMK2B",FALSE,"AD",973,0,168,0,NA,NA,NA,119
"PO42","CAMK2B-248","Excitatory_neuron","CAMK2B",FALSE,"AD",1303,0,37,0,NA,NA,NA,30
"SMC029","CAMK2B-248","Excitatory_neuron","CAMK2B",FALSE,"AD",150,0,16,0,NA,NA,NA,8
"SMC032","CAMK2B-248","Excitatory_neuron","CAMK2B",FALSE,"AD",578,0,88,0,NA,NA,NA,64
"SMC036","CAMK2B-248","Excitatory_neuron","CAMK2B",FALSE,"AD",206,0,42,0,NA,NA,NA,9
"SMC038","CAMK2B-248","Excitatory_neuron","CAMK2B",FALSE,"AD",1640,0,1250,0,NA,NA,NA,313
"SMC039","CAMK2B-248","Excitatory_neuron","CAMK2B",FALSE,"AD",413,0,35,0,NA,NA,NA,10
"SMC041","CAMK2B-248","Excitatory_neuron","CAMK2B",FALSE,"AD",1746,0,322,0,NA,NA,NA,66
"SMC043","CAMK2B-248","Excitatory_neuron","CAMK2B",FALSE,"AD",105,0,2,0,NA,NA,NA,2
"SMC049","CAMK2B-248","Excitatory_neuron","CAMK2B",FALSE,"AD",4070,0,4021,0,NA,NA,NA,1264
"PO13","CAMK2B-248","Excitatory_neuron","CAMK2B",FALSE,"Control",777,1,14,0.0714285714285714,NA,NA,NA,12
"PO15","CAMK2B-248","Excitatory_neuron","CAMK2B",FALSE,"Control",744,0,146,0,NA,NA,NA,105
"PO20","CAMK2B-248","Excitatory_neuron","CAMK2B",FALSE,"Control",1454,0,44,0,NA,NA,NA,33
"PO23","CAMK2B-248","Excitatory_neuron","CAMK2B",FALSE,"Control",1605,0,538,0,NA,NA,NA,318
"SMC027","CAMK2B-248","Excitatory_neuron","CAMK2B",FALSE,"Control",129,0,115,0,NA,NA,NA,31
"SMC030","CAMK2B-248","Excitatory_neuron","CAMK2B",FALSE,"Control",915,0,153,0,NA,NA,NA,122
"SMC033","CAMK2B-248","Excitatory_neuron","CAMK2B",FALSE,"Control",2797,0,509,0,NA,NA,NA,262
"SMC052","CAMK2B-248","Excitatory_neuron","CAMK2B",FALSE,"Control",4785,2,886,0.00225733634311512,NA,NA,NA,346
"PO05","CSRNP3-201","Excitatory_neuron","CSRNP3",TRUE,"AD",1197,17,83,0.204819277108434,0.021725051591211,0.0499492506973816,0.0204030396619893,15
"PO11","CSRNP3-201","Excitatory_neuron","CSRNP3",TRUE,"AD",1165,8,73,0.10958904109589,0.021725051591211,0.0499492506973816,0.0204030396619893,23
"PO28","CSRNP3-201","Excitatory_neuron","CSRNP3",TRUE,"AD",1851,34,138,0.246376811594203,0.021725051591211,0.0499492506973816,0.0204030396619893,31
"PO41","CSRNP3-201","Excitatory_neuron","CSRNP3",TRUE,"AD",973,7,70,0.1,0.021725051591211,0.0499492506973816,0.0204030396619893,16
"PO42","CSRNP3-201","Excitatory_neuron","CSRNP3",TRUE,"AD",1303,5,24,0.208333333333333,0.021725051591211,0.0499492506973816,0.0204030396619893,7
"SMC029","CSRNP3-201","Excitatory_neuron","CSRNP3",TRUE,"AD",150,0,8,0,0.021725051591211,0.0499492506973816,0.0204030396619893,1
"SMC032","CSRNP3-201","Excitatory_neuron","CSRNP3",TRUE,"AD",578,31,166,0.186746987951807,0.021725051591211,0.0499492506973816,0.0204030396619893,25
"SMC036","CSRNP3-201","Excitatory_neuron","CSRNP3",TRUE,"AD",206,0,28,0,0.021725051591211,0.0499492506973816,0.0204030396619893,3
"SMC038","CSRNP3-201","Excitatory_neuron","CSRNP3",TRUE,"AD",1640,30,984,0.0304878048780488,0.021725051591211,0.0499492506973816,0.0204030396619893,33
"SMC039","CSRNP3-201","Excitatory_neuron","CSRNP3",TRUE,"AD",413,59,117,0.504273504273504,0.021725051591211,0.0499492506973816,0.0204030396619893,3
"SMC041","CSRNP3-201","Excitatory_neuron","CSRNP3",TRUE,"AD",1746,0,1,0,0.021725051591211,0.0499492506973816,0.0204030396619893,1
"SMC043","CSRNP3-201","Excitatory_neuron","CSRNP3",TRUE,"AD",105,0,1,0,0.021725051591211,0.0499492506973816,0.0204030396619893,1
"SMC049","CSRNP3-201","Excitatory_neuron","CSRNP3",TRUE,"AD",4070,59,500,0.118,0.021725051591211,0.0499492506973816,0.0204030396619893,106
"PO13","CSRNP3-201","Excitatory_neuron","CSRNP3",TRUE,"Control",777,0,18,0,0.021725051591211,0.0499492506973816,0.0204030396619893,3
"PO15","CSRNP3-201","Excitatory_neuron","CSRNP3",TRUE,"Control",744,52,198,0.262626262626263,0.021725051591211,0.0499492506973816,0.0204030396619893,47
"PO20","CSRNP3-201","Excitatory_neuron","CSRNP3",TRUE,"Control",1454,0,18,0,0.021725051591211,0.0499492506973816,0.0204030396619893,2
"PO23","CSRNP3-201","Excitatory_neuron","CSRNP3",TRUE,"Control",1605,13,91,0.142857142857143,0.021725051591211,0.0499492506973816,0.0204030396619893,35
"SMC027","CSRNP3-201","Excitatory_neuron","CSRNP3",TRUE,"Control",129,0,1,0,0.021725051591211,0.0499492506973816,0.0204030396619893,1
"SMC030","CSRNP3-201","Excitatory_neuron","CSRNP3",TRUE,"Control",915,85,241,0.352697095435685,0.021725051591211,0.0499492506973816,0.0204030396619893,54
"SMC033","CSRNP3-201","Excitatory_neuron","CSRNP3",TRUE,"Control",2797,45,346,0.130057803468208,0.021725051591211,0.0499492506973816,0.0204030396619893,61
"SMC052","CSRNP3-201","Excitatory_neuron","CSRNP3",TRUE,"Control",4785,0,52,0,0.021725051591211,0.0499492506973816,0.0204030396619893,16
"PO05","CSRNP3-202","Excitatory_neuron","CSRNP3",TRUE,"AD",1197,56,83,0.674698795180723,0.021725051591211,0.0158000375208807,-0.0447271614141159,15
"PO11","CSRNP3-202","Excitatory_neuron","CSRNP3",TRUE,"AD",1165,48,73,0.657534246575342,0.021725051591211,0.0158000375208807,-0.0447271614141159,23
"PO28","CSRNP3-202","Excitatory_neuron","CSRNP3",TRUE,"AD",1851,79,138,0.572463768115942,0.021725051591211,0.0158000375208807,-0.0447271614141159,31
"PO41","CSRNP3-202","Excitatory_neuron","CSRNP3",TRUE,"AD",973,55,70,0.785714285714286,0.021725051591211,0.0158000375208807,-0.0447271614141159,16
"PO42","CSRNP3-202","Excitatory_neuron","CSRNP3",TRUE,"AD",1303,15,24,0.625,0.021725051591211,0.0158000375208807,-0.0447271614141159,7
"SMC029","CSRNP3-202","Excitatory_neuron","CSRNP3",TRUE,"AD",150,8,8,1,0.021725051591211,0.0158000375208807,-0.0447271614141159,1
"SMC032","CSRNP3-202","Excitatory_neuron","CSRNP3",TRUE,"AD",578,131,166,0.789156626506024,0.021725051591211,0.0158000375208807,-0.0447271614141159,25
"SMC036","CSRNP3-202","Excitatory_neuron","CSRNP3",TRUE,"AD",206,1,28,0.0357142857142857,0.021725051591211,0.0158000375208807,-0.0447271614141159,3
"SMC038","CSRNP3-202","Excitatory_neuron","CSRNP3",TRUE,"AD",1640,205,984,0.208333333333333,0.021725051591211,0.0158000375208807,-0.0447271614141159,33
"SMC039","CSRNP3-202","Excitatory_neuron","CSRNP3",TRUE,"AD",413,54,117,0.461538461538462,0.021725051591211,0.0158000375208807,-0.0447271614141159,3
"SMC041","CSRNP3-202","Excitatory_neuron","CSRNP3",TRUE,"AD",1746,0,1,0,0.021725051591211,0.0158000375208807,-0.0447271614141159,1
"SMC043","CSRNP3-202","Excitatory_neuron","CSRNP3",TRUE,"AD",105,0,1,0,0.021725051591211,0.0158000375208807,-0.0447271614141159,1
"SMC049","CSRNP3-202","Excitatory_neuron","CSRNP3",TRUE,"AD",4070,320,500,0.64,0.021725051591211,0.0158000375208807,-0.0447271614141159,106
"PO13","CSRNP3-202","Excitatory_neuron","CSRNP3",TRUE,"Control",777,1,18,0.0555555555555556,0.021725051591211,0.0158000375208807,-0.0447271614141159,3
"PO15","CSRNP3-202","Excitatory_neuron","CSRNP3",TRUE,"Control",744,133,198,0.671717171717172,0.021725051591211,0.0158000375208807,-0.0447271614141159,47
"PO20","CSRNP3-202","Excitatory_neuron","CSRNP3",TRUE,"Control",1454,18,18,1,0.021725051591211,0.0158000375208807,-0.0447271614141159,2
"PO23","CSRNP3-202","Excitatory_neuron","CSRNP3",TRUE,"Control",1605,52,91,0.571428571428571,0.021725051591211,0.0158000375208807,-0.0447271614141159,35
"SMC027","CSRNP3-202","Excitatory_neuron","CSRNP3",TRUE,"Control",129,0,1,0,0.021725051591211,0.0158000375208807,-0.0447271614141159,1
"SMC030","CSRNP3-202","Excitatory_neuron","CSRNP3",TRUE,"Control",915,146,241,0.605809128630705,0.021725051591211,0.0158000375208807,-0.0447271614141159,54
"SMC033","CSRNP3-202","Excitatory_neuron","CSRNP3",TRUE,"Control",2797,266,346,0.76878612716763,0.021725051591211,0.0158000375208807,-0.0447271614141159,61
"SMC052","CSRNP3-202","Excitatory_neuron","CSRNP3",TRUE,"Control",4785,34,52,0.653846153846154,0.021725051591211,0.0158000375208807,-0.0447271614141159,16
"PO05","CSRNP3-203","Excitatory_neuron","CSRNP3",FALSE,"AD",1197,1,83,0.0120481927710843,NA,NA,NA,15
"PO11","CSRNP3-203","Excitatory_neuron","CSRNP3",FALSE,"AD",1165,14,73,0.191780821917808,NA,NA,NA,23
"PO28","CSRNP3-203","Excitatory_neuron","CSRNP3",FALSE,"AD",1851,19,138,0.13768115942029,NA,NA,NA,31
"PO41","CSRNP3-203","Excitatory_neuron","CSRNP3",FALSE,"AD",973,6,70,0.0857142857142857,NA,NA,NA,16
"PO42","CSRNP3-203","Excitatory_neuron","CSRNP3",FALSE,"AD",1303,3,24,0.125,NA,NA,NA,7
"SMC029","CSRNP3-203","Excitatory_neuron","CSRNP3",FALSE,"AD",150,0,8,0,NA,NA,NA,1
"SMC032","CSRNP3-203","Excitatory_neuron","CSRNP3",FALSE,"AD",578,4,166,0.0240963855421687,NA,NA,NA,25
"SMC036","CSRNP3-203","Excitatory_neuron","CSRNP3",FALSE,"AD",206,27,28,0.964285714285714,NA,NA,NA,3
"SMC038","CSRNP3-203","Excitatory_neuron","CSRNP3",FALSE,"AD",1640,743,984,0.755081300813008,NA,NA,NA,33
"SMC039","CSRNP3-203","Excitatory_neuron","CSRNP3",FALSE,"AD",413,0,117,0,NA,NA,NA,3
"SMC041","CSRNP3-203","Excitatory_neuron","CSRNP3",FALSE,"AD",1746,1,1,1,NA,NA,NA,1
"SMC043","CSRNP3-203","Excitatory_neuron","CSRNP3",FALSE,"AD",105,1,1,1,NA,NA,NA,1
"SMC049","CSRNP3-203","Excitatory_neuron","CSRNP3",FALSE,"AD",4070,88,500,0.176,NA,NA,NA,106
"PO13","CSRNP3-203","Excitatory_neuron","CSRNP3",FALSE,"Control",777,16,18,0.888888888888889,NA,NA,NA,3
"PO15","CSRNP3-203","Excitatory_neuron","CSRNP3",FALSE,"Control",744,12,198,0.0606060606060606,NA,NA,NA,47
"PO20","CSRNP3-203","Excitatory_neuron","CSRNP3",FALSE,"Control",1454,0,18,0,NA,NA,NA,2
"PO23","CSRNP3-203","Excitatory_neuron","CSRNP3",FALSE,"Control",1605,22,91,0.241758241758242,NA,NA,NA,35
"SMC027","CSRNP3-203","Excitatory_neuron","CSRNP3",FALSE,"Control",129,1,1,1,NA,NA,NA,1
"SMC030","CSRNP3-203","Excitatory_neuron","CSRNP3",FALSE,"Control",915,7,241,0.029045643153527,NA,NA,NA,54
"SMC033","CSRNP3-203","Excitatory_neuron","CSRNP3",FALSE,"Control",2797,26,346,0.0751445086705202,NA,NA,NA,61
"SMC052","CSRNP3-203","Excitatory_neuron","CSRNP3",FALSE,"Control",4785,3,52,0.0576923076923077,NA,NA,NA,16
"PO05","CSRNP3-205","Excitatory_neuron","CSRNP3",FALSE,"AD",1197,9,83,0.108433734939759,NA,NA,NA,15
"PO11","CSRNP3-205","Excitatory_neuron","CSRNP3",FALSE,"AD",1165,3,73,0.0410958904109589,NA,NA,NA,23
"PO28","CSRNP3-205","Excitatory_neuron","CSRNP3",FALSE,"AD",1851,6,138,0.0434782608695652,NA,NA,NA,31
"PO41","CSRNP3-205","Excitatory_neuron","CSRNP3",FALSE,"AD",973,2,70,0.0285714285714286,NA,NA,NA,16
"PO42","CSRNP3-205","Excitatory_neuron","CSRNP3",FALSE,"AD",1303,1,24,0.0416666666666667,NA,NA,NA,7
"SMC029","CSRNP3-205","Excitatory_neuron","CSRNP3",FALSE,"AD",150,0,8,0,NA,NA,NA,1
"SMC032","CSRNP3-205","Excitatory_neuron","CSRNP3",FALSE,"AD",578,0,166,0,NA,NA,NA,25
"SMC036","CSRNP3-205","Excitatory_neuron","CSRNP3",FALSE,"AD",206,0,28,0,NA,NA,NA,3
"SMC038","CSRNP3-205","Excitatory_neuron","CSRNP3",FALSE,"AD",1640,6,984,0.00609756097560976,NA,NA,NA,33
"SMC039","CSRNP3-205","Excitatory_neuron","CSRNP3",FALSE,"AD",413,4,117,0.0341880341880342,NA,NA,NA,3
"SMC041","CSRNP3-205","Excitatory_neuron","CSRNP3",FALSE,"AD",1746,0,1,0,NA,NA,NA,1
"SMC043","CSRNP3-205","Excitatory_neuron","CSRNP3",FALSE,"AD",105,0,1,0,NA,NA,NA,1
"SMC049","CSRNP3-205","Excitatory_neuron","CSRNP3",FALSE,"AD",4070,33,500,0.066,NA,NA,NA,106
"PO13","CSRNP3-205","Excitatory_neuron","CSRNP3",FALSE,"Control",777,1,18,0.0555555555555556,NA,NA,NA,3
"PO15","CSRNP3-205","Excitatory_neuron","CSRNP3",FALSE,"Control",744,1,198,0.00505050505050505,NA,NA,NA,47
"PO20","CSRNP3-205","Excitatory_neuron","CSRNP3",FALSE,"Control",1454,0,18,0,NA,NA,NA,2
"PO23","CSRNP3-205","Excitatory_neuron","CSRNP3",FALSE,"Control",1605,4,91,0.043956043956044,NA,NA,NA,35
"SMC027","CSRNP3-205","Excitatory_neuron","CSRNP3",FALSE,"Control",129,0,1,0,NA,NA,NA,1
"SMC030","CSRNP3-205","Excitatory_neuron","CSRNP3",FALSE,"Control",915,3,241,0.012448132780083,NA,NA,NA,54
"SMC033","CSRNP3-205","Excitatory_neuron","CSRNP3",FALSE,"Control",2797,9,346,0.0260115606936416,NA,NA,NA,61
"SMC052","CSRNP3-205","Excitatory_neuron","CSRNP3",FALSE,"Control",4785,15,52,0.288461538461538,NA,NA,NA,16
"PO05","EIF4G2-201","Excitatory_neuron","EIF4G2",FALSE,"AD",1197,5,15,0.333333333333333,NA,NA,NA,10
"PO11","EIF4G2-201","Excitatory_neuron","EIF4G2",FALSE,"AD",1165,113,123,0.91869918699187,NA,NA,NA,24
"PO28","EIF4G2-201","Excitatory_neuron","EIF4G2",FALSE,"AD",1851,234,277,0.844765342960289,NA,NA,NA,69
"PO41","EIF4G2-201","Excitatory_neuron","EIF4G2",FALSE,"AD",973,89,145,0.613793103448276,NA,NA,NA,45
"PO42","EIF4G2-201","Excitatory_neuron","EIF4G2",FALSE,"AD",1303,24,36,0.666666666666667,NA,NA,NA,10
"SMC029","EIF4G2-201","Excitatory_neuron","EIF4G2",FALSE,"AD",150,2,2,1,NA,NA,NA,1
"SMC032","EIF4G2-201","Excitatory_neuron","EIF4G2",FALSE,"AD",578,23,24,0.958333333333333,NA,NA,NA,13
"SMC036","EIF4G2-201","Excitatory_neuron","EIF4G2",FALSE,"AD",206,8,10,0.8,NA,NA,NA,8
"SMC038","EIF4G2-201","Excitatory_neuron","EIF4G2",FALSE,"AD",1640,50,100,0.5,NA,NA,NA,25
"SMC039","EIF4G2-201","Excitatory_neuron","EIF4G2",FALSE,"AD",413,2,2,1,NA,NA,NA,2
"SMC041","EIF4G2-201","Excitatory_neuron","EIF4G2",FALSE,"AD",1746,5,98,0.0510204081632653,NA,NA,NA,20
"SMC043","EIF4G2-201","Excitatory_neuron","EIF4G2",FALSE,"AD",105,1,1,1,NA,NA,NA,1
"SMC049","EIF4G2-201","Excitatory_neuron","EIF4G2",FALSE,"AD",4070,138,164,0.841463414634146,NA,NA,NA,58
"PO13","EIF4G2-201","Excitatory_neuron","EIF4G2",FALSE,"Control",777,27,32,0.84375,NA,NA,NA,11
"PO15","EIF4G2-201","Excitatory_neuron","EIF4G2",FALSE,"Control",744,195,218,0.894495412844037,NA,NA,NA,69
"PO20","EIF4G2-201","Excitatory_neuron","EIF4G2",FALSE,"Control",1454,9,17,0.529411764705882,NA,NA,NA,9
"PO23","EIF4G2-201","Excitatory_neuron","EIF4G2",FALSE,"Control",1605,170,182,0.934065934065934,NA,NA,NA,45
"SMC027","EIF4G2-201","Excitatory_neuron","EIF4G2",FALSE,"Control",129,0,7,0,NA,NA,NA,1
"SMC030","EIF4G2-201","Excitatory_neuron","EIF4G2",FALSE,"Control",915,545,612,0.890522875816993,NA,NA,NA,61
"SMC033","EIF4G2-201","Excitatory_neuron","EIF4G2",FALSE,"Control",2797,236,247,0.955465587044534,NA,NA,NA,50
"SMC052","EIF4G2-201","Excitatory_neuron","EIF4G2",FALSE,"Control",4785,25,52,0.480769230769231,NA,NA,NA,22
"PO05","EIF4G2-202","Excitatory_neuron","EIF4G2",FALSE,"AD",1197,0,15,0,NA,NA,NA,10
"PO11","EIF4G2-202","Excitatory_neuron","EIF4G2",FALSE,"AD",1165,0,123,0,NA,NA,NA,24
"PO28","EIF4G2-202","Excitatory_neuron","EIF4G2",FALSE,"AD",1851,0,277,0,NA,NA,NA,69
"PO41","EIF4G2-202","Excitatory_neuron","EIF4G2",FALSE,"AD",973,0,145,0,NA,NA,NA,45
"PO42","EIF4G2-202","Excitatory_neuron","EIF4G2",FALSE,"AD",1303,0,36,0,NA,NA,NA,10
"SMC029","EIF4G2-202","Excitatory_neuron","EIF4G2",FALSE,"AD",150,0,2,0,NA,NA,NA,1
"SMC032","EIF4G2-202","Excitatory_neuron","EIF4G2",FALSE,"AD",578,0,24,0,NA,NA,NA,13
"SMC036","EIF4G2-202","Excitatory_neuron","EIF4G2",FALSE,"AD",206,0,10,0,NA,NA,NA,8
"SMC038","EIF4G2-202","Excitatory_neuron","EIF4G2",FALSE,"AD",1640,0,100,0,NA,NA,NA,25
"SMC039","EIF4G2-202","Excitatory_neuron","EIF4G2",FALSE,"AD",413,0,2,0,NA,NA,NA,2
"SMC041","EIF4G2-202","Excitatory_neuron","EIF4G2",FALSE,"AD",1746,0,98,0,NA,NA,NA,20
"SMC043","EIF4G2-202","Excitatory_neuron","EIF4G2",FALSE,"AD",105,0,1,0,NA,NA,NA,1
"SMC049","EIF4G2-202","Excitatory_neuron","EIF4G2",FALSE,"AD",4070,0,164,0,NA,NA,NA,58
"PO13","EIF4G2-202","Excitatory_neuron","EIF4G2",FALSE,"Control",777,0,32,0,NA,NA,NA,11
"PO15","EIF4G2-202","Excitatory_neuron","EIF4G2",FALSE,"Control",744,2,218,0.00917431192660551,NA,NA,NA,69
"PO20","EIF4G2-202","Excitatory_neuron","EIF4G2",FALSE,"Control",1454,0,17,0,NA,NA,NA,9
"PO23","EIF4G2-202","Excitatory_neuron","EIF4G2",FALSE,"Control",1605,0,182,0,NA,NA,NA,45
"SMC027","EIF4G2-202","Excitatory_neuron","EIF4G2",FALSE,"Control",129,0,7,0,NA,NA,NA,1
"SMC030","EIF4G2-202","Excitatory_neuron","EIF4G2",FALSE,"Control",915,0,612,0,NA,NA,NA,61
"SMC033","EIF4G2-202","Excitatory_neuron","EIF4G2",FALSE,"Control",2797,0,247,0,NA,NA,NA,50
"SMC052","EIF4G2-202","Excitatory_neuron","EIF4G2",FALSE,"Control",4785,0,52,0,NA,NA,NA,22
"PO05","EIF4G2-204","Excitatory_neuron","EIF4G2",FALSE,"AD",1197,1,15,0.0666666666666667,NA,NA,NA,10
"PO11","EIF4G2-204","Excitatory_neuron","EIF4G2",FALSE,"AD",1165,0,123,0,NA,NA,NA,24
"PO28","EIF4G2-204","Excitatory_neuron","EIF4G2",FALSE,"AD",1851,0,277,0,NA,NA,NA,69
"PO41","EIF4G2-204","Excitatory_neuron","EIF4G2",FALSE,"AD",973,2,145,0.0137931034482759,NA,NA,NA,45
"PO42","EIF4G2-204","Excitatory_neuron","EIF4G2",FALSE,"AD",1303,0,36,0,NA,NA,NA,10
"SMC029","EIF4G2-204","Excitatory_neuron","EIF4G2",FALSE,"AD",150,0,2,0,NA,NA,NA,1
"SMC032","EIF4G2-204","Excitatory_neuron","EIF4G2",FALSE,"AD",578,0,24,0,NA,NA,NA,13
"SMC036","EIF4G2-204","Excitatory_neuron","EIF4G2",FALSE,"AD",206,0,10,0,NA,NA,NA,8
"SMC038","EIF4G2-204","Excitatory_neuron","EIF4G2",FALSE,"AD",1640,0,100,0,NA,NA,NA,25
"SMC039","EIF4G2-204","Excitatory_neuron","EIF4G2",FALSE,"AD",413,0,2,0,NA,NA,NA,2
"SMC041","EIF4G2-204","Excitatory_neuron","EIF4G2",FALSE,"AD",1746,0,98,0,NA,NA,NA,20
"SMC043","EIF4G2-204","Excitatory_neuron","EIF4G2",FALSE,"AD",105,0,1,0,NA,NA,NA,1
"SMC049","EIF4G2-204","Excitatory_neuron","EIF4G2",FALSE,"AD",4070,1,164,0.00609756097560976,NA,NA,NA,58
"PO13","EIF4G2-204","Excitatory_neuron","EIF4G2",FALSE,"Control",777,0,32,0,NA,NA,NA,11
"PO15","EIF4G2-204","Excitatory_neuron","EIF4G2",FALSE,"Control",744,1,218,0.00458715596330275,NA,NA,NA,69
"PO20","EIF4G2-204","Excitatory_neuron","EIF4G2",FALSE,"Control",1454,0,17,0,NA,NA,NA,9
"PO23","EIF4G2-204","Excitatory_neuron","EIF4G2",FALSE,"Control",1605,2,182,0.010989010989011,NA,NA,NA,45
"SMC027","EIF4G2-204","Excitatory_neuron","EIF4G2",FALSE,"Control",129,0,7,0,NA,NA,NA,1
"SMC030","EIF4G2-204","Excitatory_neuron","EIF4G2",FALSE,"Control",915,0,612,0,NA,NA,NA,61
"SMC033","EIF4G2-204","Excitatory_neuron","EIF4G2",FALSE,"Control",2797,0,247,0,NA,NA,NA,50
"SMC052","EIF4G2-204","Excitatory_neuron","EIF4G2",FALSE,"Control",4785,0,52,0,NA,NA,NA,22
"PO05","EIF4G2-205","Excitatory_neuron","EIF4G2",FALSE,"AD",1197,0,15,0,NA,NA,NA,10
"PO11","EIF4G2-205","Excitatory_neuron","EIF4G2",FALSE,"AD",1165,0,123,0,NA,NA,NA,24
"PO28","EIF4G2-205","Excitatory_neuron","EIF4G2",FALSE,"AD",1851,19,277,0.0685920577617329,NA,NA,NA,69
"PO41","EIF4G2-205","Excitatory_neuron","EIF4G2",FALSE,"AD",973,2,145,0.0137931034482759,NA,NA,NA,45
"PO42","EIF4G2-205","Excitatory_neuron","EIF4G2",FALSE,"AD",1303,0,36,0,NA,NA,NA,10
"SMC029","EIF4G2-205","Excitatory_neuron","EIF4G2",FALSE,"AD",150,0,2,0,NA,NA,NA,1
"SMC032","EIF4G2-205","Excitatory_neuron","EIF4G2",FALSE,"AD",578,0,24,0,NA,NA,NA,13
"SMC036","EIF4G2-205","Excitatory_neuron","EIF4G2",FALSE,"AD",206,0,10,0,NA,NA,NA,8
"SMC038","EIF4G2-205","Excitatory_neuron","EIF4G2",FALSE,"AD",1640,1,100,0.01,NA,NA,NA,25
"SMC039","EIF4G2-205","Excitatory_neuron","EIF4G2",FALSE,"AD",413,0,2,0,NA,NA,NA,2
"SMC041","EIF4G2-205","Excitatory_neuron","EIF4G2",FALSE,"AD",1746,1,98,0.0102040816326531,NA,NA,NA,20
"SMC043","EIF4G2-205","Excitatory_neuron","EIF4G2",FALSE,"AD",105,0,1,0,NA,NA,NA,1
"SMC049","EIF4G2-205","Excitatory_neuron","EIF4G2",FALSE,"AD",4070,1,164,0.00609756097560976,NA,NA,NA,58
"PO13","EIF4G2-205","Excitatory_neuron","EIF4G2",FALSE,"Control",777,0,32,0,NA,NA,NA,11
"PO15","EIF4G2-205","Excitatory_neuron","EIF4G2",FALSE,"Control",744,2,218,0.00917431192660551,NA,NA,NA,69
"PO20","EIF4G2-205","Excitatory_neuron","EIF4G2",FALSE,"Control",1454,0,17,0,NA,NA,NA,9
"PO23","EIF4G2-205","Excitatory_neuron","EIF4G2",FALSE,"Control",1605,0,182,0,NA,NA,NA,45
"SMC027","EIF4G2-205","Excitatory_neuron","EIF4G2",FALSE,"Control",129,0,7,0,NA,NA,NA,1
"SMC030","EIF4G2-205","Excitatory_neuron","EIF4G2",FALSE,"Control",915,6,612,0.00980392156862745,NA,NA,NA,61
"SMC033","EIF4G2-205","Excitatory_neuron","EIF4G2",FALSE,"Control",2797,0,247,0,NA,NA,NA,50
"SMC052","EIF4G2-205","Excitatory_neuron","EIF4G2",FALSE,"Control",4785,1,52,0.0192307692307692,NA,NA,NA,22
"PO05","EIF4G2-208","Excitatory_neuron","EIF4G2",TRUE,"AD",1197,0,15,0,0.0180308270223817,0.00878646929169655,0.0877752349925426,10
"PO11","EIF4G2-208","Excitatory_neuron","EIF4G2",TRUE,"AD",1165,8,123,0.0650406504065041,0.0180308270223817,0.00878646929169655,0.0877752349925426,24
"PO28","EIF4G2-208","Excitatory_neuron","EIF4G2",TRUE,"AD",1851,10,277,0.036101083032491,0.0180308270223817,0.00878646929169655,0.0877752349925426,69
"PO41","EIF4G2-208","Excitatory_neuron","EIF4G2",TRUE,"AD",973,20,145,0.137931034482759,0.0180308270223817,0.00878646929169655,0.0877752349925426,45
"PO42","EIF4G2-208","Excitatory_neuron","EIF4G2",TRUE,"AD",1303,2,36,0.0555555555555556,0.0180308270223817,0.00878646929169655,0.0877752349925426,10
"SMC029","EIF4G2-208","Excitatory_neuron","EIF4G2",TRUE,"AD",150,0,2,0,0.0180308270223817,0.00878646929169655,0.0877752349925426,1
"SMC032","EIF4G2-208","Excitatory_neuron","EIF4G2",TRUE,"AD",578,0,24,0,0.0180308270223817,0.00878646929169655,0.0877752349925426,13
"SMC036","EIF4G2-208","Excitatory_neuron","EIF4G2",TRUE,"AD",206,2,10,0.2,0.0180308270223817,0.00878646929169655,0.0877752349925426,8
"SMC038","EIF4G2-208","Excitatory_neuron","EIF4G2",TRUE,"AD",1640,37,100,0.37,0.0180308270223817,0.00878646929169655,0.0877752349925426,25
"SMC039","EIF4G2-208","Excitatory_neuron","EIF4G2",TRUE,"AD",413,0,2,0,0.0180308270223817,0.00878646929169655,0.0877752349925426,2
"SMC041","EIF4G2-208","Excitatory_neuron","EIF4G2",TRUE,"AD",1746,58,98,0.591836734693878,0.0180308270223817,0.00878646929169655,0.0877752349925426,20
"SMC043","EIF4G2-208","Excitatory_neuron","EIF4G2",TRUE,"AD",105,0,1,0,0.0180308270223817,0.00878646929169655,0.0877752349925426,1
"SMC049","EIF4G2-208","Excitatory_neuron","EIF4G2",TRUE,"AD",4070,19,164,0.115853658536585,0.0180308270223817,0.00878646929169655,0.0877752349925426,58
"PO13","EIF4G2-208","Excitatory_neuron","EIF4G2",TRUE,"Control",777,0,32,0,0.0180308270223817,0.00878646929169655,0.0877752349925426,11
"PO15","EIF4G2-208","Excitatory_neuron","EIF4G2",TRUE,"Control",744,8,218,0.036697247706422,0.0180308270223817,0.00878646929169655,0.0877752349925426,69
"PO20","EIF4G2-208","Excitatory_neuron","EIF4G2",TRUE,"Control",1454,1,17,0.0588235294117647,0.0180308270223817,0.00878646929169655,0.0877752349925426,9
"PO23","EIF4G2-208","Excitatory_neuron","EIF4G2",TRUE,"Control",1605,6,182,0.032967032967033,0.0180308270223817,0.00878646929169655,0.0877752349925426,45
"SMC027","EIF4G2-208","Excitatory_neuron","EIF4G2",TRUE,"Control",129,0,7,0,0.0180308270223817,0.00878646929169655,0.0877752349925426,1
"SMC030","EIF4G2-208","Excitatory_neuron","EIF4G2",TRUE,"Control",915,59,612,0.0964052287581699,0.0180308270223817,0.00878646929169655,0.0877752349925426,61
"SMC033","EIF4G2-208","Excitatory_neuron","EIF4G2",TRUE,"Control",2797,10,247,0.0404858299595142,0.0180308270223817,0.00878646929169655,0.0877752349925426,50
"SMC052","EIF4G2-208","Excitatory_neuron","EIF4G2",TRUE,"Control",4785,0,52,0,0.0180308270223817,0.00878646929169655,0.0877752349925426,22
"PO05","EIF4G2-215","Excitatory_neuron","EIF4G2",FALSE,"AD",1197,0,15,0,NA,NA,NA,10
"PO11","EIF4G2-215","Excitatory_neuron","EIF4G2",FALSE,"AD",1165,0,123,0,NA,NA,NA,24
"PO28","EIF4G2-215","Excitatory_neuron","EIF4G2",FALSE,"AD",1851,0,277,0,NA,NA,NA,69
"PO41","EIF4G2-215","Excitatory_neuron","EIF4G2",FALSE,"AD",973,0,145,0,NA,NA,NA,45
"PO42","EIF4G2-215","Excitatory_neuron","EIF4G2",FALSE,"AD",1303,0,36,0,NA,NA,NA,10
"SMC029","EIF4G2-215","Excitatory_neuron","EIF4G2",FALSE,"AD",150,0,2,0,NA,NA,NA,1
"SMC032","EIF4G2-215","Excitatory_neuron","EIF4G2",FALSE,"AD",578,0,24,0,NA,NA,NA,13
"SMC036","EIF4G2-215","Excitatory_neuron","EIF4G2",FALSE,"AD",206,0,10,0,NA,NA,NA,8
"SMC038","EIF4G2-215","Excitatory_neuron","EIF4G2",FALSE,"AD",1640,0,100,0,NA,NA,NA,25
"SMC039","EIF4G2-215","Excitatory_neuron","EIF4G2",FALSE,"AD",413,0,2,0,NA,NA,NA,2
"SMC041","EIF4G2-215","Excitatory_neuron","EIF4G2",FALSE,"AD",1746,0,98,0,NA,NA,NA,20
"SMC043","EIF4G2-215","Excitatory_neuron","EIF4G2",FALSE,"AD",105,0,1,0,NA,NA,NA,1
"SMC049","EIF4G2-215","Excitatory_neuron","EIF4G2",FALSE,"AD",4070,0,164,0,NA,NA,NA,58
"PO13","EIF4G2-215","Excitatory_neuron","EIF4G2",FALSE,"Control",777,0,32,0,NA,NA,NA,11
"PO15","EIF4G2-215","Excitatory_neuron","EIF4G2",FALSE,"Control",744,0,218,0,NA,NA,NA,69
"PO20","EIF4G2-215","Excitatory_neuron","EIF4G2",FALSE,"Control",1454,0,17,0,NA,NA,NA,9
"PO23","EIF4G2-215","Excitatory_neuron","EIF4G2",FALSE,"Control",1605,0,182,0,NA,NA,NA,45
"SMC027","EIF4G2-215","Excitatory_neuron","EIF4G2",FALSE,"Control",129,0,7,0,NA,NA,NA,1
"SMC030","EIF4G2-215","Excitatory_neuron","EIF4G2",FALSE,"Control",915,0,612,0,NA,NA,NA,61
"SMC033","EIF4G2-215","Excitatory_neuron","EIF4G2",FALSE,"Control",2797,0,247,0,NA,NA,NA,50
"SMC052","EIF4G2-215","Excitatory_neuron","EIF4G2",FALSE,"Control",4785,0,52,0,NA,NA,NA,22
"PO05","EIF4G2-225","Excitatory_neuron","EIF4G2",FALSE,"AD",1197,9,15,0.6,NA,NA,NA,10
"PO11","EIF4G2-225","Excitatory_neuron","EIF4G2",FALSE,"AD",1165,2,123,0.016260162601626,NA,NA,NA,24
"PO28","EIF4G2-225","Excitatory_neuron","EIF4G2",FALSE,"AD",1851,14,277,0.0505415162454874,NA,NA,NA,69
"PO41","EIF4G2-225","Excitatory_neuron","EIF4G2",FALSE,"AD",973,32,145,0.220689655172414,NA,NA,NA,45
"PO42","EIF4G2-225","Excitatory_neuron","EIF4G2",FALSE,"AD",1303,10,36,0.277777777777778,NA,NA,NA,10
"SMC029","EIF4G2-225","Excitatory_neuron","EIF4G2",FALSE,"AD",150,0,2,0,NA,NA,NA,1
"SMC032","EIF4G2-225","Excitatory_neuron","EIF4G2",FALSE,"AD",578,1,24,0.0416666666666667,NA,NA,NA,13
"SMC036","EIF4G2-225","Excitatory_neuron","EIF4G2",FALSE,"AD",206,0,10,0,NA,NA,NA,8
"SMC038","EIF4G2-225","Excitatory_neuron","EIF4G2",FALSE,"AD",1640,12,100,0.12,NA,NA,NA,25
"SMC039","EIF4G2-225","Excitatory_neuron","EIF4G2",FALSE,"AD",413,0,2,0,NA,NA,NA,2
"SMC041","EIF4G2-225","Excitatory_neuron","EIF4G2",FALSE,"AD",1746,34,98,0.346938775510204,NA,NA,NA,20
"SMC043","EIF4G2-225","Excitatory_neuron","EIF4G2",FALSE,"AD",105,0,1,0,NA,NA,NA,1
"SMC049","EIF4G2-225","Excitatory_neuron","EIF4G2",FALSE,"AD",4070,5,164,0.0304878048780488,NA,NA,NA,58
"PO13","EIF4G2-225","Excitatory_neuron","EIF4G2",FALSE,"Control",777,5,32,0.15625,NA,NA,NA,11
"PO15","EIF4G2-225","Excitatory_neuron","EIF4G2",FALSE,"Control",744,10,218,0.0458715596330275,NA,NA,NA,69
"PO20","EIF4G2-225","Excitatory_neuron","EIF4G2",FALSE,"Control",1454,7,17,0.411764705882353,NA,NA,NA,9
"PO23","EIF4G2-225","Excitatory_neuron","EIF4G2",FALSE,"Control",1605,4,182,0.021978021978022,NA,NA,NA,45
"SMC027","EIF4G2-225","Excitatory_neuron","EIF4G2",FALSE,"Control",129,7,7,1,NA,NA,NA,1
"SMC030","EIF4G2-225","Excitatory_neuron","EIF4G2",FALSE,"Control",915,2,612,0.00326797385620915,NA,NA,NA,61
"SMC033","EIF4G2-225","Excitatory_neuron","EIF4G2",FALSE,"Control",2797,1,247,0.00404858299595142,NA,NA,NA,50
"SMC052","EIF4G2-225","Excitatory_neuron","EIF4G2",FALSE,"Control",4785,26,52,0.5,NA,NA,NA,22
"PO05","ERCC6L2-201","Excitatory_neuron","ERCC6L2",FALSE,"AD",1197,75,318,0.235849056603774,NA,NA,NA,76
"PO11","ERCC6L2-201","Excitatory_neuron","ERCC6L2",FALSE,"AD",1165,50,382,0.130890052356021,NA,NA,NA,75
"PO28","ERCC6L2-201","Excitatory_neuron","ERCC6L2",FALSE,"AD",1851,44,364,0.120879120879121,NA,NA,NA,76
"PO41","ERCC6L2-201","Excitatory_neuron","ERCC6L2",FALSE,"AD",973,33,288,0.114583333333333,NA,NA,NA,78
"PO42","ERCC6L2-201","Excitatory_neuron","ERCC6L2",FALSE,"AD",1303,33,264,0.125,NA,NA,NA,65
"SMC029","ERCC6L2-201","Excitatory_neuron","ERCC6L2",FALSE,"AD",150,1,1,1,NA,NA,NA,1
"SMC032","ERCC6L2-201","Excitatory_neuron","ERCC6L2",FALSE,"AD",578,47,128,0.3671875,NA,NA,NA,23
"SMC036","ERCC6L2-201","Excitatory_neuron","ERCC6L2",FALSE,"AD",206,5,5,1,NA,NA,NA,4
"SMC038","ERCC6L2-201","Excitatory_neuron","ERCC6L2",FALSE,"AD",1640,4,84,0.0476190476190476,NA,NA,NA,32
"SMC039","ERCC6L2-201","Excitatory_neuron","ERCC6L2",FALSE,"AD",413,1,1,1,NA,NA,NA,1
"SMC041","ERCC6L2-201","Excitatory_neuron","ERCC6L2",FALSE,"AD",1746,1,71,0.0140845070422535,NA,NA,NA,16
"SMC043","ERCC6L2-201","Excitatory_neuron","ERCC6L2",FALSE,"AD",105,0,8,0,NA,NA,NA,1
"SMC049","ERCC6L2-201","Excitatory_neuron","ERCC6L2",FALSE,"AD",4070,33,261,0.126436781609195,NA,NA,NA,66
"PO13","ERCC6L2-201","Excitatory_neuron","ERCC6L2",FALSE,"Control",777,30,254,0.118110236220472,NA,NA,NA,30
"PO15","ERCC6L2-201","Excitatory_neuron","ERCC6L2",FALSE,"Control",744,20,185,0.108108108108108,NA,NA,NA,68
"PO20","ERCC6L2-201","Excitatory_neuron","ERCC6L2",FALSE,"Control",1454,23,231,0.0995670995670996,NA,NA,NA,52
"PO23","ERCC6L2-201","Excitatory_neuron","ERCC6L2",FALSE,"Control",1605,64,487,0.131416837782341,NA,NA,NA,98
"SMC027","ERCC6L2-201","Excitatory_neuron","ERCC6L2",FALSE,"Control",129,0,28,0,NA,NA,NA,8
"SMC030","ERCC6L2-201","Excitatory_neuron","ERCC6L2",FALSE,"Control",915,14,88,0.159090909090909,NA,NA,NA,39
"SMC033","ERCC6L2-201","Excitatory_neuron","ERCC6L2",FALSE,"Control",2797,10,217,0.0460829493087558,NA,NA,NA,56
"SMC052","ERCC6L2-201","Excitatory_neuron","ERCC6L2",FALSE,"Control",4785,33,193,0.170984455958549,NA,NA,NA,45
"PO05","ERCC6L2-202","Excitatory_neuron","ERCC6L2",FALSE,"AD",1197,0,318,0,NA,NA,NA,76
"PO11","ERCC6L2-202","Excitatory_neuron","ERCC6L2",FALSE,"AD",1165,0,382,0,NA,NA,NA,75
"PO28","ERCC6L2-202","Excitatory_neuron","ERCC6L2",FALSE,"AD",1851,0,364,0,NA,NA,NA,76
"PO41","ERCC6L2-202","Excitatory_neuron","ERCC6L2",FALSE,"AD",973,2,288,0.00694444444444444,NA,NA,NA,78
"PO42","ERCC6L2-202","Excitatory_neuron","ERCC6L2",FALSE,"AD",1303,0,264,0,NA,NA,NA,65
"SMC029","ERCC6L2-202","Excitatory_neuron","ERCC6L2",FALSE,"AD",150,0,1,0,NA,NA,NA,1
"SMC032","ERCC6L2-202","Excitatory_neuron","ERCC6L2",FALSE,"AD",578,0,128,0,NA,NA,NA,23
"SMC036","ERCC6L2-202","Excitatory_neuron","ERCC6L2",FALSE,"AD",206,0,5,0,NA,NA,NA,4
"SMC038","ERCC6L2-202","Excitatory_neuron","ERCC6L2",FALSE,"AD",1640,0,84,0,NA,NA,NA,32
"SMC039","ERCC6L2-202","Excitatory_neuron","ERCC6L2",FALSE,"AD",413,0,1,0,NA,NA,NA,1
"SMC041","ERCC6L2-202","Excitatory_neuron","ERCC6L2",FALSE,"AD",1746,0,71,0,NA,NA,NA,16
"SMC043","ERCC6L2-202","Excitatory_neuron","ERCC6L2",FALSE,"AD",105,0,8,0,NA,NA,NA,1
"SMC049","ERCC6L2-202","Excitatory_neuron","ERCC6L2",FALSE,"AD",4070,0,261,0,NA,NA,NA,66
"PO13","ERCC6L2-202","Excitatory_neuron","ERCC6L2",FALSE,"Control",777,0,254,0,NA,NA,NA,30
"PO15","ERCC6L2-202","Excitatory_neuron","ERCC6L2",FALSE,"Control",744,0,185,0,NA,NA,NA,68
"PO20","ERCC6L2-202","Excitatory_neuron","ERCC6L2",FALSE,"Control",1454,6,231,0.025974025974026,NA,NA,NA,52
"PO23","ERCC6L2-202","Excitatory_neuron","ERCC6L2",FALSE,"Control",1605,0,487,0,NA,NA,NA,98
"SMC027","ERCC6L2-202","Excitatory_neuron","ERCC6L2",FALSE,"Control",129,0,28,0,NA,NA,NA,8
"SMC030","ERCC6L2-202","Excitatory_neuron","ERCC6L2",FALSE,"Control",915,0,88,0,NA,NA,NA,39
"SMC033","ERCC6L2-202","Excitatory_neuron","ERCC6L2",FALSE,"Control",2797,0,217,0,NA,NA,NA,56
"SMC052","ERCC6L2-202","Excitatory_neuron","ERCC6L2",FALSE,"Control",4785,0,193,0,NA,NA,NA,45
"PO05","ERCC6L2-203","Excitatory_neuron","ERCC6L2",FALSE,"AD",1197,0,318,0,NA,NA,NA,76
"PO11","ERCC6L2-203","Excitatory_neuron","ERCC6L2",FALSE,"AD",1165,0,382,0,NA,NA,NA,75
"PO28","ERCC6L2-203","Excitatory_neuron","ERCC6L2",FALSE,"AD",1851,0,364,0,NA,NA,NA,76
"PO41","ERCC6L2-203","Excitatory_neuron","ERCC6L2",FALSE,"AD",973,0,288,0,NA,NA,NA,78
"PO42","ERCC6L2-203","Excitatory_neuron","ERCC6L2",FALSE,"AD",1303,0,264,0,NA,NA,NA,65
"SMC029","ERCC6L2-203","Excitatory_neuron","ERCC6L2",FALSE,"AD",150,0,1,0,NA,NA,NA,1
"SMC032","ERCC6L2-203","Excitatory_neuron","ERCC6L2",FALSE,"AD",578,0,128,0,NA,NA,NA,23
"SMC036","ERCC6L2-203","Excitatory_neuron","ERCC6L2",FALSE,"AD",206,0,5,0,NA,NA,NA,4
"SMC038","ERCC6L2-203","Excitatory_neuron","ERCC6L2",FALSE,"AD",1640,0,84,0,NA,NA,NA,32
"SMC039","ERCC6L2-203","Excitatory_neuron","ERCC6L2",FALSE,"AD",413,0,1,0,NA,NA,NA,1
"SMC041","ERCC6L2-203","Excitatory_neuron","ERCC6L2",FALSE,"AD",1746,5,71,0.0704225352112676,NA,NA,NA,16
"SMC043","ERCC6L2-203","Excitatory_neuron","ERCC6L2",FALSE,"AD",105,0,8,0,NA,NA,NA,1
"SMC049","ERCC6L2-203","Excitatory_neuron","ERCC6L2",FALSE,"AD",4070,1,261,0.00383141762452107,NA,NA,NA,66
"PO13","ERCC6L2-203","Excitatory_neuron","ERCC6L2",FALSE,"Control",777,0,254,0,NA,NA,NA,30
"PO15","ERCC6L2-203","Excitatory_neuron","ERCC6L2",FALSE,"Control",744,4,185,0.0216216216216216,NA,NA,NA,68
"PO20","ERCC6L2-203","Excitatory_neuron","ERCC6L2",FALSE,"Control",1454,0,231,0,NA,NA,NA,52
"PO23","ERCC6L2-203","Excitatory_neuron","ERCC6L2",FALSE,"Control",1605,8,487,0.0164271047227926,NA,NA,NA,98
"SMC027","ERCC6L2-203","Excitatory_neuron","ERCC6L2",FALSE,"Control",129,0,28,0,NA,NA,NA,8
"SMC030","ERCC6L2-203","Excitatory_neuron","ERCC6L2",FALSE,"Control",915,1,88,0.0113636363636364,NA,NA,NA,39
"SMC033","ERCC6L2-203","Excitatory_neuron","ERCC6L2",FALSE,"Control",2797,0,217,0,NA,NA,NA,56
"SMC052","ERCC6L2-203","Excitatory_neuron","ERCC6L2",FALSE,"Control",4785,18,193,0.0932642487046632,NA,NA,NA,45
"PO05","ERCC6L2-204","Excitatory_neuron","ERCC6L2",FALSE,"AD",1197,64,318,0.20125786163522,NA,NA,NA,76
"PO11","ERCC6L2-204","Excitatory_neuron","ERCC6L2",FALSE,"AD",1165,76,382,0.198952879581152,NA,NA,NA,75
"PO28","ERCC6L2-204","Excitatory_neuron","ERCC6L2",FALSE,"AD",1851,112,364,0.307692307692308,NA,NA,NA,76
"PO41","ERCC6L2-204","Excitatory_neuron","ERCC6L2",FALSE,"AD",973,45,288,0.15625,NA,NA,NA,78
"PO42","ERCC6L2-204","Excitatory_neuron","ERCC6L2",FALSE,"AD",1303,78,264,0.295454545454545,NA,NA,NA,65
"SMC029","ERCC6L2-204","Excitatory_neuron","ERCC6L2",FALSE,"AD",150,0,1,0,NA,NA,NA,1
"SMC032","ERCC6L2-204","Excitatory_neuron","ERCC6L2",FALSE,"AD",578,0,128,0,NA,NA,NA,23
"SMC036","ERCC6L2-204","Excitatory_neuron","ERCC6L2",FALSE,"AD",206,0,5,0,NA,NA,NA,4
"SMC038","ERCC6L2-204","Excitatory_neuron","ERCC6L2",FALSE,"AD",1640,0,84,0,NA,NA,NA,32
"SMC039","ERCC6L2-204","Excitatory_neuron","ERCC6L2",FALSE,"AD",413,0,1,0,NA,NA,NA,1
"SMC041","ERCC6L2-204","Excitatory_neuron","ERCC6L2",FALSE,"AD",1746,0,71,0,NA,NA,NA,16
"SMC043","ERCC6L2-204","Excitatory_neuron","ERCC6L2",FALSE,"AD",105,0,8,0,NA,NA,NA,1
"SMC049","ERCC6L2-204","Excitatory_neuron","ERCC6L2",FALSE,"AD",4070,15,261,0.0574712643678161,NA,NA,NA,66
"PO13","ERCC6L2-204","Excitatory_neuron","ERCC6L2",FALSE,"Control",777,11,254,0.0433070866141732,NA,NA,NA,30
"PO15","ERCC6L2-204","Excitatory_neuron","ERCC6L2",FALSE,"Control",744,21,185,0.113513513513514,NA,NA,NA,68
"PO20","ERCC6L2-204","Excitatory_neuron","ERCC6L2",FALSE,"Control",1454,43,231,0.186147186147186,NA,NA,NA,52
"PO23","ERCC6L2-204","Excitatory_neuron","ERCC6L2",FALSE,"Control",1605,7,487,0.0143737166324435,NA,NA,NA,98
"SMC027","ERCC6L2-204","Excitatory_neuron","ERCC6L2",FALSE,"Control",129,0,28,0,NA,NA,NA,8
"SMC030","ERCC6L2-204","Excitatory_neuron","ERCC6L2",FALSE,"Control",915,4,88,0.0454545454545455,NA,NA,NA,39
"SMC033","ERCC6L2-204","Excitatory_neuron","ERCC6L2",FALSE,"Control",2797,4,217,0.0184331797235023,NA,NA,NA,56
"SMC052","ERCC6L2-204","Excitatory_neuron","ERCC6L2",FALSE,"Control",4785,0,193,0,NA,NA,NA,45
"PO05","ERCC6L2-206","Excitatory_neuron","ERCC6L2",FALSE,"AD",1197,3,318,0.00943396226415094,NA,NA,NA,76
"PO11","ERCC6L2-206","Excitatory_neuron","ERCC6L2",FALSE,"AD",1165,0,382,0,NA,NA,NA,75
"PO28","ERCC6L2-206","Excitatory_neuron","ERCC6L2",FALSE,"AD",1851,2,364,0.00549450549450549,NA,NA,NA,76
"PO41","ERCC6L2-206","Excitatory_neuron","ERCC6L2",FALSE,"AD",973,0,288,0,NA,NA,NA,78
"PO42","ERCC6L2-206","Excitatory_neuron","ERCC6L2",FALSE,"AD",1303,0,264,0,NA,NA,NA,65
"SMC029","ERCC6L2-206","Excitatory_neuron","ERCC6L2",FALSE,"AD",150,0,1,0,NA,NA,NA,1
"SMC032","ERCC6L2-206","Excitatory_neuron","ERCC6L2",FALSE,"AD",578,0,128,0,NA,NA,NA,23
"SMC036","ERCC6L2-206","Excitatory_neuron","ERCC6L2",FALSE,"AD",206,0,5,0,NA,NA,NA,4
"SMC038","ERCC6L2-206","Excitatory_neuron","ERCC6L2",FALSE,"AD",1640,0,84,0,NA,NA,NA,32
"SMC039","ERCC6L2-206","Excitatory_neuron","ERCC6L2",FALSE,"AD",413,0,1,0,NA,NA,NA,1
"SMC041","ERCC6L2-206","Excitatory_neuron","ERCC6L2",FALSE,"AD",1746,0,71,0,NA,NA,NA,16
"SMC043","ERCC6L2-206","Excitatory_neuron","ERCC6L2",FALSE,"AD",105,0,8,0,NA,NA,NA,1
"SMC049","ERCC6L2-206","Excitatory_neuron","ERCC6L2",FALSE,"AD",4070,0,261,0,NA,NA,NA,66
"PO13","ERCC6L2-206","Excitatory_neuron","ERCC6L2",FALSE,"Control",777,0,254,0,NA,NA,NA,30
"PO15","ERCC6L2-206","Excitatory_neuron","ERCC6L2",FALSE,"Control",744,0,185,0,NA,NA,NA,68
"PO20","ERCC6L2-206","Excitatory_neuron","ERCC6L2",FALSE,"Control",1454,0,231,0,NA,NA,NA,52
"PO23","ERCC6L2-206","Excitatory_neuron","ERCC6L2",FALSE,"Control",1605,1,487,0.00205338809034908,NA,NA,NA,98
"SMC027","ERCC6L2-206","Excitatory_neuron","ERCC6L2",FALSE,"Control",129,0,28,0,NA,NA,NA,8
"SMC030","ERCC6L2-206","Excitatory_neuron","ERCC6L2",FALSE,"Control",915,0,88,0,NA,NA,NA,39
"SMC033","ERCC6L2-206","Excitatory_neuron","ERCC6L2",FALSE,"Control",2797,0,217,0,NA,NA,NA,56
"SMC052","ERCC6L2-206","Excitatory_neuron","ERCC6L2",FALSE,"Control",4785,0,193,0,NA,NA,NA,45
"PO05","ERCC6L2-207","Excitatory_neuron","ERCC6L2",FALSE,"AD",1197,0,318,0,NA,NA,NA,76
"PO11","ERCC6L2-207","Excitatory_neuron","ERCC6L2",FALSE,"AD",1165,0,382,0,NA,NA,NA,75
"PO28","ERCC6L2-207","Excitatory_neuron","ERCC6L2",FALSE,"AD",1851,0,364,0,NA,NA,NA,76
"PO41","ERCC6L2-207","Excitatory_neuron","ERCC6L2",FALSE,"AD",973,8,288,0.0277777777777778,NA,NA,NA,78
"PO42","ERCC6L2-207","Excitatory_neuron","ERCC6L2",FALSE,"AD",1303,0,264,0,NA,NA,NA,65
"SMC029","ERCC6L2-207","Excitatory_neuron","ERCC6L2",FALSE,"AD",150,0,1,0,NA,NA,NA,1
"SMC032","ERCC6L2-207","Excitatory_neuron","ERCC6L2",FALSE,"AD",578,0,128,0,NA,NA,NA,23
"SMC036","ERCC6L2-207","Excitatory_neuron","ERCC6L2",FALSE,"AD",206,0,5,0,NA,NA,NA,4
"SMC038","ERCC6L2-207","Excitatory_neuron","ERCC6L2",FALSE,"AD",1640,0,84,0,NA,NA,NA,32
"SMC039","ERCC6L2-207","Excitatory_neuron","ERCC6L2",FALSE,"AD",413,0,1,0,NA,NA,NA,1
"SMC041","ERCC6L2-207","Excitatory_neuron","ERCC6L2",FALSE,"AD",1746,0,71,0,NA,NA,NA,16
"SMC043","ERCC6L2-207","Excitatory_neuron","ERCC6L2",FALSE,"AD",105,0,8,0,NA,NA,NA,1
"SMC049","ERCC6L2-207","Excitatory_neuron","ERCC6L2",FALSE,"AD",4070,0,261,0,NA,NA,NA,66
"PO13","ERCC6L2-207","Excitatory_neuron","ERCC6L2",FALSE,"Control",777,0,254,0,NA,NA,NA,30
"PO15","ERCC6L2-207","Excitatory_neuron","ERCC6L2",FALSE,"Control",744,0,185,0,NA,NA,NA,68
"PO20","ERCC6L2-207","Excitatory_neuron","ERCC6L2",FALSE,"Control",1454,21,231,0.0909090909090909,NA,NA,NA,52
"PO23","ERCC6L2-207","Excitatory_neuron","ERCC6L2",FALSE,"Control",1605,1,487,0.00205338809034908,NA,NA,NA,98
"SMC027","ERCC6L2-207","Excitatory_neuron","ERCC6L2",FALSE,"Control",129,0,28,0,NA,NA,NA,8
"SMC030","ERCC6L2-207","Excitatory_neuron","ERCC6L2",FALSE,"Control",915,0,88,0,NA,NA,NA,39
"SMC033","ERCC6L2-207","Excitatory_neuron","ERCC6L2",FALSE,"Control",2797,0,217,0,NA,NA,NA,56
"SMC052","ERCC6L2-207","Excitatory_neuron","ERCC6L2",FALSE,"Control",4785,0,193,0,NA,NA,NA,45
"PO05","ERCC6L2-208","Excitatory_neuron","ERCC6L2",FALSE,"AD",1197,0,318,0,NA,NA,NA,76
"PO11","ERCC6L2-208","Excitatory_neuron","ERCC6L2",FALSE,"AD",1165,0,382,0,NA,NA,NA,75
"PO28","ERCC6L2-208","Excitatory_neuron","ERCC6L2",FALSE,"AD",1851,0,364,0,NA,NA,NA,76
"PO41","ERCC6L2-208","Excitatory_neuron","ERCC6L2",FALSE,"AD",973,0,288,0,NA,NA,NA,78
"PO42","ERCC6L2-208","Excitatory_neuron","ERCC6L2",FALSE,"AD",1303,0,264,0,NA,NA,NA,65
"SMC029","ERCC6L2-208","Excitatory_neuron","ERCC6L2",FALSE,"AD",150,0,1,0,NA,NA,NA,1
"SMC032","ERCC6L2-208","Excitatory_neuron","ERCC6L2",FALSE,"AD",578,0,128,0,NA,NA,NA,23
"SMC036","ERCC6L2-208","Excitatory_neuron","ERCC6L2",FALSE,"AD",206,0,5,0,NA,NA,NA,4
"SMC038","ERCC6L2-208","Excitatory_neuron","ERCC6L2",FALSE,"AD",1640,0,84,0,NA,NA,NA,32
"SMC039","ERCC6L2-208","Excitatory_neuron","ERCC6L2",FALSE,"AD",413,0,1,0,NA,NA,NA,1
"SMC041","ERCC6L2-208","Excitatory_neuron","ERCC6L2",FALSE,"AD",1746,0,71,0,NA,NA,NA,16
"SMC043","ERCC6L2-208","Excitatory_neuron","ERCC6L2",FALSE,"AD",105,0,8,0,NA,NA,NA,1
"SMC049","ERCC6L2-208","Excitatory_neuron","ERCC6L2",FALSE,"AD",4070,3,261,0.0114942528735632,NA,NA,NA,66
"PO13","ERCC6L2-208","Excitatory_neuron","ERCC6L2",FALSE,"Control",777,0,254,0,NA,NA,NA,30
"PO15","ERCC6L2-208","Excitatory_neuron","ERCC6L2",FALSE,"Control",744,0,185,0,NA,NA,NA,68
"PO20","ERCC6L2-208","Excitatory_neuron","ERCC6L2",FALSE,"Control",1454,0,231,0,NA,NA,NA,52
"PO23","ERCC6L2-208","Excitatory_neuron","ERCC6L2",FALSE,"Control",1605,0,487,0,NA,NA,NA,98
"SMC027","ERCC6L2-208","Excitatory_neuron","ERCC6L2",FALSE,"Control",129,0,28,0,NA,NA,NA,8
"SMC030","ERCC6L2-208","Excitatory_neuron","ERCC6L2",FALSE,"Control",915,0,88,0,NA,NA,NA,39
"SMC033","ERCC6L2-208","Excitatory_neuron","ERCC6L2",FALSE,"Control",2797,0,217,0,NA,NA,NA,56
"SMC052","ERCC6L2-208","Excitatory_neuron","ERCC6L2",FALSE,"Control",4785,0,193,0,NA,NA,NA,45
"PO05","ERCC6L2-209","Excitatory_neuron","ERCC6L2",FALSE,"AD",1197,0,318,0,NA,NA,NA,76
"PO11","ERCC6L2-209","Excitatory_neuron","ERCC6L2",FALSE,"AD",1165,1,382,0.00261780104712042,NA,NA,NA,75
"PO28","ERCC6L2-209","Excitatory_neuron","ERCC6L2",FALSE,"AD",1851,0,364,0,NA,NA,NA,76
"PO41","ERCC6L2-209","Excitatory_neuron","ERCC6L2",FALSE,"AD",973,0,288,0,NA,NA,NA,78
"PO42","ERCC6L2-209","Excitatory_neuron","ERCC6L2",FALSE,"AD",1303,0,264,0,NA,NA,NA,65
"SMC029","ERCC6L2-209","Excitatory_neuron","ERCC6L2",FALSE,"AD",150,0,1,0,NA,NA,NA,1
"SMC032","ERCC6L2-209","Excitatory_neuron","ERCC6L2",FALSE,"AD",578,0,128,0,NA,NA,NA,23
"SMC036","ERCC6L2-209","Excitatory_neuron","ERCC6L2",FALSE,"AD",206,0,5,0,NA,NA,NA,4
"SMC038","ERCC6L2-209","Excitatory_neuron","ERCC6L2",FALSE,"AD",1640,0,84,0,NA,NA,NA,32
"SMC039","ERCC6L2-209","Excitatory_neuron","ERCC6L2",FALSE,"AD",413,0,1,0,NA,NA,NA,1
"SMC041","ERCC6L2-209","Excitatory_neuron","ERCC6L2",FALSE,"AD",1746,0,71,0,NA,NA,NA,16
"SMC043","ERCC6L2-209","Excitatory_neuron","ERCC6L2",FALSE,"AD",105,0,8,0,NA,NA,NA,1
"SMC049","ERCC6L2-209","Excitatory_neuron","ERCC6L2",FALSE,"AD",4070,0,261,0,NA,NA,NA,66
"PO13","ERCC6L2-209","Excitatory_neuron","ERCC6L2",FALSE,"Control",777,0,254,0,NA,NA,NA,30
"PO15","ERCC6L2-209","Excitatory_neuron","ERCC6L2",FALSE,"Control",744,0,185,0,NA,NA,NA,68
"PO20","ERCC6L2-209","Excitatory_neuron","ERCC6L2",FALSE,"Control",1454,0,231,0,NA,NA,NA,52
"PO23","ERCC6L2-209","Excitatory_neuron","ERCC6L2",FALSE,"Control",1605,0,487,0,NA,NA,NA,98
"SMC027","ERCC6L2-209","Excitatory_neuron","ERCC6L2",FALSE,"Control",129,0,28,0,NA,NA,NA,8
"SMC030","ERCC6L2-209","Excitatory_neuron","ERCC6L2",FALSE,"Control",915,0,88,0,NA,NA,NA,39
"SMC033","ERCC6L2-209","Excitatory_neuron","ERCC6L2",FALSE,"Control",2797,0,217,0,NA,NA,NA,56
"SMC052","ERCC6L2-209","Excitatory_neuron","ERCC6L2",FALSE,"Control",4785,0,193,0,NA,NA,NA,45
"PO05","ERCC6L2-210","Excitatory_neuron","ERCC6L2",FALSE,"AD",1197,91,318,0.286163522012579,NA,NA,NA,76
"PO11","ERCC6L2-210","Excitatory_neuron","ERCC6L2",FALSE,"AD",1165,24,382,0.06282722513089,NA,NA,NA,75
"PO28","ERCC6L2-210","Excitatory_neuron","ERCC6L2",FALSE,"AD",1851,4,364,0.010989010989011,NA,NA,NA,76
"PO41","ERCC6L2-210","Excitatory_neuron","ERCC6L2",FALSE,"AD",973,21,288,0.0729166666666667,NA,NA,NA,78
"PO42","ERCC6L2-210","Excitatory_neuron","ERCC6L2",FALSE,"AD",1303,9,264,0.0340909090909091,NA,NA,NA,65
"SMC029","ERCC6L2-210","Excitatory_neuron","ERCC6L2",FALSE,"AD",150,0,1,0,NA,NA,NA,1
"SMC032","ERCC6L2-210","Excitatory_neuron","ERCC6L2",FALSE,"AD",578,3,128,0.0234375,NA,NA,NA,23
"SMC036","ERCC6L2-210","Excitatory_neuron","ERCC6L2",FALSE,"AD",206,0,5,0,NA,NA,NA,4
"SMC038","ERCC6L2-210","Excitatory_neuron","ERCC6L2",FALSE,"AD",1640,0,84,0,NA,NA,NA,32
"SMC039","ERCC6L2-210","Excitatory_neuron","ERCC6L2",FALSE,"AD",413,0,1,0,NA,NA,NA,1
"SMC041","ERCC6L2-210","Excitatory_neuron","ERCC6L2",FALSE,"AD",1746,22,71,0.309859154929577,NA,NA,NA,16
"SMC043","ERCC6L2-210","Excitatory_neuron","ERCC6L2",FALSE,"AD",105,8,8,1,NA,NA,NA,1
"SMC049","ERCC6L2-210","Excitatory_neuron","ERCC6L2",FALSE,"AD",4070,18,261,0.0689655172413793,NA,NA,NA,66
"PO13","ERCC6L2-210","Excitatory_neuron","ERCC6L2",FALSE,"Control",777,39,254,0.153543307086614,NA,NA,NA,30
"PO15","ERCC6L2-210","Excitatory_neuron","ERCC6L2",FALSE,"Control",744,6,185,0.0324324324324324,NA,NA,NA,68
"PO20","ERCC6L2-210","Excitatory_neuron","ERCC6L2",FALSE,"Control",1454,19,231,0.0822510822510823,NA,NA,NA,52
"PO23","ERCC6L2-210","Excitatory_neuron","ERCC6L2",FALSE,"Control",1605,16,487,0.0328542094455852,NA,NA,NA,98
"SMC027","ERCC6L2-210","Excitatory_neuron","ERCC6L2",FALSE,"Control",129,0,28,0,NA,NA,NA,8
"SMC030","ERCC6L2-210","Excitatory_neuron","ERCC6L2",FALSE,"Control",915,9,88,0.102272727272727,NA,NA,NA,39
"SMC033","ERCC6L2-210","Excitatory_neuron","ERCC6L2",FALSE,"Control",2797,0,217,0,NA,NA,NA,56
"SMC052","ERCC6L2-210","Excitatory_neuron","ERCC6L2",FALSE,"Control",4785,1,193,0.00518134715025907,NA,NA,NA,45
"PO05","ERCC6L2-211","Excitatory_neuron","ERCC6L2",FALSE,"AD",1197,15,318,0.0471698113207547,NA,NA,NA,76
"PO11","ERCC6L2-211","Excitatory_neuron","ERCC6L2",FALSE,"AD",1165,10,382,0.0261780104712042,NA,NA,NA,75
"PO28","ERCC6L2-211","Excitatory_neuron","ERCC6L2",FALSE,"AD",1851,25,364,0.0686813186813187,NA,NA,NA,76
"PO41","ERCC6L2-211","Excitatory_neuron","ERCC6L2",FALSE,"AD",973,25,288,0.0868055555555556,NA,NA,NA,78
"PO42","ERCC6L2-211","Excitatory_neuron","ERCC6L2",FALSE,"AD",1303,28,264,0.106060606060606,NA,NA,NA,65
"SMC029","ERCC6L2-211","Excitatory_neuron","ERCC6L2",FALSE,"AD",150,0,1,0,NA,NA,NA,1
"SMC032","ERCC6L2-211","Excitatory_neuron","ERCC6L2",FALSE,"AD",578,25,128,0.1953125,NA,NA,NA,23
"SMC036","ERCC6L2-211","Excitatory_neuron","ERCC6L2",FALSE,"AD",206,0,5,0,NA,NA,NA,4
"SMC038","ERCC6L2-211","Excitatory_neuron","ERCC6L2",FALSE,"AD",1640,48,84,0.571428571428571,NA,NA,NA,32
"SMC039","ERCC6L2-211","Excitatory_neuron","ERCC6L2",FALSE,"AD",413,0,1,0,NA,NA,NA,1
"SMC041","ERCC6L2-211","Excitatory_neuron","ERCC6L2",FALSE,"AD",1746,1,71,0.0140845070422535,NA,NA,NA,16
"SMC043","ERCC6L2-211","Excitatory_neuron","ERCC6L2",FALSE,"AD",105,0,8,0,NA,NA,NA,1
"SMC049","ERCC6L2-211","Excitatory_neuron","ERCC6L2",FALSE,"AD",4070,101,261,0.386973180076628,NA,NA,NA,66
"PO13","ERCC6L2-211","Excitatory_neuron","ERCC6L2",FALSE,"Control",777,3,254,0.0118110236220472,NA,NA,NA,30
"PO15","ERCC6L2-211","Excitatory_neuron","ERCC6L2",FALSE,"Control",744,63,185,0.340540540540541,NA,NA,NA,68
"PO20","ERCC6L2-211","Excitatory_neuron","ERCC6L2",FALSE,"Control",1454,6,231,0.025974025974026,NA,NA,NA,52
"PO23","ERCC6L2-211","Excitatory_neuron","ERCC6L2",FALSE,"Control",1605,47,487,0.0965092402464066,NA,NA,NA,98
"SMC027","ERCC6L2-211","Excitatory_neuron","ERCC6L2",FALSE,"Control",129,24,28,0.857142857142857,NA,NA,NA,8
"SMC030","ERCC6L2-211","Excitatory_neuron","ERCC6L2",FALSE,"Control",915,35,88,0.397727272727273,NA,NA,NA,39
"SMC033","ERCC6L2-211","Excitatory_neuron","ERCC6L2",FALSE,"Control",2797,133,217,0.612903225806452,NA,NA,NA,56
"SMC052","ERCC6L2-211","Excitatory_neuron","ERCC6L2",FALSE,"Control",4785,123,193,0.637305699481865,NA,NA,NA,45
"PO05","ERCC6L2-213","Excitatory_neuron","ERCC6L2",FALSE,"AD",1197,14,318,0.0440251572327044,NA,NA,NA,76
"PO11","ERCC6L2-213","Excitatory_neuron","ERCC6L2",FALSE,"AD",1165,31,382,0.081151832460733,NA,NA,NA,75
"PO28","ERCC6L2-213","Excitatory_neuron","ERCC6L2",FALSE,"AD",1851,1,364,0.00274725274725275,NA,NA,NA,76
"PO41","ERCC6L2-213","Excitatory_neuron","ERCC6L2",FALSE,"AD",973,15,288,0.0520833333333333,NA,NA,NA,78
"PO42","ERCC6L2-213","Excitatory_neuron","ERCC6L2",FALSE,"AD",1303,0,264,0,NA,NA,NA,65
"SMC029","ERCC6L2-213","Excitatory_neuron","ERCC6L2",FALSE,"AD",150,0,1,0,NA,NA,NA,1
"SMC032","ERCC6L2-213","Excitatory_neuron","ERCC6L2",FALSE,"AD",578,0,128,0,NA,NA,NA,23
"SMC036","ERCC6L2-213","Excitatory_neuron","ERCC6L2",FALSE,"AD",206,0,5,0,NA,NA,NA,4
"SMC038","ERCC6L2-213","Excitatory_neuron","ERCC6L2",FALSE,"AD",1640,1,84,0.0119047619047619,NA,NA,NA,32
"SMC039","ERCC6L2-213","Excitatory_neuron","ERCC6L2",FALSE,"AD",413,0,1,0,NA,NA,NA,1
"SMC041","ERCC6L2-213","Excitatory_neuron","ERCC6L2",FALSE,"AD",1746,0,71,0,NA,NA,NA,16
"SMC043","ERCC6L2-213","Excitatory_neuron","ERCC6L2",FALSE,"AD",105,0,8,0,NA,NA,NA,1
"SMC049","ERCC6L2-213","Excitatory_neuron","ERCC6L2",FALSE,"AD",4070,0,261,0,NA,NA,NA,66
"PO13","ERCC6L2-213","Excitatory_neuron","ERCC6L2",FALSE,"Control",777,3,254,0.0118110236220472,NA,NA,NA,30
"PO15","ERCC6L2-213","Excitatory_neuron","ERCC6L2",FALSE,"Control",744,6,185,0.0324324324324324,NA,NA,NA,68
"PO20","ERCC6L2-213","Excitatory_neuron","ERCC6L2",FALSE,"Control",1454,0,231,0,NA,NA,NA,52
"PO23","ERCC6L2-213","Excitatory_neuron","ERCC6L2",FALSE,"Control",1605,0,487,0,NA,NA,NA,98
"SMC027","ERCC6L2-213","Excitatory_neuron","ERCC6L2",FALSE,"Control",129,1,28,0.0357142857142857,NA,NA,NA,8
"SMC030","ERCC6L2-213","Excitatory_neuron","ERCC6L2",FALSE,"Control",915,0,88,0,NA,NA,NA,39
"SMC033","ERCC6L2-213","Excitatory_neuron","ERCC6L2",FALSE,"Control",2797,0,217,0,NA,NA,NA,56
"SMC052","ERCC6L2-213","Excitatory_neuron","ERCC6L2",FALSE,"Control",4785,6,193,0.0310880829015544,NA,NA,NA,45
"PO05","ERCC6L2-214","Excitatory_neuron","ERCC6L2",FALSE,"AD",1197,4,318,0.0125786163522013,NA,NA,NA,76
"PO11","ERCC6L2-214","Excitatory_neuron","ERCC6L2",FALSE,"AD",1165,4,382,0.0104712041884817,NA,NA,NA,75
"PO28","ERCC6L2-214","Excitatory_neuron","ERCC6L2",FALSE,"AD",1851,2,364,0.00549450549450549,NA,NA,NA,76
"PO41","ERCC6L2-214","Excitatory_neuron","ERCC6L2",FALSE,"AD",973,14,288,0.0486111111111111,NA,NA,NA,78
"PO42","ERCC6L2-214","Excitatory_neuron","ERCC6L2",FALSE,"AD",1303,0,264,0,NA,NA,NA,65
"SMC029","ERCC6L2-214","Excitatory_neuron","ERCC6L2",FALSE,"AD",150,0,1,0,NA,NA,NA,1
"SMC032","ERCC6L2-214","Excitatory_neuron","ERCC6L2",FALSE,"AD",578,4,128,0.03125,NA,NA,NA,23
"SMC036","ERCC6L2-214","Excitatory_neuron","ERCC6L2",FALSE,"AD",206,0,5,0,NA,NA,NA,4
"SMC038","ERCC6L2-214","Excitatory_neuron","ERCC6L2",FALSE,"AD",1640,1,84,0.0119047619047619,NA,NA,NA,32
"SMC039","ERCC6L2-214","Excitatory_neuron","ERCC6L2",FALSE,"AD",413,0,1,0,NA,NA,NA,1
"SMC041","ERCC6L2-214","Excitatory_neuron","ERCC6L2",FALSE,"AD",1746,0,71,0,NA,NA,NA,16
"SMC043","ERCC6L2-214","Excitatory_neuron","ERCC6L2",FALSE,"AD",105,0,8,0,NA,NA,NA,1
"SMC049","ERCC6L2-214","Excitatory_neuron","ERCC6L2",FALSE,"AD",4070,1,261,0.00383141762452107,NA,NA,NA,66
"PO13","ERCC6L2-214","Excitatory_neuron","ERCC6L2",FALSE,"Control",777,1,254,0.00393700787401575,NA,NA,NA,30
"PO15","ERCC6L2-214","Excitatory_neuron","ERCC6L2",FALSE,"Control",744,4,185,0.0216216216216216,NA,NA,NA,68
"PO20","ERCC6L2-214","Excitatory_neuron","ERCC6L2",FALSE,"Control",1454,9,231,0.038961038961039,NA,NA,NA,52
"PO23","ERCC6L2-214","Excitatory_neuron","ERCC6L2",FALSE,"Control",1605,2,487,0.00410677618069815,NA,NA,NA,98
"SMC027","ERCC6L2-214","Excitatory_neuron","ERCC6L2",FALSE,"Control",129,0,28,0,NA,NA,NA,8
"SMC030","ERCC6L2-214","Excitatory_neuron","ERCC6L2",FALSE,"Control",915,0,88,0,NA,NA,NA,39
"SMC033","ERCC6L2-214","Excitatory_neuron","ERCC6L2",FALSE,"Control",2797,0,217,0,NA,NA,NA,56
"SMC052","ERCC6L2-214","Excitatory_neuron","ERCC6L2",FALSE,"Control",4785,1,193,0.00518134715025907,NA,NA,NA,45
"PO05","ERCC6L2-215","Excitatory_neuron","ERCC6L2",FALSE,"AD",1197,18,318,0.0566037735849057,NA,NA,NA,76
"PO11","ERCC6L2-215","Excitatory_neuron","ERCC6L2",FALSE,"AD",1165,50,382,0.130890052356021,NA,NA,NA,75
"PO28","ERCC6L2-215","Excitatory_neuron","ERCC6L2",FALSE,"AD",1851,111,364,0.304945054945055,NA,NA,NA,76
"PO41","ERCC6L2-215","Excitatory_neuron","ERCC6L2",FALSE,"AD",973,49,288,0.170138888888889,NA,NA,NA,78
"PO42","ERCC6L2-215","Excitatory_neuron","ERCC6L2",FALSE,"AD",1303,23,264,0.0871212121212121,NA,NA,NA,65
"SMC029","ERCC6L2-215","Excitatory_neuron","ERCC6L2",FALSE,"AD",150,0,1,0,NA,NA,NA,1
"SMC032","ERCC6L2-215","Excitatory_neuron","ERCC6L2",FALSE,"AD",578,1,128,0.0078125,NA,NA,NA,23
"SMC036","ERCC6L2-215","Excitatory_neuron","ERCC6L2",FALSE,"AD",206,0,5,0,NA,NA,NA,4
"SMC038","ERCC6L2-215","Excitatory_neuron","ERCC6L2",FALSE,"AD",1640,5,84,0.0595238095238095,NA,NA,NA,32
"SMC039","ERCC6L2-215","Excitatory_neuron","ERCC6L2",FALSE,"AD",413,0,1,0,NA,NA,NA,1
"SMC041","ERCC6L2-215","Excitatory_neuron","ERCC6L2",FALSE,"AD",1746,1,71,0.0140845070422535,NA,NA,NA,16
"SMC043","ERCC6L2-215","Excitatory_neuron","ERCC6L2",FALSE,"AD",105,0,8,0,NA,NA,NA,1
"SMC049","ERCC6L2-215","Excitatory_neuron","ERCC6L2",FALSE,"AD",4070,0,261,0,NA,NA,NA,66
"PO13","ERCC6L2-215","Excitatory_neuron","ERCC6L2",FALSE,"Control",777,160,254,0.62992125984252,NA,NA,NA,30
"PO15","ERCC6L2-215","Excitatory_neuron","ERCC6L2",FALSE,"Control",744,17,185,0.0918918918918919,NA,NA,NA,68
"PO20","ERCC6L2-215","Excitatory_neuron","ERCC6L2",FALSE,"Control",1454,49,231,0.212121212121212,NA,NA,NA,52
"PO23","ERCC6L2-215","Excitatory_neuron","ERCC6L2",FALSE,"Control",1605,279,487,0.572895277207392,NA,NA,NA,98
"SMC027","ERCC6L2-215","Excitatory_neuron","ERCC6L2",FALSE,"Control",129,1,28,0.0357142857142857,NA,NA,NA,8
"SMC030","ERCC6L2-215","Excitatory_neuron","ERCC6L2",FALSE,"Control",915,0,88,0,NA,NA,NA,39
"SMC033","ERCC6L2-215","Excitatory_neuron","ERCC6L2",FALSE,"Control",2797,1,217,0.00460829493087558,NA,NA,NA,56
"SMC052","ERCC6L2-215","Excitatory_neuron","ERCC6L2",FALSE,"Control",4785,2,193,0.0103626943005181,NA,NA,NA,45
"PO05","ERCC6L2-216","Excitatory_neuron","ERCC6L2",FALSE,"AD",1197,16,318,0.050314465408805,NA,NA,NA,76
"PO11","ERCC6L2-216","Excitatory_neuron","ERCC6L2",FALSE,"AD",1165,27,382,0.0706806282722513,NA,NA,NA,75
"PO28","ERCC6L2-216","Excitatory_neuron","ERCC6L2",FALSE,"AD",1851,3,364,0.00824175824175824,NA,NA,NA,76
"PO41","ERCC6L2-216","Excitatory_neuron","ERCC6L2",FALSE,"AD",973,12,288,0.0416666666666667,NA,NA,NA,78
"PO42","ERCC6L2-216","Excitatory_neuron","ERCC6L2",FALSE,"AD",1303,16,264,0.0606060606060606,NA,NA,NA,65
"SMC029","ERCC6L2-216","Excitatory_neuron","ERCC6L2",FALSE,"AD",150,0,1,0,NA,NA,NA,1
"SMC032","ERCC6L2-216","Excitatory_neuron","ERCC6L2",FALSE,"AD",578,0,128,0,NA,NA,NA,23
"SMC036","ERCC6L2-216","Excitatory_neuron","ERCC6L2",FALSE,"AD",206,0,5,0,NA,NA,NA,4
"SMC038","ERCC6L2-216","Excitatory_neuron","ERCC6L2",FALSE,"AD",1640,2,84,0.0238095238095238,NA,NA,NA,32
"SMC039","ERCC6L2-216","Excitatory_neuron","ERCC6L2",FALSE,"AD",413,0,1,0,NA,NA,NA,1
"SMC041","ERCC6L2-216","Excitatory_neuron","ERCC6L2",FALSE,"AD",1746,4,71,0.0563380281690141,NA,NA,NA,16
"SMC043","ERCC6L2-216","Excitatory_neuron","ERCC6L2",FALSE,"AD",105,0,8,0,NA,NA,NA,1
"SMC049","ERCC6L2-216","Excitatory_neuron","ERCC6L2",FALSE,"AD",4070,1,261,0.00383141762452107,NA,NA,NA,66
"PO13","ERCC6L2-216","Excitatory_neuron","ERCC6L2",FALSE,"Control",777,0,254,0,NA,NA,NA,30
"PO15","ERCC6L2-216","Excitatory_neuron","ERCC6L2",FALSE,"Control",744,3,185,0.0162162162162162,NA,NA,NA,68
"PO20","ERCC6L2-216","Excitatory_neuron","ERCC6L2",FALSE,"Control",1454,10,231,0.0432900432900433,NA,NA,NA,52
"PO23","ERCC6L2-216","Excitatory_neuron","ERCC6L2",FALSE,"Control",1605,4,487,0.0082135523613963,NA,NA,NA,98
"SMC027","ERCC6L2-216","Excitatory_neuron","ERCC6L2",FALSE,"Control",129,0,28,0,NA,NA,NA,8
"SMC030","ERCC6L2-216","Excitatory_neuron","ERCC6L2",FALSE,"Control",915,0,88,0,NA,NA,NA,39
"SMC033","ERCC6L2-216","Excitatory_neuron","ERCC6L2",FALSE,"Control",2797,2,217,0.00921658986175115,NA,NA,NA,56
"SMC052","ERCC6L2-216","Excitatory_neuron","ERCC6L2",FALSE,"Control",4785,0,193,0,NA,NA,NA,45
"PO05","ERCC6L2-217","Excitatory_neuron","ERCC6L2",FALSE,"AD",1197,0,318,0,NA,NA,NA,76
"PO11","ERCC6L2-217","Excitatory_neuron","ERCC6L2",FALSE,"AD",1165,1,382,0.00261780104712042,NA,NA,NA,75
"PO28","ERCC6L2-217","Excitatory_neuron","ERCC6L2",FALSE,"AD",1851,0,364,0,NA,NA,NA,76
"PO41","ERCC6L2-217","Excitatory_neuron","ERCC6L2",FALSE,"AD",973,1,288,0.00347222222222222,NA,NA,NA,78
"PO42","ERCC6L2-217","Excitatory_neuron","ERCC6L2",FALSE,"AD",1303,0,264,0,NA,NA,NA,65
"SMC029","ERCC6L2-217","Excitatory_neuron","ERCC6L2",FALSE,"AD",150,0,1,0,NA,NA,NA,1
"SMC032","ERCC6L2-217","Excitatory_neuron","ERCC6L2",FALSE,"AD",578,0,128,0,NA,NA,NA,23
"SMC036","ERCC6L2-217","Excitatory_neuron","ERCC6L2",FALSE,"AD",206,0,5,0,NA,NA,NA,4
"SMC038","ERCC6L2-217","Excitatory_neuron","ERCC6L2",FALSE,"AD",1640,1,84,0.0119047619047619,NA,NA,NA,32
"SMC039","ERCC6L2-217","Excitatory_neuron","ERCC6L2",FALSE,"AD",413,0,1,0,NA,NA,NA,1
"SMC041","ERCC6L2-217","Excitatory_neuron","ERCC6L2",FALSE,"AD",1746,5,71,0.0704225352112676,NA,NA,NA,16
"SMC043","ERCC6L2-217","Excitatory_neuron","ERCC6L2",FALSE,"AD",105,0,8,0,NA,NA,NA,1
"SMC049","ERCC6L2-217","Excitatory_neuron","ERCC6L2",FALSE,"AD",4070,2,261,0.00766283524904215,NA,NA,NA,66
"PO13","ERCC6L2-217","Excitatory_neuron","ERCC6L2",FALSE,"Control",777,0,254,0,NA,NA,NA,30
"PO15","ERCC6L2-217","Excitatory_neuron","ERCC6L2",FALSE,"Control",744,0,185,0,NA,NA,NA,68
"PO20","ERCC6L2-217","Excitatory_neuron","ERCC6L2",FALSE,"Control",1454,13,231,0.0562770562770563,NA,NA,NA,52
"PO23","ERCC6L2-217","Excitatory_neuron","ERCC6L2",FALSE,"Control",1605,2,487,0.00410677618069815,NA,NA,NA,98
"SMC027","ERCC6L2-217","Excitatory_neuron","ERCC6L2",FALSE,"Control",129,0,28,0,NA,NA,NA,8
"SMC030","ERCC6L2-217","Excitatory_neuron","ERCC6L2",FALSE,"Control",915,1,88,0.0113636363636364,NA,NA,NA,39
"SMC033","ERCC6L2-217","Excitatory_neuron","ERCC6L2",FALSE,"Control",2797,0,217,0,NA,NA,NA,56
"SMC052","ERCC6L2-217","Excitatory_neuron","ERCC6L2",FALSE,"Control",4785,0,193,0,NA,NA,NA,45
"PO05","ERCC6L2-220","Excitatory_neuron","ERCC6L2",FALSE,"AD",1197,0,318,0,NA,NA,NA,76
"PO11","ERCC6L2-220","Excitatory_neuron","ERCC6L2",FALSE,"AD",1165,24,382,0.06282722513089,NA,NA,NA,75
"PO28","ERCC6L2-220","Excitatory_neuron","ERCC6L2",FALSE,"AD",1851,0,364,0,NA,NA,NA,76
"PO41","ERCC6L2-220","Excitatory_neuron","ERCC6L2",FALSE,"AD",973,1,288,0.00347222222222222,NA,NA,NA,78
"PO42","ERCC6L2-220","Excitatory_neuron","ERCC6L2",FALSE,"AD",1303,5,264,0.0189393939393939,NA,NA,NA,65
"SMC029","ERCC6L2-220","Excitatory_neuron","ERCC6L2",FALSE,"AD",150,0,1,0,NA,NA,NA,1
"SMC032","ERCC6L2-220","Excitatory_neuron","ERCC6L2",FALSE,"AD",578,1,128,0.0078125,NA,NA,NA,23
"SMC036","ERCC6L2-220","Excitatory_neuron","ERCC6L2",FALSE,"AD",206,0,5,0,NA,NA,NA,4
"SMC038","ERCC6L2-220","Excitatory_neuron","ERCC6L2",FALSE,"AD",1640,1,84,0.0119047619047619,NA,NA,NA,32
"SMC039","ERCC6L2-220","Excitatory_neuron","ERCC6L2",FALSE,"AD",413,0,1,0,NA,NA,NA,1
"SMC041","ERCC6L2-220","Excitatory_neuron","ERCC6L2",FALSE,"AD",1746,0,71,0,NA,NA,NA,16
"SMC043","ERCC6L2-220","Excitatory_neuron","ERCC6L2",FALSE,"AD",105,0,8,0,NA,NA,NA,1
"SMC049","ERCC6L2-220","Excitatory_neuron","ERCC6L2",FALSE,"AD",4070,0,261,0,NA,NA,NA,66
"PO13","ERCC6L2-220","Excitatory_neuron","ERCC6L2",FALSE,"Control",777,0,254,0,NA,NA,NA,30
"PO15","ERCC6L2-220","Excitatory_neuron","ERCC6L2",FALSE,"Control",744,1,185,0.00540540540540541,NA,NA,NA,68
"PO20","ERCC6L2-220","Excitatory_neuron","ERCC6L2",FALSE,"Control",1454,0,231,0,NA,NA,NA,52
"PO23","ERCC6L2-220","Excitatory_neuron","ERCC6L2",FALSE,"Control",1605,2,487,0.00410677618069815,NA,NA,NA,98
"SMC027","ERCC6L2-220","Excitatory_neuron","ERCC6L2",FALSE,"Control",129,0,28,0,NA,NA,NA,8
"SMC030","ERCC6L2-220","Excitatory_neuron","ERCC6L2",FALSE,"Control",915,0,88,0,NA,NA,NA,39
"SMC033","ERCC6L2-220","Excitatory_neuron","ERCC6L2",FALSE,"Control",2797,1,217,0.00460829493087558,NA,NA,NA,56
"SMC052","ERCC6L2-220","Excitatory_neuron","ERCC6L2",FALSE,"Control",4785,5,193,0.0259067357512953,NA,NA,NA,45
"PO05","ERCC6L2-221","Excitatory_neuron","ERCC6L2",FALSE,"AD",1197,0,318,0,NA,NA,NA,76
"PO11","ERCC6L2-221","Excitatory_neuron","ERCC6L2",FALSE,"AD",1165,6,382,0.0157068062827225,NA,NA,NA,75
"PO28","ERCC6L2-221","Excitatory_neuron","ERCC6L2",FALSE,"AD",1851,0,364,0,NA,NA,NA,76
"PO41","ERCC6L2-221","Excitatory_neuron","ERCC6L2",FALSE,"AD",973,0,288,0,NA,NA,NA,78
"PO42","ERCC6L2-221","Excitatory_neuron","ERCC6L2",FALSE,"AD",1303,5,264,0.0189393939393939,NA,NA,NA,65
"SMC029","ERCC6L2-221","Excitatory_neuron","ERCC6L2",FALSE,"AD",150,0,1,0,NA,NA,NA,1
"SMC032","ERCC6L2-221","Excitatory_neuron","ERCC6L2",FALSE,"AD",578,0,128,0,NA,NA,NA,23
"SMC036","ERCC6L2-221","Excitatory_neuron","ERCC6L2",FALSE,"AD",206,0,5,0,NA,NA,NA,4
"SMC038","ERCC6L2-221","Excitatory_neuron","ERCC6L2",FALSE,"AD",1640,0,84,0,NA,NA,NA,32
"SMC039","ERCC6L2-221","Excitatory_neuron","ERCC6L2",FALSE,"AD",413,0,1,0,NA,NA,NA,1
"SMC041","ERCC6L2-221","Excitatory_neuron","ERCC6L2",FALSE,"AD",1746,0,71,0,NA,NA,NA,16
"SMC043","ERCC6L2-221","Excitatory_neuron","ERCC6L2",FALSE,"AD",105,0,8,0,NA,NA,NA,1
"SMC049","ERCC6L2-221","Excitatory_neuron","ERCC6L2",FALSE,"AD",4070,0,261,0,NA,NA,NA,66
"PO13","ERCC6L2-221","Excitatory_neuron","ERCC6L2",FALSE,"Control",777,0,254,0,NA,NA,NA,30
"PO15","ERCC6L2-221","Excitatory_neuron","ERCC6L2",FALSE,"Control",744,0,185,0,NA,NA,NA,68
"PO20","ERCC6L2-221","Excitatory_neuron","ERCC6L2",FALSE,"Control",1454,0,231,0,NA,NA,NA,52
"PO23","ERCC6L2-221","Excitatory_neuron","ERCC6L2",FALSE,"Control",1605,0,487,0,NA,NA,NA,98
"SMC027","ERCC6L2-221","Excitatory_neuron","ERCC6L2",FALSE,"Control",129,0,28,0,NA,NA,NA,8
"SMC030","ERCC6L2-221","Excitatory_neuron","ERCC6L2",FALSE,"Control",915,0,88,0,NA,NA,NA,39
"SMC033","ERCC6L2-221","Excitatory_neuron","ERCC6L2",FALSE,"Control",2797,0,217,0,NA,NA,NA,56
"SMC052","ERCC6L2-221","Excitatory_neuron","ERCC6L2",FALSE,"Control",4785,0,193,0,NA,NA,NA,45
"PO05","ERCC6L2-222","Excitatory_neuron","ERCC6L2",TRUE,"AD",1197,8,318,0.0251572327044025,0.0180308270223817,0.0491749827883138,0.0493250163126214,76
"PO11","ERCC6L2-222","Excitatory_neuron","ERCC6L2",TRUE,"AD",1165,17,382,0.0445026178010471,0.0180308270223817,0.0491749827883138,0.0493250163126214,75
"PO28","ERCC6L2-222","Excitatory_neuron","ERCC6L2",TRUE,"AD",1851,11,364,0.0302197802197802,0.0180308270223817,0.0491749827883138,0.0493250163126214,76
"PO41","ERCC6L2-222","Excitatory_neuron","ERCC6L2",TRUE,"AD",973,42,288,0.145833333333333,0.0180308270223817,0.0491749827883138,0.0493250163126214,78
"PO42","ERCC6L2-222","Excitatory_neuron","ERCC6L2",TRUE,"AD",1303,0,264,0,0.0180308270223817,0.0491749827883138,0.0493250163126214,65
"SMC029","ERCC6L2-222","Excitatory_neuron","ERCC6L2",TRUE,"AD",150,0,1,0,0.0180308270223817,0.0491749827883138,0.0493250163126214,1
"SMC032","ERCC6L2-222","Excitatory_neuron","ERCC6L2",TRUE,"AD",578,0,128,0,0.0180308270223817,0.0491749827883138,0.0493250163126214,23
"SMC036","ERCC6L2-222","Excitatory_neuron","ERCC6L2",TRUE,"AD",206,0,5,0,0.0180308270223817,0.0491749827883138,0.0493250163126214,4
"SMC038","ERCC6L2-222","Excitatory_neuron","ERCC6L2",TRUE,"AD",1640,6,84,0.0714285714285714,0.0180308270223817,0.0491749827883138,0.0493250163126214,32
"SMC039","ERCC6L2-222","Excitatory_neuron","ERCC6L2",TRUE,"AD",413,0,1,0,0.0180308270223817,0.0491749827883138,0.0493250163126214,1
"SMC041","ERCC6L2-222","Excitatory_neuron","ERCC6L2",TRUE,"AD",1746,29,71,0.408450704225352,0.0180308270223817,0.0491749827883138,0.0493250163126214,16
"SMC043","ERCC6L2-222","Excitatory_neuron","ERCC6L2",TRUE,"AD",105,0,8,0,0.0180308270223817,0.0491749827883138,0.0493250163126214,1
"SMC049","ERCC6L2-222","Excitatory_neuron","ERCC6L2",TRUE,"AD",4070,0,261,0,0.0180308270223817,0.0491749827883138,0.0493250163126214,66
"PO13","ERCC6L2-222","Excitatory_neuron","ERCC6L2",TRUE,"Control",777,0,254,0,0.0180308270223817,0.0491749827883138,0.0493250163126214,30
"PO15","ERCC6L2-222","Excitatory_neuron","ERCC6L2",TRUE,"Control",744,7,185,0.0378378378378378,0.0180308270223817,0.0491749827883138,0.0493250163126214,68
"PO20","ERCC6L2-222","Excitatory_neuron","ERCC6L2",TRUE,"Control",1454,0,231,0,0.0180308270223817,0.0491749827883138,0.0493250163126214,52
"PO23","ERCC6L2-222","Excitatory_neuron","ERCC6L2",TRUE,"Control",1605,10,487,0.0205338809034908,0.0180308270223817,0.0491749827883138,0.0493250163126214,98
"SMC027","ERCC6L2-222","Excitatory_neuron","ERCC6L2",TRUE,"Control",129,0,28,0,0.0180308270223817,0.0491749827883138,0.0493250163126214,8
"SMC030","ERCC6L2-222","Excitatory_neuron","ERCC6L2",TRUE,"Control",915,0,88,0,0.0180308270223817,0.0491749827883138,0.0493250163126214,39
"SMC033","ERCC6L2-222","Excitatory_neuron","ERCC6L2",TRUE,"Control",2797,0,217,0,0.0180308270223817,0.0491749827883138,0.0493250163126214,56
"SMC052","ERCC6L2-222","Excitatory_neuron","ERCC6L2",TRUE,"Control",4785,1,193,0.00518134715025907,0.0180308270223817,0.0491749827883138,0.0493250163126214,45
"PO05","ERCC6L2-225","Excitatory_neuron","ERCC6L2",FALSE,"AD",1197,6,318,0.0188679245283019,NA,NA,NA,76
"PO11","ERCC6L2-225","Excitatory_neuron","ERCC6L2",FALSE,"AD",1165,0,382,0,NA,NA,NA,75
"PO28","ERCC6L2-225","Excitatory_neuron","ERCC6L2",FALSE,"AD",1851,10,364,0.0274725274725275,NA,NA,NA,76
"PO41","ERCC6L2-225","Excitatory_neuron","ERCC6L2",FALSE,"AD",973,10,288,0.0347222222222222,NA,NA,NA,78
"PO42","ERCC6L2-225","Excitatory_neuron","ERCC6L2",FALSE,"AD",1303,24,264,0.0909090909090909,NA,NA,NA,65
"SMC029","ERCC6L2-225","Excitatory_neuron","ERCC6L2",FALSE,"AD",150,0,1,0,NA,NA,NA,1
"SMC032","ERCC6L2-225","Excitatory_neuron","ERCC6L2",FALSE,"AD",578,0,128,0,NA,NA,NA,23
"SMC036","ERCC6L2-225","Excitatory_neuron","ERCC6L2",FALSE,"AD",206,0,5,0,NA,NA,NA,4
"SMC038","ERCC6L2-225","Excitatory_neuron","ERCC6L2",FALSE,"AD",1640,0,84,0,NA,NA,NA,32
"SMC039","ERCC6L2-225","Excitatory_neuron","ERCC6L2",FALSE,"AD",413,0,1,0,NA,NA,NA,1
"SMC041","ERCC6L2-225","Excitatory_neuron","ERCC6L2",FALSE,"AD",1746,0,71,0,NA,NA,NA,16
"SMC043","ERCC6L2-225","Excitatory_neuron","ERCC6L2",FALSE,"AD",105,0,8,0,NA,NA,NA,1
"SMC049","ERCC6L2-225","Excitatory_neuron","ERCC6L2",FALSE,"AD",4070,1,261,0.00383141762452107,NA,NA,NA,66
"PO13","ERCC6L2-225","Excitatory_neuron","ERCC6L2",FALSE,"Control",777,0,254,0,NA,NA,NA,30
"PO15","ERCC6L2-225","Excitatory_neuron","ERCC6L2",FALSE,"Control",744,15,185,0.0810810810810811,NA,NA,NA,68
"PO20","ERCC6L2-225","Excitatory_neuron","ERCC6L2",FALSE,"Control",1454,0,231,0,NA,NA,NA,52
"PO23","ERCC6L2-225","Excitatory_neuron","ERCC6L2",FALSE,"Control",1605,1,487,0.00205338809034908,NA,NA,NA,98
"SMC027","ERCC6L2-225","Excitatory_neuron","ERCC6L2",FALSE,"Control",129,2,28,0.0714285714285714,NA,NA,NA,8
"SMC030","ERCC6L2-225","Excitatory_neuron","ERCC6L2",FALSE,"Control",915,1,88,0.0113636363636364,NA,NA,NA,39
"SMC033","ERCC6L2-225","Excitatory_neuron","ERCC6L2",FALSE,"Control",2797,37,217,0.170506912442396,NA,NA,NA,56
"SMC052","ERCC6L2-225","Excitatory_neuron","ERCC6L2",FALSE,"Control",4785,0,193,0,NA,NA,NA,45
"PO05","ERCC6L2-226","Excitatory_neuron","ERCC6L2",FALSE,"AD",1197,4,318,0.0125786163522013,NA,NA,NA,76
"PO11","ERCC6L2-226","Excitatory_neuron","ERCC6L2",FALSE,"AD",1165,58,382,0.151832460732984,NA,NA,NA,75
"PO28","ERCC6L2-226","Excitatory_neuron","ERCC6L2",FALSE,"AD",1851,38,364,0.104395604395604,NA,NA,NA,76
"PO41","ERCC6L2-226","Excitatory_neuron","ERCC6L2",FALSE,"AD",973,10,288,0.0347222222222222,NA,NA,NA,78
"PO42","ERCC6L2-226","Excitatory_neuron","ERCC6L2",FALSE,"AD",1303,43,264,0.162878787878788,NA,NA,NA,65
"SMC029","ERCC6L2-226","Excitatory_neuron","ERCC6L2",FALSE,"AD",150,0,1,0,NA,NA,NA,1
"SMC032","ERCC6L2-226","Excitatory_neuron","ERCC6L2",FALSE,"AD",578,47,128,0.3671875,NA,NA,NA,23
"SMC036","ERCC6L2-226","Excitatory_neuron","ERCC6L2",FALSE,"AD",206,0,5,0,NA,NA,NA,4
"SMC038","ERCC6L2-226","Excitatory_neuron","ERCC6L2",FALSE,"AD",1640,14,84,0.166666666666667,NA,NA,NA,32
"SMC039","ERCC6L2-226","Excitatory_neuron","ERCC6L2",FALSE,"AD",413,0,1,0,NA,NA,NA,1
"SMC041","ERCC6L2-226","Excitatory_neuron","ERCC6L2",FALSE,"AD",1746,0,71,0,NA,NA,NA,16
"SMC043","ERCC6L2-226","Excitatory_neuron","ERCC6L2",FALSE,"AD",105,0,8,0,NA,NA,NA,1
"SMC049","ERCC6L2-226","Excitatory_neuron","ERCC6L2",FALSE,"AD",4070,76,261,0.291187739463602,NA,NA,NA,66
"PO13","ERCC6L2-226","Excitatory_neuron","ERCC6L2",FALSE,"Control",777,6,254,0.0236220472440945,NA,NA,NA,30
"PO15","ERCC6L2-226","Excitatory_neuron","ERCC6L2",FALSE,"Control",744,18,185,0.0972972972972973,NA,NA,NA,68
"PO20","ERCC6L2-226","Excitatory_neuron","ERCC6L2",FALSE,"Control",1454,32,231,0.138528138528139,NA,NA,NA,52
"PO23","ERCC6L2-226","Excitatory_neuron","ERCC6L2",FALSE,"Control",1605,39,487,0.080082135523614,NA,NA,NA,98
"SMC027","ERCC6L2-226","Excitatory_neuron","ERCC6L2",FALSE,"Control",129,0,28,0,NA,NA,NA,8
"SMC030","ERCC6L2-226","Excitatory_neuron","ERCC6L2",FALSE,"Control",915,21,88,0.238636363636364,NA,NA,NA,39
"SMC033","ERCC6L2-226","Excitatory_neuron","ERCC6L2",FALSE,"Control",2797,29,217,0.133640552995392,NA,NA,NA,56
"SMC052","ERCC6L2-226","Excitatory_neuron","ERCC6L2",FALSE,"Control",4785,0,193,0,NA,NA,NA,45
"PO05","ERCC6L2-AS1-207","Excitatory_neuron","ERCC6L2",FALSE,"AD",1197,0,318,0,NA,NA,NA,76
"PO11","ERCC6L2-AS1-207","Excitatory_neuron","ERCC6L2",FALSE,"AD",1165,0,382,0,NA,NA,NA,75
"PO28","ERCC6L2-AS1-207","Excitatory_neuron","ERCC6L2",FALSE,"AD",1851,1,364,0.00274725274725275,NA,NA,NA,76
"PO41","ERCC6L2-AS1-207","Excitatory_neuron","ERCC6L2",FALSE,"AD",973,0,288,0,NA,NA,NA,78
"PO42","ERCC6L2-AS1-207","Excitatory_neuron","ERCC6L2",FALSE,"AD",1303,0,264,0,NA,NA,NA,65
"SMC029","ERCC6L2-AS1-207","Excitatory_neuron","ERCC6L2",FALSE,"AD",150,0,1,0,NA,NA,NA,1
"SMC032","ERCC6L2-AS1-207","Excitatory_neuron","ERCC6L2",FALSE,"AD",578,0,128,0,NA,NA,NA,23
"SMC036","ERCC6L2-AS1-207","Excitatory_neuron","ERCC6L2",FALSE,"AD",206,0,5,0,NA,NA,NA,4
"SMC038","ERCC6L2-AS1-207","Excitatory_neuron","ERCC6L2",FALSE,"AD",1640,0,84,0,NA,NA,NA,32
"SMC039","ERCC6L2-AS1-207","Excitatory_neuron","ERCC6L2",FALSE,"AD",413,0,1,0,NA,NA,NA,1
"SMC041","ERCC6L2-AS1-207","Excitatory_neuron","ERCC6L2",FALSE,"AD",1746,0,71,0,NA,NA,NA,16
"SMC043","ERCC6L2-AS1-207","Excitatory_neuron","ERCC6L2",FALSE,"AD",105,0,8,0,NA,NA,NA,1
"SMC049","ERCC6L2-AS1-207","Excitatory_neuron","ERCC6L2",FALSE,"AD",4070,0,261,0,NA,NA,NA,66
"PO13","ERCC6L2-AS1-207","Excitatory_neuron","ERCC6L2",FALSE,"Control",777,0,254,0,NA,NA,NA,30
"PO15","ERCC6L2-AS1-207","Excitatory_neuron","ERCC6L2",FALSE,"Control",744,0,185,0,NA,NA,NA,68
"PO20","ERCC6L2-AS1-207","Excitatory_neuron","ERCC6L2",FALSE,"Control",1454,0,231,0,NA,NA,NA,52
"PO23","ERCC6L2-AS1-207","Excitatory_neuron","ERCC6L2",FALSE,"Control",1605,0,487,0,NA,NA,NA,98
"SMC027","ERCC6L2-AS1-207","Excitatory_neuron","ERCC6L2",FALSE,"Control",129,0,28,0,NA,NA,NA,8
"SMC030","ERCC6L2-AS1-207","Excitatory_neuron","ERCC6L2",FALSE,"Control",915,1,88,0.0113636363636364,NA,NA,NA,39
"SMC033","ERCC6L2-AS1-207","Excitatory_neuron","ERCC6L2",FALSE,"Control",2797,0,217,0,NA,NA,NA,56
"SMC052","ERCC6L2-AS1-207","Excitatory_neuron","ERCC6L2",FALSE,"Control",4785,2,193,0.0103626943005181,NA,NA,NA,45
"PO05","ERCC6L2-AS1-209","Excitatory_neuron","ERCC6L2",FALSE,"AD",1197,0,318,0,NA,NA,NA,76
"PO11","ERCC6L2-AS1-209","Excitatory_neuron","ERCC6L2",FALSE,"AD",1165,3,382,0.00785340314136126,NA,NA,NA,75
"PO28","ERCC6L2-AS1-209","Excitatory_neuron","ERCC6L2",FALSE,"AD",1851,0,364,0,NA,NA,NA,76
"PO41","ERCC6L2-AS1-209","Excitatory_neuron","ERCC6L2",FALSE,"AD",973,0,288,0,NA,NA,NA,78
"PO42","ERCC6L2-AS1-209","Excitatory_neuron","ERCC6L2",FALSE,"AD",1303,0,264,0,NA,NA,NA,65
"SMC029","ERCC6L2-AS1-209","Excitatory_neuron","ERCC6L2",FALSE,"AD",150,0,1,0,NA,NA,NA,1
"SMC032","ERCC6L2-AS1-209","Excitatory_neuron","ERCC6L2",FALSE,"AD",578,0,128,0,NA,NA,NA,23
"SMC036","ERCC6L2-AS1-209","Excitatory_neuron","ERCC6L2",FALSE,"AD",206,0,5,0,NA,NA,NA,4
"SMC038","ERCC6L2-AS1-209","Excitatory_neuron","ERCC6L2",FALSE,"AD",1640,1,84,0.0119047619047619,NA,NA,NA,32
"SMC039","ERCC6L2-AS1-209","Excitatory_neuron","ERCC6L2",FALSE,"AD",413,0,1,0,NA,NA,NA,1
"SMC041","ERCC6L2-AS1-209","Excitatory_neuron","ERCC6L2",FALSE,"AD",1746,3,71,0.0422535211267606,NA,NA,NA,16
"SMC043","ERCC6L2-AS1-209","Excitatory_neuron","ERCC6L2",FALSE,"AD",105,0,8,0,NA,NA,NA,1
"SMC049","ERCC6L2-AS1-209","Excitatory_neuron","ERCC6L2",FALSE,"AD",4070,7,261,0.0268199233716475,NA,NA,NA,66
"PO13","ERCC6L2-AS1-209","Excitatory_neuron","ERCC6L2",FALSE,"Control",777,1,254,0.00393700787401575,NA,NA,NA,30
"PO15","ERCC6L2-AS1-209","Excitatory_neuron","ERCC6L2",FALSE,"Control",744,0,185,0,NA,NA,NA,68
"PO20","ERCC6L2-AS1-209","Excitatory_neuron","ERCC6L2",FALSE,"Control",1454,0,231,0,NA,NA,NA,52
"PO23","ERCC6L2-AS1-209","Excitatory_neuron","ERCC6L2",FALSE,"Control",1605,4,487,0.0082135523613963,NA,NA,NA,98
"SMC027","ERCC6L2-AS1-209","Excitatory_neuron","ERCC6L2",FALSE,"Control",129,0,28,0,NA,NA,NA,8
"SMC030","ERCC6L2-AS1-209","Excitatory_neuron","ERCC6L2",FALSE,"Control",915,1,88,0.0113636363636364,NA,NA,NA,39
"SMC033","ERCC6L2-AS1-209","Excitatory_neuron","ERCC6L2",FALSE,"Control",2797,0,217,0,NA,NA,NA,56
"SMC052","ERCC6L2-AS1-209","Excitatory_neuron","ERCC6L2",FALSE,"Control",4785,0,193,0,NA,NA,NA,45
"PO05","ERCC6L2-AS1-211","Excitatory_neuron","ERCC6L2",FALSE,"AD",1197,0,318,0,NA,NA,NA,76
"PO11","ERCC6L2-AS1-211","Excitatory_neuron","ERCC6L2",FALSE,"AD",1165,0,382,0,NA,NA,NA,75
"PO28","ERCC6L2-AS1-211","Excitatory_neuron","ERCC6L2",FALSE,"AD",1851,0,364,0,NA,NA,NA,76
"PO41","ERCC6L2-AS1-211","Excitatory_neuron","ERCC6L2",FALSE,"AD",973,0,288,0,NA,NA,NA,78
"PO42","ERCC6L2-AS1-211","Excitatory_neuron","ERCC6L2",FALSE,"AD",1303,0,264,0,NA,NA,NA,65
"SMC029","ERCC6L2-AS1-211","Excitatory_neuron","ERCC6L2",FALSE,"AD",150,0,1,0,NA,NA,NA,1
"SMC032","ERCC6L2-AS1-211","Excitatory_neuron","ERCC6L2",FALSE,"AD",578,0,128,0,NA,NA,NA,23
"SMC036","ERCC6L2-AS1-211","Excitatory_neuron","ERCC6L2",FALSE,"AD",206,0,5,0,NA,NA,NA,4
"SMC038","ERCC6L2-AS1-211","Excitatory_neuron","ERCC6L2",FALSE,"AD",1640,0,84,0,NA,NA,NA,32
"SMC039","ERCC6L2-AS1-211","Excitatory_neuron","ERCC6L2",FALSE,"AD",413,0,1,0,NA,NA,NA,1
"SMC041","ERCC6L2-AS1-211","Excitatory_neuron","ERCC6L2",FALSE,"AD",1746,0,71,0,NA,NA,NA,16
"SMC043","ERCC6L2-AS1-211","Excitatory_neuron","ERCC6L2",FALSE,"AD",105,0,8,0,NA,NA,NA,1
"SMC049","ERCC6L2-AS1-211","Excitatory_neuron","ERCC6L2",FALSE,"AD",4070,2,261,0.00766283524904215,NA,NA,NA,66
"PO13","ERCC6L2-AS1-211","Excitatory_neuron","ERCC6L2",FALSE,"Control",777,0,254,0,NA,NA,NA,30
"PO15","ERCC6L2-AS1-211","Excitatory_neuron","ERCC6L2",FALSE,"Control",744,0,185,0,NA,NA,NA,68
"PO20","ERCC6L2-AS1-211","Excitatory_neuron","ERCC6L2",FALSE,"Control",1454,0,231,0,NA,NA,NA,52
"PO23","ERCC6L2-AS1-211","Excitatory_neuron","ERCC6L2",FALSE,"Control",1605,0,487,0,NA,NA,NA,98
"SMC027","ERCC6L2-AS1-211","Excitatory_neuron","ERCC6L2",FALSE,"Control",129,0,28,0,NA,NA,NA,8
"SMC030","ERCC6L2-AS1-211","Excitatory_neuron","ERCC6L2",FALSE,"Control",915,0,88,0,NA,NA,NA,39
"SMC033","ERCC6L2-AS1-211","Excitatory_neuron","ERCC6L2",FALSE,"Control",2797,0,217,0,NA,NA,NA,56
"SMC052","ERCC6L2-AS1-211","Excitatory_neuron","ERCC6L2",FALSE,"Control",4785,1,193,0.00518134715025907,NA,NA,NA,45
"PO05","GRIA2-201","Excitatory_neuron","GRIA2",FALSE,"AD",1197,44,627,0.0701754385964912,NA,NA,NA,170
"PO11","GRIA2-201","Excitatory_neuron","GRIA2",FALSE,"AD",1165,0,678,0,NA,NA,NA,227
"PO28","GRIA2-201","Excitatory_neuron","GRIA2",FALSE,"AD",1851,7,870,0.00804597701149425,NA,NA,NA,303
"PO41","GRIA2-201","Excitatory_neuron","GRIA2",FALSE,"AD",973,52,1152,0.0451388888888889,NA,NA,NA,292
"PO42","GRIA2-201","Excitatory_neuron","GRIA2",FALSE,"AD",1303,12,501,0.0239520958083832,NA,NA,NA,165
"SMC029","GRIA2-201","Excitatory_neuron","GRIA2",FALSE,"AD",150,58,94,0.617021276595745,NA,NA,NA,18
"SMC032","GRIA2-201","Excitatory_neuron","GRIA2",FALSE,"AD",578,266,881,0.301929625425653,NA,NA,NA,98
"SMC036","GRIA2-201","Excitatory_neuron","GRIA2",FALSE,"AD",206,0,45,0,NA,NA,NA,17
"SMC038","GRIA2-201","Excitatory_neuron","GRIA2",FALSE,"AD",1640,0,568,0,NA,NA,NA,234
"SMC039","GRIA2-201","Excitatory_neuron","GRIA2",FALSE,"AD",413,0,79,0,NA,NA,NA,21
"SMC041","GRIA2-201","Excitatory_neuron","GRIA2",FALSE,"AD",1746,0,167,0,NA,NA,NA,70
"SMC043","GRIA2-201","Excitatory_neuron","GRIA2",FALSE,"AD",105,0,20,0,NA,NA,NA,3
"SMC049","GRIA2-201","Excitatory_neuron","GRIA2",FALSE,"AD",4070,258,2267,0.113806793118659,NA,NA,NA,601
"PO13","GRIA2-201","Excitatory_neuron","GRIA2",FALSE,"Control",777,0,107,0,NA,NA,NA,40
"PO15","GRIA2-201","Excitatory_neuron","GRIA2",FALSE,"Control",744,107,777,0.137709137709138,NA,NA,NA,221
"PO20","GRIA2-201","Excitatory_neuron","GRIA2",FALSE,"Control",1454,30,515,0.058252427184466,NA,NA,NA,162
"PO23","GRIA2-201","Excitatory_neuron","GRIA2",FALSE,"Control",1605,0,1323,0,NA,NA,NA,278
"SMC027","GRIA2-201","Excitatory_neuron","GRIA2",FALSE,"Control",129,3,231,0.012987012987013,NA,NA,NA,30
"SMC030","GRIA2-201","Excitatory_neuron","GRIA2",FALSE,"Control",915,1067,1894,0.563357972544879,NA,NA,NA,247
"SMC033","GRIA2-201","Excitatory_neuron","GRIA2",FALSE,"Control",2797,61,836,0.0729665071770335,NA,NA,NA,196
"SMC052","GRIA2-201","Excitatory_neuron","GRIA2",FALSE,"Control",4785,1,1634,0.000611995104039168,NA,NA,NA,412
"PO05","GRIA2-202","Excitatory_neuron","GRIA2",FALSE,"AD",1197,1,627,0.00159489633173844,NA,NA,NA,170
"PO11","GRIA2-202","Excitatory_neuron","GRIA2",FALSE,"AD",1165,0,678,0,NA,NA,NA,227
"PO28","GRIA2-202","Excitatory_neuron","GRIA2",FALSE,"AD",1851,0,870,0,NA,NA,NA,303
"PO41","GRIA2-202","Excitatory_neuron","GRIA2",FALSE,"AD",973,24,1152,0.0208333333333333,NA,NA,NA,292
"PO42","GRIA2-202","Excitatory_neuron","GRIA2",FALSE,"AD",1303,1,501,0.00199600798403194,NA,NA,NA,165
"SMC029","GRIA2-202","Excitatory_neuron","GRIA2",FALSE,"AD",150,1,94,0.0106382978723404,NA,NA,NA,18
"SMC032","GRIA2-202","Excitatory_neuron","GRIA2",FALSE,"AD",578,254,881,0.288308740068104,NA,NA,NA,98
"SMC036","GRIA2-202","Excitatory_neuron","GRIA2",FALSE,"AD",206,0,45,0,NA,NA,NA,17
"SMC038","GRIA2-202","Excitatory_neuron","GRIA2",FALSE,"AD",1640,0,568,0,NA,NA,NA,234
"SMC039","GRIA2-202","Excitatory_neuron","GRIA2",FALSE,"AD",413,0,79,0,NA,NA,NA,21
"SMC041","GRIA2-202","Excitatory_neuron","GRIA2",FALSE,"AD",1746,0,167,0,NA,NA,NA,70
"SMC043","GRIA2-202","Excitatory_neuron","GRIA2",FALSE,"AD",105,0,20,0,NA,NA,NA,3
"SMC049","GRIA2-202","Excitatory_neuron","GRIA2",FALSE,"AD",4070,19,2267,0.00838112042346714,NA,NA,NA,601
"PO13","GRIA2-202","Excitatory_neuron","GRIA2",FALSE,"Control",777,0,107,0,NA,NA,NA,40
"PO15","GRIA2-202","Excitatory_neuron","GRIA2",FALSE,"Control",744,22,777,0.0283140283140283,NA,NA,NA,221
"PO20","GRIA2-202","Excitatory_neuron","GRIA2",FALSE,"Control",1454,0,515,0,NA,NA,NA,162
"PO23","GRIA2-202","Excitatory_neuron","GRIA2",FALSE,"Control",1605,3,1323,0.00226757369614512,NA,NA,NA,278
"SMC027","GRIA2-202","Excitatory_neuron","GRIA2",FALSE,"Control",129,0,231,0,NA,NA,NA,30
"SMC030","GRIA2-202","Excitatory_neuron","GRIA2",FALSE,"Control",915,195,1894,0.102956705385428,NA,NA,NA,247
"SMC033","GRIA2-202","Excitatory_neuron","GRIA2",FALSE,"Control",2797,3,836,0.00358851674641148,NA,NA,NA,196
"SMC052","GRIA2-202","Excitatory_neuron","GRIA2",FALSE,"Control",4785,0,1634,0,NA,NA,NA,412
"PO05","GRIA2-204","Excitatory_neuron","GRIA2",FALSE,"AD",1197,0,627,0,NA,NA,NA,170
"PO11","GRIA2-204","Excitatory_neuron","GRIA2",FALSE,"AD",1165,0,678,0,NA,NA,NA,227
"PO28","GRIA2-204","Excitatory_neuron","GRIA2",FALSE,"AD",1851,2,870,0.00229885057471264,NA,NA,NA,303
"PO41","GRIA2-204","Excitatory_neuron","GRIA2",FALSE,"AD",973,0,1152,0,NA,NA,NA,292
"PO42","GRIA2-204","Excitatory_neuron","GRIA2",FALSE,"AD",1303,0,501,0,NA,NA,NA,165
"SMC029","GRIA2-204","Excitatory_neuron","GRIA2",FALSE,"AD",150,1,94,0.0106382978723404,NA,NA,NA,18
"SMC032","GRIA2-204","Excitatory_neuron","GRIA2",FALSE,"AD",578,13,881,0.0147559591373439,NA,NA,NA,98
"SMC036","GRIA2-204","Excitatory_neuron","GRIA2",FALSE,"AD",206,0,45,0,NA,NA,NA,17
"SMC038","GRIA2-204","Excitatory_neuron","GRIA2",FALSE,"AD",1640,1,568,0.00176056338028169,NA,NA,NA,234
"SMC039","GRIA2-204","Excitatory_neuron","GRIA2",FALSE,"AD",413,2,79,0.0253164556962025,NA,NA,NA,21
"SMC041","GRIA2-204","Excitatory_neuron","GRIA2",FALSE,"AD",1746,0,167,0,NA,NA,NA,70
"SMC043","GRIA2-204","Excitatory_neuron","GRIA2",FALSE,"AD",105,0,20,0,NA,NA,NA,3
"SMC049","GRIA2-204","Excitatory_neuron","GRIA2",FALSE,"AD",4070,0,2267,0,NA,NA,NA,601
"PO13","GRIA2-204","Excitatory_neuron","GRIA2",FALSE,"Control",777,0,107,0,NA,NA,NA,40
"PO15","GRIA2-204","Excitatory_neuron","GRIA2",FALSE,"Control",744,0,777,0,NA,NA,NA,221
"PO20","GRIA2-204","Excitatory_neuron","GRIA2",FALSE,"Control",1454,1,515,0.00194174757281553,NA,NA,NA,162
"PO23","GRIA2-204","Excitatory_neuron","GRIA2",FALSE,"Control",1605,11,1323,0.00831443688586546,NA,NA,NA,278
"SMC027","GRIA2-204","Excitatory_neuron","GRIA2",FALSE,"Control",129,0,231,0,NA,NA,NA,30
"SMC030","GRIA2-204","Excitatory_neuron","GRIA2",FALSE,"Control",915,0,1894,0,NA,NA,NA,247
"SMC033","GRIA2-204","Excitatory_neuron","GRIA2",FALSE,"Control",2797,23,836,0.027511961722488,NA,NA,NA,196
"SMC052","GRIA2-204","Excitatory_neuron","GRIA2",FALSE,"Control",4785,1,1634,0.000611995104039168,NA,NA,NA,412
"PO05","GRIA2-205","Excitatory_neuron","GRIA2",FALSE,"AD",1197,195,627,0.311004784688995,NA,NA,NA,170
"PO11","GRIA2-205","Excitatory_neuron","GRIA2",FALSE,"AD",1165,214,678,0.315634218289086,NA,NA,NA,227
"PO28","GRIA2-205","Excitatory_neuron","GRIA2",FALSE,"AD",1851,399,870,0.458620689655172,NA,NA,NA,303
"PO41","GRIA2-205","Excitatory_neuron","GRIA2",FALSE,"AD",973,471,1152,0.408854166666667,NA,NA,NA,292
"PO42","GRIA2-205","Excitatory_neuron","GRIA2",FALSE,"AD",1303,207,501,0.413173652694611,NA,NA,NA,165
"SMC029","GRIA2-205","Excitatory_neuron","GRIA2",FALSE,"AD",150,9,94,0.0957446808510638,NA,NA,NA,18
"SMC032","GRIA2-205","Excitatory_neuron","GRIA2",FALSE,"AD",578,47,881,0.0533484676503973,NA,NA,NA,98
"SMC036","GRIA2-205","Excitatory_neuron","GRIA2",FALSE,"AD",206,27,45,0.6,NA,NA,NA,17
"SMC038","GRIA2-205","Excitatory_neuron","GRIA2",FALSE,"AD",1640,215,568,0.378521126760563,NA,NA,NA,234
"SMC039","GRIA2-205","Excitatory_neuron","GRIA2",FALSE,"AD",413,0,79,0,NA,NA,NA,21
"SMC041","GRIA2-205","Excitatory_neuron","GRIA2",FALSE,"AD",1746,52,167,0.311377245508982,NA,NA,NA,70
"SMC043","GRIA2-205","Excitatory_neuron","GRIA2",FALSE,"AD",105,1,20,0.05,NA,NA,NA,3
"SMC049","GRIA2-205","Excitatory_neuron","GRIA2",FALSE,"AD",4070,480,2267,0.211733568592854,NA,NA,NA,601
"PO13","GRIA2-205","Excitatory_neuron","GRIA2",FALSE,"Control",777,23,107,0.214953271028037,NA,NA,NA,40
"PO15","GRIA2-205","Excitatory_neuron","GRIA2",FALSE,"Control",744,360,777,0.463320463320463,NA,NA,NA,221
"PO20","GRIA2-205","Excitatory_neuron","GRIA2",FALSE,"Control",1454,224,515,0.43495145631068,NA,NA,NA,162
"PO23","GRIA2-205","Excitatory_neuron","GRIA2",FALSE,"Control",1605,955,1323,0.721844293272865,NA,NA,NA,278
"SMC027","GRIA2-205","Excitatory_neuron","GRIA2",FALSE,"Control",129,184,231,0.796536796536797,NA,NA,NA,30
"SMC030","GRIA2-205","Excitatory_neuron","GRIA2",FALSE,"Control",915,239,1894,0.126187961985216,NA,NA,NA,247
"SMC033","GRIA2-205","Excitatory_neuron","GRIA2",FALSE,"Control",2797,156,836,0.186602870813397,NA,NA,NA,196
"SMC052","GRIA2-205","Excitatory_neuron","GRIA2",FALSE,"Control",4785,484,1634,0.296205630354957,NA,NA,NA,412
"PO05","GRIA2-209","Excitatory_neuron","GRIA2",FALSE,"AD",1197,0,627,0,NA,NA,NA,170
"PO11","GRIA2-209","Excitatory_neuron","GRIA2",FALSE,"AD",1165,0,678,0,NA,NA,NA,227
"PO28","GRIA2-209","Excitatory_neuron","GRIA2",FALSE,"AD",1851,1,870,0.00114942528735632,NA,NA,NA,303
"PO41","GRIA2-209","Excitatory_neuron","GRIA2",FALSE,"AD",973,0,1152,0,NA,NA,NA,292
"PO42","GRIA2-209","Excitatory_neuron","GRIA2",FALSE,"AD",1303,0,501,0,NA,NA,NA,165
"SMC029","GRIA2-209","Excitatory_neuron","GRIA2",FALSE,"AD",150,1,94,0.0106382978723404,NA,NA,NA,18
"SMC032","GRIA2-209","Excitatory_neuron","GRIA2",FALSE,"AD",578,0,881,0,NA,NA,NA,98
"SMC036","GRIA2-209","Excitatory_neuron","GRIA2",FALSE,"AD",206,2,45,0.0444444444444444,NA,NA,NA,17
"SMC038","GRIA2-209","Excitatory_neuron","GRIA2",FALSE,"AD",1640,0,568,0,NA,NA,NA,234
"SMC039","GRIA2-209","Excitatory_neuron","GRIA2",FALSE,"AD",413,0,79,0,NA,NA,NA,21
"SMC041","GRIA2-209","Excitatory_neuron","GRIA2",FALSE,"AD",1746,0,167,0,NA,NA,NA,70
"SMC043","GRIA2-209","Excitatory_neuron","GRIA2",FALSE,"AD",105,0,20,0,NA,NA,NA,3
"SMC049","GRIA2-209","Excitatory_neuron","GRIA2",FALSE,"AD",4070,0,2267,0,NA,NA,NA,601
"PO13","GRIA2-209","Excitatory_neuron","GRIA2",FALSE,"Control",777,0,107,0,NA,NA,NA,40
"PO15","GRIA2-209","Excitatory_neuron","GRIA2",FALSE,"Control",744,0,777,0,NA,NA,NA,221
"PO20","GRIA2-209","Excitatory_neuron","GRIA2",FALSE,"Control",1454,0,515,0,NA,NA,NA,162
"PO23","GRIA2-209","Excitatory_neuron","GRIA2",FALSE,"Control",1605,0,1323,0,NA,NA,NA,278
"SMC027","GRIA2-209","Excitatory_neuron","GRIA2",FALSE,"Control",129,0,231,0,NA,NA,NA,30
"SMC030","GRIA2-209","Excitatory_neuron","GRIA2",FALSE,"Control",915,0,1894,0,NA,NA,NA,247
"SMC033","GRIA2-209","Excitatory_neuron","GRIA2",FALSE,"Control",2797,0,836,0,NA,NA,NA,196
"SMC052","GRIA2-209","Excitatory_neuron","GRIA2",FALSE,"Control",4785,1,1634,0.000611995104039168,NA,NA,NA,412
"PO05","GRIA2-211","Excitatory_neuron","GRIA2",FALSE,"AD",1197,0,627,0,NA,NA,NA,170
"PO11","GRIA2-211","Excitatory_neuron","GRIA2",FALSE,"AD",1165,1,678,0.00147492625368732,NA,NA,NA,227
"PO28","GRIA2-211","Excitatory_neuron","GRIA2",FALSE,"AD",1851,0,870,0,NA,NA,NA,303
"PO41","GRIA2-211","Excitatory_neuron","GRIA2",FALSE,"AD",973,1,1152,0.000868055555555556,NA,NA,NA,292
"PO42","GRIA2-211","Excitatory_neuron","GRIA2",FALSE,"AD",1303,0,501,0,NA,NA,NA,165
"SMC029","GRIA2-211","Excitatory_neuron","GRIA2",FALSE,"AD",150,0,94,0,NA,NA,NA,18
"SMC032","GRIA2-211","Excitatory_neuron","GRIA2",FALSE,"AD",578,0,881,0,NA,NA,NA,98
"SMC036","GRIA2-211","Excitatory_neuron","GRIA2",FALSE,"AD",206,0,45,0,NA,NA,NA,17
"SMC038","GRIA2-211","Excitatory_neuron","GRIA2",FALSE,"AD",1640,1,568,0.00176056338028169,NA,NA,NA,234
"SMC039","GRIA2-211","Excitatory_neuron","GRIA2",FALSE,"AD",413,0,79,0,NA,NA,NA,21
"SMC041","GRIA2-211","Excitatory_neuron","GRIA2",FALSE,"AD",1746,3,167,0.0179640718562874,NA,NA,NA,70
"SMC043","GRIA2-211","Excitatory_neuron","GRIA2",FALSE,"AD",105,0,20,0,NA,NA,NA,3
"SMC049","GRIA2-211","Excitatory_neuron","GRIA2",FALSE,"AD",4070,4,2267,0.00176444640494045,NA,NA,NA,601
"PO13","GRIA2-211","Excitatory_neuron","GRIA2",FALSE,"Control",777,1,107,0.00934579439252336,NA,NA,NA,40
"PO15","GRIA2-211","Excitatory_neuron","GRIA2",FALSE,"Control",744,2,777,0.00257400257400257,NA,NA,NA,221
"PO20","GRIA2-211","Excitatory_neuron","GRIA2",FALSE,"Control",1454,0,515,0,NA,NA,NA,162
"PO23","GRIA2-211","Excitatory_neuron","GRIA2",FALSE,"Control",1605,1,1323,0.000755857898715042,NA,NA,NA,278
"SMC027","GRIA2-211","Excitatory_neuron","GRIA2",FALSE,"Control",129,0,231,0,NA,NA,NA,30
"SMC030","GRIA2-211","Excitatory_neuron","GRIA2",FALSE,"Control",915,1,1894,0.000527983104540655,NA,NA,NA,247
"SMC033","GRIA2-211","Excitatory_neuron","GRIA2",FALSE,"Control",2797,0,836,0,NA,NA,NA,196
"SMC052","GRIA2-211","Excitatory_neuron","GRIA2",FALSE,"Control",4785,0,1634,0,NA,NA,NA,412
"PO05","GRIA2-215","Excitatory_neuron","GRIA2",FALSE,"AD",1197,0,627,0,NA,NA,NA,170
"PO11","GRIA2-215","Excitatory_neuron","GRIA2",FALSE,"AD",1165,0,678,0,NA,NA,NA,227
"PO28","GRIA2-215","Excitatory_neuron","GRIA2",FALSE,"AD",1851,0,870,0,NA,NA,NA,303
"PO41","GRIA2-215","Excitatory_neuron","GRIA2",FALSE,"AD",973,0,1152,0,NA,NA,NA,292
"PO42","GRIA2-215","Excitatory_neuron","GRIA2",FALSE,"AD",1303,0,501,0,NA,NA,NA,165
"SMC029","GRIA2-215","Excitatory_neuron","GRIA2",FALSE,"AD",150,0,94,0,NA,NA,NA,18
"SMC032","GRIA2-215","Excitatory_neuron","GRIA2",FALSE,"AD",578,0,881,0,NA,NA,NA,98
"SMC036","GRIA2-215","Excitatory_neuron","GRIA2",FALSE,"AD",206,0,45,0,NA,NA,NA,17
"SMC038","GRIA2-215","Excitatory_neuron","GRIA2",FALSE,"AD",1640,0,568,0,NA,NA,NA,234
"SMC039","GRIA2-215","Excitatory_neuron","GRIA2",FALSE,"AD",413,0,79,0,NA,NA,NA,21
"SMC041","GRIA2-215","Excitatory_neuron","GRIA2",FALSE,"AD",1746,0,167,0,NA,NA,NA,70
"SMC043","GRIA2-215","Excitatory_neuron","GRIA2",FALSE,"AD",105,0,20,0,NA,NA,NA,3
"SMC049","GRIA2-215","Excitatory_neuron","GRIA2",FALSE,"AD",4070,0,2267,0,NA,NA,NA,601
"PO13","GRIA2-215","Excitatory_neuron","GRIA2",FALSE,"Control",777,0,107,0,NA,NA,NA,40
"PO15","GRIA2-215","Excitatory_neuron","GRIA2",FALSE,"Control",744,9,777,0.0115830115830116,NA,NA,NA,221
"PO20","GRIA2-215","Excitatory_neuron","GRIA2",FALSE,"Control",1454,0,515,0,NA,NA,NA,162
"PO23","GRIA2-215","Excitatory_neuron","GRIA2",FALSE,"Control",1605,1,1323,0.000755857898715042,NA,NA,NA,278
"SMC027","GRIA2-215","Excitatory_neuron","GRIA2",FALSE,"Control",129,0,231,0,NA,NA,NA,30
"SMC030","GRIA2-215","Excitatory_neuron","GRIA2",FALSE,"Control",915,4,1894,0.00211193241816262,NA,NA,NA,247
"SMC033","GRIA2-215","Excitatory_neuron","GRIA2",FALSE,"Control",2797,0,836,0,NA,NA,NA,196
"SMC052","GRIA2-215","Excitatory_neuron","GRIA2",FALSE,"Control",4785,1,1634,0.000611995104039168,NA,NA,NA,412
"PO05","GRIA2-216","Excitatory_neuron","GRIA2",FALSE,"AD",1197,0,627,0,NA,NA,NA,170
"PO11","GRIA2-216","Excitatory_neuron","GRIA2",FALSE,"AD",1165,0,678,0,NA,NA,NA,227
"PO28","GRIA2-216","Excitatory_neuron","GRIA2",FALSE,"AD",1851,4,870,0.00459770114942529,NA,NA,NA,303
"PO41","GRIA2-216","Excitatory_neuron","GRIA2",FALSE,"AD",973,0,1152,0,NA,NA,NA,292
"PO42","GRIA2-216","Excitatory_neuron","GRIA2",FALSE,"AD",1303,1,501,0.00199600798403194,NA,NA,NA,165
"SMC029","GRIA2-216","Excitatory_neuron","GRIA2",FALSE,"AD",150,1,94,0.0106382978723404,NA,NA,NA,18
"SMC032","GRIA2-216","Excitatory_neuron","GRIA2",FALSE,"AD",578,0,881,0,NA,NA,NA,98
"SMC036","GRIA2-216","Excitatory_neuron","GRIA2",FALSE,"AD",206,0,45,0,NA,NA,NA,17
"SMC038","GRIA2-216","Excitatory_neuron","GRIA2",FALSE,"AD",1640,0,568,0,NA,NA,NA,234
"SMC039","GRIA2-216","Excitatory_neuron","GRIA2",FALSE,"AD",413,0,79,0,NA,NA,NA,21
"SMC041","GRIA2-216","Excitatory_neuron","GRIA2",FALSE,"AD",1746,0,167,0,NA,NA,NA,70
"SMC043","GRIA2-216","Excitatory_neuron","GRIA2",FALSE,"AD",105,0,20,0,NA,NA,NA,3
"SMC049","GRIA2-216","Excitatory_neuron","GRIA2",FALSE,"AD",4070,7,2267,0.00308778120864579,NA,NA,NA,601
"PO13","GRIA2-216","Excitatory_neuron","GRIA2",FALSE,"Control",777,0,107,0,NA,NA,NA,40
"PO15","GRIA2-216","Excitatory_neuron","GRIA2",FALSE,"Control",744,1,777,0.00128700128700129,NA,NA,NA,221
"PO20","GRIA2-216","Excitatory_neuron","GRIA2",FALSE,"Control",1454,0,515,0,NA,NA,NA,162
"PO23","GRIA2-216","Excitatory_neuron","GRIA2",FALSE,"Control",1605,0,1323,0,NA,NA,NA,278
"SMC027","GRIA2-216","Excitatory_neuron","GRIA2",FALSE,"Control",129,0,231,0,NA,NA,NA,30
"SMC030","GRIA2-216","Excitatory_neuron","GRIA2",FALSE,"Control",915,27,1894,0.0142555438225977,NA,NA,NA,247
"SMC033","GRIA2-216","Excitatory_neuron","GRIA2",FALSE,"Control",2797,0,836,0,NA,NA,NA,196
"SMC052","GRIA2-216","Excitatory_neuron","GRIA2",FALSE,"Control",4785,0,1634,0,NA,NA,NA,412
"PO05","GRIA2-217","Excitatory_neuron","GRIA2",FALSE,"AD",1197,0,627,0,NA,NA,NA,170
"PO11","GRIA2-217","Excitatory_neuron","GRIA2",FALSE,"AD",1165,0,678,0,NA,NA,NA,227
"PO28","GRIA2-217","Excitatory_neuron","GRIA2",FALSE,"AD",1851,0,870,0,NA,NA,NA,303
"PO41","GRIA2-217","Excitatory_neuron","GRIA2",FALSE,"AD",973,0,1152,0,NA,NA,NA,292
"PO42","GRIA2-217","Excitatory_neuron","GRIA2",FALSE,"AD",1303,0,501,0,NA,NA,NA,165
"SMC029","GRIA2-217","Excitatory_neuron","GRIA2",FALSE,"AD",150,0,94,0,NA,NA,NA,18
"SMC032","GRIA2-217","Excitatory_neuron","GRIA2",FALSE,"AD",578,0,881,0,NA,NA,NA,98
"SMC036","GRIA2-217","Excitatory_neuron","GRIA2",FALSE,"AD",206,0,45,0,NA,NA,NA,17
"SMC038","GRIA2-217","Excitatory_neuron","GRIA2",FALSE,"AD",1640,0,568,0,NA,NA,NA,234
"SMC039","GRIA2-217","Excitatory_neuron","GRIA2",FALSE,"AD",413,0,79,0,NA,NA,NA,21
"SMC041","GRIA2-217","Excitatory_neuron","GRIA2",FALSE,"AD",1746,0,167,0,NA,NA,NA,70
"SMC043","GRIA2-217","Excitatory_neuron","GRIA2",FALSE,"AD",105,0,20,0,NA,NA,NA,3
"SMC049","GRIA2-217","Excitatory_neuron","GRIA2",FALSE,"AD",4070,0,2267,0,NA,NA,NA,601
"PO13","GRIA2-217","Excitatory_neuron","GRIA2",FALSE,"Control",777,0,107,0,NA,NA,NA,40
"PO15","GRIA2-217","Excitatory_neuron","GRIA2",FALSE,"Control",744,0,777,0,NA,NA,NA,221
"PO20","GRIA2-217","Excitatory_neuron","GRIA2",FALSE,"Control",1454,0,515,0,NA,NA,NA,162
"PO23","GRIA2-217","Excitatory_neuron","GRIA2",FALSE,"Control",1605,0,1323,0,NA,NA,NA,278
"SMC027","GRIA2-217","Excitatory_neuron","GRIA2",FALSE,"Control",129,0,231,0,NA,NA,NA,30
"SMC030","GRIA2-217","Excitatory_neuron","GRIA2",FALSE,"Control",915,0,1894,0,NA,NA,NA,247
"SMC033","GRIA2-217","Excitatory_neuron","GRIA2",FALSE,"Control",2797,0,836,0,NA,NA,NA,196
"SMC052","GRIA2-217","Excitatory_neuron","GRIA2",FALSE,"Control",4785,1,1634,0.000611995104039168,NA,NA,NA,412
"PO05","GRIA2-219","Excitatory_neuron","GRIA2",FALSE,"AD",1197,0,627,0,NA,NA,NA,170
"PO11","GRIA2-219","Excitatory_neuron","GRIA2",FALSE,"AD",1165,0,678,0,NA,NA,NA,227
"PO28","GRIA2-219","Excitatory_neuron","GRIA2",FALSE,"AD",1851,0,870,0,NA,NA,NA,303
"PO41","GRIA2-219","Excitatory_neuron","GRIA2",FALSE,"AD",973,0,1152,0,NA,NA,NA,292
"PO42","GRIA2-219","Excitatory_neuron","GRIA2",FALSE,"AD",1303,0,501,0,NA,NA,NA,165
"SMC029","GRIA2-219","Excitatory_neuron","GRIA2",FALSE,"AD",150,0,94,0,NA,NA,NA,18
"SMC032","GRIA2-219","Excitatory_neuron","GRIA2",FALSE,"AD",578,0,881,0,NA,NA,NA,98
"SMC036","GRIA2-219","Excitatory_neuron","GRIA2",FALSE,"AD",206,0,45,0,NA,NA,NA,17
"SMC038","GRIA2-219","Excitatory_neuron","GRIA2",FALSE,"AD",1640,0,568,0,NA,NA,NA,234
"SMC039","GRIA2-219","Excitatory_neuron","GRIA2",FALSE,"AD",413,0,79,0,NA,NA,NA,21
"SMC041","GRIA2-219","Excitatory_neuron","GRIA2",FALSE,"AD",1746,0,167,0,NA,NA,NA,70
"SMC043","GRIA2-219","Excitatory_neuron","GRIA2",FALSE,"AD",105,0,20,0,NA,NA,NA,3
"SMC049","GRIA2-219","Excitatory_neuron","GRIA2",FALSE,"AD",4070,2,2267,0.000882223202470225,NA,NA,NA,601
"PO13","GRIA2-219","Excitatory_neuron","GRIA2",FALSE,"Control",777,0,107,0,NA,NA,NA,40
"PO15","GRIA2-219","Excitatory_neuron","GRIA2",FALSE,"Control",744,0,777,0,NA,NA,NA,221
"PO20","GRIA2-219","Excitatory_neuron","GRIA2",FALSE,"Control",1454,1,515,0.00194174757281553,NA,NA,NA,162
"PO23","GRIA2-219","Excitatory_neuron","GRIA2",FALSE,"Control",1605,0,1323,0,NA,NA,NA,278
"SMC027","GRIA2-219","Excitatory_neuron","GRIA2",FALSE,"Control",129,0,231,0,NA,NA,NA,30
"SMC030","GRIA2-219","Excitatory_neuron","GRIA2",FALSE,"Control",915,1,1894,0.000527983104540655,NA,NA,NA,247
"SMC033","GRIA2-219","Excitatory_neuron","GRIA2",FALSE,"Control",2797,0,836,0,NA,NA,NA,196
"SMC052","GRIA2-219","Excitatory_neuron","GRIA2",FALSE,"Control",4785,1,1634,0.000611995104039168,NA,NA,NA,412
"PO05","GRIA2-220","Excitatory_neuron","GRIA2",FALSE,"AD",1197,42,627,0.0669856459330144,NA,NA,NA,170
"PO11","GRIA2-220","Excitatory_neuron","GRIA2",FALSE,"AD",1165,32,678,0.0471976401179941,NA,NA,NA,227
"PO28","GRIA2-220","Excitatory_neuron","GRIA2",FALSE,"AD",1851,56,870,0.064367816091954,NA,NA,NA,303
"PO41","GRIA2-220","Excitatory_neuron","GRIA2",FALSE,"AD",973,54,1152,0.046875,NA,NA,NA,292
"PO42","GRIA2-220","Excitatory_neuron","GRIA2",FALSE,"AD",1303,18,501,0.0359281437125748,NA,NA,NA,165
"SMC029","GRIA2-220","Excitatory_neuron","GRIA2",FALSE,"AD",150,16,94,0.170212765957447,NA,NA,NA,18
"SMC032","GRIA2-220","Excitatory_neuron","GRIA2",FALSE,"AD",578,28,881,0.0317820658342792,NA,NA,NA,98
"SMC036","GRIA2-220","Excitatory_neuron","GRIA2",FALSE,"AD",206,12,45,0.266666666666667,NA,NA,NA,17
"SMC038","GRIA2-220","Excitatory_neuron","GRIA2",FALSE,"AD",1640,108,568,0.190140845070423,NA,NA,NA,234
"SMC039","GRIA2-220","Excitatory_neuron","GRIA2",FALSE,"AD",413,57,79,0.721518987341772,NA,NA,NA,21
"SMC041","GRIA2-220","Excitatory_neuron","GRIA2",FALSE,"AD",1746,50,167,0.29940119760479,NA,NA,NA,70
"SMC043","GRIA2-220","Excitatory_neuron","GRIA2",FALSE,"AD",105,18,20,0.9,NA,NA,NA,3
"SMC049","GRIA2-220","Excitatory_neuron","GRIA2",FALSE,"AD",4070,435,2267,0.191883546537274,NA,NA,NA,601
"PO13","GRIA2-220","Excitatory_neuron","GRIA2",FALSE,"Control",777,16,107,0.149532710280374,NA,NA,NA,40
"PO15","GRIA2-220","Excitatory_neuron","GRIA2",FALSE,"Control",744,42,777,0.0540540540540541,NA,NA,NA,221
"PO20","GRIA2-220","Excitatory_neuron","GRIA2",FALSE,"Control",1454,17,515,0.0330097087378641,NA,NA,NA,162
"PO23","GRIA2-220","Excitatory_neuron","GRIA2",FALSE,"Control",1605,54,1323,0.0408163265306122,NA,NA,NA,278
"SMC027","GRIA2-220","Excitatory_neuron","GRIA2",FALSE,"Control",129,9,231,0.038961038961039,NA,NA,NA,30
"SMC030","GRIA2-220","Excitatory_neuron","GRIA2",FALSE,"Control",915,61,1894,0.0322069693769799,NA,NA,NA,247
"SMC033","GRIA2-220","Excitatory_neuron","GRIA2",FALSE,"Control",2797,148,836,0.177033492822967,NA,NA,NA,196
"SMC052","GRIA2-220","Excitatory_neuron","GRIA2",FALSE,"Control",4785,171,1634,0.104651162790698,NA,NA,NA,412
"PO05","GRIA2-221","Excitatory_neuron","GRIA2",FALSE,"AD",1197,0,627,0,NA,NA,NA,170
"PO11","GRIA2-221","Excitatory_neuron","GRIA2",FALSE,"AD",1165,0,678,0,NA,NA,NA,227
"PO28","GRIA2-221","Excitatory_neuron","GRIA2",FALSE,"AD",1851,2,870,0.00229885057471264,NA,NA,NA,303
"PO41","GRIA2-221","Excitatory_neuron","GRIA2",FALSE,"AD",973,0,1152,0,NA,NA,NA,292
"PO42","GRIA2-221","Excitatory_neuron","GRIA2",FALSE,"AD",1303,0,501,0,NA,NA,NA,165
"SMC029","GRIA2-221","Excitatory_neuron","GRIA2",FALSE,"AD",150,0,94,0,NA,NA,NA,18
"SMC032","GRIA2-221","Excitatory_neuron","GRIA2",FALSE,"AD",578,0,881,0,NA,NA,NA,98
"SMC036","GRIA2-221","Excitatory_neuron","GRIA2",FALSE,"AD",206,0,45,0,NA,NA,NA,17
"SMC038","GRIA2-221","Excitatory_neuron","GRIA2",FALSE,"AD",1640,0,568,0,NA,NA,NA,234
"SMC039","GRIA2-221","Excitatory_neuron","GRIA2",FALSE,"AD",413,0,79,0,NA,NA,NA,21
"SMC041","GRIA2-221","Excitatory_neuron","GRIA2",FALSE,"AD",1746,0,167,0,NA,NA,NA,70
"SMC043","GRIA2-221","Excitatory_neuron","GRIA2",FALSE,"AD",105,0,20,0,NA,NA,NA,3
"SMC049","GRIA2-221","Excitatory_neuron","GRIA2",FALSE,"AD",4070,0,2267,0,NA,NA,NA,601
"PO13","GRIA2-221","Excitatory_neuron","GRIA2",FALSE,"Control",777,0,107,0,NA,NA,NA,40
"PO15","GRIA2-221","Excitatory_neuron","GRIA2",FALSE,"Control",744,0,777,0,NA,NA,NA,221
"PO20","GRIA2-221","Excitatory_neuron","GRIA2",FALSE,"Control",1454,0,515,0,NA,NA,NA,162
"PO23","GRIA2-221","Excitatory_neuron","GRIA2",FALSE,"Control",1605,0,1323,0,NA,NA,NA,278
"SMC027","GRIA2-221","Excitatory_neuron","GRIA2",FALSE,"Control",129,0,231,0,NA,NA,NA,30
"SMC030","GRIA2-221","Excitatory_neuron","GRIA2",FALSE,"Control",915,0,1894,0,NA,NA,NA,247
"SMC033","GRIA2-221","Excitatory_neuron","GRIA2",FALSE,"Control",2797,2,836,0.00239234449760766,NA,NA,NA,196
"SMC052","GRIA2-221","Excitatory_neuron","GRIA2",FALSE,"Control",4785,0,1634,0,NA,NA,NA,412
"PO05","GRIA2-222","Excitatory_neuron","GRIA2",FALSE,"AD",1197,0,627,0,NA,NA,NA,170
"PO11","GRIA2-222","Excitatory_neuron","GRIA2",FALSE,"AD",1165,1,678,0.00147492625368732,NA,NA,NA,227
"PO28","GRIA2-222","Excitatory_neuron","GRIA2",FALSE,"AD",1851,0,870,0,NA,NA,NA,303
"PO41","GRIA2-222","Excitatory_neuron","GRIA2",FALSE,"AD",973,2,1152,0.00173611111111111,NA,NA,NA,292
"PO42","GRIA2-222","Excitatory_neuron","GRIA2",FALSE,"AD",1303,0,501,0,NA,NA,NA,165
"SMC029","GRIA2-222","Excitatory_neuron","GRIA2",FALSE,"AD",150,0,94,0,NA,NA,NA,18
"SMC032","GRIA2-222","Excitatory_neuron","GRIA2",FALSE,"AD",578,0,881,0,NA,NA,NA,98
"SMC036","GRIA2-222","Excitatory_neuron","GRIA2",FALSE,"AD",206,0,45,0,NA,NA,NA,17
"SMC038","GRIA2-222","Excitatory_neuron","GRIA2",FALSE,"AD",1640,0,568,0,NA,NA,NA,234
"SMC039","GRIA2-222","Excitatory_neuron","GRIA2",FALSE,"AD",413,0,79,0,NA,NA,NA,21
"SMC041","GRIA2-222","Excitatory_neuron","GRIA2",FALSE,"AD",1746,0,167,0,NA,NA,NA,70
"SMC043","GRIA2-222","Excitatory_neuron","GRIA2",FALSE,"AD",105,0,20,0,NA,NA,NA,3
"SMC049","GRIA2-222","Excitatory_neuron","GRIA2",FALSE,"AD",4070,0,2267,0,NA,NA,NA,601
"PO13","GRIA2-222","Excitatory_neuron","GRIA2",FALSE,"Control",777,0,107,0,NA,NA,NA,40
"PO15","GRIA2-222","Excitatory_neuron","GRIA2",FALSE,"Control",744,0,777,0,NA,NA,NA,221
"PO20","GRIA2-222","Excitatory_neuron","GRIA2",FALSE,"Control",1454,0,515,0,NA,NA,NA,162
"PO23","GRIA2-222","Excitatory_neuron","GRIA2",FALSE,"Control",1605,0,1323,0,NA,NA,NA,278
"SMC027","GRIA2-222","Excitatory_neuron","GRIA2",FALSE,"Control",129,0,231,0,NA,NA,NA,30
"SMC030","GRIA2-222","Excitatory_neuron","GRIA2",FALSE,"Control",915,0,1894,0,NA,NA,NA,247
"SMC033","GRIA2-222","Excitatory_neuron","GRIA2",FALSE,"Control",2797,0,836,0,NA,NA,NA,196
"SMC052","GRIA2-222","Excitatory_neuron","GRIA2",FALSE,"Control",4785,0,1634,0,NA,NA,NA,412
"PO05","GRIA2-223","Excitatory_neuron","GRIA2",FALSE,"AD",1197,0,627,0,NA,NA,NA,170
"PO11","GRIA2-223","Excitatory_neuron","GRIA2",FALSE,"AD",1165,0,678,0,NA,NA,NA,227
"PO28","GRIA2-223","Excitatory_neuron","GRIA2",FALSE,"AD",1851,0,870,0,NA,NA,NA,303
"PO41","GRIA2-223","Excitatory_neuron","GRIA2",FALSE,"AD",973,0,1152,0,NA,NA,NA,292
"PO42","GRIA2-223","Excitatory_neuron","GRIA2",FALSE,"AD",1303,0,501,0,NA,NA,NA,165
"SMC029","GRIA2-223","Excitatory_neuron","GRIA2",FALSE,"AD",150,0,94,0,NA,NA,NA,18
"SMC032","GRIA2-223","Excitatory_neuron","GRIA2",FALSE,"AD",578,0,881,0,NA,NA,NA,98
"SMC036","GRIA2-223","Excitatory_neuron","GRIA2",FALSE,"AD",206,0,45,0,NA,NA,NA,17
"SMC038","GRIA2-223","Excitatory_neuron","GRIA2",FALSE,"AD",1640,0,568,0,NA,NA,NA,234
"SMC039","GRIA2-223","Excitatory_neuron","GRIA2",FALSE,"AD",413,0,79,0,NA,NA,NA,21
"SMC041","GRIA2-223","Excitatory_neuron","GRIA2",FALSE,"AD",1746,0,167,0,NA,NA,NA,70
"SMC043","GRIA2-223","Excitatory_neuron","GRIA2",FALSE,"AD",105,0,20,0,NA,NA,NA,3
"SMC049","GRIA2-223","Excitatory_neuron","GRIA2",FALSE,"AD",4070,0,2267,0,NA,NA,NA,601
"PO13","GRIA2-223","Excitatory_neuron","GRIA2",FALSE,"Control",777,0,107,0,NA,NA,NA,40
"PO15","GRIA2-223","Excitatory_neuron","GRIA2",FALSE,"Control",744,0,777,0,NA,NA,NA,221
"PO20","GRIA2-223","Excitatory_neuron","GRIA2",FALSE,"Control",1454,0,515,0,NA,NA,NA,162
"PO23","GRIA2-223","Excitatory_neuron","GRIA2",FALSE,"Control",1605,6,1323,0.00453514739229025,NA,NA,NA,278
"SMC027","GRIA2-223","Excitatory_neuron","GRIA2",FALSE,"Control",129,0,231,0,NA,NA,NA,30
"SMC030","GRIA2-223","Excitatory_neuron","GRIA2",FALSE,"Control",915,0,1894,0,NA,NA,NA,247
"SMC033","GRIA2-223","Excitatory_neuron","GRIA2",FALSE,"Control",2797,0,836,0,NA,NA,NA,196
"SMC052","GRIA2-223","Excitatory_neuron","GRIA2",FALSE,"Control",4785,0,1634,0,NA,NA,NA,412
"PO05","GRIA2-224","Excitatory_neuron","GRIA2",FALSE,"AD",1197,0,627,0,NA,NA,NA,170
"PO11","GRIA2-224","Excitatory_neuron","GRIA2",FALSE,"AD",1165,1,678,0.00147492625368732,NA,NA,NA,227
"PO28","GRIA2-224","Excitatory_neuron","GRIA2",FALSE,"AD",1851,2,870,0.00229885057471264,NA,NA,NA,303
"PO41","GRIA2-224","Excitatory_neuron","GRIA2",FALSE,"AD",973,1,1152,0.000868055555555556,NA,NA,NA,292
"PO42","GRIA2-224","Excitatory_neuron","GRIA2",FALSE,"AD",1303,0,501,0,NA,NA,NA,165
"SMC029","GRIA2-224","Excitatory_neuron","GRIA2",FALSE,"AD",150,0,94,0,NA,NA,NA,18
"SMC032","GRIA2-224","Excitatory_neuron","GRIA2",FALSE,"AD",578,0,881,0,NA,NA,NA,98
"SMC036","GRIA2-224","Excitatory_neuron","GRIA2",FALSE,"AD",206,0,45,0,NA,NA,NA,17
"SMC038","GRIA2-224","Excitatory_neuron","GRIA2",FALSE,"AD",1640,3,568,0.00528169014084507,NA,NA,NA,234
"SMC039","GRIA2-224","Excitatory_neuron","GRIA2",FALSE,"AD",413,0,79,0,NA,NA,NA,21
"SMC041","GRIA2-224","Excitatory_neuron","GRIA2",FALSE,"AD",1746,1,167,0.00598802395209581,NA,NA,NA,70
"SMC043","GRIA2-224","Excitatory_neuron","GRIA2",FALSE,"AD",105,0,20,0,NA,NA,NA,3
"SMC049","GRIA2-224","Excitatory_neuron","GRIA2",FALSE,"AD",4070,7,2267,0.00308778120864579,NA,NA,NA,601
"PO13","GRIA2-224","Excitatory_neuron","GRIA2",FALSE,"Control",777,0,107,0,NA,NA,NA,40
"PO15","GRIA2-224","Excitatory_neuron","GRIA2",FALSE,"Control",744,0,777,0,NA,NA,NA,221
"PO20","GRIA2-224","Excitatory_neuron","GRIA2",FALSE,"Control",1454,0,515,0,NA,NA,NA,162
"PO23","GRIA2-224","Excitatory_neuron","GRIA2",FALSE,"Control",1605,1,1323,0.000755857898715042,NA,NA,NA,278
"SMC027","GRIA2-224","Excitatory_neuron","GRIA2",FALSE,"Control",129,0,231,0,NA,NA,NA,30
"SMC030","GRIA2-224","Excitatory_neuron","GRIA2",FALSE,"Control",915,0,1894,0,NA,NA,NA,247
"SMC033","GRIA2-224","Excitatory_neuron","GRIA2",FALSE,"Control",2797,1,836,0.00119617224880383,NA,NA,NA,196
"SMC052","GRIA2-224","Excitatory_neuron","GRIA2",FALSE,"Control",4785,8,1634,0.00489596083231334,NA,NA,NA,412
"PO05","GRIA2-225","Excitatory_neuron","GRIA2",FALSE,"AD",1197,0,627,0,NA,NA,NA,170
"PO11","GRIA2-225","Excitatory_neuron","GRIA2",FALSE,"AD",1165,2,678,0.00294985250737463,NA,NA,NA,227
"PO28","GRIA2-225","Excitatory_neuron","GRIA2",FALSE,"AD",1851,1,870,0.00114942528735632,NA,NA,NA,303
"PO41","GRIA2-225","Excitatory_neuron","GRIA2",FALSE,"AD",973,19,1152,0.0164930555555556,NA,NA,NA,292
"PO42","GRIA2-225","Excitatory_neuron","GRIA2",FALSE,"AD",1303,2,501,0.00399201596806387,NA,NA,NA,165
"SMC029","GRIA2-225","Excitatory_neuron","GRIA2",FALSE,"AD",150,0,94,0,NA,NA,NA,18
"SMC032","GRIA2-225","Excitatory_neuron","GRIA2",FALSE,"AD",578,0,881,0,NA,NA,NA,98
"SMC036","GRIA2-225","Excitatory_neuron","GRIA2",FALSE,"AD",206,0,45,0,NA,NA,NA,17
"SMC038","GRIA2-225","Excitatory_neuron","GRIA2",FALSE,"AD",1640,1,568,0.00176056338028169,NA,NA,NA,234
"SMC039","GRIA2-225","Excitatory_neuron","GRIA2",FALSE,"AD",413,0,79,0,NA,NA,NA,21
"SMC041","GRIA2-225","Excitatory_neuron","GRIA2",FALSE,"AD",1746,7,167,0.0419161676646707,NA,NA,NA,70
"SMC043","GRIA2-225","Excitatory_neuron","GRIA2",FALSE,"AD",105,1,20,0.05,NA,NA,NA,3
"SMC049","GRIA2-225","Excitatory_neuron","GRIA2",FALSE,"AD",4070,0,2267,0,NA,NA,NA,601
"PO13","GRIA2-225","Excitatory_neuron","GRIA2",FALSE,"Control",777,0,107,0,NA,NA,NA,40
"PO15","GRIA2-225","Excitatory_neuron","GRIA2",FALSE,"Control",744,1,777,0.00128700128700129,NA,NA,NA,221
"PO20","GRIA2-225","Excitatory_neuron","GRIA2",FALSE,"Control",1454,0,515,0,NA,NA,NA,162
"PO23","GRIA2-225","Excitatory_neuron","GRIA2",FALSE,"Control",1605,1,1323,0.000755857898715042,NA,NA,NA,278
"SMC027","GRIA2-225","Excitatory_neuron","GRIA2",FALSE,"Control",129,0,231,0,NA,NA,NA,30
"SMC030","GRIA2-225","Excitatory_neuron","GRIA2",FALSE,"Control",915,0,1894,0,NA,NA,NA,247
"SMC033","GRIA2-225","Excitatory_neuron","GRIA2",FALSE,"Control",2797,0,836,0,NA,NA,NA,196
"SMC052","GRIA2-225","Excitatory_neuron","GRIA2",FALSE,"Control",4785,0,1634,0,NA,NA,NA,412
"PO05","GRIA2-226","Excitatory_neuron","GRIA2",FALSE,"AD",1197,0,627,0,NA,NA,NA,170
"PO11","GRIA2-226","Excitatory_neuron","GRIA2",FALSE,"AD",1165,0,678,0,NA,NA,NA,227
"PO28","GRIA2-226","Excitatory_neuron","GRIA2",FALSE,"AD",1851,0,870,0,NA,NA,NA,303
"PO41","GRIA2-226","Excitatory_neuron","GRIA2",FALSE,"AD",973,0,1152,0,NA,NA,NA,292
"PO42","GRIA2-226","Excitatory_neuron","GRIA2",FALSE,"AD",1303,0,501,0,NA,NA,NA,165
"SMC029","GRIA2-226","Excitatory_neuron","GRIA2",FALSE,"AD",150,1,94,0.0106382978723404,NA,NA,NA,18
"SMC032","GRIA2-226","Excitatory_neuron","GRIA2",FALSE,"AD",578,0,881,0,NA,NA,NA,98
"SMC036","GRIA2-226","Excitatory_neuron","GRIA2",FALSE,"AD",206,0,45,0,NA,NA,NA,17
"SMC038","GRIA2-226","Excitatory_neuron","GRIA2",FALSE,"AD",1640,1,568,0.00176056338028169,NA,NA,NA,234
"SMC039","GRIA2-226","Excitatory_neuron","GRIA2",FALSE,"AD",413,0,79,0,NA,NA,NA,21
"SMC041","GRIA2-226","Excitatory_neuron","GRIA2",FALSE,"AD",1746,0,167,0,NA,NA,NA,70
"SMC043","GRIA2-226","Excitatory_neuron","GRIA2",FALSE,"AD",105,0,20,0,NA,NA,NA,3
"SMC049","GRIA2-226","Excitatory_neuron","GRIA2",FALSE,"AD",4070,2,2267,0.000882223202470225,NA,NA,NA,601
"PO13","GRIA2-226","Excitatory_neuron","GRIA2",FALSE,"Control",777,0,107,0,NA,NA,NA,40
"PO15","GRIA2-226","Excitatory_neuron","GRIA2",FALSE,"Control",744,0,777,0,NA,NA,NA,221
"PO20","GRIA2-226","Excitatory_neuron","GRIA2",FALSE,"Control",1454,1,515,0.00194174757281553,NA,NA,NA,162
"PO23","GRIA2-226","Excitatory_neuron","GRIA2",FALSE,"Control",1605,0,1323,0,NA,NA,NA,278
"SMC027","GRIA2-226","Excitatory_neuron","GRIA2",FALSE,"Control",129,0,231,0,NA,NA,NA,30
"SMC030","GRIA2-226","Excitatory_neuron","GRIA2",FALSE,"Control",915,0,1894,0,NA,NA,NA,247
"SMC033","GRIA2-226","Excitatory_neuron","GRIA2",FALSE,"Control",2797,6,836,0.00717703349282297,NA,NA,NA,196
"SMC052","GRIA2-226","Excitatory_neuron","GRIA2",FALSE,"Control",4785,4,1634,0.00244798041615667,NA,NA,NA,412
"PO05","GRIA2-227","Excitatory_neuron","GRIA2",FALSE,"AD",1197,301,627,0.48006379585327,NA,NA,NA,170
"PO11","GRIA2-227","Excitatory_neuron","GRIA2",FALSE,"AD",1165,351,678,0.517699115044248,NA,NA,NA,227
"PO28","GRIA2-227","Excitatory_neuron","GRIA2",FALSE,"AD",1851,369,870,0.424137931034483,NA,NA,NA,303
"PO41","GRIA2-227","Excitatory_neuron","GRIA2",FALSE,"AD",973,471,1152,0.408854166666667,NA,NA,NA,292
"PO42","GRIA2-227","Excitatory_neuron","GRIA2",FALSE,"AD",1303,234,501,0.467065868263473,NA,NA,NA,165
"SMC029","GRIA2-227","Excitatory_neuron","GRIA2",FALSE,"AD",150,4,94,0.0425531914893617,NA,NA,NA,18
"SMC032","GRIA2-227","Excitatory_neuron","GRIA2",FALSE,"AD",578,268,881,0.304199772985244,NA,NA,NA,98
"SMC036","GRIA2-227","Excitatory_neuron","GRIA2",FALSE,"AD",206,4,45,0.0888888888888889,NA,NA,NA,17
"SMC038","GRIA2-227","Excitatory_neuron","GRIA2",FALSE,"AD",1640,176,568,0.309859154929577,NA,NA,NA,234
"SMC039","GRIA2-227","Excitatory_neuron","GRIA2",FALSE,"AD",413,7,79,0.0886075949367089,NA,NA,NA,21
"SMC041","GRIA2-227","Excitatory_neuron","GRIA2",FALSE,"AD",1746,48,167,0.287425149700599,NA,NA,NA,70
"SMC043","GRIA2-227","Excitatory_neuron","GRIA2",FALSE,"AD",105,0,20,0,NA,NA,NA,3
"SMC049","GRIA2-227","Excitatory_neuron","GRIA2",FALSE,"AD",4070,1016,2267,0.448169386854874,NA,NA,NA,601
"PO13","GRIA2-227","Excitatory_neuron","GRIA2",FALSE,"Control",777,66,107,0.616822429906542,NA,NA,NA,40
"PO15","GRIA2-227","Excitatory_neuron","GRIA2",FALSE,"Control",744,219,777,0.281853281853282,NA,NA,NA,221
"PO20","GRIA2-227","Excitatory_neuron","GRIA2",FALSE,"Control",1454,221,515,0.429126213592233,NA,NA,NA,162
"PO23","GRIA2-227","Excitatory_neuron","GRIA2",FALSE,"Control",1605,244,1323,0.18442932728647,NA,NA,NA,278
"SMC027","GRIA2-227","Excitatory_neuron","GRIA2",FALSE,"Control",129,35,231,0.151515151515152,NA,NA,NA,30
"SMC030","GRIA2-227","Excitatory_neuron","GRIA2",FALSE,"Control",915,281,1894,0.148363252375924,NA,NA,NA,247
"SMC033","GRIA2-227","Excitatory_neuron","GRIA2",FALSE,"Control",2797,422,836,0.504784688995215,NA,NA,NA,196
"SMC052","GRIA2-227","Excitatory_neuron","GRIA2",FALSE,"Control",4785,940,1634,0.575275397796818,NA,NA,NA,412
"PO05","GRIA2-228","Excitatory_neuron","GRIA2",FALSE,"AD",1197,4,627,0.00637958532695375,NA,NA,NA,170
"PO11","GRIA2-228","Excitatory_neuron","GRIA2",FALSE,"AD",1165,0,678,0,NA,NA,NA,227
"PO28","GRIA2-228","Excitatory_neuron","GRIA2",FALSE,"AD",1851,2,870,0.00229885057471264,NA,NA,NA,303
"PO41","GRIA2-228","Excitatory_neuron","GRIA2",FALSE,"AD",973,2,1152,0.00173611111111111,NA,NA,NA,292
"PO42","GRIA2-228","Excitatory_neuron","GRIA2",FALSE,"AD",1303,0,501,0,NA,NA,NA,165
"SMC029","GRIA2-228","Excitatory_neuron","GRIA2",FALSE,"AD",150,0,94,0,NA,NA,NA,18
"SMC032","GRIA2-228","Excitatory_neuron","GRIA2",FALSE,"AD",578,0,881,0,NA,NA,NA,98
"SMC036","GRIA2-228","Excitatory_neuron","GRIA2",FALSE,"AD",206,0,45,0,NA,NA,NA,17
"SMC038","GRIA2-228","Excitatory_neuron","GRIA2",FALSE,"AD",1640,3,568,0.00528169014084507,NA,NA,NA,234
"SMC039","GRIA2-228","Excitatory_neuron","GRIA2",FALSE,"AD",413,0,79,0,NA,NA,NA,21
"SMC041","GRIA2-228","Excitatory_neuron","GRIA2",FALSE,"AD",1746,0,167,0,NA,NA,NA,70
"SMC043","GRIA2-228","Excitatory_neuron","GRIA2",FALSE,"AD",105,0,20,0,NA,NA,NA,3
"SMC049","GRIA2-228","Excitatory_neuron","GRIA2",FALSE,"AD",4070,0,2267,0,NA,NA,NA,601
"PO13","GRIA2-228","Excitatory_neuron","GRIA2",FALSE,"Control",777,0,107,0,NA,NA,NA,40
"PO15","GRIA2-228","Excitatory_neuron","GRIA2",FALSE,"Control",744,1,777,0.00128700128700129,NA,NA,NA,221
"PO20","GRIA2-228","Excitatory_neuron","GRIA2",FALSE,"Control",1454,2,515,0.00388349514563107,NA,NA,NA,162
"PO23","GRIA2-228","Excitatory_neuron","GRIA2",FALSE,"Control",1605,2,1323,0.00151171579743008,NA,NA,NA,278
"SMC027","GRIA2-228","Excitatory_neuron","GRIA2",FALSE,"Control",129,0,231,0,NA,NA,NA,30
"SMC030","GRIA2-228","Excitatory_neuron","GRIA2",FALSE,"Control",915,0,1894,0,NA,NA,NA,247
"SMC033","GRIA2-228","Excitatory_neuron","GRIA2",FALSE,"Control",2797,1,836,0.00119617224880383,NA,NA,NA,196
"SMC052","GRIA2-228","Excitatory_neuron","GRIA2",FALSE,"Control",4785,2,1634,0.00122399020807834,NA,NA,NA,412
"PO05","GRIA2-229","Excitatory_neuron","GRIA2",FALSE,"AD",1197,0,627,0,NA,NA,NA,170
"PO11","GRIA2-229","Excitatory_neuron","GRIA2",FALSE,"AD",1165,1,678,0.00147492625368732,NA,NA,NA,227
"PO28","GRIA2-229","Excitatory_neuron","GRIA2",FALSE,"AD",1851,1,870,0.00114942528735632,NA,NA,NA,303
"PO41","GRIA2-229","Excitatory_neuron","GRIA2",FALSE,"AD",973,0,1152,0,NA,NA,NA,292
"PO42","GRIA2-229","Excitatory_neuron","GRIA2",FALSE,"AD",1303,10,501,0.0199600798403194,NA,NA,NA,165
"SMC029","GRIA2-229","Excitatory_neuron","GRIA2",FALSE,"AD",150,0,94,0,NA,NA,NA,18
"SMC032","GRIA2-229","Excitatory_neuron","GRIA2",FALSE,"AD",578,0,881,0,NA,NA,NA,98
"SMC036","GRIA2-229","Excitatory_neuron","GRIA2",FALSE,"AD",206,0,45,0,NA,NA,NA,17
"SMC038","GRIA2-229","Excitatory_neuron","GRIA2",FALSE,"AD",1640,0,568,0,NA,NA,NA,234
"SMC039","GRIA2-229","Excitatory_neuron","GRIA2",FALSE,"AD",413,0,79,0,NA,NA,NA,21
"SMC041","GRIA2-229","Excitatory_neuron","GRIA2",FALSE,"AD",1746,0,167,0,NA,NA,NA,70
"SMC043","GRIA2-229","Excitatory_neuron","GRIA2",FALSE,"AD",105,0,20,0,NA,NA,NA,3
"SMC049","GRIA2-229","Excitatory_neuron","GRIA2",FALSE,"AD",4070,4,2267,0.00176444640494045,NA,NA,NA,601
"PO13","GRIA2-229","Excitatory_neuron","GRIA2",FALSE,"Control",777,0,107,0,NA,NA,NA,40
"PO15","GRIA2-229","Excitatory_neuron","GRIA2",FALSE,"Control",744,1,777,0.00128700128700129,NA,NA,NA,221
"PO20","GRIA2-229","Excitatory_neuron","GRIA2",FALSE,"Control",1454,0,515,0,NA,NA,NA,162
"PO23","GRIA2-229","Excitatory_neuron","GRIA2",FALSE,"Control",1605,3,1323,0.00226757369614512,NA,NA,NA,278
"SMC027","GRIA2-229","Excitatory_neuron","GRIA2",FALSE,"Control",129,0,231,0,NA,NA,NA,30
"SMC030","GRIA2-229","Excitatory_neuron","GRIA2",FALSE,"Control",915,0,1894,0,NA,NA,NA,247
"SMC033","GRIA2-229","Excitatory_neuron","GRIA2",FALSE,"Control",2797,2,836,0.00239234449760766,NA,NA,NA,196
"SMC052","GRIA2-229","Excitatory_neuron","GRIA2",FALSE,"Control",4785,8,1634,0.00489596083231334,NA,NA,NA,412
"PO05","GRIA2-230","Excitatory_neuron","GRIA2",FALSE,"AD",1197,0,627,0,NA,NA,NA,170
"PO11","GRIA2-230","Excitatory_neuron","GRIA2",FALSE,"AD",1165,0,678,0,NA,NA,NA,227
"PO28","GRIA2-230","Excitatory_neuron","GRIA2",FALSE,"AD",1851,0,870,0,NA,NA,NA,303
"PO41","GRIA2-230","Excitatory_neuron","GRIA2",FALSE,"AD",973,0,1152,0,NA,NA,NA,292
"PO42","GRIA2-230","Excitatory_neuron","GRIA2",FALSE,"AD",1303,0,501,0,NA,NA,NA,165
"SMC029","GRIA2-230","Excitatory_neuron","GRIA2",FALSE,"AD",150,0,94,0,NA,NA,NA,18
"SMC032","GRIA2-230","Excitatory_neuron","GRIA2",FALSE,"AD",578,0,881,0,NA,NA,NA,98
"SMC036","GRIA2-230","Excitatory_neuron","GRIA2",FALSE,"AD",206,0,45,0,NA,NA,NA,17
"SMC038","GRIA2-230","Excitatory_neuron","GRIA2",FALSE,"AD",1640,0,568,0,NA,NA,NA,234
"SMC039","GRIA2-230","Excitatory_neuron","GRIA2",FALSE,"AD",413,0,79,0,NA,NA,NA,21
"SMC041","GRIA2-230","Excitatory_neuron","GRIA2",FALSE,"AD",1746,0,167,0,NA,NA,NA,70
"SMC043","GRIA2-230","Excitatory_neuron","GRIA2",FALSE,"AD",105,0,20,0,NA,NA,NA,3
"SMC049","GRIA2-230","Excitatory_neuron","GRIA2",FALSE,"AD",4070,0,2267,0,NA,NA,NA,601
"PO13","GRIA2-230","Excitatory_neuron","GRIA2",FALSE,"Control",777,0,107,0,NA,NA,NA,40
"PO15","GRIA2-230","Excitatory_neuron","GRIA2",FALSE,"Control",744,0,777,0,NA,NA,NA,221
"PO20","GRIA2-230","Excitatory_neuron","GRIA2",FALSE,"Control",1454,0,515,0,NA,NA,NA,162
"PO23","GRIA2-230","Excitatory_neuron","GRIA2",FALSE,"Control",1605,0,1323,0,NA,NA,NA,278
"SMC027","GRIA2-230","Excitatory_neuron","GRIA2",FALSE,"Control",129,0,231,0,NA,NA,NA,30
"SMC030","GRIA2-230","Excitatory_neuron","GRIA2",FALSE,"Control",915,0,1894,0,NA,NA,NA,247
"SMC033","GRIA2-230","Excitatory_neuron","GRIA2",FALSE,"Control",2797,0,836,0,NA,NA,NA,196
"SMC052","GRIA2-230","Excitatory_neuron","GRIA2",FALSE,"Control",4785,2,1634,0.00122399020807834,NA,NA,NA,412
"PO05","GRIA2-231","Excitatory_neuron","GRIA2",TRUE,"AD",1197,40,627,0.0637958532695375,0.0199029084053591,0.0379964615011402,0.0227630607267454,170
"PO11","GRIA2-231","Excitatory_neuron","GRIA2",TRUE,"AD",1165,70,678,0.103244837758112,0.0199029084053591,0.0379964615011402,0.0227630607267454,227
"PO28","GRIA2-231","Excitatory_neuron","GRIA2",TRUE,"AD",1851,22,870,0.0252873563218391,0.0199029084053591,0.0379964615011402,0.0227630607267454,303
"PO41","GRIA2-231","Excitatory_neuron","GRIA2",TRUE,"AD",973,48,1152,0.0416666666666667,0.0199029084053591,0.0379964615011402,0.0227630607267454,292
"PO42","GRIA2-231","Excitatory_neuron","GRIA2",TRUE,"AD",1303,16,501,0.031936127744511,0.0199029084053591,0.0379964615011402,0.0227630607267454,165
"SMC029","GRIA2-231","Excitatory_neuron","GRIA2",TRUE,"AD",150,2,94,0.0212765957446809,0.0199029084053591,0.0379964615011402,0.0227630607267454,18
"SMC032","GRIA2-231","Excitatory_neuron","GRIA2",TRUE,"AD",578,3,881,0.00340522133938706,0.0199029084053591,0.0379964615011402,0.0227630607267454,98
"SMC036","GRIA2-231","Excitatory_neuron","GRIA2",TRUE,"AD",206,0,45,0,0.0199029084053591,0.0379964615011402,0.0227630607267454,17
"SMC038","GRIA2-231","Excitatory_neuron","GRIA2",TRUE,"AD",1640,55,568,0.096830985915493,0.0199029084053591,0.0379964615011402,0.0227630607267454,234
"SMC039","GRIA2-231","Excitatory_neuron","GRIA2",TRUE,"AD",413,1,79,0.0126582278481013,0.0199029084053591,0.0379964615011402,0.0227630607267454,21
"SMC041","GRIA2-231","Excitatory_neuron","GRIA2",TRUE,"AD",1746,4,167,0.0239520958083832,0.0199029084053591,0.0379964615011402,0.0227630607267454,70
"SMC043","GRIA2-231","Excitatory_neuron","GRIA2",TRUE,"AD",105,0,20,0,0.0199029084053591,0.0379964615011402,0.0227630607267454,3
"SMC049","GRIA2-231","Excitatory_neuron","GRIA2",TRUE,"AD",4070,31,2267,0.0136744596382885,0.0199029084053591,0.0379964615011402,0.0227630607267454,601
"PO13","GRIA2-231","Excitatory_neuron","GRIA2",TRUE,"Control",777,0,107,0,0.0199029084053591,0.0379964615011402,0.0227630607267454,40
"PO15","GRIA2-231","Excitatory_neuron","GRIA2",TRUE,"Control",744,5,777,0.00643500643500643,0.0199029084053591,0.0379964615011402,0.0227630607267454,221
"PO20","GRIA2-231","Excitatory_neuron","GRIA2",TRUE,"Control",1454,18,515,0.0349514563106796,0.0199029084053591,0.0379964615011402,0.0227630607267454,162
"PO23","GRIA2-231","Excitatory_neuron","GRIA2",TRUE,"Control",1605,37,1323,0.0279667422524565,0.0199029084053591,0.0379964615011402,0.0227630607267454,278
"SMC027","GRIA2-231","Excitatory_neuron","GRIA2",TRUE,"Control",129,0,231,0,0.0199029084053591,0.0379964615011402,0.0227630607267454,30
"SMC030","GRIA2-231","Excitatory_neuron","GRIA2",TRUE,"Control",915,2,1894,0.00105596620908131,0.0199029084053591,0.0379964615011402,0.0227630607267454,247
"SMC033","GRIA2-231","Excitatory_neuron","GRIA2",TRUE,"Control",2797,10,836,0.0119617224880383,0.0199029084053591,0.0379964615011402,0.0227630607267454,196
"SMC052","GRIA2-231","Excitatory_neuron","GRIA2",TRUE,"Control",4785,8,1634,0.00489596083231334,0.0199029084053591,0.0379964615011402,0.0227630607267454,412
"PO05","GRIA2-233","Excitatory_neuron","GRIA2",FALSE,"AD",1197,0,627,0,NA,NA,NA,170
"PO11","GRIA2-233","Excitatory_neuron","GRIA2",FALSE,"AD",1165,0,678,0,NA,NA,NA,227
"PO28","GRIA2-233","Excitatory_neuron","GRIA2",FALSE,"AD",1851,0,870,0,NA,NA,NA,303
"PO41","GRIA2-233","Excitatory_neuron","GRIA2",FALSE,"AD",973,2,1152,0.00173611111111111,NA,NA,NA,292
"PO42","GRIA2-233","Excitatory_neuron","GRIA2",FALSE,"AD",1303,0,501,0,NA,NA,NA,165
"SMC029","GRIA2-233","Excitatory_neuron","GRIA2",FALSE,"AD",150,0,94,0,NA,NA,NA,18
"SMC032","GRIA2-233","Excitatory_neuron","GRIA2",FALSE,"AD",578,0,881,0,NA,NA,NA,98
"SMC036","GRIA2-233","Excitatory_neuron","GRIA2",FALSE,"AD",206,0,45,0,NA,NA,NA,17
"SMC038","GRIA2-233","Excitatory_neuron","GRIA2",FALSE,"AD",1640,0,568,0,NA,NA,NA,234
"SMC039","GRIA2-233","Excitatory_neuron","GRIA2",FALSE,"AD",413,0,79,0,NA,NA,NA,21
"SMC041","GRIA2-233","Excitatory_neuron","GRIA2",FALSE,"AD",1746,0,167,0,NA,NA,NA,70
"SMC043","GRIA2-233","Excitatory_neuron","GRIA2",FALSE,"AD",105,0,20,0,NA,NA,NA,3
"SMC049","GRIA2-233","Excitatory_neuron","GRIA2",FALSE,"AD",4070,1,2267,0.000441111601235112,NA,NA,NA,601
"PO13","GRIA2-233","Excitatory_neuron","GRIA2",FALSE,"Control",777,0,107,0,NA,NA,NA,40
"PO15","GRIA2-233","Excitatory_neuron","GRIA2",FALSE,"Control",744,1,777,0.00128700128700129,NA,NA,NA,221
"PO20","GRIA2-233","Excitatory_neuron","GRIA2",FALSE,"Control",1454,0,515,0,NA,NA,NA,162
"PO23","GRIA2-233","Excitatory_neuron","GRIA2",FALSE,"Control",1605,1,1323,0.000755857898715042,NA,NA,NA,278
"SMC027","GRIA2-233","Excitatory_neuron","GRIA2",FALSE,"Control",129,0,231,0,NA,NA,NA,30
"SMC030","GRIA2-233","Excitatory_neuron","GRIA2",FALSE,"Control",915,0,1894,0,NA,NA,NA,247
"SMC033","GRIA2-233","Excitatory_neuron","GRIA2",FALSE,"Control",2797,0,836,0,NA,NA,NA,196
"SMC052","GRIA2-233","Excitatory_neuron","GRIA2",FALSE,"Control",4785,0,1634,0,NA,NA,NA,412
"PO05","GRIA2-234","Excitatory_neuron","GRIA2",FALSE,"AD",1197,0,627,0,NA,NA,NA,170
"PO11","GRIA2-234","Excitatory_neuron","GRIA2",FALSE,"AD",1165,0,678,0,NA,NA,NA,227
"PO28","GRIA2-234","Excitatory_neuron","GRIA2",FALSE,"AD",1851,0,870,0,NA,NA,NA,303
"PO41","GRIA2-234","Excitatory_neuron","GRIA2",FALSE,"AD",973,0,1152,0,NA,NA,NA,292
"PO42","GRIA2-234","Excitatory_neuron","GRIA2",FALSE,"AD",1303,0,501,0,NA,NA,NA,165
"SMC029","GRIA2-234","Excitatory_neuron","GRIA2",FALSE,"AD",150,0,94,0,NA,NA,NA,18
"SMC032","GRIA2-234","Excitatory_neuron","GRIA2",FALSE,"AD",578,0,881,0,NA,NA,NA,98
"SMC036","GRIA2-234","Excitatory_neuron","GRIA2",FALSE,"AD",206,0,45,0,NA,NA,NA,17
"SMC038","GRIA2-234","Excitatory_neuron","GRIA2",FALSE,"AD",1640,0,568,0,NA,NA,NA,234
"SMC039","GRIA2-234","Excitatory_neuron","GRIA2",FALSE,"AD",413,0,79,0,NA,NA,NA,21
"SMC041","GRIA2-234","Excitatory_neuron","GRIA2",FALSE,"AD",1746,0,167,0,NA,NA,NA,70
"SMC043","GRIA2-234","Excitatory_neuron","GRIA2",FALSE,"AD",105,0,20,0,NA,NA,NA,3
"SMC049","GRIA2-234","Excitatory_neuron","GRIA2",FALSE,"AD",4070,0,2267,0,NA,NA,NA,601
"PO13","GRIA2-234","Excitatory_neuron","GRIA2",FALSE,"Control",777,0,107,0,NA,NA,NA,40
"PO15","GRIA2-234","Excitatory_neuron","GRIA2",FALSE,"Control",744,0,777,0,NA,NA,NA,221
"PO20","GRIA2-234","Excitatory_neuron","GRIA2",FALSE,"Control",1454,0,515,0,NA,NA,NA,162
"PO23","GRIA2-234","Excitatory_neuron","GRIA2",FALSE,"Control",1605,1,1323,0.000755857898715042,NA,NA,NA,278
"SMC027","GRIA2-234","Excitatory_neuron","GRIA2",FALSE,"Control",129,0,231,0,NA,NA,NA,30
"SMC030","GRIA2-234","Excitatory_neuron","GRIA2",FALSE,"Control",915,14,1894,0.00739176346356917,NA,NA,NA,247
"SMC033","GRIA2-234","Excitatory_neuron","GRIA2",FALSE,"Control",2797,0,836,0,NA,NA,NA,196
"SMC052","GRIA2-234","Excitatory_neuron","GRIA2",FALSE,"Control",4785,0,1634,0,NA,NA,NA,412
"PO05","GRIA2-236","Excitatory_neuron","GRIA2",FALSE,"AD",1197,0,627,0,NA,NA,NA,170
"PO11","GRIA2-236","Excitatory_neuron","GRIA2",FALSE,"AD",1165,0,678,0,NA,NA,NA,227
"PO28","GRIA2-236","Excitatory_neuron","GRIA2",FALSE,"AD",1851,0,870,0,NA,NA,NA,303
"PO41","GRIA2-236","Excitatory_neuron","GRIA2",FALSE,"AD",973,2,1152,0.00173611111111111,NA,NA,NA,292
"PO42","GRIA2-236","Excitatory_neuron","GRIA2",FALSE,"AD",1303,0,501,0,NA,NA,NA,165
"SMC029","GRIA2-236","Excitatory_neuron","GRIA2",FALSE,"AD",150,0,94,0,NA,NA,NA,18
"SMC032","GRIA2-236","Excitatory_neuron","GRIA2",FALSE,"AD",578,1,881,0.00113507377979569,NA,NA,NA,98
"SMC036","GRIA2-236","Excitatory_neuron","GRIA2",FALSE,"AD",206,0,45,0,NA,NA,NA,17
"SMC038","GRIA2-236","Excitatory_neuron","GRIA2",FALSE,"AD",1640,3,568,0.00528169014084507,NA,NA,NA,234
"SMC039","GRIA2-236","Excitatory_neuron","GRIA2",FALSE,"AD",413,0,79,0,NA,NA,NA,21
"SMC041","GRIA2-236","Excitatory_neuron","GRIA2",FALSE,"AD",1746,2,167,0.0119760479041916,NA,NA,NA,70
"SMC043","GRIA2-236","Excitatory_neuron","GRIA2",FALSE,"AD",105,0,20,0,NA,NA,NA,3
"SMC049","GRIA2-236","Excitatory_neuron","GRIA2",FALSE,"AD",4070,1,2267,0.000441111601235112,NA,NA,NA,601
"PO13","GRIA2-236","Excitatory_neuron","GRIA2",FALSE,"Control",777,1,107,0.00934579439252336,NA,NA,NA,40
"PO15","GRIA2-236","Excitatory_neuron","GRIA2",FALSE,"Control",744,3,777,0.00386100386100386,NA,NA,NA,221
"PO20","GRIA2-236","Excitatory_neuron","GRIA2",FALSE,"Control",1454,0,515,0,NA,NA,NA,162
"PO23","GRIA2-236","Excitatory_neuron","GRIA2",FALSE,"Control",1605,2,1323,0.00151171579743008,NA,NA,NA,278
"SMC027","GRIA2-236","Excitatory_neuron","GRIA2",FALSE,"Control",129,0,231,0,NA,NA,NA,30
"SMC030","GRIA2-236","Excitatory_neuron","GRIA2",FALSE,"Control",915,0,1894,0,NA,NA,NA,247
"SMC033","GRIA2-236","Excitatory_neuron","GRIA2",FALSE,"Control",2797,0,836,0,NA,NA,NA,196
"SMC052","GRIA2-236","Excitatory_neuron","GRIA2",FALSE,"Control",4785,0,1634,0,NA,NA,NA,412
"PO05","GRIA2-237","Excitatory_neuron","GRIA2",FALSE,"AD",1197,0,627,0,NA,NA,NA,170
"PO11","GRIA2-237","Excitatory_neuron","GRIA2",FALSE,"AD",1165,0,678,0,NA,NA,NA,227
"PO28","GRIA2-237","Excitatory_neuron","GRIA2",FALSE,"AD",1851,0,870,0,NA,NA,NA,303
"PO41","GRIA2-237","Excitatory_neuron","GRIA2",FALSE,"AD",973,0,1152,0,NA,NA,NA,292
"PO42","GRIA2-237","Excitatory_neuron","GRIA2",FALSE,"AD",1303,0,501,0,NA,NA,NA,165
"SMC029","GRIA2-237","Excitatory_neuron","GRIA2",FALSE,"AD",150,0,94,0,NA,NA,NA,18
"SMC032","GRIA2-237","Excitatory_neuron","GRIA2",FALSE,"AD",578,1,881,0.00113507377979569,NA,NA,NA,98
"SMC036","GRIA2-237","Excitatory_neuron","GRIA2",FALSE,"AD",206,0,45,0,NA,NA,NA,17
"SMC038","GRIA2-237","Excitatory_neuron","GRIA2",FALSE,"AD",1640,1,568,0.00176056338028169,NA,NA,NA,234
"SMC039","GRIA2-237","Excitatory_neuron","GRIA2",FALSE,"AD",413,0,79,0,NA,NA,NA,21
"SMC041","GRIA2-237","Excitatory_neuron","GRIA2",FALSE,"AD",1746,0,167,0,NA,NA,NA,70
"SMC043","GRIA2-237","Excitatory_neuron","GRIA2",FALSE,"AD",105,0,20,0,NA,NA,NA,3
"SMC049","GRIA2-237","Excitatory_neuron","GRIA2",FALSE,"AD",4070,0,2267,0,NA,NA,NA,601
"PO13","GRIA2-237","Excitatory_neuron","GRIA2",FALSE,"Control",777,0,107,0,NA,NA,NA,40
"PO15","GRIA2-237","Excitatory_neuron","GRIA2",FALSE,"Control",744,3,777,0.00386100386100386,NA,NA,NA,221
"PO20","GRIA2-237","Excitatory_neuron","GRIA2",FALSE,"Control",1454,0,515,0,NA,NA,NA,162
"PO23","GRIA2-237","Excitatory_neuron","GRIA2",FALSE,"Control",1605,0,1323,0,NA,NA,NA,278
"SMC027","GRIA2-237","Excitatory_neuron","GRIA2",FALSE,"Control",129,0,231,0,NA,NA,NA,30
"SMC030","GRIA2-237","Excitatory_neuron","GRIA2",FALSE,"Control",915,0,1894,0,NA,NA,NA,247
"SMC033","GRIA2-237","Excitatory_neuron","GRIA2",FALSE,"Control",2797,1,836,0.00119617224880383,NA,NA,NA,196
"SMC052","GRIA2-237","Excitatory_neuron","GRIA2",FALSE,"Control",4785,0,1634,0,NA,NA,NA,412
"PO05","GRIA2-238","Excitatory_neuron","GRIA2",FALSE,"AD",1197,0,627,0,NA,NA,NA,170
"PO11","GRIA2-238","Excitatory_neuron","GRIA2",FALSE,"AD",1165,0,678,0,NA,NA,NA,227
"PO28","GRIA2-238","Excitatory_neuron","GRIA2",FALSE,"AD",1851,1,870,0.00114942528735632,NA,NA,NA,303
"PO41","GRIA2-238","Excitatory_neuron","GRIA2",FALSE,"AD",973,1,1152,0.000868055555555556,NA,NA,NA,292
"PO42","GRIA2-238","Excitatory_neuron","GRIA2",FALSE,"AD",1303,0,501,0,NA,NA,NA,165
"SMC029","GRIA2-238","Excitatory_neuron","GRIA2",FALSE,"AD",150,0,94,0,NA,NA,NA,18
"SMC032","GRIA2-238","Excitatory_neuron","GRIA2",FALSE,"AD",578,0,881,0,NA,NA,NA,98
"SMC036","GRIA2-238","Excitatory_neuron","GRIA2",FALSE,"AD",206,0,45,0,NA,NA,NA,17
"SMC038","GRIA2-238","Excitatory_neuron","GRIA2",FALSE,"AD",1640,0,568,0,NA,NA,NA,234
"SMC039","GRIA2-238","Excitatory_neuron","GRIA2",FALSE,"AD",413,3,79,0.0379746835443038,NA,NA,NA,21
"SMC041","GRIA2-238","Excitatory_neuron","GRIA2",FALSE,"AD",1746,0,167,0,NA,NA,NA,70
"SMC043","GRIA2-238","Excitatory_neuron","GRIA2",FALSE,"AD",105,0,20,0,NA,NA,NA,3
"SMC049","GRIA2-238","Excitatory_neuron","GRIA2",FALSE,"AD",4070,0,2267,0,NA,NA,NA,601
"PO13","GRIA2-238","Excitatory_neuron","GRIA2",FALSE,"Control",777,0,107,0,NA,NA,NA,40
"PO15","GRIA2-238","Excitatory_neuron","GRIA2",FALSE,"Control",744,0,777,0,NA,NA,NA,221
"PO20","GRIA2-238","Excitatory_neuron","GRIA2",FALSE,"Control",1454,0,515,0,NA,NA,NA,162
"PO23","GRIA2-238","Excitatory_neuron","GRIA2",FALSE,"Control",1605,0,1323,0,NA,NA,NA,278
"SMC027","GRIA2-238","Excitatory_neuron","GRIA2",FALSE,"Control",129,0,231,0,NA,NA,NA,30
"SMC030","GRIA2-238","Excitatory_neuron","GRIA2",FALSE,"Control",915,2,1894,0.00105596620908131,NA,NA,NA,247
"SMC033","GRIA2-238","Excitatory_neuron","GRIA2",FALSE,"Control",2797,0,836,0,NA,NA,NA,196
"SMC052","GRIA2-238","Excitatory_neuron","GRIA2",FALSE,"Control",4785,1,1634,0.000611995104039168,NA,NA,NA,412
"PO05","GRIA2-239","Excitatory_neuron","GRIA2",FALSE,"AD",1197,0,627,0,NA,NA,NA,170
"PO11","GRIA2-239","Excitatory_neuron","GRIA2",FALSE,"AD",1165,5,678,0.00737463126843658,NA,NA,NA,227
"PO28","GRIA2-239","Excitatory_neuron","GRIA2",FALSE,"AD",1851,1,870,0.00114942528735632,NA,NA,NA,303
"PO41","GRIA2-239","Excitatory_neuron","GRIA2",FALSE,"AD",973,2,1152,0.00173611111111111,NA,NA,NA,292
"PO42","GRIA2-239","Excitatory_neuron","GRIA2",FALSE,"AD",1303,0,501,0,NA,NA,NA,165
"SMC029","GRIA2-239","Excitatory_neuron","GRIA2",FALSE,"AD",150,0,94,0,NA,NA,NA,18
"SMC032","GRIA2-239","Excitatory_neuron","GRIA2",FALSE,"AD",578,0,881,0,NA,NA,NA,98
"SMC036","GRIA2-239","Excitatory_neuron","GRIA2",FALSE,"AD",206,0,45,0,NA,NA,NA,17
"SMC038","GRIA2-239","Excitatory_neuron","GRIA2",FALSE,"AD",1640,0,568,0,NA,NA,NA,234
"SMC039","GRIA2-239","Excitatory_neuron","GRIA2",FALSE,"AD",413,9,79,0.113924050632911,NA,NA,NA,21
"SMC041","GRIA2-239","Excitatory_neuron","GRIA2",FALSE,"AD",1746,0,167,0,NA,NA,NA,70
"SMC043","GRIA2-239","Excitatory_neuron","GRIA2",FALSE,"AD",105,0,20,0,NA,NA,NA,3
"SMC049","GRIA2-239","Excitatory_neuron","GRIA2",FALSE,"AD",4070,0,2267,0,NA,NA,NA,601
"PO13","GRIA2-239","Excitatory_neuron","GRIA2",FALSE,"Control",777,0,107,0,NA,NA,NA,40
"PO15","GRIA2-239","Excitatory_neuron","GRIA2",FALSE,"Control",744,0,777,0,NA,NA,NA,221
"PO20","GRIA2-239","Excitatory_neuron","GRIA2",FALSE,"Control",1454,0,515,0,NA,NA,NA,162
"PO23","GRIA2-239","Excitatory_neuron","GRIA2",FALSE,"Control",1605,0,1323,0,NA,NA,NA,278
"SMC027","GRIA2-239","Excitatory_neuron","GRIA2",FALSE,"Control",129,0,231,0,NA,NA,NA,30
"SMC030","GRIA2-239","Excitatory_neuron","GRIA2",FALSE,"Control",915,0,1894,0,NA,NA,NA,247
"SMC033","GRIA2-239","Excitatory_neuron","GRIA2",FALSE,"Control",2797,0,836,0,NA,NA,NA,196
"SMC052","GRIA2-239","Excitatory_neuron","GRIA2",FALSE,"Control",4785,0,1634,0,NA,NA,NA,412
"PO05","KLC1-202","Excitatory_neuron","KLC1",FALSE,"AD",1197,0,14,0,NA,NA,NA,9
"PO11","KLC1-202","Excitatory_neuron","KLC1",FALSE,"AD",1165,0,15,0,NA,NA,NA,9
"PO28","KLC1-202","Excitatory_neuron","KLC1",FALSE,"AD",1851,0,94,0,NA,NA,NA,53
"PO41","KLC1-202","Excitatory_neuron","KLC1",FALSE,"AD",973,0,81,0,NA,NA,NA,48
"PO42","KLC1-202","Excitatory_neuron","KLC1",FALSE,"AD",1303,0,6,0,NA,NA,NA,6
"SMC029","KLC1-202","Excitatory_neuron","KLC1",FALSE,"AD",150,0,13,0,NA,NA,NA,3
"SMC032","KLC1-202","Excitatory_neuron","KLC1",FALSE,"AD",578,0,172,0,NA,NA,NA,46
"SMC036","KLC1-202","Excitatory_neuron","KLC1",FALSE,"AD",206,0,4,0,NA,NA,NA,2
"SMC038","KLC1-202","Excitatory_neuron","KLC1",FALSE,"AD",1640,0,129,0,NA,NA,NA,49
"SMC039","KLC1-202","Excitatory_neuron","KLC1",FALSE,"AD",413,0,10,0,NA,NA,NA,5
"SMC041","KLC1-202","Excitatory_neuron","KLC1",FALSE,"AD",1746,0,325,0,NA,NA,NA,30
"SMC043","KLC1-202","Excitatory_neuron","KLC1",FALSE,"AD",105,0,1,0,NA,NA,NA,1
"SMC049","KLC1-202","Excitatory_neuron","KLC1",FALSE,"AD",4070,0,1032,0,NA,NA,NA,281
"PO13","KLC1-202","Excitatory_neuron","KLC1",FALSE,"Control",777,0,22,0,NA,NA,NA,7
"PO15","KLC1-202","Excitatory_neuron","KLC1",FALSE,"Control",744,0,519,0,NA,NA,NA,138
"PO20","KLC1-202","Excitatory_neuron","KLC1",FALSE,"Control",1454,0,52,0,NA,NA,NA,16
"PO23","KLC1-202","Excitatory_neuron","KLC1",FALSE,"Control",1605,6,650,0.00923076923076923,NA,NA,NA,176
"SMC027","KLC1-202","Excitatory_neuron","KLC1",FALSE,"Control",129,1,8,0.125,NA,NA,NA,5
"SMC030","KLC1-202","Excitatory_neuron","KLC1",FALSE,"Control",915,0,364,0,NA,NA,NA,134
"SMC033","KLC1-202","Excitatory_neuron","KLC1",FALSE,"Control",2797,0,176,0,NA,NA,NA,43
"SMC052","KLC1-202","Excitatory_neuron","KLC1",FALSE,"Control",4785,0,67,0,NA,NA,NA,31
"PO05","KLC1-204","Excitatory_neuron","KLC1",FALSE,"AD",1197,0,14,0,NA,NA,NA,9
"PO11","KLC1-204","Excitatory_neuron","KLC1",FALSE,"AD",1165,0,15,0,NA,NA,NA,9
"PO28","KLC1-204","Excitatory_neuron","KLC1",FALSE,"AD",1851,0,94,0,NA,NA,NA,53
"PO41","KLC1-204","Excitatory_neuron","KLC1",FALSE,"AD",973,3,81,0.037037037037037,NA,NA,NA,48
"PO42","KLC1-204","Excitatory_neuron","KLC1",FALSE,"AD",1303,1,6,0.166666666666667,NA,NA,NA,6
"SMC029","KLC1-204","Excitatory_neuron","KLC1",FALSE,"AD",150,1,13,0.0769230769230769,NA,NA,NA,3
"SMC032","KLC1-204","Excitatory_neuron","KLC1",FALSE,"AD",578,5,172,0.0290697674418605,NA,NA,NA,46
"SMC036","KLC1-204","Excitatory_neuron","KLC1",FALSE,"AD",206,0,4,0,NA,NA,NA,2
"SMC038","KLC1-204","Excitatory_neuron","KLC1",FALSE,"AD",1640,0,129,0,NA,NA,NA,49
"SMC039","KLC1-204","Excitatory_neuron","KLC1",FALSE,"AD",413,3,10,0.3,NA,NA,NA,5
"SMC041","KLC1-204","Excitatory_neuron","KLC1",FALSE,"AD",1746,9,325,0.0276923076923077,NA,NA,NA,30
"SMC043","KLC1-204","Excitatory_neuron","KLC1",FALSE,"AD",105,0,1,0,NA,NA,NA,1
"SMC049","KLC1-204","Excitatory_neuron","KLC1",FALSE,"AD",4070,127,1032,0.123062015503876,NA,NA,NA,281
"PO13","KLC1-204","Excitatory_neuron","KLC1",FALSE,"Control",777,3,22,0.136363636363636,NA,NA,NA,7
"PO15","KLC1-204","Excitatory_neuron","KLC1",FALSE,"Control",744,16,519,0.0308285163776493,NA,NA,NA,138
"PO20","KLC1-204","Excitatory_neuron","KLC1",FALSE,"Control",1454,15,52,0.288461538461538,NA,NA,NA,16
"PO23","KLC1-204","Excitatory_neuron","KLC1",FALSE,"Control",1605,21,650,0.0323076923076923,NA,NA,NA,176
"SMC027","KLC1-204","Excitatory_neuron","KLC1",FALSE,"Control",129,1,8,0.125,NA,NA,NA,5
"SMC030","KLC1-204","Excitatory_neuron","KLC1",FALSE,"Control",915,10,364,0.0274725274725275,NA,NA,NA,134
"SMC033","KLC1-204","Excitatory_neuron","KLC1",FALSE,"Control",2797,0,176,0,NA,NA,NA,43
"SMC052","KLC1-204","Excitatory_neuron","KLC1",FALSE,"Control",4785,8,67,0.119402985074627,NA,NA,NA,31
"PO05","KLC1-205","Excitatory_neuron","KLC1",FALSE,"AD",1197,1,14,0.0714285714285714,NA,NA,NA,9
"PO11","KLC1-205","Excitatory_neuron","KLC1",FALSE,"AD",1165,0,15,0,NA,NA,NA,9
"PO28","KLC1-205","Excitatory_neuron","KLC1",FALSE,"AD",1851,0,94,0,NA,NA,NA,53
"PO41","KLC1-205","Excitatory_neuron","KLC1",FALSE,"AD",973,0,81,0,NA,NA,NA,48
"PO42","KLC1-205","Excitatory_neuron","KLC1",FALSE,"AD",1303,0,6,0,NA,NA,NA,6
"SMC029","KLC1-205","Excitatory_neuron","KLC1",FALSE,"AD",150,0,13,0,NA,NA,NA,3
"SMC032","KLC1-205","Excitatory_neuron","KLC1",FALSE,"AD",578,0,172,0,NA,NA,NA,46
"SMC036","KLC1-205","Excitatory_neuron","KLC1",FALSE,"AD",206,0,4,0,NA,NA,NA,2
"SMC038","KLC1-205","Excitatory_neuron","KLC1",FALSE,"AD",1640,0,129,0,NA,NA,NA,49
"SMC039","KLC1-205","Excitatory_neuron","KLC1",FALSE,"AD",413,0,10,0,NA,NA,NA,5
"SMC041","KLC1-205","Excitatory_neuron","KLC1",FALSE,"AD",1746,3,325,0.00923076923076923,NA,NA,NA,30
"SMC043","KLC1-205","Excitatory_neuron","KLC1",FALSE,"AD",105,0,1,0,NA,NA,NA,1
"SMC049","KLC1-205","Excitatory_neuron","KLC1",FALSE,"AD",4070,2,1032,0.00193798449612403,NA,NA,NA,281
"PO13","KLC1-205","Excitatory_neuron","KLC1",FALSE,"Control",777,0,22,0,NA,NA,NA,7
"PO15","KLC1-205","Excitatory_neuron","KLC1",FALSE,"Control",744,0,519,0,NA,NA,NA,138
"PO20","KLC1-205","Excitatory_neuron","KLC1",FALSE,"Control",1454,0,52,0,NA,NA,NA,16
"PO23","KLC1-205","Excitatory_neuron","KLC1",FALSE,"Control",1605,2,650,0.00307692307692308,NA,NA,NA,176
"SMC027","KLC1-205","Excitatory_neuron","KLC1",FALSE,"Control",129,0,8,0,NA,NA,NA,5
"SMC030","KLC1-205","Excitatory_neuron","KLC1",FALSE,"Control",915,0,364,0,NA,NA,NA,134
"SMC033","KLC1-205","Excitatory_neuron","KLC1",FALSE,"Control",2797,0,176,0,NA,NA,NA,43
"SMC052","KLC1-205","Excitatory_neuron","KLC1",FALSE,"Control",4785,0,67,0,NA,NA,NA,31
"PO05","KLC1-206","Excitatory_neuron","KLC1",FALSE,"AD",1197,4,14,0.285714285714286,NA,NA,NA,9
"PO11","KLC1-206","Excitatory_neuron","KLC1",FALSE,"AD",1165,6,15,0.4,NA,NA,NA,9
"PO28","KLC1-206","Excitatory_neuron","KLC1",FALSE,"AD",1851,51,94,0.542553191489362,NA,NA,NA,53
"PO41","KLC1-206","Excitatory_neuron","KLC1",FALSE,"AD",973,21,81,0.259259259259259,NA,NA,NA,48
"PO42","KLC1-206","Excitatory_neuron","KLC1",FALSE,"AD",1303,1,6,0.166666666666667,NA,NA,NA,6
"SMC029","KLC1-206","Excitatory_neuron","KLC1",FALSE,"AD",150,11,13,0.846153846153846,NA,NA,NA,3
"SMC032","KLC1-206","Excitatory_neuron","KLC1",FALSE,"AD",578,72,172,0.418604651162791,NA,NA,NA,46
"SMC036","KLC1-206","Excitatory_neuron","KLC1",FALSE,"AD",206,0,4,0,NA,NA,NA,2
"SMC038","KLC1-206","Excitatory_neuron","KLC1",FALSE,"AD",1640,60,129,0.465116279069767,NA,NA,NA,49
"SMC039","KLC1-206","Excitatory_neuron","KLC1",FALSE,"AD",413,5,10,0.5,NA,NA,NA,5
"SMC041","KLC1-206","Excitatory_neuron","KLC1",FALSE,"AD",1746,41,325,0.126153846153846,NA,NA,NA,30
"SMC043","KLC1-206","Excitatory_neuron","KLC1",FALSE,"AD",105,0,1,0,NA,NA,NA,1
"SMC049","KLC1-206","Excitatory_neuron","KLC1",FALSE,"AD",4070,750,1032,0.726744186046512,NA,NA,NA,281
"PO13","KLC1-206","Excitatory_neuron","KLC1",FALSE,"Control",777,6,22,0.272727272727273,NA,NA,NA,7
"PO15","KLC1-206","Excitatory_neuron","KLC1",FALSE,"Control",744,283,519,0.545279383429672,NA,NA,NA,138
"PO20","KLC1-206","Excitatory_neuron","KLC1",FALSE,"Control",1454,25,52,0.480769230769231,NA,NA,NA,16
"PO23","KLC1-206","Excitatory_neuron","KLC1",FALSE,"Control",1605,466,650,0.716923076923077,NA,NA,NA,176
"SMC027","KLC1-206","Excitatory_neuron","KLC1",FALSE,"Control",129,4,8,0.5,NA,NA,NA,5
"SMC030","KLC1-206","Excitatory_neuron","KLC1",FALSE,"Control",915,205,364,0.563186813186813,NA,NA,NA,134
"SMC033","KLC1-206","Excitatory_neuron","KLC1",FALSE,"Control",2797,55,176,0.3125,NA,NA,NA,43
"SMC052","KLC1-206","Excitatory_neuron","KLC1",FALSE,"Control",4785,42,67,0.626865671641791,NA,NA,NA,31
"PO05","KLC1-207","Excitatory_neuron","KLC1",TRUE,"AD",1197,2,14,0.142857142857143,0.000611996220777316,0.00011127204014133,0.182436366727942,9
"PO11","KLC1-207","Excitatory_neuron","KLC1",TRUE,"AD",1165,3,15,0.2,0.000611996220777316,0.00011127204014133,0.182436366727942,9
"PO28","KLC1-207","Excitatory_neuron","KLC1",TRUE,"AD",1851,17,94,0.180851063829787,0.000611996220777316,0.00011127204014133,0.182436366727942,53
"PO41","KLC1-207","Excitatory_neuron","KLC1",TRUE,"AD",973,13,81,0.160493827160494,0.000611996220777316,0.00011127204014133,0.182436366727942,48
"PO42","KLC1-207","Excitatory_neuron","KLC1",TRUE,"AD",1303,2,6,0.333333333333333,0.000611996220777316,0.00011127204014133,0.182436366727942,6
"SMC029","KLC1-207","Excitatory_neuron","KLC1",TRUE,"AD",150,0,13,0,0.000611996220777316,0.00011127204014133,0.182436366727942,3
"SMC032","KLC1-207","Excitatory_neuron","KLC1",TRUE,"AD",578,4,172,0.0232558139534884,0.000611996220777316,0.00011127204014133,0.182436366727942,46
"SMC036","KLC1-207","Excitatory_neuron","KLC1",TRUE,"AD",206,2,4,0.5,0.000611996220777316,0.00011127204014133,0.182436366727942,2
"SMC038","KLC1-207","Excitatory_neuron","KLC1",TRUE,"AD",1640,35,129,0.271317829457364,0.000611996220777316,0.00011127204014133,0.182436366727942,49
"SMC039","KLC1-207","Excitatory_neuron","KLC1",TRUE,"AD",413,2,10,0.2,0.000611996220777316,0.00011127204014133,0.182436366727942,5
"SMC041","KLC1-207","Excitatory_neuron","KLC1",TRUE,"AD",1746,265,325,0.815384615384615,0.000611996220777316,0.00011127204014133,0.182436366727942,30
"SMC043","KLC1-207","Excitatory_neuron","KLC1",TRUE,"AD",105,0,1,0,0.000611996220777316,0.00011127204014133,0.182436366727942,1
"SMC049","KLC1-207","Excitatory_neuron","KLC1",TRUE,"AD",4070,88,1032,0.0852713178294574,0.000611996220777316,0.00011127204014133,0.182436366727942,281
"PO13","KLC1-207","Excitatory_neuron","KLC1",TRUE,"Control",777,2,22,0.0909090909090909,0.000611996220777316,0.00011127204014133,0.182436366727942,7
"PO15","KLC1-207","Excitatory_neuron","KLC1",TRUE,"Control",744,10,519,0.0192678227360308,0.000611996220777316,0.00011127204014133,0.182436366727942,138
"PO20","KLC1-207","Excitatory_neuron","KLC1",TRUE,"Control",1454,2,52,0.0384615384615385,0.000611996220777316,0.00011127204014133,0.182436366727942,16
"PO23","KLC1-207","Excitatory_neuron","KLC1",TRUE,"Control",1605,39,650,0.06,0.000611996220777316,0.00011127204014133,0.182436366727942,176
"SMC027","KLC1-207","Excitatory_neuron","KLC1",TRUE,"Control",129,0,8,0,0.000611996220777316,0.00011127204014133,0.182436366727942,5
"SMC030","KLC1-207","Excitatory_neuron","KLC1",TRUE,"Control",915,2,364,0.00549450549450549,0.000611996220777316,0.00011127204014133,0.182436366727942,134
"SMC033","KLC1-207","Excitatory_neuron","KLC1",TRUE,"Control",2797,8,176,0.0454545454545455,0.000611996220777316,0.00011127204014133,0.182436366727942,43
"SMC052","KLC1-207","Excitatory_neuron","KLC1",TRUE,"Control",4785,5,67,0.0746268656716418,0.000611996220777316,0.00011127204014133,0.182436366727942,31
"PO05","KLC1-208","Excitatory_neuron","KLC1",FALSE,"AD",1197,0,14,0,NA,NA,NA,9
"PO11","KLC1-208","Excitatory_neuron","KLC1",FALSE,"AD",1165,0,15,0,NA,NA,NA,9
"PO28","KLC1-208","Excitatory_neuron","KLC1",FALSE,"AD",1851,0,94,0,NA,NA,NA,53
"PO41","KLC1-208","Excitatory_neuron","KLC1",FALSE,"AD",973,1,81,0.0123456790123457,NA,NA,NA,48
"PO42","KLC1-208","Excitatory_neuron","KLC1",FALSE,"AD",1303,0,6,0,NA,NA,NA,6
"SMC029","KLC1-208","Excitatory_neuron","KLC1",FALSE,"AD",150,0,13,0,NA,NA,NA,3
"SMC032","KLC1-208","Excitatory_neuron","KLC1",FALSE,"AD",578,0,172,0,NA,NA,NA,46
"SMC036","KLC1-208","Excitatory_neuron","KLC1",FALSE,"AD",206,0,4,0,NA,NA,NA,2
"SMC038","KLC1-208","Excitatory_neuron","KLC1",FALSE,"AD",1640,0,129,0,NA,NA,NA,49
"SMC039","KLC1-208","Excitatory_neuron","KLC1",FALSE,"AD",413,0,10,0,NA,NA,NA,5
"SMC041","KLC1-208","Excitatory_neuron","KLC1",FALSE,"AD",1746,0,325,0,NA,NA,NA,30
"SMC043","KLC1-208","Excitatory_neuron","KLC1",FALSE,"AD",105,0,1,0,NA,NA,NA,1
"SMC049","KLC1-208","Excitatory_neuron","KLC1",FALSE,"AD",4070,0,1032,0,NA,NA,NA,281
"PO13","KLC1-208","Excitatory_neuron","KLC1",FALSE,"Control",777,0,22,0,NA,NA,NA,7
"PO15","KLC1-208","Excitatory_neuron","KLC1",FALSE,"Control",744,0,519,0,NA,NA,NA,138
"PO20","KLC1-208","Excitatory_neuron","KLC1",FALSE,"Control",1454,0,52,0,NA,NA,NA,16
"PO23","KLC1-208","Excitatory_neuron","KLC1",FALSE,"Control",1605,0,650,0,NA,NA,NA,176
"SMC027","KLC1-208","Excitatory_neuron","KLC1",FALSE,"Control",129,0,8,0,NA,NA,NA,5
"SMC030","KLC1-208","Excitatory_neuron","KLC1",FALSE,"Control",915,0,364,0,NA,NA,NA,134
"SMC033","KLC1-208","Excitatory_neuron","KLC1",FALSE,"Control",2797,0,176,0,NA,NA,NA,43
"SMC052","KLC1-208","Excitatory_neuron","KLC1",FALSE,"Control",4785,0,67,0,NA,NA,NA,31
"PO05","KLC1-211","Excitatory_neuron","KLC1",FALSE,"AD",1197,0,14,0,NA,NA,NA,9
"PO11","KLC1-211","Excitatory_neuron","KLC1",FALSE,"AD",1165,0,15,0,NA,NA,NA,9
"PO28","KLC1-211","Excitatory_neuron","KLC1",FALSE,"AD",1851,0,94,0,NA,NA,NA,53
"PO41","KLC1-211","Excitatory_neuron","KLC1",FALSE,"AD",973,0,81,0,NA,NA,NA,48
"PO42","KLC1-211","Excitatory_neuron","KLC1",FALSE,"AD",1303,0,6,0,NA,NA,NA,6
"SMC029","KLC1-211","Excitatory_neuron","KLC1",FALSE,"AD",150,0,13,0,NA,NA,NA,3
"SMC032","KLC1-211","Excitatory_neuron","KLC1",FALSE,"AD",578,0,172,0,NA,NA,NA,46
"SMC036","KLC1-211","Excitatory_neuron","KLC1",FALSE,"AD",206,0,4,0,NA,NA,NA,2
"SMC038","KLC1-211","Excitatory_neuron","KLC1",FALSE,"AD",1640,0,129,0,NA,NA,NA,49
"SMC039","KLC1-211","Excitatory_neuron","KLC1",FALSE,"AD",413,0,10,0,NA,NA,NA,5
"SMC041","KLC1-211","Excitatory_neuron","KLC1",FALSE,"AD",1746,0,325,0,NA,NA,NA,30
"SMC043","KLC1-211","Excitatory_neuron","KLC1",FALSE,"AD",105,0,1,0,NA,NA,NA,1
"SMC049","KLC1-211","Excitatory_neuron","KLC1",FALSE,"AD",4070,0,1032,0,NA,NA,NA,281
"PO13","KLC1-211","Excitatory_neuron","KLC1",FALSE,"Control",777,0,22,0,NA,NA,NA,7
"PO15","KLC1-211","Excitatory_neuron","KLC1",FALSE,"Control",744,0,519,0,NA,NA,NA,138
"PO20","KLC1-211","Excitatory_neuron","KLC1",FALSE,"Control",1454,0,52,0,NA,NA,NA,16
"PO23","KLC1-211","Excitatory_neuron","KLC1",FALSE,"Control",1605,0,650,0,NA,NA,NA,176
"SMC027","KLC1-211","Excitatory_neuron","KLC1",FALSE,"Control",129,0,8,0,NA,NA,NA,5
"SMC030","KLC1-211","Excitatory_neuron","KLC1",FALSE,"Control",915,0,364,0,NA,NA,NA,134
"SMC033","KLC1-211","Excitatory_neuron","KLC1",FALSE,"Control",2797,0,176,0,NA,NA,NA,43
"SMC052","KLC1-211","Excitatory_neuron","KLC1",FALSE,"Control",4785,0,67,0,NA,NA,NA,31
"PO05","KLC1-212","Excitatory_neuron","KLC1",FALSE,"AD",1197,5,14,0.357142857142857,NA,NA,NA,9
"PO11","KLC1-212","Excitatory_neuron","KLC1",FALSE,"AD",1165,5,15,0.333333333333333,NA,NA,NA,9
"PO28","KLC1-212","Excitatory_neuron","KLC1",FALSE,"AD",1851,25,94,0.265957446808511,NA,NA,NA,53
"PO41","KLC1-212","Excitatory_neuron","KLC1",FALSE,"AD",973,40,81,0.493827160493827,NA,NA,NA,48
"PO42","KLC1-212","Excitatory_neuron","KLC1",FALSE,"AD",1303,2,6,0.333333333333333,NA,NA,NA,6
"SMC029","KLC1-212","Excitatory_neuron","KLC1",FALSE,"AD",150,1,13,0.0769230769230769,NA,NA,NA,3
"SMC032","KLC1-212","Excitatory_neuron","KLC1",FALSE,"AD",578,90,172,0.523255813953488,NA,NA,NA,46
"SMC036","KLC1-212","Excitatory_neuron","KLC1",FALSE,"AD",206,0,4,0,NA,NA,NA,2
"SMC038","KLC1-212","Excitatory_neuron","KLC1",FALSE,"AD",1640,22,129,0.170542635658915,NA,NA,NA,49
"SMC039","KLC1-212","Excitatory_neuron","KLC1",FALSE,"AD",413,0,10,0,NA,NA,NA,5
"SMC041","KLC1-212","Excitatory_neuron","KLC1",FALSE,"AD",1746,0,325,0,NA,NA,NA,30
"SMC043","KLC1-212","Excitatory_neuron","KLC1",FALSE,"AD",105,0,1,0,NA,NA,NA,1
"SMC049","KLC1-212","Excitatory_neuron","KLC1",FALSE,"AD",4070,57,1032,0.0552325581395349,NA,NA,NA,281
"PO13","KLC1-212","Excitatory_neuron","KLC1",FALSE,"Control",777,11,22,0.5,NA,NA,NA,7
"PO15","KLC1-212","Excitatory_neuron","KLC1",FALSE,"Control",744,203,519,0.391136801541426,NA,NA,NA,138
"PO20","KLC1-212","Excitatory_neuron","KLC1",FALSE,"Control",1454,10,52,0.192307692307692,NA,NA,NA,16
"PO23","KLC1-212","Excitatory_neuron","KLC1",FALSE,"Control",1605,112,650,0.172307692307692,NA,NA,NA,176
"SMC027","KLC1-212","Excitatory_neuron","KLC1",FALSE,"Control",129,1,8,0.125,NA,NA,NA,5
"SMC030","KLC1-212","Excitatory_neuron","KLC1",FALSE,"Control",915,145,364,0.398351648351648,NA,NA,NA,134
"SMC033","KLC1-212","Excitatory_neuron","KLC1",FALSE,"Control",2797,111,176,0.630681818181818,NA,NA,NA,43
"SMC052","KLC1-212","Excitatory_neuron","KLC1",FALSE,"Control",4785,9,67,0.134328358208955,NA,NA,NA,31
"PO05","KLC1-215","Excitatory_neuron","KLC1",FALSE,"AD",1197,0,14,0,NA,NA,NA,9
"PO11","KLC1-215","Excitatory_neuron","KLC1",FALSE,"AD",1165,0,15,0,NA,NA,NA,9
"PO28","KLC1-215","Excitatory_neuron","KLC1",FALSE,"AD",1851,0,94,0,NA,NA,NA,53
"PO41","KLC1-215","Excitatory_neuron","KLC1",FALSE,"AD",973,0,81,0,NA,NA,NA,48
"PO42","KLC1-215","Excitatory_neuron","KLC1",FALSE,"AD",1303,0,6,0,NA,NA,NA,6
"SMC029","KLC1-215","Excitatory_neuron","KLC1",FALSE,"AD",150,0,13,0,NA,NA,NA,3
"SMC032","KLC1-215","Excitatory_neuron","KLC1",FALSE,"AD",578,0,172,0,NA,NA,NA,46
"SMC036","KLC1-215","Excitatory_neuron","KLC1",FALSE,"AD",206,0,4,0,NA,NA,NA,2
"SMC038","KLC1-215","Excitatory_neuron","KLC1",FALSE,"AD",1640,0,129,0,NA,NA,NA,49
"SMC039","KLC1-215","Excitatory_neuron","KLC1",FALSE,"AD",413,0,10,0,NA,NA,NA,5
"SMC041","KLC1-215","Excitatory_neuron","KLC1",FALSE,"AD",1746,0,325,0,NA,NA,NA,30
"SMC043","KLC1-215","Excitatory_neuron","KLC1",FALSE,"AD",105,0,1,0,NA,NA,NA,1
"SMC049","KLC1-215","Excitatory_neuron","KLC1",FALSE,"AD",4070,0,1032,0,NA,NA,NA,281
"PO13","KLC1-215","Excitatory_neuron","KLC1",FALSE,"Control",777,0,22,0,NA,NA,NA,7
"PO15","KLC1-215","Excitatory_neuron","KLC1",FALSE,"Control",744,0,519,0,NA,NA,NA,138
"PO20","KLC1-215","Excitatory_neuron","KLC1",FALSE,"Control",1454,0,52,0,NA,NA,NA,16
"PO23","KLC1-215","Excitatory_neuron","KLC1",FALSE,"Control",1605,0,650,0,NA,NA,NA,176
"SMC027","KLC1-215","Excitatory_neuron","KLC1",FALSE,"Control",129,0,8,0,NA,NA,NA,5
"SMC030","KLC1-215","Excitatory_neuron","KLC1",FALSE,"Control",915,0,364,0,NA,NA,NA,134
"SMC033","KLC1-215","Excitatory_neuron","KLC1",FALSE,"Control",2797,0,176,0,NA,NA,NA,43
"SMC052","KLC1-215","Excitatory_neuron","KLC1",FALSE,"Control",4785,0,67,0,NA,NA,NA,31
"PO05","KLC1-217","Excitatory_neuron","KLC1",FALSE,"AD",1197,0,14,0,NA,NA,NA,9
"PO11","KLC1-217","Excitatory_neuron","KLC1",FALSE,"AD",1165,0,15,0,NA,NA,NA,9
"PO28","KLC1-217","Excitatory_neuron","KLC1",FALSE,"AD",1851,0,94,0,NA,NA,NA,53
"PO41","KLC1-217","Excitatory_neuron","KLC1",FALSE,"AD",973,0,81,0,NA,NA,NA,48
"PO42","KLC1-217","Excitatory_neuron","KLC1",FALSE,"AD",1303,0,6,0,NA,NA,NA,6
"SMC029","KLC1-217","Excitatory_neuron","KLC1",FALSE,"AD",150,0,13,0,NA,NA,NA,3
"SMC032","KLC1-217","Excitatory_neuron","KLC1",FALSE,"AD",578,0,172,0,NA,NA,NA,46
"SMC036","KLC1-217","Excitatory_neuron","KLC1",FALSE,"AD",206,0,4,0,NA,NA,NA,2
"SMC038","KLC1-217","Excitatory_neuron","KLC1",FALSE,"AD",1640,0,129,0,NA,NA,NA,49
"SMC039","KLC1-217","Excitatory_neuron","KLC1",FALSE,"AD",413,0,10,0,NA,NA,NA,5
"SMC041","KLC1-217","Excitatory_neuron","KLC1",FALSE,"AD",1746,3,325,0.00923076923076923,NA,NA,NA,30
"SMC043","KLC1-217","Excitatory_neuron","KLC1",FALSE,"AD",105,0,1,0,NA,NA,NA,1
"SMC049","KLC1-217","Excitatory_neuron","KLC1",FALSE,"AD",4070,5,1032,0.00484496124031008,NA,NA,NA,281
"PO13","KLC1-217","Excitatory_neuron","KLC1",FALSE,"Control",777,0,22,0,NA,NA,NA,7
"PO15","KLC1-217","Excitatory_neuron","KLC1",FALSE,"Control",744,0,519,0,NA,NA,NA,138
"PO20","KLC1-217","Excitatory_neuron","KLC1",FALSE,"Control",1454,0,52,0,NA,NA,NA,16
"PO23","KLC1-217","Excitatory_neuron","KLC1",FALSE,"Control",1605,0,650,0,NA,NA,NA,176
"SMC027","KLC1-217","Excitatory_neuron","KLC1",FALSE,"Control",129,1,8,0.125,NA,NA,NA,5
"SMC030","KLC1-217","Excitatory_neuron","KLC1",FALSE,"Control",915,0,364,0,NA,NA,NA,134
"SMC033","KLC1-217","Excitatory_neuron","KLC1",FALSE,"Control",2797,0,176,0,NA,NA,NA,43
"SMC052","KLC1-217","Excitatory_neuron","KLC1",FALSE,"Control",4785,0,67,0,NA,NA,NA,31
"PO05","KLC1-218","Excitatory_neuron","KLC1",FALSE,"AD",1197,0,14,0,NA,NA,NA,9
"PO11","KLC1-218","Excitatory_neuron","KLC1",FALSE,"AD",1165,0,15,0,NA,NA,NA,9
"PO28","KLC1-218","Excitatory_neuron","KLC1",FALSE,"AD",1851,0,94,0,NA,NA,NA,53
"PO41","KLC1-218","Excitatory_neuron","KLC1",FALSE,"AD",973,0,81,0,NA,NA,NA,48
"PO42","KLC1-218","Excitatory_neuron","KLC1",FALSE,"AD",1303,0,6,0,NA,NA,NA,6
"SMC029","KLC1-218","Excitatory_neuron","KLC1",FALSE,"AD",150,0,13,0,NA,NA,NA,3
"SMC032","KLC1-218","Excitatory_neuron","KLC1",FALSE,"AD",578,0,172,0,NA,NA,NA,46
"SMC036","KLC1-218","Excitatory_neuron","KLC1",FALSE,"AD",206,0,4,0,NA,NA,NA,2
"SMC038","KLC1-218","Excitatory_neuron","KLC1",FALSE,"AD",1640,0,129,0,NA,NA,NA,49
"SMC039","KLC1-218","Excitatory_neuron","KLC1",FALSE,"AD",413,0,10,0,NA,NA,NA,5
"SMC041","KLC1-218","Excitatory_neuron","KLC1",FALSE,"AD",1746,0,325,0,NA,NA,NA,30
"SMC043","KLC1-218","Excitatory_neuron","KLC1",FALSE,"AD",105,0,1,0,NA,NA,NA,1
"SMC049","KLC1-218","Excitatory_neuron","KLC1",FALSE,"AD",4070,0,1032,0,NA,NA,NA,281
"PO13","KLC1-218","Excitatory_neuron","KLC1",FALSE,"Control",777,0,22,0,NA,NA,NA,7
"PO15","KLC1-218","Excitatory_neuron","KLC1",FALSE,"Control",744,0,519,0,NA,NA,NA,138
"PO20","KLC1-218","Excitatory_neuron","KLC1",FALSE,"Control",1454,0,52,0,NA,NA,NA,16
"PO23","KLC1-218","Excitatory_neuron","KLC1",FALSE,"Control",1605,0,650,0,NA,NA,NA,176
"SMC027","KLC1-218","Excitatory_neuron","KLC1",FALSE,"Control",129,0,8,0,NA,NA,NA,5
"SMC030","KLC1-218","Excitatory_neuron","KLC1",FALSE,"Control",915,0,364,0,NA,NA,NA,134
"SMC033","KLC1-218","Excitatory_neuron","KLC1",FALSE,"Control",2797,0,176,0,NA,NA,NA,43
"SMC052","KLC1-218","Excitatory_neuron","KLC1",FALSE,"Control",4785,1,67,0.0149253731343284,NA,NA,NA,31
"PO05","KLC1-221","Excitatory_neuron","KLC1",FALSE,"AD",1197,0,14,0,NA,NA,NA,9
"PO11","KLC1-221","Excitatory_neuron","KLC1",FALSE,"AD",1165,0,15,0,NA,NA,NA,9
"PO28","KLC1-221","Excitatory_neuron","KLC1",FALSE,"AD",1851,0,94,0,NA,NA,NA,53
"PO41","KLC1-221","Excitatory_neuron","KLC1",FALSE,"AD",973,0,81,0,NA,NA,NA,48
"PO42","KLC1-221","Excitatory_neuron","KLC1",FALSE,"AD",1303,0,6,0,NA,NA,NA,6
"SMC029","KLC1-221","Excitatory_neuron","KLC1",FALSE,"AD",150,0,13,0,NA,NA,NA,3
"SMC032","KLC1-221","Excitatory_neuron","KLC1",FALSE,"AD",578,0,172,0,NA,NA,NA,46
"SMC036","KLC1-221","Excitatory_neuron","KLC1",FALSE,"AD",206,0,4,0,NA,NA,NA,2
"SMC038","KLC1-221","Excitatory_neuron","KLC1",FALSE,"AD",1640,0,129,0,NA,NA,NA,49
"SMC039","KLC1-221","Excitatory_neuron","KLC1",FALSE,"AD",413,0,10,0,NA,NA,NA,5
"SMC041","KLC1-221","Excitatory_neuron","KLC1",FALSE,"AD",1746,0,325,0,NA,NA,NA,30
"SMC043","KLC1-221","Excitatory_neuron","KLC1",FALSE,"AD",105,1,1,1,NA,NA,NA,1
"SMC049","KLC1-221","Excitatory_neuron","KLC1",FALSE,"AD",4070,0,1032,0,NA,NA,NA,281
"PO13","KLC1-221","Excitatory_neuron","KLC1",FALSE,"Control",777,0,22,0,NA,NA,NA,7
"PO15","KLC1-221","Excitatory_neuron","KLC1",FALSE,"Control",744,0,519,0,NA,NA,NA,138
"PO20","KLC1-221","Excitatory_neuron","KLC1",FALSE,"Control",1454,0,52,0,NA,NA,NA,16
"PO23","KLC1-221","Excitatory_neuron","KLC1",FALSE,"Control",1605,0,650,0,NA,NA,NA,176
"SMC027","KLC1-221","Excitatory_neuron","KLC1",FALSE,"Control",129,0,8,0,NA,NA,NA,5
"SMC030","KLC1-221","Excitatory_neuron","KLC1",FALSE,"Control",915,0,364,0,NA,NA,NA,134
"SMC033","KLC1-221","Excitatory_neuron","KLC1",FALSE,"Control",2797,0,176,0,NA,NA,NA,43
"SMC052","KLC1-221","Excitatory_neuron","KLC1",FALSE,"Control",4785,0,67,0,NA,NA,NA,31
"PO05","KLC1-224","Excitatory_neuron","KLC1",FALSE,"AD",1197,0,14,0,NA,NA,NA,9
"PO11","KLC1-224","Excitatory_neuron","KLC1",FALSE,"AD",1165,0,15,0,NA,NA,NA,9
"PO28","KLC1-224","Excitatory_neuron","KLC1",FALSE,"AD",1851,0,94,0,NA,NA,NA,53
"PO41","KLC1-224","Excitatory_neuron","KLC1",FALSE,"AD",973,0,81,0,NA,NA,NA,48
"PO42","KLC1-224","Excitatory_neuron","KLC1",FALSE,"AD",1303,0,6,0,NA,NA,NA,6
"SMC029","KLC1-224","Excitatory_neuron","KLC1",FALSE,"AD",150,0,13,0,NA,NA,NA,3
"SMC032","KLC1-224","Excitatory_neuron","KLC1",FALSE,"AD",578,0,172,0,NA,NA,NA,46
"SMC036","KLC1-224","Excitatory_neuron","KLC1",FALSE,"AD",206,0,4,0,NA,NA,NA,2
"SMC038","KLC1-224","Excitatory_neuron","KLC1",FALSE,"AD",1640,12,129,0.0930232558139535,NA,NA,NA,49
"SMC039","KLC1-224","Excitatory_neuron","KLC1",FALSE,"AD",413,0,10,0,NA,NA,NA,5
"SMC041","KLC1-224","Excitatory_neuron","KLC1",FALSE,"AD",1746,1,325,0.00307692307692308,NA,NA,NA,30
"SMC043","KLC1-224","Excitatory_neuron","KLC1",FALSE,"AD",105,0,1,0,NA,NA,NA,1
"SMC049","KLC1-224","Excitatory_neuron","KLC1",FALSE,"AD",4070,0,1032,0,NA,NA,NA,281
"PO13","KLC1-224","Excitatory_neuron","KLC1",FALSE,"Control",777,0,22,0,NA,NA,NA,7
"PO15","KLC1-224","Excitatory_neuron","KLC1",FALSE,"Control",744,0,519,0,NA,NA,NA,138
"PO20","KLC1-224","Excitatory_neuron","KLC1",FALSE,"Control",1454,0,52,0,NA,NA,NA,16
"PO23","KLC1-224","Excitatory_neuron","KLC1",FALSE,"Control",1605,0,650,0,NA,NA,NA,176
"SMC027","KLC1-224","Excitatory_neuron","KLC1",FALSE,"Control",129,0,8,0,NA,NA,NA,5
"SMC030","KLC1-224","Excitatory_neuron","KLC1",FALSE,"Control",915,0,364,0,NA,NA,NA,134
"SMC033","KLC1-224","Excitatory_neuron","KLC1",FALSE,"Control",2797,0,176,0,NA,NA,NA,43
"SMC052","KLC1-224","Excitatory_neuron","KLC1",FALSE,"Control",4785,0,67,0,NA,NA,NA,31
"PO05","KLC1-225","Excitatory_neuron","KLC1",FALSE,"AD",1197,2,14,0.142857142857143,NA,NA,NA,9
"PO11","KLC1-225","Excitatory_neuron","KLC1",FALSE,"AD",1165,1,15,0.0666666666666667,NA,NA,NA,9
"PO28","KLC1-225","Excitatory_neuron","KLC1",FALSE,"AD",1851,1,94,0.0106382978723404,NA,NA,NA,53
"PO41","KLC1-225","Excitatory_neuron","KLC1",FALSE,"AD",973,2,81,0.0246913580246914,NA,NA,NA,48
"PO42","KLC1-225","Excitatory_neuron","KLC1",FALSE,"AD",1303,0,6,0,NA,NA,NA,6
"SMC029","KLC1-225","Excitatory_neuron","KLC1",FALSE,"AD",150,0,13,0,NA,NA,NA,3
"SMC032","KLC1-225","Excitatory_neuron","KLC1",FALSE,"AD",578,1,172,0.00581395348837209,NA,NA,NA,46
"SMC036","KLC1-225","Excitatory_neuron","KLC1",FALSE,"AD",206,2,4,0.5,NA,NA,NA,2
"SMC038","KLC1-225","Excitatory_neuron","KLC1",FALSE,"AD",1640,0,129,0,NA,NA,NA,49
"SMC039","KLC1-225","Excitatory_neuron","KLC1",FALSE,"AD",413,0,10,0,NA,NA,NA,5
"SMC041","KLC1-225","Excitatory_neuron","KLC1",FALSE,"AD",1746,3,325,0.00923076923076923,NA,NA,NA,30
"SMC043","KLC1-225","Excitatory_neuron","KLC1",FALSE,"AD",105,0,1,0,NA,NA,NA,1
"SMC049","KLC1-225","Excitatory_neuron","KLC1",FALSE,"AD",4070,3,1032,0.00290697674418605,NA,NA,NA,281
"PO13","KLC1-225","Excitatory_neuron","KLC1",FALSE,"Control",777,0,22,0,NA,NA,NA,7
"PO15","KLC1-225","Excitatory_neuron","KLC1",FALSE,"Control",744,7,519,0.0134874759152216,NA,NA,NA,138
"PO20","KLC1-225","Excitatory_neuron","KLC1",FALSE,"Control",1454,0,52,0,NA,NA,NA,16
"PO23","KLC1-225","Excitatory_neuron","KLC1",FALSE,"Control",1605,4,650,0.00615384615384615,NA,NA,NA,176
"SMC027","KLC1-225","Excitatory_neuron","KLC1",FALSE,"Control",129,0,8,0,NA,NA,NA,5
"SMC030","KLC1-225","Excitatory_neuron","KLC1",FALSE,"Control",915,2,364,0.00549450549450549,NA,NA,NA,134
"SMC033","KLC1-225","Excitatory_neuron","KLC1",FALSE,"Control",2797,2,176,0.0113636363636364,NA,NA,NA,43
"SMC052","KLC1-225","Excitatory_neuron","KLC1",FALSE,"Control",4785,2,67,0.0298507462686567,NA,NA,NA,31
"PO05","KLC1-AS1-201","Excitatory_neuron","KLC1",FALSE,"AD",1197,0,14,0,NA,NA,NA,9
"PO11","KLC1-AS1-201","Excitatory_neuron","KLC1",FALSE,"AD",1165,0,15,0,NA,NA,NA,9
"PO28","KLC1-AS1-201","Excitatory_neuron","KLC1",FALSE,"AD",1851,0,94,0,NA,NA,NA,53
"PO41","KLC1-AS1-201","Excitatory_neuron","KLC1",FALSE,"AD",973,1,81,0.0123456790123457,NA,NA,NA,48
"PO42","KLC1-AS1-201","Excitatory_neuron","KLC1",FALSE,"AD",1303,0,6,0,NA,NA,NA,6
"SMC029","KLC1-AS1-201","Excitatory_neuron","KLC1",FALSE,"AD",150,0,13,0,NA,NA,NA,3
"SMC032","KLC1-AS1-201","Excitatory_neuron","KLC1",FALSE,"AD",578,0,172,0,NA,NA,NA,46
"SMC036","KLC1-AS1-201","Excitatory_neuron","KLC1",FALSE,"AD",206,0,4,0,NA,NA,NA,2
"SMC038","KLC1-AS1-201","Excitatory_neuron","KLC1",FALSE,"AD",1640,0,129,0,NA,NA,NA,49
"SMC039","KLC1-AS1-201","Excitatory_neuron","KLC1",FALSE,"AD",413,0,10,0,NA,NA,NA,5
"SMC041","KLC1-AS1-201","Excitatory_neuron","KLC1",FALSE,"AD",1746,0,325,0,NA,NA,NA,30
"SMC043","KLC1-AS1-201","Excitatory_neuron","KLC1",FALSE,"AD",105,0,1,0,NA,NA,NA,1
"SMC049","KLC1-AS1-201","Excitatory_neuron","KLC1",FALSE,"AD",4070,0,1032,0,NA,NA,NA,281
"PO13","KLC1-AS1-201","Excitatory_neuron","KLC1",FALSE,"Control",777,0,22,0,NA,NA,NA,7
"PO15","KLC1-AS1-201","Excitatory_neuron","KLC1",FALSE,"Control",744,0,519,0,NA,NA,NA,138
"PO20","KLC1-AS1-201","Excitatory_neuron","KLC1",FALSE,"Control",1454,0,52,0,NA,NA,NA,16
"PO23","KLC1-AS1-201","Excitatory_neuron","KLC1",FALSE,"Control",1605,0,650,0,NA,NA,NA,176
"SMC027","KLC1-AS1-201","Excitatory_neuron","KLC1",FALSE,"Control",129,0,8,0,NA,NA,NA,5
"SMC030","KLC1-AS1-201","Excitatory_neuron","KLC1",FALSE,"Control",915,0,364,0,NA,NA,NA,134
"SMC033","KLC1-AS1-201","Excitatory_neuron","KLC1",FALSE,"Control",2797,0,176,0,NA,NA,NA,43
"SMC052","KLC1-AS1-201","Excitatory_neuron","KLC1",FALSE,"Control",4785,0,67,0,NA,NA,NA,31
"PO05","MGRN1-201","Excitatory_neuron","MGRN1",FALSE,"AD",1197,0,3,0,NA,NA,NA,2
"PO11","MGRN1-201","Excitatory_neuron","MGRN1",FALSE,"AD",1165,2,26,0.0769230769230769,NA,NA,NA,13
"PO28","MGRN1-201","Excitatory_neuron","MGRN1",FALSE,"AD",1851,9,139,0.0647482014388489,NA,NA,NA,27
"PO41","MGRN1-201","Excitatory_neuron","MGRN1",FALSE,"AD",973,0,94,0,NA,NA,NA,29
"PO42","MGRN1-201","Excitatory_neuron","MGRN1",FALSE,"AD",1303,1,20,0.05,NA,NA,NA,10
"SMC029","MGRN1-201","Excitatory_neuron","MGRN1",FALSE,"AD",150,0,0,NA,NA,NA,NA,0
"SMC032","MGRN1-201","Excitatory_neuron","MGRN1",FALSE,"AD",578,0,48,0,NA,NA,NA,15
"SMC036","MGRN1-201","Excitatory_neuron","MGRN1",FALSE,"AD",206,0,0,NA,NA,NA,NA,0
"SMC038","MGRN1-201","Excitatory_neuron","MGRN1",FALSE,"AD",1640,37,370,0.1,NA,NA,NA,19
"SMC039","MGRN1-201","Excitatory_neuron","MGRN1",FALSE,"AD",413,0,1,0,NA,NA,NA,1
"SMC041","MGRN1-201","Excitatory_neuron","MGRN1",FALSE,"AD",1746,0,108,0,NA,NA,NA,6
"SMC043","MGRN1-201","Excitatory_neuron","MGRN1",FALSE,"AD",105,0,0,NA,NA,NA,NA,0
"SMC049","MGRN1-201","Excitatory_neuron","MGRN1",FALSE,"AD",4070,10,39,0.256410256410256,NA,NA,NA,16
"PO13","MGRN1-201","Excitatory_neuron","MGRN1",FALSE,"Control",777,0,1,0,NA,NA,NA,1
"PO15","MGRN1-201","Excitatory_neuron","MGRN1",FALSE,"Control",744,0,43,0,NA,NA,NA,18
"PO20","MGRN1-201","Excitatory_neuron","MGRN1",FALSE,"Control",1454,4,26,0.153846153846154,NA,NA,NA,12
"PO23","MGRN1-201","Excitatory_neuron","MGRN1",FALSE,"Control",1605,10,164,0.0609756097560976,NA,NA,NA,49
"SMC027","MGRN1-201","Excitatory_neuron","MGRN1",FALSE,"Control",129,0,61,0,NA,NA,NA,3
"SMC030","MGRN1-201","Excitatory_neuron","MGRN1",FALSE,"Control",915,1,21,0.0476190476190476,NA,NA,NA,10
"SMC033","MGRN1-201","Excitatory_neuron","MGRN1",FALSE,"Control",2797,0,34,0,NA,NA,NA,9
"SMC052","MGRN1-201","Excitatory_neuron","MGRN1",FALSE,"Control",4785,2,17,0.117647058823529,NA,NA,NA,9
"PO05","MGRN1-202","Excitatory_neuron","MGRN1",TRUE,"AD",1197,3,3,1,0.00932630842007753,0,0.452089791876405,2
"PO11","MGRN1-202","Excitatory_neuron","MGRN1",TRUE,"AD",1165,18,26,0.692307692307692,0.00932630842007753,0,0.452089791876405,13
"PO28","MGRN1-202","Excitatory_neuron","MGRN1",TRUE,"AD",1851,63,139,0.453237410071942,0.00932630842007753,0,0.452089791876405,27
"PO41","MGRN1-202","Excitatory_neuron","MGRN1",TRUE,"AD",973,49,94,0.521276595744681,0.00932630842007753,0,0.452089791876405,29
"PO42","MGRN1-202","Excitatory_neuron","MGRN1",TRUE,"AD",1303,18,20,0.9,0.00932630842007753,0,0.452089791876405,10
"SMC029","MGRN1-202","Excitatory_neuron","MGRN1",TRUE,"AD",150,0,0,NA,0.00932630842007753,0,0.452089791876405,0
"SMC032","MGRN1-202","Excitatory_neuron","MGRN1",TRUE,"AD",578,9,48,0.1875,0.00932630842007753,0,0.452089791876405,15
"SMC036","MGRN1-202","Excitatory_neuron","MGRN1",TRUE,"AD",206,0,0,NA,0.00932630842007753,0,0.452089791876405,0
"SMC038","MGRN1-202","Excitatory_neuron","MGRN1",TRUE,"AD",1640,269,370,0.727027027027027,0.00932630842007753,0,0.452089791876405,19
"SMC039","MGRN1-202","Excitatory_neuron","MGRN1",TRUE,"AD",413,1,1,1,0.00932630842007753,0,0.452089791876405,1
"SMC041","MGRN1-202","Excitatory_neuron","MGRN1",TRUE,"AD",1746,107,108,0.990740740740741,0.00932630842007753,0,0.452089791876405,6
"SMC043","MGRN1-202","Excitatory_neuron","MGRN1",TRUE,"AD",105,0,0,NA,0.00932630842007753,0,0.452089791876405,0
"SMC049","MGRN1-202","Excitatory_neuron","MGRN1",TRUE,"AD",4070,3,39,0.0769230769230769,0.00932630842007753,0,0.452089791876405,16
"PO13","MGRN1-202","Excitatory_neuron","MGRN1",TRUE,"Control",777,0,1,0,0.00932630842007753,0,0.452089791876405,1
"PO15","MGRN1-202","Excitatory_neuron","MGRN1",TRUE,"Control",744,15,43,0.348837209302326,0.00932630842007753,0,0.452089791876405,18
"PO20","MGRN1-202","Excitatory_neuron","MGRN1",TRUE,"Control",1454,7,26,0.269230769230769,0.00932630842007753,0,0.452089791876405,12
"PO23","MGRN1-202","Excitatory_neuron","MGRN1",TRUE,"Control",1605,57,164,0.347560975609756,0.00932630842007753,0,0.452089791876405,49
"SMC027","MGRN1-202","Excitatory_neuron","MGRN1",TRUE,"Control",129,0,61,0,0.00932630842007753,0,0.452089791876405,3
"SMC030","MGRN1-202","Excitatory_neuron","MGRN1",TRUE,"Control",915,7,21,0.333333333333333,0.00932630842007753,0,0.452089791876405,10
"SMC033","MGRN1-202","Excitatory_neuron","MGRN1",TRUE,"Control",2797,5,34,0.147058823529412,0.00932630842007753,0,0.452089791876405,9
"SMC052","MGRN1-202","Excitatory_neuron","MGRN1",TRUE,"Control",4785,3,17,0.176470588235294,0.00932630842007753,0,0.452089791876405,9
"PO05","MGRN1-203","Excitatory_neuron","MGRN1",TRUE,"AD",1197,0,3,0,0.00932630842007753,0,-0.320915615636845,2
"PO11","MGRN1-203","Excitatory_neuron","MGRN1",TRUE,"AD",1165,6,26,0.230769230769231,0.00932630842007753,0,-0.320915615636845,13
"PO28","MGRN1-203","Excitatory_neuron","MGRN1",TRUE,"AD",1851,66,139,0.474820143884892,0.00932630842007753,0,-0.320915615636845,27
"PO41","MGRN1-203","Excitatory_neuron","MGRN1",TRUE,"AD",973,42,94,0.446808510638298,0.00932630842007753,0,-0.320915615636845,29
"PO42","MGRN1-203","Excitatory_neuron","MGRN1",TRUE,"AD",1303,0,20,0,0.00932630842007753,0,-0.320915615636845,10
"SMC029","MGRN1-203","Excitatory_neuron","MGRN1",TRUE,"AD",150,0,0,NA,0.00932630842007753,0,-0.320915615636845,0
"SMC032","MGRN1-203","Excitatory_neuron","MGRN1",TRUE,"AD",578,39,48,0.8125,0.00932630842007753,0,-0.320915615636845,15
"SMC036","MGRN1-203","Excitatory_neuron","MGRN1",TRUE,"AD",206,0,0,NA,0.00932630842007753,0,-0.320915615636845,0
"SMC038","MGRN1-203","Excitatory_neuron","MGRN1",TRUE,"AD",1640,64,370,0.172972972972973,0.00932630842007753,0,-0.320915615636845,19
"SMC039","MGRN1-203","Excitatory_neuron","MGRN1",TRUE,"AD",413,0,1,0,0.00932630842007753,0,-0.320915615636845,1
"SMC041","MGRN1-203","Excitatory_neuron","MGRN1",TRUE,"AD",1746,1,108,0.00925925925925926,0.00932630842007753,0,-0.320915615636845,6
"SMC043","MGRN1-203","Excitatory_neuron","MGRN1",TRUE,"AD",105,0,0,NA,0.00932630842007753,0,-0.320915615636845,0
"SMC049","MGRN1-203","Excitatory_neuron","MGRN1",TRUE,"AD",4070,19,39,0.487179487179487,0.00932630842007753,0,-0.320915615636845,16
"PO13","MGRN1-203","Excitatory_neuron","MGRN1",TRUE,"Control",777,0,1,0,0.00932630842007753,0,-0.320915615636845,1
"PO15","MGRN1-203","Excitatory_neuron","MGRN1",TRUE,"Control",744,27,43,0.627906976744186,0.00932630842007753,0,-0.320915615636845,18
"PO20","MGRN1-203","Excitatory_neuron","MGRN1",TRUE,"Control",1454,15,26,0.576923076923077,0.00932630842007753,0,-0.320915615636845,12
"PO23","MGRN1-203","Excitatory_neuron","MGRN1",TRUE,"Control",1605,94,164,0.573170731707317,0.00932630842007753,0,-0.320915615636845,49
"SMC027","MGRN1-203","Excitatory_neuron","MGRN1",TRUE,"Control",129,60,61,0.983606557377049,0.00932630842007753,0,-0.320915615636845,3
"SMC030","MGRN1-203","Excitatory_neuron","MGRN1",TRUE,"Control",915,13,21,0.619047619047619,0.00932630842007753,0,-0.320915615636845,10
"SMC033","MGRN1-203","Excitatory_neuron","MGRN1",TRUE,"Control",2797,28,34,0.823529411764706,0.00932630842007753,0,-0.320915615636845,9
"SMC052","MGRN1-203","Excitatory_neuron","MGRN1",TRUE,"Control",4785,8,17,0.470588235294118,0.00932630842007753,0,-0.320915615636845,9
"PO05","MGRN1-204","Excitatory_neuron","MGRN1",FALSE,"AD",1197,0,3,0,NA,NA,NA,2
"PO11","MGRN1-204","Excitatory_neuron","MGRN1",FALSE,"AD",1165,0,26,0,NA,NA,NA,13
"PO28","MGRN1-204","Excitatory_neuron","MGRN1",FALSE,"AD",1851,0,139,0,NA,NA,NA,27
"PO41","MGRN1-204","Excitatory_neuron","MGRN1",FALSE,"AD",973,2,94,0.0212765957446809,NA,NA,NA,29
"PO42","MGRN1-204","Excitatory_neuron","MGRN1",FALSE,"AD",1303,0,20,0,NA,NA,NA,10
"SMC029","MGRN1-204","Excitatory_neuron","MGRN1",FALSE,"AD",150,0,0,NA,NA,NA,NA,0
"SMC032","MGRN1-204","Excitatory_neuron","MGRN1",FALSE,"AD",578,0,48,0,NA,NA,NA,15
"SMC036","MGRN1-204","Excitatory_neuron","MGRN1",FALSE,"AD",206,0,0,NA,NA,NA,NA,0
"SMC038","MGRN1-204","Excitatory_neuron","MGRN1",FALSE,"AD",1640,0,370,0,NA,NA,NA,19
"SMC039","MGRN1-204","Excitatory_neuron","MGRN1",FALSE,"AD",413,0,1,0,NA,NA,NA,1
"SMC041","MGRN1-204","Excitatory_neuron","MGRN1",FALSE,"AD",1746,0,108,0,NA,NA,NA,6
"SMC043","MGRN1-204","Excitatory_neuron","MGRN1",FALSE,"AD",105,0,0,NA,NA,NA,NA,0
"SMC049","MGRN1-204","Excitatory_neuron","MGRN1",FALSE,"AD",4070,0,39,0,NA,NA,NA,16
"PO13","MGRN1-204","Excitatory_neuron","MGRN1",FALSE,"Control",777,0,1,0,NA,NA,NA,1
"PO15","MGRN1-204","Excitatory_neuron","MGRN1",FALSE,"Control",744,0,43,0,NA,NA,NA,18
"PO20","MGRN1-204","Excitatory_neuron","MGRN1",FALSE,"Control",1454,0,26,0,NA,NA,NA,12
"PO23","MGRN1-204","Excitatory_neuron","MGRN1",FALSE,"Control",1605,1,164,0.00609756097560976,NA,NA,NA,49
"SMC027","MGRN1-204","Excitatory_neuron","MGRN1",FALSE,"Control",129,1,61,0.0163934426229508,NA,NA,NA,3
"SMC030","MGRN1-204","Excitatory_neuron","MGRN1",FALSE,"Control",915,0,21,0,NA,NA,NA,10
"SMC033","MGRN1-204","Excitatory_neuron","MGRN1",FALSE,"Control",2797,0,34,0,NA,NA,NA,9
"SMC052","MGRN1-204","Excitatory_neuron","MGRN1",FALSE,"Control",4785,1,17,0.0588235294117647,NA,NA,NA,9
"PO05","MGRN1-218","Excitatory_neuron","MGRN1",FALSE,"AD",1197,0,3,0,NA,NA,NA,2
"PO11","MGRN1-218","Excitatory_neuron","MGRN1",FALSE,"AD",1165,0,26,0,NA,NA,NA,13
"PO28","MGRN1-218","Excitatory_neuron","MGRN1",FALSE,"AD",1851,1,139,0.00719424460431655,NA,NA,NA,27
"PO41","MGRN1-218","Excitatory_neuron","MGRN1",FALSE,"AD",973,1,94,0.0106382978723404,NA,NA,NA,29
"PO42","MGRN1-218","Excitatory_neuron","MGRN1",FALSE,"AD",1303,1,20,0.05,NA,NA,NA,10
"SMC029","MGRN1-218","Excitatory_neuron","MGRN1",FALSE,"AD",150,0,0,NA,NA,NA,NA,0
"SMC032","MGRN1-218","Excitatory_neuron","MGRN1",FALSE,"AD",578,0,48,0,NA,NA,NA,15
"SMC036","MGRN1-218","Excitatory_neuron","MGRN1",FALSE,"AD",206,0,0,NA,NA,NA,NA,0
"SMC038","MGRN1-218","Excitatory_neuron","MGRN1",FALSE,"AD",1640,0,370,0,NA,NA,NA,19
"SMC039","MGRN1-218","Excitatory_neuron","MGRN1",FALSE,"AD",413,0,1,0,NA,NA,NA,1
"SMC041","MGRN1-218","Excitatory_neuron","MGRN1",FALSE,"AD",1746,0,108,0,NA,NA,NA,6
"SMC043","MGRN1-218","Excitatory_neuron","MGRN1",FALSE,"AD",105,0,0,NA,NA,NA,NA,0
"SMC049","MGRN1-218","Excitatory_neuron","MGRN1",FALSE,"AD",4070,7,39,0.179487179487179,NA,NA,NA,16
"PO13","MGRN1-218","Excitatory_neuron","MGRN1",FALSE,"Control",777,1,1,1,NA,NA,NA,1
"PO15","MGRN1-218","Excitatory_neuron","MGRN1",FALSE,"Control",744,1,43,0.0232558139534884,NA,NA,NA,18
"PO20","MGRN1-218","Excitatory_neuron","MGRN1",FALSE,"Control",1454,0,26,0,NA,NA,NA,12
"PO23","MGRN1-218","Excitatory_neuron","MGRN1",FALSE,"Control",1605,2,164,0.0121951219512195,NA,NA,NA,49
"SMC027","MGRN1-218","Excitatory_neuron","MGRN1",FALSE,"Control",129,0,61,0,NA,NA,NA,3
"SMC030","MGRN1-218","Excitatory_neuron","MGRN1",FALSE,"Control",915,0,21,0,NA,NA,NA,10
"SMC033","MGRN1-218","Excitatory_neuron","MGRN1",FALSE,"Control",2797,1,34,0.0294117647058824,NA,NA,NA,9
"SMC052","MGRN1-218","Excitatory_neuron","MGRN1",FALSE,"Control",4785,3,17,0.176470588235294,NA,NA,NA,9
"PO05","RGS7-201","Excitatory_neuron","RGS7",FALSE,"AD",1197,0,152,0,NA,NA,NA,64
"PO11","RGS7-201","Excitatory_neuron","RGS7",FALSE,"AD",1165,0,70,0,NA,NA,NA,48
"PO28","RGS7-201","Excitatory_neuron","RGS7",FALSE,"AD",1851,0,85,0,NA,NA,NA,67
"PO41","RGS7-201","Excitatory_neuron","RGS7",FALSE,"AD",973,0,361,0,NA,NA,NA,149
"PO42","RGS7-201","Excitatory_neuron","RGS7",FALSE,"AD",1303,0,35,0,NA,NA,NA,26
"SMC029","RGS7-201","Excitatory_neuron","RGS7",FALSE,"AD",150,0,15,0,NA,NA,NA,6
"SMC032","RGS7-201","Excitatory_neuron","RGS7",FALSE,"AD",578,0,203,0,NA,NA,NA,88
"SMC036","RGS7-201","Excitatory_neuron","RGS7",FALSE,"AD",206,0,6,0,NA,NA,NA,4
"SMC038","RGS7-201","Excitatory_neuron","RGS7",FALSE,"AD",1640,0,382,0,NA,NA,NA,135
"SMC039","RGS7-201","Excitatory_neuron","RGS7",FALSE,"AD",413,0,71,0,NA,NA,NA,12
"SMC041","RGS7-201","Excitatory_neuron","RGS7",FALSE,"AD",1746,0,153,0,NA,NA,NA,32
"SMC043","RGS7-201","Excitatory_neuron","RGS7",FALSE,"AD",105,0,0,NA,NA,NA,NA,0
"SMC049","RGS7-201","Excitatory_neuron","RGS7",FALSE,"AD",4070,0,1933,0,NA,NA,NA,561
"PO13","RGS7-201","Excitatory_neuron","RGS7",FALSE,"Control",777,0,49,0,NA,NA,NA,18
"PO15","RGS7-201","Excitatory_neuron","RGS7",FALSE,"Control",744,2,578,0.00346020761245675,NA,NA,NA,236
"PO20","RGS7-201","Excitatory_neuron","RGS7",FALSE,"Control",1454,0,254,0,NA,NA,NA,73
"PO23","RGS7-201","Excitatory_neuron","RGS7",FALSE,"Control",1605,3,282,0.0106382978723404,NA,NA,NA,173
"SMC027","RGS7-201","Excitatory_neuron","RGS7",FALSE,"Control",129,0,16,0,NA,NA,NA,9
"SMC030","RGS7-201","Excitatory_neuron","RGS7",FALSE,"Control",915,0,592,0,NA,NA,NA,295
"SMC033","RGS7-201","Excitatory_neuron","RGS7",FALSE,"Control",2797,0,55,0,NA,NA,NA,44
"SMC052","RGS7-201","Excitatory_neuron","RGS7",FALSE,"Control",4785,0,2386,0,NA,NA,NA,524
"PO05","RGS7-202","Excitatory_neuron","RGS7",FALSE,"AD",1197,0,152,0,NA,NA,NA,64
"PO11","RGS7-202","Excitatory_neuron","RGS7",FALSE,"AD",1165,5,70,0.0714285714285714,NA,NA,NA,48
"PO28","RGS7-202","Excitatory_neuron","RGS7",FALSE,"AD",1851,14,85,0.164705882352941,NA,NA,NA,67
"PO41","RGS7-202","Excitatory_neuron","RGS7",FALSE,"AD",973,32,361,0.0886426592797784,NA,NA,NA,149
"PO42","RGS7-202","Excitatory_neuron","RGS7",FALSE,"AD",1303,2,35,0.0571428571428571,NA,NA,NA,26
"SMC029","RGS7-202","Excitatory_neuron","RGS7",FALSE,"AD",150,0,15,0,NA,NA,NA,6
"SMC032","RGS7-202","Excitatory_neuron","RGS7",FALSE,"AD",578,6,203,0.0295566502463054,NA,NA,NA,88
"SMC036","RGS7-202","Excitatory_neuron","RGS7",FALSE,"AD",206,1,6,0.166666666666667,NA,NA,NA,4
"SMC038","RGS7-202","Excitatory_neuron","RGS7",FALSE,"AD",1640,2,382,0.00523560209424084,NA,NA,NA,135
"SMC039","RGS7-202","Excitatory_neuron","RGS7",FALSE,"AD",413,6,71,0.0845070422535211,NA,NA,NA,12
"SMC041","RGS7-202","Excitatory_neuron","RGS7",FALSE,"AD",1746,0,153,0,NA,NA,NA,32
"SMC043","RGS7-202","Excitatory_neuron","RGS7",FALSE,"AD",105,0,0,NA,NA,NA,NA,0
"SMC049","RGS7-202","Excitatory_neuron","RGS7",FALSE,"AD",4070,225,1933,0.116399379203311,NA,NA,NA,561
"PO13","RGS7-202","Excitatory_neuron","RGS7",FALSE,"Control",777,0,49,0,NA,NA,NA,18
"PO15","RGS7-202","Excitatory_neuron","RGS7",FALSE,"Control",744,44,578,0.0761245674740484,NA,NA,NA,236
"PO20","RGS7-202","Excitatory_neuron","RGS7",FALSE,"Control",1454,1,254,0.00393700787401575,NA,NA,NA,73
"PO23","RGS7-202","Excitatory_neuron","RGS7",FALSE,"Control",1605,25,282,0.0886524822695035,NA,NA,NA,173
"SMC027","RGS7-202","Excitatory_neuron","RGS7",FALSE,"Control",129,0,16,0,NA,NA,NA,9
"SMC030","RGS7-202","Excitatory_neuron","RGS7",FALSE,"Control",915,21,592,0.035472972972973,NA,NA,NA,295
"SMC033","RGS7-202","Excitatory_neuron","RGS7",FALSE,"Control",2797,10,55,0.181818181818182,NA,NA,NA,44
"SMC052","RGS7-202","Excitatory_neuron","RGS7",FALSE,"Control",4785,1,2386,0.000419111483654652,NA,NA,NA,524
"PO05","RGS7-203","Excitatory_neuron","RGS7",TRUE,"AD",1197,1,152,0.00657894736842105,0.0180308270223817,0.0132100781260989,0.0300234634654391,64
"PO11","RGS7-203","Excitatory_neuron","RGS7",TRUE,"AD",1165,4,70,0.0571428571428571,0.0180308270223817,0.0132100781260989,0.0300234634654391,48
"PO28","RGS7-203","Excitatory_neuron","RGS7",TRUE,"AD",1851,5,85,0.0588235294117647,0.0180308270223817,0.0132100781260989,0.0300234634654391,67
"PO41","RGS7-203","Excitatory_neuron","RGS7",TRUE,"AD",973,14,361,0.038781163434903,0.0180308270223817,0.0132100781260989,0.0300234634654391,149
"PO42","RGS7-203","Excitatory_neuron","RGS7",TRUE,"AD",1303,1,35,0.0285714285714286,0.0180308270223817,0.0132100781260989,0.0300234634654391,26
"SMC029","RGS7-203","Excitatory_neuron","RGS7",TRUE,"AD",150,0,15,0,0.0180308270223817,0.0132100781260989,0.0300234634654391,6
"SMC032","RGS7-203","Excitatory_neuron","RGS7",TRUE,"AD",578,6,203,0.0295566502463054,0.0180308270223817,0.0132100781260989,0.0300234634654391,88
"SMC036","RGS7-203","Excitatory_neuron","RGS7",TRUE,"AD",206,0,6,0,0.0180308270223817,0.0132100781260989,0.0300234634654391,4
"SMC038","RGS7-203","Excitatory_neuron","RGS7",TRUE,"AD",1640,43,382,0.112565445026178,0.0180308270223817,0.0132100781260989,0.0300234634654391,135
"SMC039","RGS7-203","Excitatory_neuron","RGS7",TRUE,"AD",413,0,71,0,0.0180308270223817,0.0132100781260989,0.0300234634654391,12
"SMC041","RGS7-203","Excitatory_neuron","RGS7",TRUE,"AD",1746,21,153,0.137254901960784,0.0180308270223817,0.0132100781260989,0.0300234634654391,32
"SMC043","RGS7-203","Excitatory_neuron","RGS7",TRUE,"AD",105,0,0,NA,0.0180308270223817,0.0132100781260989,0.0300234634654391,0
"SMC049","RGS7-203","Excitatory_neuron","RGS7",TRUE,"AD",4070,222,1933,0.1148473874806,0.0180308270223817,0.0132100781260989,0.0300234634654391,561
"PO13","RGS7-203","Excitatory_neuron","RGS7",TRUE,"Control",777,0,49,0,0.0180308270223817,0.0132100781260989,0.0300234634654391,18
"PO15","RGS7-203","Excitatory_neuron","RGS7",TRUE,"Control",744,24,578,0.041522491349481,0.0180308270223817,0.0132100781260989,0.0300234634654391,236
"PO20","RGS7-203","Excitatory_neuron","RGS7",TRUE,"Control",1454,0,254,0,0.0180308270223817,0.0132100781260989,0.0300234634654391,73
"PO23","RGS7-203","Excitatory_neuron","RGS7",TRUE,"Control",1605,0,282,0,0.0180308270223817,0.0132100781260989,0.0300234634654391,173
"SMC027","RGS7-203","Excitatory_neuron","RGS7",TRUE,"Control",129,0,16,0,0.0180308270223817,0.0132100781260989,0.0300234634654391,9
"SMC030","RGS7-203","Excitatory_neuron","RGS7",TRUE,"Control",915,15,592,0.0253378378378378,0.0180308270223817,0.0132100781260989,0.0300234634654391,295
"SMC033","RGS7-203","Excitatory_neuron","RGS7",TRUE,"Control",2797,4,55,0.0727272727272727,0.0180308270223817,0.0132100781260989,0.0300234634654391,44
"SMC052","RGS7-203","Excitatory_neuron","RGS7",TRUE,"Control",4785,23,2386,0.009639564124057,0.0180308270223817,0.0132100781260989,0.0300234634654391,524
"PO05","RGS7-205","Excitatory_neuron","RGS7",FALSE,"AD",1197,0,152,0,NA,NA,NA,64
"PO11","RGS7-205","Excitatory_neuron","RGS7",FALSE,"AD",1165,1,70,0.0142857142857143,NA,NA,NA,48
"PO28","RGS7-205","Excitatory_neuron","RGS7",FALSE,"AD",1851,1,85,0.0117647058823529,NA,NA,NA,67
"PO41","RGS7-205","Excitatory_neuron","RGS7",FALSE,"AD",973,0,361,0,NA,NA,NA,149
"PO42","RGS7-205","Excitatory_neuron","RGS7",FALSE,"AD",1303,0,35,0,NA,NA,NA,26
"SMC029","RGS7-205","Excitatory_neuron","RGS7",FALSE,"AD",150,0,15,0,NA,NA,NA,6
"SMC032","RGS7-205","Excitatory_neuron","RGS7",FALSE,"AD",578,0,203,0,NA,NA,NA,88
"SMC036","RGS7-205","Excitatory_neuron","RGS7",FALSE,"AD",206,0,6,0,NA,NA,NA,4
"SMC038","RGS7-205","Excitatory_neuron","RGS7",FALSE,"AD",1640,0,382,0,NA,NA,NA,135
"SMC039","RGS7-205","Excitatory_neuron","RGS7",FALSE,"AD",413,0,71,0,NA,NA,NA,12
"SMC041","RGS7-205","Excitatory_neuron","RGS7",FALSE,"AD",1746,0,153,0,NA,NA,NA,32
"SMC043","RGS7-205","Excitatory_neuron","RGS7",FALSE,"AD",105,0,0,NA,NA,NA,NA,0
"SMC049","RGS7-205","Excitatory_neuron","RGS7",FALSE,"AD",4070,60,1933,0.0310398344542162,NA,NA,NA,561
"PO13","RGS7-205","Excitatory_neuron","RGS7",FALSE,"Control",777,0,49,0,NA,NA,NA,18
"PO15","RGS7-205","Excitatory_neuron","RGS7",FALSE,"Control",744,10,578,0.0173010380622837,NA,NA,NA,236
"PO20","RGS7-205","Excitatory_neuron","RGS7",FALSE,"Control",1454,0,254,0,NA,NA,NA,73
"PO23","RGS7-205","Excitatory_neuron","RGS7",FALSE,"Control",1605,0,282,0,NA,NA,NA,173
"SMC027","RGS7-205","Excitatory_neuron","RGS7",FALSE,"Control",129,0,16,0,NA,NA,NA,9
"SMC030","RGS7-205","Excitatory_neuron","RGS7",FALSE,"Control",915,2,592,0.00337837837837838,NA,NA,NA,295
"SMC033","RGS7-205","Excitatory_neuron","RGS7",FALSE,"Control",2797,0,55,0,NA,NA,NA,44
"SMC052","RGS7-205","Excitatory_neuron","RGS7",FALSE,"Control",4785,0,2386,0,NA,NA,NA,524
"PO05","RGS7-208","Excitatory_neuron","RGS7",FALSE,"AD",1197,0,152,0,NA,NA,NA,64
"PO11","RGS7-208","Excitatory_neuron","RGS7",FALSE,"AD",1165,0,70,0,NA,NA,NA,48
"PO28","RGS7-208","Excitatory_neuron","RGS7",FALSE,"AD",1851,0,85,0,NA,NA,NA,67
"PO41","RGS7-208","Excitatory_neuron","RGS7",FALSE,"AD",973,1,361,0.00277008310249307,NA,NA,NA,149
"PO42","RGS7-208","Excitatory_neuron","RGS7",FALSE,"AD",1303,0,35,0,NA,NA,NA,26
"SMC029","RGS7-208","Excitatory_neuron","RGS7",FALSE,"AD",150,0,15,0,NA,NA,NA,6
"SMC032","RGS7-208","Excitatory_neuron","RGS7",FALSE,"AD",578,0,203,0,NA,NA,NA,88
"SMC036","RGS7-208","Excitatory_neuron","RGS7",FALSE,"AD",206,0,6,0,NA,NA,NA,4
"SMC038","RGS7-208","Excitatory_neuron","RGS7",FALSE,"AD",1640,0,382,0,NA,NA,NA,135
"SMC039","RGS7-208","Excitatory_neuron","RGS7",FALSE,"AD",413,0,71,0,NA,NA,NA,12
"SMC041","RGS7-208","Excitatory_neuron","RGS7",FALSE,"AD",1746,0,153,0,NA,NA,NA,32
"SMC043","RGS7-208","Excitatory_neuron","RGS7",FALSE,"AD",105,0,0,NA,NA,NA,NA,0
"SMC049","RGS7-208","Excitatory_neuron","RGS7",FALSE,"AD",4070,0,1933,0,NA,NA,NA,561
"PO13","RGS7-208","Excitatory_neuron","RGS7",FALSE,"Control",777,0,49,0,NA,NA,NA,18
"PO15","RGS7-208","Excitatory_neuron","RGS7",FALSE,"Control",744,0,578,0,NA,NA,NA,236
"PO20","RGS7-208","Excitatory_neuron","RGS7",FALSE,"Control",1454,0,254,0,NA,NA,NA,73
"PO23","RGS7-208","Excitatory_neuron","RGS7",FALSE,"Control",1605,1,282,0.00354609929078014,NA,NA,NA,173
"SMC027","RGS7-208","Excitatory_neuron","RGS7",FALSE,"Control",129,0,16,0,NA,NA,NA,9
"SMC030","RGS7-208","Excitatory_neuron","RGS7",FALSE,"Control",915,0,592,0,NA,NA,NA,295
"SMC033","RGS7-208","Excitatory_neuron","RGS7",FALSE,"Control",2797,0,55,0,NA,NA,NA,44
"SMC052","RGS7-208","Excitatory_neuron","RGS7",FALSE,"Control",4785,0,2386,0,NA,NA,NA,524
"PO05","RGS7-212","Excitatory_neuron","RGS7",FALSE,"AD",1197,0,152,0,NA,NA,NA,64
"PO11","RGS7-212","Excitatory_neuron","RGS7",FALSE,"AD",1165,0,70,0,NA,NA,NA,48
"PO28","RGS7-212","Excitatory_neuron","RGS7",FALSE,"AD",1851,0,85,0,NA,NA,NA,67
"PO41","RGS7-212","Excitatory_neuron","RGS7",FALSE,"AD",973,4,361,0.0110803324099723,NA,NA,NA,149
"PO42","RGS7-212","Excitatory_neuron","RGS7",FALSE,"AD",1303,0,35,0,NA,NA,NA,26
"SMC029","RGS7-212","Excitatory_neuron","RGS7",FALSE,"AD",150,0,15,0,NA,NA,NA,6
"SMC032","RGS7-212","Excitatory_neuron","RGS7",FALSE,"AD",578,0,203,0,NA,NA,NA,88
"SMC036","RGS7-212","Excitatory_neuron","RGS7",FALSE,"AD",206,0,6,0,NA,NA,NA,4
"SMC038","RGS7-212","Excitatory_neuron","RGS7",FALSE,"AD",1640,0,382,0,NA,NA,NA,135
"SMC039","RGS7-212","Excitatory_neuron","RGS7",FALSE,"AD",413,0,71,0,NA,NA,NA,12
"SMC041","RGS7-212","Excitatory_neuron","RGS7",FALSE,"AD",1746,0,153,0,NA,NA,NA,32
"SMC043","RGS7-212","Excitatory_neuron","RGS7",FALSE,"AD",105,0,0,NA,NA,NA,NA,0
"SMC049","RGS7-212","Excitatory_neuron","RGS7",FALSE,"AD",4070,1,1933,0.000517330574236937,NA,NA,NA,561
"PO13","RGS7-212","Excitatory_neuron","RGS7",FALSE,"Control",777,0,49,0,NA,NA,NA,18
"PO15","RGS7-212","Excitatory_neuron","RGS7",FALSE,"Control",744,0,578,0,NA,NA,NA,236
"PO20","RGS7-212","Excitatory_neuron","RGS7",FALSE,"Control",1454,0,254,0,NA,NA,NA,73
"PO23","RGS7-212","Excitatory_neuron","RGS7",FALSE,"Control",1605,0,282,0,NA,NA,NA,173
"SMC027","RGS7-212","Excitatory_neuron","RGS7",FALSE,"Control",129,0,16,0,NA,NA,NA,9
"SMC030","RGS7-212","Excitatory_neuron","RGS7",FALSE,"Control",915,0,592,0,NA,NA,NA,295
"SMC033","RGS7-212","Excitatory_neuron","RGS7",FALSE,"Control",2797,0,55,0,NA,NA,NA,44
"SMC052","RGS7-212","Excitatory_neuron","RGS7",FALSE,"Control",4785,0,2386,0,NA,NA,NA,524
"PO05","RGS7-213","Excitatory_neuron","RGS7",FALSE,"AD",1197,0,152,0,NA,NA,NA,64
"PO11","RGS7-213","Excitatory_neuron","RGS7",FALSE,"AD",1165,0,70,0,NA,NA,NA,48
"PO28","RGS7-213","Excitatory_neuron","RGS7",FALSE,"AD",1851,0,85,0,NA,NA,NA,67
"PO41","RGS7-213","Excitatory_neuron","RGS7",FALSE,"AD",973,0,361,0,NA,NA,NA,149
"PO42","RGS7-213","Excitatory_neuron","RGS7",FALSE,"AD",1303,0,35,0,NA,NA,NA,26
"SMC029","RGS7-213","Excitatory_neuron","RGS7",FALSE,"AD",150,0,15,0,NA,NA,NA,6
"SMC032","RGS7-213","Excitatory_neuron","RGS7",FALSE,"AD",578,0,203,0,NA,NA,NA,88
"SMC036","RGS7-213","Excitatory_neuron","RGS7",FALSE,"AD",206,0,6,0,NA,NA,NA,4
"SMC038","RGS7-213","Excitatory_neuron","RGS7",FALSE,"AD",1640,0,382,0,NA,NA,NA,135
"SMC039","RGS7-213","Excitatory_neuron","RGS7",FALSE,"AD",413,0,71,0,NA,NA,NA,12
"SMC041","RGS7-213","Excitatory_neuron","RGS7",FALSE,"AD",1746,0,153,0,NA,NA,NA,32
"SMC043","RGS7-213","Excitatory_neuron","RGS7",FALSE,"AD",105,0,0,NA,NA,NA,NA,0
"SMC049","RGS7-213","Excitatory_neuron","RGS7",FALSE,"AD",4070,0,1933,0,NA,NA,NA,561
"PO13","RGS7-213","Excitatory_neuron","RGS7",FALSE,"Control",777,0,49,0,NA,NA,NA,18
"PO15","RGS7-213","Excitatory_neuron","RGS7",FALSE,"Control",744,0,578,0,NA,NA,NA,236
"PO20","RGS7-213","Excitatory_neuron","RGS7",FALSE,"Control",1454,0,254,0,NA,NA,NA,73
"PO23","RGS7-213","Excitatory_neuron","RGS7",FALSE,"Control",1605,0,282,0,NA,NA,NA,173
"SMC027","RGS7-213","Excitatory_neuron","RGS7",FALSE,"Control",129,0,16,0,NA,NA,NA,9
"SMC030","RGS7-213","Excitatory_neuron","RGS7",FALSE,"Control",915,0,592,0,NA,NA,NA,295
"SMC033","RGS7-213","Excitatory_neuron","RGS7",FALSE,"Control",2797,0,55,0,NA,NA,NA,44
"SMC052","RGS7-213","Excitatory_neuron","RGS7",FALSE,"Control",4785,0,2386,0,NA,NA,NA,524
"PO05","RGS7-216","Excitatory_neuron","RGS7",FALSE,"AD",1197,0,152,0,NA,NA,NA,64
"PO11","RGS7-216","Excitatory_neuron","RGS7",FALSE,"AD",1165,1,70,0.0142857142857143,NA,NA,NA,48
"PO28","RGS7-216","Excitatory_neuron","RGS7",FALSE,"AD",1851,0,85,0,NA,NA,NA,67
"PO41","RGS7-216","Excitatory_neuron","RGS7",FALSE,"AD",973,0,361,0,NA,NA,NA,149
"PO42","RGS7-216","Excitatory_neuron","RGS7",FALSE,"AD",1303,0,35,0,NA,NA,NA,26
"SMC029","RGS7-216","Excitatory_neuron","RGS7",FALSE,"AD",150,0,15,0,NA,NA,NA,6
"SMC032","RGS7-216","Excitatory_neuron","RGS7",FALSE,"AD",578,0,203,0,NA,NA,NA,88
"SMC036","RGS7-216","Excitatory_neuron","RGS7",FALSE,"AD",206,0,6,0,NA,NA,NA,4
"SMC038","RGS7-216","Excitatory_neuron","RGS7",FALSE,"AD",1640,0,382,0,NA,NA,NA,135
"SMC039","RGS7-216","Excitatory_neuron","RGS7",FALSE,"AD",413,0,71,0,NA,NA,NA,12
"SMC041","RGS7-216","Excitatory_neuron","RGS7",FALSE,"AD",1746,7,153,0.0457516339869281,NA,NA,NA,32
"SMC043","RGS7-216","Excitatory_neuron","RGS7",FALSE,"AD",105,0,0,NA,NA,NA,NA,0
"SMC049","RGS7-216","Excitatory_neuron","RGS7",FALSE,"AD",4070,1,1933,0.000517330574236937,NA,NA,NA,561
"PO13","RGS7-216","Excitatory_neuron","RGS7",FALSE,"Control",777,0,49,0,NA,NA,NA,18
"PO15","RGS7-216","Excitatory_neuron","RGS7",FALSE,"Control",744,0,578,0,NA,NA,NA,236
"PO20","RGS7-216","Excitatory_neuron","RGS7",FALSE,"Control",1454,0,254,0,NA,NA,NA,73
"PO23","RGS7-216","Excitatory_neuron","RGS7",FALSE,"Control",1605,0,282,0,NA,NA,NA,173
"SMC027","RGS7-216","Excitatory_neuron","RGS7",FALSE,"Control",129,0,16,0,NA,NA,NA,9
"SMC030","RGS7-216","Excitatory_neuron","RGS7",FALSE,"Control",915,0,592,0,NA,NA,NA,295
"SMC033","RGS7-216","Excitatory_neuron","RGS7",FALSE,"Control",2797,1,55,0.0181818181818182,NA,NA,NA,44
"SMC052","RGS7-216","Excitatory_neuron","RGS7",FALSE,"Control",4785,0,2386,0,NA,NA,NA,524
"PO05","RGS7-218","Excitatory_neuron","RGS7",FALSE,"AD",1197,0,152,0,NA,NA,NA,64
"PO11","RGS7-218","Excitatory_neuron","RGS7",FALSE,"AD",1165,0,70,0,NA,NA,NA,48
"PO28","RGS7-218","Excitatory_neuron","RGS7",FALSE,"AD",1851,0,85,0,NA,NA,NA,67
"PO41","RGS7-218","Excitatory_neuron","RGS7",FALSE,"AD",973,0,361,0,NA,NA,NA,149
"PO42","RGS7-218","Excitatory_neuron","RGS7",FALSE,"AD",1303,0,35,0,NA,NA,NA,26
"SMC029","RGS7-218","Excitatory_neuron","RGS7",FALSE,"AD",150,0,15,0,NA,NA,NA,6
"SMC032","RGS7-218","Excitatory_neuron","RGS7",FALSE,"AD",578,0,203,0,NA,NA,NA,88
"SMC036","RGS7-218","Excitatory_neuron","RGS7",FALSE,"AD",206,0,6,0,NA,NA,NA,4
"SMC038","RGS7-218","Excitatory_neuron","RGS7",FALSE,"AD",1640,1,382,0.00261780104712042,NA,NA,NA,135
"SMC039","RGS7-218","Excitatory_neuron","RGS7",FALSE,"AD",413,0,71,0,NA,NA,NA,12
"SMC041","RGS7-218","Excitatory_neuron","RGS7",FALSE,"AD",1746,0,153,0,NA,NA,NA,32
"SMC043","RGS7-218","Excitatory_neuron","RGS7",FALSE,"AD",105,0,0,NA,NA,NA,NA,0
"SMC049","RGS7-218","Excitatory_neuron","RGS7",FALSE,"AD",4070,0,1933,0,NA,NA,NA,561
"PO13","RGS7-218","Excitatory_neuron","RGS7",FALSE,"Control",777,0,49,0,NA,NA,NA,18
"PO15","RGS7-218","Excitatory_neuron","RGS7",FALSE,"Control",744,0,578,0,NA,NA,NA,236
"PO20","RGS7-218","Excitatory_neuron","RGS7",FALSE,"Control",1454,1,254,0.00393700787401575,NA,NA,NA,73
"PO23","RGS7-218","Excitatory_neuron","RGS7",FALSE,"Control",1605,0,282,0,NA,NA,NA,173
"SMC027","RGS7-218","Excitatory_neuron","RGS7",FALSE,"Control",129,0,16,0,NA,NA,NA,9
"SMC030","RGS7-218","Excitatory_neuron","RGS7",FALSE,"Control",915,0,592,0,NA,NA,NA,295
"SMC033","RGS7-218","Excitatory_neuron","RGS7",FALSE,"Control",2797,0,55,0,NA,NA,NA,44
"SMC052","RGS7-218","Excitatory_neuron","RGS7",FALSE,"Control",4785,0,2386,0,NA,NA,NA,524
"PO05","RGS7-223","Excitatory_neuron","RGS7",FALSE,"AD",1197,76,152,0.5,NA,NA,NA,64
"PO11","RGS7-223","Excitatory_neuron","RGS7",FALSE,"AD",1165,17,70,0.242857142857143,NA,NA,NA,48
"PO28","RGS7-223","Excitatory_neuron","RGS7",FALSE,"AD",1851,21,85,0.247058823529412,NA,NA,NA,67
"PO41","RGS7-223","Excitatory_neuron","RGS7",FALSE,"AD",973,153,361,0.42382271468144,NA,NA,NA,149
"PO42","RGS7-223","Excitatory_neuron","RGS7",FALSE,"AD",1303,14,35,0.4,NA,NA,NA,26
"SMC029","RGS7-223","Excitatory_neuron","RGS7",FALSE,"AD",150,2,15,0.133333333333333,NA,NA,NA,6
"SMC032","RGS7-223","Excitatory_neuron","RGS7",FALSE,"AD",578,17,203,0.083743842364532,NA,NA,NA,88
"SMC036","RGS7-223","Excitatory_neuron","RGS7",FALSE,"AD",206,5,6,0.833333333333333,NA,NA,NA,4
"SMC038","RGS7-223","Excitatory_neuron","RGS7",FALSE,"AD",1640,25,382,0.0654450261780105,NA,NA,NA,135
"SMC039","RGS7-223","Excitatory_neuron","RGS7",FALSE,"AD",413,12,71,0.169014084507042,NA,NA,NA,12
"SMC041","RGS7-223","Excitatory_neuron","RGS7",FALSE,"AD",1746,18,153,0.117647058823529,NA,NA,NA,32
"SMC043","RGS7-223","Excitatory_neuron","RGS7",FALSE,"AD",105,0,0,NA,NA,NA,NA,0
"SMC049","RGS7-223","Excitatory_neuron","RGS7",FALSE,"AD",4070,247,1933,0.127780651836524,NA,NA,NA,561
"PO13","RGS7-223","Excitatory_neuron","RGS7",FALSE,"Control",777,26,49,0.530612244897959,NA,NA,NA,18
"PO15","RGS7-223","Excitatory_neuron","RGS7",FALSE,"Control",744,105,578,0.181660899653979,NA,NA,NA,236
"PO20","RGS7-223","Excitatory_neuron","RGS7",FALSE,"Control",1454,135,254,0.531496062992126,NA,NA,NA,73
"PO23","RGS7-223","Excitatory_neuron","RGS7",FALSE,"Control",1605,149,282,0.528368794326241,NA,NA,NA,173
"SMC027","RGS7-223","Excitatory_neuron","RGS7",FALSE,"Control",129,1,16,0.0625,NA,NA,NA,9
"SMC030","RGS7-223","Excitatory_neuron","RGS7",FALSE,"Control",915,68,592,0.114864864864865,NA,NA,NA,295
"SMC033","RGS7-223","Excitatory_neuron","RGS7",FALSE,"Control",2797,12,55,0.218181818181818,NA,NA,NA,44
"SMC052","RGS7-223","Excitatory_neuron","RGS7",FALSE,"Control",4785,242,2386,0.101424979044426,NA,NA,NA,524
"PO05","RGS7-230","Excitatory_neuron","RGS7",FALSE,"AD",1197,0,152,0,NA,NA,NA,64
"PO11","RGS7-230","Excitatory_neuron","RGS7",FALSE,"AD",1165,0,70,0,NA,NA,NA,48
"PO28","RGS7-230","Excitatory_neuron","RGS7",FALSE,"AD",1851,0,85,0,NA,NA,NA,67
"PO41","RGS7-230","Excitatory_neuron","RGS7",FALSE,"AD",973,0,361,0,NA,NA,NA,149
"PO42","RGS7-230","Excitatory_neuron","RGS7",FALSE,"AD",1303,0,35,0,NA,NA,NA,26
"SMC029","RGS7-230","Excitatory_neuron","RGS7",FALSE,"AD",150,0,15,0,NA,NA,NA,6
"SMC032","RGS7-230","Excitatory_neuron","RGS7",FALSE,"AD",578,0,203,0,NA,NA,NA,88
"SMC036","RGS7-230","Excitatory_neuron","RGS7",FALSE,"AD",206,0,6,0,NA,NA,NA,4
"SMC038","RGS7-230","Excitatory_neuron","RGS7",FALSE,"AD",1640,0,382,0,NA,NA,NA,135
"SMC039","RGS7-230","Excitatory_neuron","RGS7",FALSE,"AD",413,0,71,0,NA,NA,NA,12
"SMC041","RGS7-230","Excitatory_neuron","RGS7",FALSE,"AD",1746,0,153,0,NA,NA,NA,32
"SMC043","RGS7-230","Excitatory_neuron","RGS7",FALSE,"AD",105,0,0,NA,NA,NA,NA,0
"SMC049","RGS7-230","Excitatory_neuron","RGS7",FALSE,"AD",4070,1,1933,0.000517330574236937,NA,NA,NA,561
"PO13","RGS7-230","Excitatory_neuron","RGS7",FALSE,"Control",777,0,49,0,NA,NA,NA,18
"PO15","RGS7-230","Excitatory_neuron","RGS7",FALSE,"Control",744,0,578,0,NA,NA,NA,236
"PO20","RGS7-230","Excitatory_neuron","RGS7",FALSE,"Control",1454,0,254,0,NA,NA,NA,73
"PO23","RGS7-230","Excitatory_neuron","RGS7",FALSE,"Control",1605,0,282,0,NA,NA,NA,173
"SMC027","RGS7-230","Excitatory_neuron","RGS7",FALSE,"Control",129,0,16,0,NA,NA,NA,9
"SMC030","RGS7-230","Excitatory_neuron","RGS7",FALSE,"Control",915,0,592,0,NA,NA,NA,295
"SMC033","RGS7-230","Excitatory_neuron","RGS7",FALSE,"Control",2797,0,55,0,NA,NA,NA,44
"SMC052","RGS7-230","Excitatory_neuron","RGS7",FALSE,"Control",4785,0,2386,0,NA,NA,NA,524
"PO05","RGS7-233","Excitatory_neuron","RGS7",FALSE,"AD",1197,0,152,0,NA,NA,NA,64
"PO11","RGS7-233","Excitatory_neuron","RGS7",FALSE,"AD",1165,0,70,0,NA,NA,NA,48
"PO28","RGS7-233","Excitatory_neuron","RGS7",FALSE,"AD",1851,0,85,0,NA,NA,NA,67
"PO41","RGS7-233","Excitatory_neuron","RGS7",FALSE,"AD",973,0,361,0,NA,NA,NA,149
"PO42","RGS7-233","Excitatory_neuron","RGS7",FALSE,"AD",1303,0,35,0,NA,NA,NA,26
"SMC029","RGS7-233","Excitatory_neuron","RGS7",FALSE,"AD",150,0,15,0,NA,NA,NA,6
"SMC032","RGS7-233","Excitatory_neuron","RGS7",FALSE,"AD",578,0,203,0,NA,NA,NA,88
"SMC036","RGS7-233","Excitatory_neuron","RGS7",FALSE,"AD",206,0,6,0,NA,NA,NA,4
"SMC038","RGS7-233","Excitatory_neuron","RGS7",FALSE,"AD",1640,0,382,0,NA,NA,NA,135
"SMC039","RGS7-233","Excitatory_neuron","RGS7",FALSE,"AD",413,0,71,0,NA,NA,NA,12
"SMC041","RGS7-233","Excitatory_neuron","RGS7",FALSE,"AD",1746,0,153,0,NA,NA,NA,32
"SMC043","RGS7-233","Excitatory_neuron","RGS7",FALSE,"AD",105,0,0,NA,NA,NA,NA,0
"SMC049","RGS7-233","Excitatory_neuron","RGS7",FALSE,"AD",4070,0,1933,0,NA,NA,NA,561
"PO13","RGS7-233","Excitatory_neuron","RGS7",FALSE,"Control",777,0,49,0,NA,NA,NA,18
"PO15","RGS7-233","Excitatory_neuron","RGS7",FALSE,"Control",744,0,578,0,NA,NA,NA,236
"PO20","RGS7-233","Excitatory_neuron","RGS7",FALSE,"Control",1454,0,254,0,NA,NA,NA,73
"PO23","RGS7-233","Excitatory_neuron","RGS7",FALSE,"Control",1605,0,282,0,NA,NA,NA,173
"SMC027","RGS7-233","Excitatory_neuron","RGS7",FALSE,"Control",129,0,16,0,NA,NA,NA,9
"SMC030","RGS7-233","Excitatory_neuron","RGS7",FALSE,"Control",915,0,592,0,NA,NA,NA,295
"SMC033","RGS7-233","Excitatory_neuron","RGS7",FALSE,"Control",2797,0,55,0,NA,NA,NA,44
"SMC052","RGS7-233","Excitatory_neuron","RGS7",FALSE,"Control",4785,3,2386,0.00125733445096396,NA,NA,NA,524
"PO05","RGS7-236","Excitatory_neuron","RGS7",FALSE,"AD",1197,0,152,0,NA,NA,NA,64
"PO11","RGS7-236","Excitatory_neuron","RGS7",FALSE,"AD",1165,0,70,0,NA,NA,NA,48
"PO28","RGS7-236","Excitatory_neuron","RGS7",FALSE,"AD",1851,0,85,0,NA,NA,NA,67
"PO41","RGS7-236","Excitatory_neuron","RGS7",FALSE,"AD",973,0,361,0,NA,NA,NA,149
"PO42","RGS7-236","Excitatory_neuron","RGS7",FALSE,"AD",1303,0,35,0,NA,NA,NA,26
"SMC029","RGS7-236","Excitatory_neuron","RGS7",FALSE,"AD",150,0,15,0,NA,NA,NA,6
"SMC032","RGS7-236","Excitatory_neuron","RGS7",FALSE,"AD",578,0,203,0,NA,NA,NA,88
"SMC036","RGS7-236","Excitatory_neuron","RGS7",FALSE,"AD",206,0,6,0,NA,NA,NA,4
"SMC038","RGS7-236","Excitatory_neuron","RGS7",FALSE,"AD",1640,0,382,0,NA,NA,NA,135
"SMC039","RGS7-236","Excitatory_neuron","RGS7",FALSE,"AD",413,0,71,0,NA,NA,NA,12
"SMC041","RGS7-236","Excitatory_neuron","RGS7",FALSE,"AD",1746,0,153,0,NA,NA,NA,32
"SMC043","RGS7-236","Excitatory_neuron","RGS7",FALSE,"AD",105,0,0,NA,NA,NA,NA,0
"SMC049","RGS7-236","Excitatory_neuron","RGS7",FALSE,"AD",4070,3,1933,0.00155199172271081,NA,NA,NA,561
"PO13","RGS7-236","Excitatory_neuron","RGS7",FALSE,"Control",777,0,49,0,NA,NA,NA,18
"PO15","RGS7-236","Excitatory_neuron","RGS7",FALSE,"Control",744,0,578,0,NA,NA,NA,236
"PO20","RGS7-236","Excitatory_neuron","RGS7",FALSE,"Control",1454,0,254,0,NA,NA,NA,73
"PO23","RGS7-236","Excitatory_neuron","RGS7",FALSE,"Control",1605,0,282,0,NA,NA,NA,173
"SMC027","RGS7-236","Excitatory_neuron","RGS7",FALSE,"Control",129,0,16,0,NA,NA,NA,9
"SMC030","RGS7-236","Excitatory_neuron","RGS7",FALSE,"Control",915,0,592,0,NA,NA,NA,295
"SMC033","RGS7-236","Excitatory_neuron","RGS7",FALSE,"Control",2797,0,55,0,NA,NA,NA,44
"SMC052","RGS7-236","Excitatory_neuron","RGS7",FALSE,"Control",4785,0,2386,0,NA,NA,NA,524
"PO05","RGS7-238","Excitatory_neuron","RGS7",FALSE,"AD",1197,0,152,0,NA,NA,NA,64
"PO11","RGS7-238","Excitatory_neuron","RGS7",FALSE,"AD",1165,0,70,0,NA,NA,NA,48
"PO28","RGS7-238","Excitatory_neuron","RGS7",FALSE,"AD",1851,0,85,0,NA,NA,NA,67
"PO41","RGS7-238","Excitatory_neuron","RGS7",FALSE,"AD",973,0,361,0,NA,NA,NA,149
"PO42","RGS7-238","Excitatory_neuron","RGS7",FALSE,"AD",1303,0,35,0,NA,NA,NA,26
"SMC029","RGS7-238","Excitatory_neuron","RGS7",FALSE,"AD",150,0,15,0,NA,NA,NA,6
"SMC032","RGS7-238","Excitatory_neuron","RGS7",FALSE,"AD",578,0,203,0,NA,NA,NA,88
"SMC036","RGS7-238","Excitatory_neuron","RGS7",FALSE,"AD",206,0,6,0,NA,NA,NA,4
"SMC038","RGS7-238","Excitatory_neuron","RGS7",FALSE,"AD",1640,0,382,0,NA,NA,NA,135
"SMC039","RGS7-238","Excitatory_neuron","RGS7",FALSE,"AD",413,0,71,0,NA,NA,NA,12
"SMC041","RGS7-238","Excitatory_neuron","RGS7",FALSE,"AD",1746,0,153,0,NA,NA,NA,32
"SMC043","RGS7-238","Excitatory_neuron","RGS7",FALSE,"AD",105,0,0,NA,NA,NA,NA,0
"SMC049","RGS7-238","Excitatory_neuron","RGS7",FALSE,"AD",4070,0,1933,0,NA,NA,NA,561
"PO13","RGS7-238","Excitatory_neuron","RGS7",FALSE,"Control",777,0,49,0,NA,NA,NA,18
"PO15","RGS7-238","Excitatory_neuron","RGS7",FALSE,"Control",744,0,578,0,NA,NA,NA,236
"PO20","RGS7-238","Excitatory_neuron","RGS7",FALSE,"Control",1454,0,254,0,NA,NA,NA,73
"PO23","RGS7-238","Excitatory_neuron","RGS7",FALSE,"Control",1605,0,282,0,NA,NA,NA,173
"SMC027","RGS7-238","Excitatory_neuron","RGS7",FALSE,"Control",129,0,16,0,NA,NA,NA,9
"SMC030","RGS7-238","Excitatory_neuron","RGS7",FALSE,"Control",915,3,592,0.00506756756756757,NA,NA,NA,295
"SMC033","RGS7-238","Excitatory_neuron","RGS7",FALSE,"Control",2797,0,55,0,NA,NA,NA,44
"SMC052","RGS7-238","Excitatory_neuron","RGS7",FALSE,"Control",4785,0,2386,0,NA,NA,NA,524
"PO05","RGS7-239","Excitatory_neuron","RGS7",FALSE,"AD",1197,0,152,0,NA,NA,NA,64
"PO11","RGS7-239","Excitatory_neuron","RGS7",FALSE,"AD",1165,0,70,0,NA,NA,NA,48
"PO28","RGS7-239","Excitatory_neuron","RGS7",FALSE,"AD",1851,0,85,0,NA,NA,NA,67
"PO41","RGS7-239","Excitatory_neuron","RGS7",FALSE,"AD",973,0,361,0,NA,NA,NA,149
"PO42","RGS7-239","Excitatory_neuron","RGS7",FALSE,"AD",1303,0,35,0,NA,NA,NA,26
"SMC029","RGS7-239","Excitatory_neuron","RGS7",FALSE,"AD",150,0,15,0,NA,NA,NA,6
"SMC032","RGS7-239","Excitatory_neuron","RGS7",FALSE,"AD",578,0,203,0,NA,NA,NA,88
"SMC036","RGS7-239","Excitatory_neuron","RGS7",FALSE,"AD",206,0,6,0,NA,NA,NA,4
"SMC038","RGS7-239","Excitatory_neuron","RGS7",FALSE,"AD",1640,0,382,0,NA,NA,NA,135
"SMC039","RGS7-239","Excitatory_neuron","RGS7",FALSE,"AD",413,0,71,0,NA,NA,NA,12
"SMC041","RGS7-239","Excitatory_neuron","RGS7",FALSE,"AD",1746,0,153,0,NA,NA,NA,32
"SMC043","RGS7-239","Excitatory_neuron","RGS7",FALSE,"AD",105,0,0,NA,NA,NA,NA,0
"SMC049","RGS7-239","Excitatory_neuron","RGS7",FALSE,"AD",4070,3,1933,0.00155199172271081,NA,NA,NA,561
"PO13","RGS7-239","Excitatory_neuron","RGS7",FALSE,"Control",777,0,49,0,NA,NA,NA,18
"PO15","RGS7-239","Excitatory_neuron","RGS7",FALSE,"Control",744,0,578,0,NA,NA,NA,236
"PO20","RGS7-239","Excitatory_neuron","RGS7",FALSE,"Control",1454,0,254,0,NA,NA,NA,73
"PO23","RGS7-239","Excitatory_neuron","RGS7",FALSE,"Control",1605,1,282,0.00354609929078014,NA,NA,NA,173
"SMC027","RGS7-239","Excitatory_neuron","RGS7",FALSE,"Control",129,0,16,0,NA,NA,NA,9
"SMC030","RGS7-239","Excitatory_neuron","RGS7",FALSE,"Control",915,0,592,0,NA,NA,NA,295
"SMC033","RGS7-239","Excitatory_neuron","RGS7",FALSE,"Control",2797,3,55,0.0545454545454545,NA,NA,NA,44
"SMC052","RGS7-239","Excitatory_neuron","RGS7",FALSE,"Control",4785,0,2386,0,NA,NA,NA,524
"PO05","RGS7-241","Excitatory_neuron","RGS7",FALSE,"AD",1197,16,152,0.105263157894737,NA,NA,NA,64
"PO11","RGS7-241","Excitatory_neuron","RGS7",FALSE,"AD",1165,0,70,0,NA,NA,NA,48
"PO28","RGS7-241","Excitatory_neuron","RGS7",FALSE,"AD",1851,1,85,0.0117647058823529,NA,NA,NA,67
"PO41","RGS7-241","Excitatory_neuron","RGS7",FALSE,"AD",973,0,361,0,NA,NA,NA,149
"PO42","RGS7-241","Excitatory_neuron","RGS7",FALSE,"AD",1303,0,35,0,NA,NA,NA,26
"SMC029","RGS7-241","Excitatory_neuron","RGS7",FALSE,"AD",150,0,15,0,NA,NA,NA,6
"SMC032","RGS7-241","Excitatory_neuron","RGS7",FALSE,"AD",578,0,203,0,NA,NA,NA,88
"SMC036","RGS7-241","Excitatory_neuron","RGS7",FALSE,"AD",206,0,6,0,NA,NA,NA,4
"SMC038","RGS7-241","Excitatory_neuron","RGS7",FALSE,"AD",1640,0,382,0,NA,NA,NA,135
"SMC039","RGS7-241","Excitatory_neuron","RGS7",FALSE,"AD",413,0,71,0,NA,NA,NA,12
"SMC041","RGS7-241","Excitatory_neuron","RGS7",FALSE,"AD",1746,0,153,0,NA,NA,NA,32
"SMC043","RGS7-241","Excitatory_neuron","RGS7",FALSE,"AD",105,0,0,NA,NA,NA,NA,0
"SMC049","RGS7-241","Excitatory_neuron","RGS7",FALSE,"AD",4070,0,1933,0,NA,NA,NA,561
"PO13","RGS7-241","Excitatory_neuron","RGS7",FALSE,"Control",777,0,49,0,NA,NA,NA,18
"PO15","RGS7-241","Excitatory_neuron","RGS7",FALSE,"Control",744,0,578,0,NA,NA,NA,236
"PO20","RGS7-241","Excitatory_neuron","RGS7",FALSE,"Control",1454,0,254,0,NA,NA,NA,73
"PO23","RGS7-241","Excitatory_neuron","RGS7",FALSE,"Control",1605,0,282,0,NA,NA,NA,173
"SMC027","RGS7-241","Excitatory_neuron","RGS7",FALSE,"Control",129,0,16,0,NA,NA,NA,9
"SMC030","RGS7-241","Excitatory_neuron","RGS7",FALSE,"Control",915,0,592,0,NA,NA,NA,295
"SMC033","RGS7-241","Excitatory_neuron","RGS7",FALSE,"Control",2797,0,55,0,NA,NA,NA,44
"SMC052","RGS7-241","Excitatory_neuron","RGS7",FALSE,"Control",4785,0,2386,0,NA,NA,NA,524
"PO05","RGS7-242","Excitatory_neuron","RGS7",FALSE,"AD",1197,0,152,0,NA,NA,NA,64
"PO11","RGS7-242","Excitatory_neuron","RGS7",FALSE,"AD",1165,0,70,0,NA,NA,NA,48
"PO28","RGS7-242","Excitatory_neuron","RGS7",FALSE,"AD",1851,0,85,0,NA,NA,NA,67
"PO41","RGS7-242","Excitatory_neuron","RGS7",FALSE,"AD",973,0,361,0,NA,NA,NA,149
"PO42","RGS7-242","Excitatory_neuron","RGS7",FALSE,"AD",1303,0,35,0,NA,NA,NA,26
"SMC029","RGS7-242","Excitatory_neuron","RGS7",FALSE,"AD",150,0,15,0,NA,NA,NA,6
"SMC032","RGS7-242","Excitatory_neuron","RGS7",FALSE,"AD",578,0,203,0,NA,NA,NA,88
"SMC036","RGS7-242","Excitatory_neuron","RGS7",FALSE,"AD",206,0,6,0,NA,NA,NA,4
"SMC038","RGS7-242","Excitatory_neuron","RGS7",FALSE,"AD",1640,0,382,0,NA,NA,NA,135
"SMC039","RGS7-242","Excitatory_neuron","RGS7",FALSE,"AD",413,0,71,0,NA,NA,NA,12
"SMC041","RGS7-242","Excitatory_neuron","RGS7",FALSE,"AD",1746,1,153,0.0065359477124183,NA,NA,NA,32
"SMC043","RGS7-242","Excitatory_neuron","RGS7",FALSE,"AD",105,0,0,NA,NA,NA,NA,0
"SMC049","RGS7-242","Excitatory_neuron","RGS7",FALSE,"AD",4070,0,1933,0,NA,NA,NA,561
"PO13","RGS7-242","Excitatory_neuron","RGS7",FALSE,"Control",777,0,49,0,NA,NA,NA,18
"PO15","RGS7-242","Excitatory_neuron","RGS7",FALSE,"Control",744,0,578,0,NA,NA,NA,236
"PO20","RGS7-242","Excitatory_neuron","RGS7",FALSE,"Control",1454,0,254,0,NA,NA,NA,73
"PO23","RGS7-242","Excitatory_neuron","RGS7",FALSE,"Control",1605,0,282,0,NA,NA,NA,173
"SMC027","RGS7-242","Excitatory_neuron","RGS7",FALSE,"Control",129,0,16,0,NA,NA,NA,9
"SMC030","RGS7-242","Excitatory_neuron","RGS7",FALSE,"Control",915,0,592,0,NA,NA,NA,295
"SMC033","RGS7-242","Excitatory_neuron","RGS7",FALSE,"Control",2797,0,55,0,NA,NA,NA,44
"SMC052","RGS7-242","Excitatory_neuron","RGS7",FALSE,"Control",4785,0,2386,0,NA,NA,NA,524
"PO05","RGS7-244","Excitatory_neuron","RGS7",FALSE,"AD",1197,7,152,0.0460526315789474,NA,NA,NA,64
"PO11","RGS7-244","Excitatory_neuron","RGS7",FALSE,"AD",1165,3,70,0.0428571428571429,NA,NA,NA,48
"PO28","RGS7-244","Excitatory_neuron","RGS7",FALSE,"AD",1851,0,85,0,NA,NA,NA,67
"PO41","RGS7-244","Excitatory_neuron","RGS7",FALSE,"AD",973,9,361,0.0249307479224377,NA,NA,NA,149
"PO42","RGS7-244","Excitatory_neuron","RGS7",FALSE,"AD",1303,0,35,0,NA,NA,NA,26
"SMC029","RGS7-244","Excitatory_neuron","RGS7",FALSE,"AD",150,0,15,0,NA,NA,NA,6
"SMC032","RGS7-244","Excitatory_neuron","RGS7",FALSE,"AD",578,0,203,0,NA,NA,NA,88
"SMC036","RGS7-244","Excitatory_neuron","RGS7",FALSE,"AD",206,0,6,0,NA,NA,NA,4
"SMC038","RGS7-244","Excitatory_neuron","RGS7",FALSE,"AD",1640,0,382,0,NA,NA,NA,135
"SMC039","RGS7-244","Excitatory_neuron","RGS7",FALSE,"AD",413,0,71,0,NA,NA,NA,12
"SMC041","RGS7-244","Excitatory_neuron","RGS7",FALSE,"AD",1746,0,153,0,NA,NA,NA,32
"SMC043","RGS7-244","Excitatory_neuron","RGS7",FALSE,"AD",105,0,0,NA,NA,NA,NA,0
"SMC049","RGS7-244","Excitatory_neuron","RGS7",FALSE,"AD",4070,0,1933,0,NA,NA,NA,561
"PO13","RGS7-244","Excitatory_neuron","RGS7",FALSE,"Control",777,0,49,0,NA,NA,NA,18
"PO15","RGS7-244","Excitatory_neuron","RGS7",FALSE,"Control",744,0,578,0,NA,NA,NA,236
"PO20","RGS7-244","Excitatory_neuron","RGS7",FALSE,"Control",1454,0,254,0,NA,NA,NA,73
"PO23","RGS7-244","Excitatory_neuron","RGS7",FALSE,"Control",1605,0,282,0,NA,NA,NA,173
"SMC027","RGS7-244","Excitatory_neuron","RGS7",FALSE,"Control",129,0,16,0,NA,NA,NA,9
"SMC030","RGS7-244","Excitatory_neuron","RGS7",FALSE,"Control",915,0,592,0,NA,NA,NA,295
"SMC033","RGS7-244","Excitatory_neuron","RGS7",FALSE,"Control",2797,0,55,0,NA,NA,NA,44
"SMC052","RGS7-244","Excitatory_neuron","RGS7",FALSE,"Control",4785,0,2386,0,NA,NA,NA,524
"PO05","RGS7-250","Excitatory_neuron","RGS7",FALSE,"AD",1197,0,152,0,NA,NA,NA,64
"PO11","RGS7-250","Excitatory_neuron","RGS7",FALSE,"AD",1165,0,70,0,NA,NA,NA,48
"PO28","RGS7-250","Excitatory_neuron","RGS7",FALSE,"AD",1851,0,85,0,NA,NA,NA,67
"PO41","RGS7-250","Excitatory_neuron","RGS7",FALSE,"AD",973,0,361,0,NA,NA,NA,149
"PO42","RGS7-250","Excitatory_neuron","RGS7",FALSE,"AD",1303,0,35,0,NA,NA,NA,26
"SMC029","RGS7-250","Excitatory_neuron","RGS7",FALSE,"AD",150,0,15,0,NA,NA,NA,6
"SMC032","RGS7-250","Excitatory_neuron","RGS7",FALSE,"AD",578,0,203,0,NA,NA,NA,88
"SMC036","RGS7-250","Excitatory_neuron","RGS7",FALSE,"AD",206,0,6,0,NA,NA,NA,4
"SMC038","RGS7-250","Excitatory_neuron","RGS7",FALSE,"AD",1640,0,382,0,NA,NA,NA,135
"SMC039","RGS7-250","Excitatory_neuron","RGS7",FALSE,"AD",413,0,71,0,NA,NA,NA,12
"SMC041","RGS7-250","Excitatory_neuron","RGS7",FALSE,"AD",1746,47,153,0.30718954248366,NA,NA,NA,32
"SMC043","RGS7-250","Excitatory_neuron","RGS7",FALSE,"AD",105,0,0,NA,NA,NA,NA,0
"SMC049","RGS7-250","Excitatory_neuron","RGS7",FALSE,"AD",4070,0,1933,0,NA,NA,NA,561
"PO13","RGS7-250","Excitatory_neuron","RGS7",FALSE,"Control",777,0,49,0,NA,NA,NA,18
"PO15","RGS7-250","Excitatory_neuron","RGS7",FALSE,"Control",744,4,578,0.0069204152249135,NA,NA,NA,236
"PO20","RGS7-250","Excitatory_neuron","RGS7",FALSE,"Control",1454,0,254,0,NA,NA,NA,73
"PO23","RGS7-250","Excitatory_neuron","RGS7",FALSE,"Control",1605,0,282,0,NA,NA,NA,173
"SMC027","RGS7-250","Excitatory_neuron","RGS7",FALSE,"Control",129,0,16,0,NA,NA,NA,9
"SMC030","RGS7-250","Excitatory_neuron","RGS7",FALSE,"Control",915,0,592,0,NA,NA,NA,295
"SMC033","RGS7-250","Excitatory_neuron","RGS7",FALSE,"Control",2797,3,55,0.0545454545454545,NA,NA,NA,44
"SMC052","RGS7-250","Excitatory_neuron","RGS7",FALSE,"Control",4785,0,2386,0,NA,NA,NA,524
"PO05","RGS7-251","Excitatory_neuron","RGS7",FALSE,"AD",1197,52,152,0.342105263157895,NA,NA,NA,64
"PO11","RGS7-251","Excitatory_neuron","RGS7",FALSE,"AD",1165,39,70,0.557142857142857,NA,NA,NA,48
"PO28","RGS7-251","Excitatory_neuron","RGS7",FALSE,"AD",1851,43,85,0.505882352941176,NA,NA,NA,67
"PO41","RGS7-251","Excitatory_neuron","RGS7",FALSE,"AD",973,148,361,0.409972299168975,NA,NA,NA,149
"PO42","RGS7-251","Excitatory_neuron","RGS7",FALSE,"AD",1303,18,35,0.514285714285714,NA,NA,NA,26
"SMC029","RGS7-251","Excitatory_neuron","RGS7",FALSE,"AD",150,13,15,0.866666666666667,NA,NA,NA,6
"SMC032","RGS7-251","Excitatory_neuron","RGS7",FALSE,"AD",578,174,203,0.857142857142857,NA,NA,NA,88
"SMC036","RGS7-251","Excitatory_neuron","RGS7",FALSE,"AD",206,0,6,0,NA,NA,NA,4
"SMC038","RGS7-251","Excitatory_neuron","RGS7",FALSE,"AD",1640,311,382,0.81413612565445,NA,NA,NA,135
"SMC039","RGS7-251","Excitatory_neuron","RGS7",FALSE,"AD",413,53,71,0.746478873239437,NA,NA,NA,12
"SMC041","RGS7-251","Excitatory_neuron","RGS7",FALSE,"AD",1746,59,153,0.38562091503268,NA,NA,NA,32
"SMC043","RGS7-251","Excitatory_neuron","RGS7",FALSE,"AD",105,0,0,NA,NA,NA,NA,0
"SMC049","RGS7-251","Excitatory_neuron","RGS7",FALSE,"AD",4070,1170,1933,0.605276771857217,NA,NA,NA,561
"PO13","RGS7-251","Excitatory_neuron","RGS7",FALSE,"Control",777,23,49,0.469387755102041,NA,NA,NA,18
"PO15","RGS7-251","Excitatory_neuron","RGS7",FALSE,"Control",744,389,578,0.673010380622837,NA,NA,NA,236
"PO20","RGS7-251","Excitatory_neuron","RGS7",FALSE,"Control",1454,117,254,0.460629921259843,NA,NA,NA,73
"PO23","RGS7-251","Excitatory_neuron","RGS7",FALSE,"Control",1605,103,282,0.365248226950355,NA,NA,NA,173
"SMC027","RGS7-251","Excitatory_neuron","RGS7",FALSE,"Control",129,15,16,0.9375,NA,NA,NA,9
"SMC030","RGS7-251","Excitatory_neuron","RGS7",FALSE,"Control",915,483,592,0.815878378378378,NA,NA,NA,295
"SMC033","RGS7-251","Excitatory_neuron","RGS7",FALSE,"Control",2797,22,55,0.4,NA,NA,NA,44
"SMC052","RGS7-251","Excitatory_neuron","RGS7",FALSE,"Control",4785,2117,2386,0.887259010896899,NA,NA,NA,524
"PO05","RHOT1-201","Excitatory_neuron","RHOT1",FALSE,"AD",1197,6,42,0.142857142857143,NA,NA,NA,15
"PO11","RHOT1-201","Excitatory_neuron","RHOT1",FALSE,"AD",1165,24,39,0.615384615384615,NA,NA,NA,19
"PO28","RHOT1-201","Excitatory_neuron","RHOT1",FALSE,"AD",1851,31,119,0.260504201680672,NA,NA,NA,36
"PO41","RHOT1-201","Excitatory_neuron","RHOT1",FALSE,"AD",973,13,46,0.282608695652174,NA,NA,NA,23
"PO42","RHOT1-201","Excitatory_neuron","RHOT1",FALSE,"AD",1303,2,48,0.0416666666666667,NA,NA,NA,13
"SMC029","RHOT1-201","Excitatory_neuron","RHOT1",FALSE,"AD",150,3,3,1,NA,NA,NA,1
"SMC032","RHOT1-201","Excitatory_neuron","RHOT1",FALSE,"AD",578,101,227,0.444933920704846,NA,NA,NA,30
"SMC036","RHOT1-201","Excitatory_neuron","RHOT1",FALSE,"AD",206,0,12,0,NA,NA,NA,1
"SMC038","RHOT1-201","Excitatory_neuron","RHOT1",FALSE,"AD",1640,74,314,0.235668789808917,NA,NA,NA,34
"SMC039","RHOT1-201","Excitatory_neuron","RHOT1",FALSE,"AD",413,0,0,NA,NA,NA,NA,0
"SMC041","RHOT1-201","Excitatory_neuron","RHOT1",FALSE,"AD",1746,10,17,0.588235294117647,NA,NA,NA,2
"SMC043","RHOT1-201","Excitatory_neuron","RHOT1",FALSE,"AD",105,0,0,NA,NA,NA,NA,0
"SMC049","RHOT1-201","Excitatory_neuron","RHOT1",FALSE,"AD",4070,310,836,0.370813397129187,NA,NA,NA,115
"PO13","RHOT1-201","Excitatory_neuron","RHOT1",FALSE,"Control",777,0,7,0,NA,NA,NA,3
"PO15","RHOT1-201","Excitatory_neuron","RHOT1",FALSE,"Control",744,84,189,0.444444444444444,NA,NA,NA,61
"PO20","RHOT1-201","Excitatory_neuron","RHOT1",FALSE,"Control",1454,13,27,0.481481481481481,NA,NA,NA,5
"PO23","RHOT1-201","Excitatory_neuron","RHOT1",FALSE,"Control",1605,22,83,0.265060240963855,NA,NA,NA,40
"SMC027","RHOT1-201","Excitatory_neuron","RHOT1",FALSE,"Control",129,1,3,0.333333333333333,NA,NA,NA,2
"SMC030","RHOT1-201","Excitatory_neuron","RHOT1",FALSE,"Control",915,393,683,0.575402635431918,NA,NA,NA,102
"SMC033","RHOT1-201","Excitatory_neuron","RHOT1",FALSE,"Control",2797,207,318,0.650943396226415,NA,NA,NA,64
"SMC052","RHOT1-201","Excitatory_neuron","RHOT1",FALSE,"Control",4785,101,116,0.870689655172414,NA,NA,NA,20
"PO05","RHOT1-202","Excitatory_neuron","RHOT1",FALSE,"AD",1197,0,42,0,NA,NA,NA,15
"PO11","RHOT1-202","Excitatory_neuron","RHOT1",FALSE,"AD",1165,0,39,0,NA,NA,NA,19
"PO28","RHOT1-202","Excitatory_neuron","RHOT1",FALSE,"AD",1851,0,119,0,NA,NA,NA,36
"PO41","RHOT1-202","Excitatory_neuron","RHOT1",FALSE,"AD",973,0,46,0,NA,NA,NA,23
"PO42","RHOT1-202","Excitatory_neuron","RHOT1",FALSE,"AD",1303,0,48,0,NA,NA,NA,13
"SMC029","RHOT1-202","Excitatory_neuron","RHOT1",FALSE,"AD",150,0,3,0,NA,NA,NA,1
"SMC032","RHOT1-202","Excitatory_neuron","RHOT1",FALSE,"AD",578,0,227,0,NA,NA,NA,30
"SMC036","RHOT1-202","Excitatory_neuron","RHOT1",FALSE,"AD",206,0,12,0,NA,NA,NA,1
"SMC038","RHOT1-202","Excitatory_neuron","RHOT1",FALSE,"AD",1640,0,314,0,NA,NA,NA,34
"SMC039","RHOT1-202","Excitatory_neuron","RHOT1",FALSE,"AD",413,0,0,NA,NA,NA,NA,0
"SMC041","RHOT1-202","Excitatory_neuron","RHOT1",FALSE,"AD",1746,0,17,0,NA,NA,NA,2
"SMC043","RHOT1-202","Excitatory_neuron","RHOT1",FALSE,"AD",105,0,0,NA,NA,NA,NA,0
"SMC049","RHOT1-202","Excitatory_neuron","RHOT1",FALSE,"AD",4070,2,836,0.00239234449760766,NA,NA,NA,115
"PO13","RHOT1-202","Excitatory_neuron","RHOT1",FALSE,"Control",777,0,7,0,NA,NA,NA,3
"PO15","RHOT1-202","Excitatory_neuron","RHOT1",FALSE,"Control",744,0,189,0,NA,NA,NA,61
"PO20","RHOT1-202","Excitatory_neuron","RHOT1",FALSE,"Control",1454,0,27,0,NA,NA,NA,5
"PO23","RHOT1-202","Excitatory_neuron","RHOT1",FALSE,"Control",1605,0,83,0,NA,NA,NA,40
"SMC027","RHOT1-202","Excitatory_neuron","RHOT1",FALSE,"Control",129,0,3,0,NA,NA,NA,2
"SMC030","RHOT1-202","Excitatory_neuron","RHOT1",FALSE,"Control",915,2,683,0.00292825768667643,NA,NA,NA,102
"SMC033","RHOT1-202","Excitatory_neuron","RHOT1",FALSE,"Control",2797,0,318,0,NA,NA,NA,64
"SMC052","RHOT1-202","Excitatory_neuron","RHOT1",FALSE,"Control",4785,4,116,0.0344827586206897,NA,NA,NA,20
"PO05","RHOT1-203","Excitatory_neuron","RHOT1",FALSE,"AD",1197,2,42,0.0476190476190476,NA,NA,NA,15
"PO11","RHOT1-203","Excitatory_neuron","RHOT1",FALSE,"AD",1165,0,39,0,NA,NA,NA,19
"PO28","RHOT1-203","Excitatory_neuron","RHOT1",FALSE,"AD",1851,28,119,0.235294117647059,NA,NA,NA,36
"PO41","RHOT1-203","Excitatory_neuron","RHOT1",FALSE,"AD",973,5,46,0.108695652173913,NA,NA,NA,23
"PO42","RHOT1-203","Excitatory_neuron","RHOT1",FALSE,"AD",1303,18,48,0.375,NA,NA,NA,13
"SMC029","RHOT1-203","Excitatory_neuron","RHOT1",FALSE,"AD",150,0,3,0,NA,NA,NA,1
"SMC032","RHOT1-203","Excitatory_neuron","RHOT1",FALSE,"AD",578,54,227,0.237885462555066,NA,NA,NA,30
"SMC036","RHOT1-203","Excitatory_neuron","RHOT1",FALSE,"AD",206,0,12,0,NA,NA,NA,1
"SMC038","RHOT1-203","Excitatory_neuron","RHOT1",FALSE,"AD",1640,0,314,0,NA,NA,NA,34
"SMC039","RHOT1-203","Excitatory_neuron","RHOT1",FALSE,"AD",413,0,0,NA,NA,NA,NA,0
"SMC041","RHOT1-203","Excitatory_neuron","RHOT1",FALSE,"AD",1746,0,17,0,NA,NA,NA,2
"SMC043","RHOT1-203","Excitatory_neuron","RHOT1",FALSE,"AD",105,0,0,NA,NA,NA,NA,0
"SMC049","RHOT1-203","Excitatory_neuron","RHOT1",FALSE,"AD",4070,18,836,0.0215311004784689,NA,NA,NA,115
"PO13","RHOT1-203","Excitatory_neuron","RHOT1",FALSE,"Control",777,1,7,0.142857142857143,NA,NA,NA,3
"PO15","RHOT1-203","Excitatory_neuron","RHOT1",FALSE,"Control",744,16,189,0.0846560846560847,NA,NA,NA,61
"PO20","RHOT1-203","Excitatory_neuron","RHOT1",FALSE,"Control",1454,9,27,0.333333333333333,NA,NA,NA,5
"PO23","RHOT1-203","Excitatory_neuron","RHOT1",FALSE,"Control",1605,9,83,0.108433734939759,NA,NA,NA,40
"SMC027","RHOT1-203","Excitatory_neuron","RHOT1",FALSE,"Control",129,0,3,0,NA,NA,NA,2
"SMC030","RHOT1-203","Excitatory_neuron","RHOT1",FALSE,"Control",915,70,683,0.102489019033675,NA,NA,NA,102
"SMC033","RHOT1-203","Excitatory_neuron","RHOT1",FALSE,"Control",2797,15,318,0.0471698113207547,NA,NA,NA,64
"SMC052","RHOT1-203","Excitatory_neuron","RHOT1",FALSE,"Control",4785,1,116,0.00862068965517241,NA,NA,NA,20
"PO05","RHOT1-204","Excitatory_neuron","RHOT1",FALSE,"AD",1197,0,42,0,NA,NA,NA,15
"PO11","RHOT1-204","Excitatory_neuron","RHOT1",FALSE,"AD",1165,1,39,0.0256410256410256,NA,NA,NA,19
"PO28","RHOT1-204","Excitatory_neuron","RHOT1",FALSE,"AD",1851,3,119,0.0252100840336134,NA,NA,NA,36
"PO41","RHOT1-204","Excitatory_neuron","RHOT1",FALSE,"AD",973,0,46,0,NA,NA,NA,23
"PO42","RHOT1-204","Excitatory_neuron","RHOT1",FALSE,"AD",1303,0,48,0,NA,NA,NA,13
"SMC029","RHOT1-204","Excitatory_neuron","RHOT1",FALSE,"AD",150,0,3,0,NA,NA,NA,1
"SMC032","RHOT1-204","Excitatory_neuron","RHOT1",FALSE,"AD",578,1,227,0.00440528634361234,NA,NA,NA,30
"SMC036","RHOT1-204","Excitatory_neuron","RHOT1",FALSE,"AD",206,12,12,1,NA,NA,NA,1
"SMC038","RHOT1-204","Excitatory_neuron","RHOT1",FALSE,"AD",1640,1,314,0.00318471337579618,NA,NA,NA,34
"SMC039","RHOT1-204","Excitatory_neuron","RHOT1",FALSE,"AD",413,0,0,NA,NA,NA,NA,0
"SMC041","RHOT1-204","Excitatory_neuron","RHOT1",FALSE,"AD",1746,0,17,0,NA,NA,NA,2
"SMC043","RHOT1-204","Excitatory_neuron","RHOT1",FALSE,"AD",105,0,0,NA,NA,NA,NA,0
"SMC049","RHOT1-204","Excitatory_neuron","RHOT1",FALSE,"AD",4070,4,836,0.00478468899521531,NA,NA,NA,115
"PO13","RHOT1-204","Excitatory_neuron","RHOT1",FALSE,"Control",777,0,7,0,NA,NA,NA,3
"PO15","RHOT1-204","Excitatory_neuron","RHOT1",FALSE,"Control",744,10,189,0.0529100529100529,NA,NA,NA,61
"PO20","RHOT1-204","Excitatory_neuron","RHOT1",FALSE,"Control",1454,0,27,0,NA,NA,NA,5
"PO23","RHOT1-204","Excitatory_neuron","RHOT1",FALSE,"Control",1605,1,83,0.0120481927710843,NA,NA,NA,40
"SMC027","RHOT1-204","Excitatory_neuron","RHOT1",FALSE,"Control",129,2,3,0.666666666666667,NA,NA,NA,2
"SMC030","RHOT1-204","Excitatory_neuron","RHOT1",FALSE,"Control",915,25,683,0.0366032210834553,NA,NA,NA,102
"SMC033","RHOT1-204","Excitatory_neuron","RHOT1",FALSE,"Control",2797,9,318,0.0283018867924528,NA,NA,NA,64
"SMC052","RHOT1-204","Excitatory_neuron","RHOT1",FALSE,"Control",4785,0,116,0,NA,NA,NA,20
"PO05","RHOT1-205","Excitatory_neuron","RHOT1",TRUE,"AD",1197,29,42,0.69047619047619,0.0180308270223817,0.00652168508127154,0.108061394643508,15
"PO11","RHOT1-205","Excitatory_neuron","RHOT1",TRUE,"AD",1165,7,39,0.179487179487179,0.0180308270223817,0.00652168508127154,0.108061394643508,19
"PO28","RHOT1-205","Excitatory_neuron","RHOT1",TRUE,"AD",1851,55,119,0.46218487394958,0.0180308270223817,0.00652168508127154,0.108061394643508,36
"PO41","RHOT1-205","Excitatory_neuron","RHOT1",TRUE,"AD",973,25,46,0.543478260869565,0.0180308270223817,0.00652168508127154,0.108061394643508,23
"PO42","RHOT1-205","Excitatory_neuron","RHOT1",TRUE,"AD",1303,17,48,0.354166666666667,0.0180308270223817,0.00652168508127154,0.108061394643508,13
"SMC029","RHOT1-205","Excitatory_neuron","RHOT1",TRUE,"AD",150,0,3,0,0.0180308270223817,0.00652168508127154,0.108061394643508,1
"SMC032","RHOT1-205","Excitatory_neuron","RHOT1",TRUE,"AD",578,63,227,0.277533039647577,0.0180308270223817,0.00652168508127154,0.108061394643508,30
"SMC036","RHOT1-205","Excitatory_neuron","RHOT1",TRUE,"AD",206,0,12,0,0.0180308270223817,0.00652168508127154,0.108061394643508,1
"SMC038","RHOT1-205","Excitatory_neuron","RHOT1",TRUE,"AD",1640,239,314,0.761146496815287,0.0180308270223817,0.00652168508127154,0.108061394643508,34
"SMC039","RHOT1-205","Excitatory_neuron","RHOT1",TRUE,"AD",413,0,0,NA,0.0180308270223817,0.00652168508127154,0.108061394643508,0
"SMC041","RHOT1-205","Excitatory_neuron","RHOT1",TRUE,"AD",1746,7,17,0.411764705882353,0.0180308270223817,0.00652168508127154,0.108061394643508,2
"SMC043","RHOT1-205","Excitatory_neuron","RHOT1",TRUE,"AD",105,0,0,NA,0.0180308270223817,0.00652168508127154,0.108061394643508,0
"SMC049","RHOT1-205","Excitatory_neuron","RHOT1",TRUE,"AD",4070,474,836,0.566985645933014,0.0180308270223817,0.00652168508127154,0.108061394643508,115
"PO13","RHOT1-205","Excitatory_neuron","RHOT1",TRUE,"Control",777,6,7,0.857142857142857,0.0180308270223817,0.00652168508127154,0.108061394643508,3
"PO15","RHOT1-205","Excitatory_neuron","RHOT1",TRUE,"Control",744,72,189,0.380952380952381,0.0180308270223817,0.00652168508127154,0.108061394643508,61
"PO20","RHOT1-205","Excitatory_neuron","RHOT1",TRUE,"Control",1454,5,27,0.185185185185185,0.0180308270223817,0.00652168508127154,0.108061394643508,5
"PO23","RHOT1-205","Excitatory_neuron","RHOT1",TRUE,"Control",1605,19,83,0.228915662650602,0.0180308270223817,0.00652168508127154,0.108061394643508,40
"SMC027","RHOT1-205","Excitatory_neuron","RHOT1",TRUE,"Control",129,0,3,0,0.0180308270223817,0.00652168508127154,0.108061394643508,2
"SMC030","RHOT1-205","Excitatory_neuron","RHOT1",TRUE,"Control",915,159,683,0.232796486090776,0.0180308270223817,0.00652168508127154,0.108061394643508,102
"SMC033","RHOT1-205","Excitatory_neuron","RHOT1",TRUE,"Control",2797,86,318,0.270440251572327,0.0180308270223817,0.00652168508127154,0.108061394643508,64
"SMC052","RHOT1-205","Excitatory_neuron","RHOT1",TRUE,"Control",4785,8,116,0.0689655172413793,0.0180308270223817,0.00652168508127154,0.108061394643508,20
"PO05","RHOT1-206","Excitatory_neuron","RHOT1",FALSE,"AD",1197,0,42,0,NA,NA,NA,15
"PO11","RHOT1-206","Excitatory_neuron","RHOT1",FALSE,"AD",1165,0,39,0,NA,NA,NA,19
"PO28","RHOT1-206","Excitatory_neuron","RHOT1",FALSE,"AD",1851,0,119,0,NA,NA,NA,36
"PO41","RHOT1-206","Excitatory_neuron","RHOT1",FALSE,"AD",973,0,46,0,NA,NA,NA,23
"PO42","RHOT1-206","Excitatory_neuron","RHOT1",FALSE,"AD",1303,0,48,0,NA,NA,NA,13
"SMC029","RHOT1-206","Excitatory_neuron","RHOT1",FALSE,"AD",150,0,3,0,NA,NA,NA,1
"SMC032","RHOT1-206","Excitatory_neuron","RHOT1",FALSE,"AD",578,0,227,0,NA,NA,NA,30
"SMC036","RHOT1-206","Excitatory_neuron","RHOT1",FALSE,"AD",206,0,12,0,NA,NA,NA,1
"SMC038","RHOT1-206","Excitatory_neuron","RHOT1",FALSE,"AD",1640,0,314,0,NA,NA,NA,34
"SMC039","RHOT1-206","Excitatory_neuron","RHOT1",FALSE,"AD",413,0,0,NA,NA,NA,NA,0
"SMC041","RHOT1-206","Excitatory_neuron","RHOT1",FALSE,"AD",1746,0,17,0,NA,NA,NA,2
"SMC043","RHOT1-206","Excitatory_neuron","RHOT1",FALSE,"AD",105,0,0,NA,NA,NA,NA,0
"SMC049","RHOT1-206","Excitatory_neuron","RHOT1",FALSE,"AD",4070,6,836,0.00717703349282297,NA,NA,NA,115
"PO13","RHOT1-206","Excitatory_neuron","RHOT1",FALSE,"Control",777,0,7,0,NA,NA,NA,3
"PO15","RHOT1-206","Excitatory_neuron","RHOT1",FALSE,"Control",744,0,189,0,NA,NA,NA,61
"PO20","RHOT1-206","Excitatory_neuron","RHOT1",FALSE,"Control",1454,0,27,0,NA,NA,NA,5
"PO23","RHOT1-206","Excitatory_neuron","RHOT1",FALSE,"Control",1605,0,83,0,NA,NA,NA,40
"SMC027","RHOT1-206","Excitatory_neuron","RHOT1",FALSE,"Control",129,0,3,0,NA,NA,NA,2
"SMC030","RHOT1-206","Excitatory_neuron","RHOT1",FALSE,"Control",915,0,683,0,NA,NA,NA,102
"SMC033","RHOT1-206","Excitatory_neuron","RHOT1",FALSE,"Control",2797,0,318,0,NA,NA,NA,64
"SMC052","RHOT1-206","Excitatory_neuron","RHOT1",FALSE,"Control",4785,0,116,0,NA,NA,NA,20
"PO05","RHOT1-209","Excitatory_neuron","RHOT1",FALSE,"AD",1197,1,42,0.0238095238095238,NA,NA,NA,15
"PO11","RHOT1-209","Excitatory_neuron","RHOT1",FALSE,"AD",1165,0,39,0,NA,NA,NA,19
"PO28","RHOT1-209","Excitatory_neuron","RHOT1",FALSE,"AD",1851,0,119,0,NA,NA,NA,36
"PO41","RHOT1-209","Excitatory_neuron","RHOT1",FALSE,"AD",973,0,46,0,NA,NA,NA,23
"PO42","RHOT1-209","Excitatory_neuron","RHOT1",FALSE,"AD",1303,0,48,0,NA,NA,NA,13
"SMC029","RHOT1-209","Excitatory_neuron","RHOT1",FALSE,"AD",150,0,3,0,NA,NA,NA,1
"SMC032","RHOT1-209","Excitatory_neuron","RHOT1",FALSE,"AD",578,0,227,0,NA,NA,NA,30
"SMC036","RHOT1-209","Excitatory_neuron","RHOT1",FALSE,"AD",206,0,12,0,NA,NA,NA,1
"SMC038","RHOT1-209","Excitatory_neuron","RHOT1",FALSE,"AD",1640,0,314,0,NA,NA,NA,34
"SMC039","RHOT1-209","Excitatory_neuron","RHOT1",FALSE,"AD",413,0,0,NA,NA,NA,NA,0
"SMC041","RHOT1-209","Excitatory_neuron","RHOT1",FALSE,"AD",1746,0,17,0,NA,NA,NA,2
"SMC043","RHOT1-209","Excitatory_neuron","RHOT1",FALSE,"AD",105,0,0,NA,NA,NA,NA,0
"SMC049","RHOT1-209","Excitatory_neuron","RHOT1",FALSE,"AD",4070,0,836,0,NA,NA,NA,115
"PO13","RHOT1-209","Excitatory_neuron","RHOT1",FALSE,"Control",777,0,7,0,NA,NA,NA,3
"PO15","RHOT1-209","Excitatory_neuron","RHOT1",FALSE,"Control",744,1,189,0.00529100529100529,NA,NA,NA,61
"PO20","RHOT1-209","Excitatory_neuron","RHOT1",FALSE,"Control",1454,0,27,0,NA,NA,NA,5
"PO23","RHOT1-209","Excitatory_neuron","RHOT1",FALSE,"Control",1605,0,83,0,NA,NA,NA,40
"SMC027","RHOT1-209","Excitatory_neuron","RHOT1",FALSE,"Control",129,0,3,0,NA,NA,NA,2
"SMC030","RHOT1-209","Excitatory_neuron","RHOT1",FALSE,"Control",915,3,683,0.00439238653001464,NA,NA,NA,102
"SMC033","RHOT1-209","Excitatory_neuron","RHOT1",FALSE,"Control",2797,0,318,0,NA,NA,NA,64
"SMC052","RHOT1-209","Excitatory_neuron","RHOT1",FALSE,"Control",4785,0,116,0,NA,NA,NA,20
"PO05","RHOT1-210","Excitatory_neuron","RHOT1",FALSE,"AD",1197,4,42,0.0952380952380952,NA,NA,NA,15
"PO11","RHOT1-210","Excitatory_neuron","RHOT1",FALSE,"AD",1165,7,39,0.179487179487179,NA,NA,NA,19
"PO28","RHOT1-210","Excitatory_neuron","RHOT1",FALSE,"AD",1851,2,119,0.0168067226890756,NA,NA,NA,36
"PO41","RHOT1-210","Excitatory_neuron","RHOT1",FALSE,"AD",973,2,46,0.0434782608695652,NA,NA,NA,23
"PO42","RHOT1-210","Excitatory_neuron","RHOT1",FALSE,"AD",1303,11,48,0.229166666666667,NA,NA,NA,13
"SMC029","RHOT1-210","Excitatory_neuron","RHOT1",FALSE,"AD",150,0,3,0,NA,NA,NA,1
"SMC032","RHOT1-210","Excitatory_neuron","RHOT1",FALSE,"AD",578,8,227,0.0352422907488987,NA,NA,NA,30
"SMC036","RHOT1-210","Excitatory_neuron","RHOT1",FALSE,"AD",206,0,12,0,NA,NA,NA,1
"SMC038","RHOT1-210","Excitatory_neuron","RHOT1",FALSE,"AD",1640,0,314,0,NA,NA,NA,34
"SMC039","RHOT1-210","Excitatory_neuron","RHOT1",FALSE,"AD",413,0,0,NA,NA,NA,NA,0
"SMC041","RHOT1-210","Excitatory_neuron","RHOT1",FALSE,"AD",1746,0,17,0,NA,NA,NA,2
"SMC043","RHOT1-210","Excitatory_neuron","RHOT1",FALSE,"AD",105,0,0,NA,NA,NA,NA,0
"SMC049","RHOT1-210","Excitatory_neuron","RHOT1",FALSE,"AD",4070,10,836,0.0119617224880383,NA,NA,NA,115
"PO13","RHOT1-210","Excitatory_neuron","RHOT1",FALSE,"Control",777,0,7,0,NA,NA,NA,3
"PO15","RHOT1-210","Excitatory_neuron","RHOT1",FALSE,"Control",744,5,189,0.0264550264550265,NA,NA,NA,61
"PO20","RHOT1-210","Excitatory_neuron","RHOT1",FALSE,"Control",1454,0,27,0,NA,NA,NA,5
"PO23","RHOT1-210","Excitatory_neuron","RHOT1",FALSE,"Control",1605,32,83,0.385542168674699,NA,NA,NA,40
"SMC027","RHOT1-210","Excitatory_neuron","RHOT1",FALSE,"Control",129,0,3,0,NA,NA,NA,2
"SMC030","RHOT1-210","Excitatory_neuron","RHOT1",FALSE,"Control",915,4,683,0.00585651537335286,NA,NA,NA,102
"SMC033","RHOT1-210","Excitatory_neuron","RHOT1",FALSE,"Control",2797,0,318,0,NA,NA,NA,64
"SMC052","RHOT1-210","Excitatory_neuron","RHOT1",FALSE,"Control",4785,2,116,0.0172413793103448,NA,NA,NA,20
"PO05","RHOT1-215","Excitatory_neuron","RHOT1",FALSE,"AD",1197,0,42,0,NA,NA,NA,15
"PO11","RHOT1-215","Excitatory_neuron","RHOT1",FALSE,"AD",1165,0,39,0,NA,NA,NA,19
"PO28","RHOT1-215","Excitatory_neuron","RHOT1",FALSE,"AD",1851,0,119,0,NA,NA,NA,36
"PO41","RHOT1-215","Excitatory_neuron","RHOT1",FALSE,"AD",973,1,46,0.0217391304347826,NA,NA,NA,23
"PO42","RHOT1-215","Excitatory_neuron","RHOT1",FALSE,"AD",1303,0,48,0,NA,NA,NA,13
"SMC029","RHOT1-215","Excitatory_neuron","RHOT1",FALSE,"AD",150,0,3,0,NA,NA,NA,1
"SMC032","RHOT1-215","Excitatory_neuron","RHOT1",FALSE,"AD",578,0,227,0,NA,NA,NA,30
"SMC036","RHOT1-215","Excitatory_neuron","RHOT1",FALSE,"AD",206,0,12,0,NA,NA,NA,1
"SMC038","RHOT1-215","Excitatory_neuron","RHOT1",FALSE,"AD",1640,0,314,0,NA,NA,NA,34
"SMC039","RHOT1-215","Excitatory_neuron","RHOT1",FALSE,"AD",413,0,0,NA,NA,NA,NA,0
"SMC041","RHOT1-215","Excitatory_neuron","RHOT1",FALSE,"AD",1746,0,17,0,NA,NA,NA,2
"SMC043","RHOT1-215","Excitatory_neuron","RHOT1",FALSE,"AD",105,0,0,NA,NA,NA,NA,0
"SMC049","RHOT1-215","Excitatory_neuron","RHOT1",FALSE,"AD",4070,12,836,0.0143540669856459,NA,NA,NA,115
"PO13","RHOT1-215","Excitatory_neuron","RHOT1",FALSE,"Control",777,0,7,0,NA,NA,NA,3
"PO15","RHOT1-215","Excitatory_neuron","RHOT1",FALSE,"Control",744,1,189,0.00529100529100529,NA,NA,NA,61
"PO20","RHOT1-215","Excitatory_neuron","RHOT1",FALSE,"Control",1454,0,27,0,NA,NA,NA,5
"PO23","RHOT1-215","Excitatory_neuron","RHOT1",FALSE,"Control",1605,0,83,0,NA,NA,NA,40
"SMC027","RHOT1-215","Excitatory_neuron","RHOT1",FALSE,"Control",129,0,3,0,NA,NA,NA,2
"SMC030","RHOT1-215","Excitatory_neuron","RHOT1",FALSE,"Control",915,27,683,0.0395314787701318,NA,NA,NA,102
"SMC033","RHOT1-215","Excitatory_neuron","RHOT1",FALSE,"Control",2797,1,318,0.00314465408805031,NA,NA,NA,64
"SMC052","RHOT1-215","Excitatory_neuron","RHOT1",FALSE,"Control",4785,0,116,0,NA,NA,NA,20
"PO05","DDX17-201","Inhibitory_neuron","DDX17",FALSE,"AD",730,35,52,0.673076923076923,NA,NA,NA,41
"PO11","DDX17-201","Inhibitory_neuron","DDX17",FALSE,"AD",647,129,143,0.902097902097902,NA,NA,NA,73
"PO28","DDX17-201","Inhibitory_neuron","DDX17",FALSE,"AD",558,36,45,0.8,NA,NA,NA,28
"PO41","DDX17-201","Inhibitory_neuron","DDX17",FALSE,"AD",497,83,103,0.805825242718447,NA,NA,NA,59
"PO42","DDX17-201","Inhibitory_neuron","DDX17",FALSE,"AD",744,48,54,0.888888888888889,NA,NA,NA,29
"SMC029","DDX17-201","Inhibitory_neuron","DDX17",FALSE,"AD",152,28,35,0.8,NA,NA,NA,19
"SMC032","DDX17-201","Inhibitory_neuron","DDX17",FALSE,"AD",1382,70,98,0.714285714285714,NA,NA,NA,73
"SMC036","DDX17-201","Inhibitory_neuron","DDX17",FALSE,"AD",135,3,3,1,NA,NA,NA,3
"SMC038","DDX17-201","Inhibitory_neuron","DDX17",FALSE,"AD",1549,350,434,0.806451612903226,NA,NA,NA,180
"SMC039","DDX17-201","Inhibitory_neuron","DDX17",FALSE,"AD",404,43,73,0.589041095890411,NA,NA,NA,22
"SMC041","DDX17-201","Inhibitory_neuron","DDX17",FALSE,"AD",1416,56,76,0.736842105263158,NA,NA,NA,47
"SMC043","DDX17-201","Inhibitory_neuron","DDX17",FALSE,"AD",141,16,22,0.727272727272727,NA,NA,NA,4
"SMC049","DDX17-201","Inhibitory_neuron","DDX17",FALSE,"AD",1705,236,289,0.816608996539792,NA,NA,NA,148
"PO13","DDX17-201","Inhibitory_neuron","DDX17",FALSE,"Control",190,18,19,0.947368421052632,NA,NA,NA,12
"PO15","DDX17-201","Inhibitory_neuron","DDX17",FALSE,"Control",443,58,81,0.716049382716049,NA,NA,NA,53
"PO20","DDX17-201","Inhibitory_neuron","DDX17",FALSE,"Control",284,10,14,0.714285714285714,NA,NA,NA,10
"PO23","DDX17-201","Inhibitory_neuron","DDX17",FALSE,"Control",963,50,95,0.526315789473684,NA,NA,NA,44
"SMC027","DDX17-201","Inhibitory_neuron","DDX17",FALSE,"Control",304,36,55,0.654545454545455,NA,NA,NA,22
"SMC030","DDX17-201","Inhibitory_neuron","DDX17",FALSE,"Control",1937,99,133,0.744360902255639,NA,NA,NA,109
"SMC033","DDX17-201","Inhibitory_neuron","DDX17",FALSE,"Control",2436,42,104,0.403846153846154,NA,NA,NA,48
"SMC052","DDX17-201","Inhibitory_neuron","DDX17",FALSE,"Control",2673,128,209,0.61244019138756,NA,NA,NA,109
"PO05","DDX17-202","Inhibitory_neuron","DDX17",TRUE,"AD",730,3,52,0.0576923076923077,0.0488408333558577,0.0179515036624313,-0.153533296380205,41
"PO11","DDX17-202","Inhibitory_neuron","DDX17",TRUE,"AD",647,8,143,0.0559440559440559,0.0488408333558577,0.0179515036624313,-0.153533296380205,73
"PO28","DDX17-202","Inhibitory_neuron","DDX17",TRUE,"AD",558,4,45,0.0888888888888889,0.0488408333558577,0.0179515036624313,-0.153533296380205,28
"PO41","DDX17-202","Inhibitory_neuron","DDX17",TRUE,"AD",497,9,103,0.087378640776699,0.0488408333558577,0.0179515036624313,-0.153533296380205,59
"PO42","DDX17-202","Inhibitory_neuron","DDX17",TRUE,"AD",744,2,54,0.037037037037037,0.0488408333558577,0.0179515036624313,-0.153533296380205,29
"SMC029","DDX17-202","Inhibitory_neuron","DDX17",TRUE,"AD",152,5,35,0.142857142857143,0.0488408333558577,0.0179515036624313,-0.153533296380205,19
"SMC032","DDX17-202","Inhibitory_neuron","DDX17",TRUE,"AD",1382,20,98,0.204081632653061,0.0488408333558577,0.0179515036624313,-0.153533296380205,73
"SMC036","DDX17-202","Inhibitory_neuron","DDX17",TRUE,"AD",135,0,3,0,0.0488408333558577,0.0179515036624313,-0.153533296380205,3
"SMC038","DDX17-202","Inhibitory_neuron","DDX17",TRUE,"AD",1549,42,434,0.0967741935483871,0.0488408333558577,0.0179515036624313,-0.153533296380205,180
"SMC039","DDX17-202","Inhibitory_neuron","DDX17",TRUE,"AD",404,7,73,0.0958904109589041,0.0488408333558577,0.0179515036624313,-0.153533296380205,22
"SMC041","DDX17-202","Inhibitory_neuron","DDX17",TRUE,"AD",1416,6,76,0.0789473684210526,0.0488408333558577,0.0179515036624313,-0.153533296380205,47
"SMC043","DDX17-202","Inhibitory_neuron","DDX17",TRUE,"AD",141,0,22,0,0.0488408333558577,0.0179515036624313,-0.153533296380205,4
"SMC049","DDX17-202","Inhibitory_neuron","DDX17",TRUE,"AD",1705,38,289,0.131487889273356,0.0488408333558577,0.0179515036624313,-0.153533296380205,148
"PO13","DDX17-202","Inhibitory_neuron","DDX17",TRUE,"Control",190,1,19,0.0526315789473684,0.0488408333558577,0.0179515036624313,-0.153533296380205,12
"PO15","DDX17-202","Inhibitory_neuron","DDX17",TRUE,"Control",443,17,81,0.209876543209877,0.0488408333558577,0.0179515036624313,-0.153533296380205,53
"PO20","DDX17-202","Inhibitory_neuron","DDX17",TRUE,"Control",284,3,14,0.214285714285714,0.0488408333558577,0.0179515036624313,-0.153533296380205,10
"PO23","DDX17-202","Inhibitory_neuron","DDX17",TRUE,"Control",963,24,95,0.252631578947368,0.0488408333558577,0.0179515036624313,-0.153533296380205,44
"SMC027","DDX17-202","Inhibitory_neuron","DDX17",TRUE,"Control",304,16,55,0.290909090909091,0.0488408333558577,0.0179515036624313,-0.153533296380205,22
"SMC030","DDX17-202","Inhibitory_neuron","DDX17",TRUE,"Control",1937,31,133,0.233082706766917,0.0488408333558577,0.0179515036624313,-0.153533296380205,109
"SMC033","DDX17-202","Inhibitory_neuron","DDX17",TRUE,"Control",2436,27,104,0.259615384615385,0.0488408333558577,0.0179515036624313,-0.153533296380205,48
"SMC052","DDX17-202","Inhibitory_neuron","DDX17",TRUE,"Control",2673,79,209,0.37799043062201,0.0488408333558577,0.0179515036624313,-0.153533296380205,109
"PO05","DDX17-203","Inhibitory_neuron","DDX17",FALSE,"AD",730,0,52,0,NA,NA,NA,41
"PO11","DDX17-203","Inhibitory_neuron","DDX17",FALSE,"AD",647,0,143,0,NA,NA,NA,73
"PO28","DDX17-203","Inhibitory_neuron","DDX17",FALSE,"AD",558,3,45,0.0666666666666667,NA,NA,NA,28
"PO41","DDX17-203","Inhibitory_neuron","DDX17",FALSE,"AD",497,5,103,0.0485436893203883,NA,NA,NA,59
"PO42","DDX17-203","Inhibitory_neuron","DDX17",FALSE,"AD",744,2,54,0.037037037037037,NA,NA,NA,29
"SMC029","DDX17-203","Inhibitory_neuron","DDX17",FALSE,"AD",152,0,35,0,NA,NA,NA,19
"SMC032","DDX17-203","Inhibitory_neuron","DDX17",FALSE,"AD",1382,3,98,0.0306122448979592,NA,NA,NA,73
"SMC036","DDX17-203","Inhibitory_neuron","DDX17",FALSE,"AD",135,0,3,0,NA,NA,NA,3
"SMC038","DDX17-203","Inhibitory_neuron","DDX17",FALSE,"AD",1549,36,434,0.0829493087557604,NA,NA,NA,180
"SMC039","DDX17-203","Inhibitory_neuron","DDX17",FALSE,"AD",404,3,73,0.0410958904109589,NA,NA,NA,22
"SMC041","DDX17-203","Inhibitory_neuron","DDX17",FALSE,"AD",1416,0,76,0,NA,NA,NA,47
"SMC043","DDX17-203","Inhibitory_neuron","DDX17",FALSE,"AD",141,0,22,0,NA,NA,NA,4
"SMC049","DDX17-203","Inhibitory_neuron","DDX17",FALSE,"AD",1705,9,289,0.0311418685121107,NA,NA,NA,148
"PO13","DDX17-203","Inhibitory_neuron","DDX17",FALSE,"Control",190,0,19,0,NA,NA,NA,12
"PO15","DDX17-203","Inhibitory_neuron","DDX17",FALSE,"Control",443,3,81,0.037037037037037,NA,NA,NA,53
"PO20","DDX17-203","Inhibitory_neuron","DDX17",FALSE,"Control",284,0,14,0,NA,NA,NA,10
"PO23","DDX17-203","Inhibitory_neuron","DDX17",FALSE,"Control",963,17,95,0.178947368421053,NA,NA,NA,44
"SMC027","DDX17-203","Inhibitory_neuron","DDX17",FALSE,"Control",304,1,55,0.0181818181818182,NA,NA,NA,22
"SMC030","DDX17-203","Inhibitory_neuron","DDX17",FALSE,"Control",1937,2,133,0.0150375939849624,NA,NA,NA,109
"SMC033","DDX17-203","Inhibitory_neuron","DDX17",FALSE,"Control",2436,34,104,0.326923076923077,NA,NA,NA,48
"SMC052","DDX17-203","Inhibitory_neuron","DDX17",FALSE,"Control",2673,0,209,0,NA,NA,NA,109
"PO05","DDX17-204","Inhibitory_neuron","DDX17",FALSE,"AD",730,14,52,0.269230769230769,NA,NA,NA,41
"PO11","DDX17-204","Inhibitory_neuron","DDX17",FALSE,"AD",647,6,143,0.041958041958042,NA,NA,NA,73
"PO28","DDX17-204","Inhibitory_neuron","DDX17",FALSE,"AD",558,2,45,0.0444444444444444,NA,NA,NA,28
"PO41","DDX17-204","Inhibitory_neuron","DDX17",FALSE,"AD",497,6,103,0.058252427184466,NA,NA,NA,59
"PO42","DDX17-204","Inhibitory_neuron","DDX17",FALSE,"AD",744,2,54,0.037037037037037,NA,NA,NA,29
"SMC029","DDX17-204","Inhibitory_neuron","DDX17",FALSE,"AD",152,2,35,0.0571428571428571,NA,NA,NA,19
"SMC032","DDX17-204","Inhibitory_neuron","DDX17",FALSE,"AD",1382,5,98,0.0510204081632653,NA,NA,NA,73
"SMC036","DDX17-204","Inhibitory_neuron","DDX17",FALSE,"AD",135,0,3,0,NA,NA,NA,3
"SMC038","DDX17-204","Inhibitory_neuron","DDX17",FALSE,"AD",1549,6,434,0.0138248847926267,NA,NA,NA,180
"SMC039","DDX17-204","Inhibitory_neuron","DDX17",FALSE,"AD",404,20,73,0.273972602739726,NA,NA,NA,22
"SMC041","DDX17-204","Inhibitory_neuron","DDX17",FALSE,"AD",1416,14,76,0.184210526315789,NA,NA,NA,47
"SMC043","DDX17-204","Inhibitory_neuron","DDX17",FALSE,"AD",141,6,22,0.272727272727273,NA,NA,NA,4
"SMC049","DDX17-204","Inhibitory_neuron","DDX17",FALSE,"AD",1705,6,289,0.0207612456747405,NA,NA,NA,148
"PO13","DDX17-204","Inhibitory_neuron","DDX17",FALSE,"Control",190,0,19,0,NA,NA,NA,12
"PO15","DDX17-204","Inhibitory_neuron","DDX17",FALSE,"Control",443,2,81,0.0246913580246914,NA,NA,NA,53
"PO20","DDX17-204","Inhibitory_neuron","DDX17",FALSE,"Control",284,1,14,0.0714285714285714,NA,NA,NA,10
"PO23","DDX17-204","Inhibitory_neuron","DDX17",FALSE,"Control",963,4,95,0.0421052631578947,NA,NA,NA,44
"SMC027","DDX17-204","Inhibitory_neuron","DDX17",FALSE,"Control",304,2,55,0.0363636363636364,NA,NA,NA,22
"SMC030","DDX17-204","Inhibitory_neuron","DDX17",FALSE,"Control",1937,0,133,0,NA,NA,NA,109
"SMC033","DDX17-204","Inhibitory_neuron","DDX17",FALSE,"Control",2436,0,104,0,NA,NA,NA,48
"SMC052","DDX17-204","Inhibitory_neuron","DDX17",FALSE,"Control",2673,2,209,0.00956937799043062,NA,NA,NA,109
"PO05","DDX17-210","Inhibitory_neuron","DDX17",FALSE,"AD",730,0,52,0,NA,NA,NA,41
"PO11","DDX17-210","Inhibitory_neuron","DDX17",FALSE,"AD",647,0,143,0,NA,NA,NA,73
"PO28","DDX17-210","Inhibitory_neuron","DDX17",FALSE,"AD",558,0,45,0,NA,NA,NA,28
"PO41","DDX17-210","Inhibitory_neuron","DDX17",FALSE,"AD",497,0,103,0,NA,NA,NA,59
"PO42","DDX17-210","Inhibitory_neuron","DDX17",FALSE,"AD",744,0,54,0,NA,NA,NA,29
"SMC029","DDX17-210","Inhibitory_neuron","DDX17",FALSE,"AD",152,0,35,0,NA,NA,NA,19
"SMC032","DDX17-210","Inhibitory_neuron","DDX17",FALSE,"AD",1382,0,98,0,NA,NA,NA,73
"SMC036","DDX17-210","Inhibitory_neuron","DDX17",FALSE,"AD",135,0,3,0,NA,NA,NA,3
"SMC038","DDX17-210","Inhibitory_neuron","DDX17",FALSE,"AD",1549,0,434,0,NA,NA,NA,180
"SMC039","DDX17-210","Inhibitory_neuron","DDX17",FALSE,"AD",404,0,73,0,NA,NA,NA,22
"SMC041","DDX17-210","Inhibitory_neuron","DDX17",FALSE,"AD",1416,0,76,0,NA,NA,NA,47
"SMC043","DDX17-210","Inhibitory_neuron","DDX17",FALSE,"AD",141,0,22,0,NA,NA,NA,4
"SMC049","DDX17-210","Inhibitory_neuron","DDX17",FALSE,"AD",1705,0,289,0,NA,NA,NA,148
"PO13","DDX17-210","Inhibitory_neuron","DDX17",FALSE,"Control",190,0,19,0,NA,NA,NA,12
"PO15","DDX17-210","Inhibitory_neuron","DDX17",FALSE,"Control",443,1,81,0.0123456790123457,NA,NA,NA,53
"PO20","DDX17-210","Inhibitory_neuron","DDX17",FALSE,"Control",284,0,14,0,NA,NA,NA,10
"PO23","DDX17-210","Inhibitory_neuron","DDX17",FALSE,"Control",963,0,95,0,NA,NA,NA,44
"SMC027","DDX17-210","Inhibitory_neuron","DDX17",FALSE,"Control",304,0,55,0,NA,NA,NA,22
"SMC030","DDX17-210","Inhibitory_neuron","DDX17",FALSE,"Control",1937,1,133,0.0075187969924812,NA,NA,NA,109
"SMC033","DDX17-210","Inhibitory_neuron","DDX17",FALSE,"Control",2436,1,104,0.00961538461538462,NA,NA,NA,48
"SMC052","DDX17-210","Inhibitory_neuron","DDX17",FALSE,"Control",2673,0,209,0,NA,NA,NA,109
"PO05","GCC2-201","Inhibitory_neuron","GCC2",FALSE,"AD",730,0,167,0,NA,NA,NA,31
"PO11","GCC2-201","Inhibitory_neuron","GCC2",FALSE,"AD",647,3,389,0.0077120822622108,NA,NA,NA,39
"PO28","GCC2-201","Inhibitory_neuron","GCC2",FALSE,"AD",558,2,464,0.00431034482758621,NA,NA,NA,31
"PO41","GCC2-201","Inhibitory_neuron","GCC2",FALSE,"AD",497,74,254,0.291338582677165,NA,NA,NA,43
"PO42","GCC2-201","Inhibitory_neuron","GCC2",FALSE,"AD",744,0,106,0,NA,NA,NA,31
"SMC029","GCC2-201","Inhibitory_neuron","GCC2",FALSE,"AD",152,1,97,0.0103092783505155,NA,NA,NA,6
"SMC032","GCC2-201","Inhibitory_neuron","GCC2",FALSE,"AD",1382,0,752,0,NA,NA,NA,56
"SMC036","GCC2-201","Inhibitory_neuron","GCC2",FALSE,"AD",135,0,313,0,NA,NA,NA,9
"SMC038","GCC2-201","Inhibitory_neuron","GCC2",FALSE,"AD",1549,0,247,0,NA,NA,NA,19
"SMC039","GCC2-201","Inhibitory_neuron","GCC2",FALSE,"AD",404,0,30,0,NA,NA,NA,2
"SMC041","GCC2-201","Inhibitory_neuron","GCC2",FALSE,"AD",1416,0,128,0,NA,NA,NA,23
"SMC043","GCC2-201","Inhibitory_neuron","GCC2",FALSE,"AD",141,0,25,0,NA,NA,NA,4
"SMC049","GCC2-201","Inhibitory_neuron","GCC2",FALSE,"AD",1705,0,74,0,NA,NA,NA,15
"PO13","GCC2-201","Inhibitory_neuron","GCC2",FALSE,"Control",190,0,247,0,NA,NA,NA,25
"PO15","GCC2-201","Inhibitory_neuron","GCC2",FALSE,"Control",443,0,137,0,NA,NA,NA,32
"PO20","GCC2-201","Inhibitory_neuron","GCC2",FALSE,"Control",284,1,112,0.00892857142857143,NA,NA,NA,14
"PO23","GCC2-201","Inhibitory_neuron","GCC2",FALSE,"Control",963,0,177,0,NA,NA,NA,29
"SMC027","GCC2-201","Inhibitory_neuron","GCC2",FALSE,"Control",304,0,41,0,NA,NA,NA,5
"SMC030","GCC2-201","Inhibitory_neuron","GCC2",FALSE,"Control",1937,6,1023,0.00586510263929619,NA,NA,NA,134
"SMC033","GCC2-201","Inhibitory_neuron","GCC2",FALSE,"Control",2436,0,84,0,NA,NA,NA,19
"SMC052","GCC2-201","Inhibitory_neuron","GCC2",FALSE,"Control",2673,0,90,0,NA,NA,NA,17
"PO05","GCC2-203","Inhibitory_neuron","GCC2",FALSE,"AD",730,0,167,0,NA,NA,NA,31
"PO11","GCC2-203","Inhibitory_neuron","GCC2",FALSE,"AD",647,0,389,0,NA,NA,NA,39
"PO28","GCC2-203","Inhibitory_neuron","GCC2",FALSE,"AD",558,0,464,0,NA,NA,NA,31
"PO41","GCC2-203","Inhibitory_neuron","GCC2",FALSE,"AD",497,0,254,0,NA,NA,NA,43
"PO42","GCC2-203","Inhibitory_neuron","GCC2",FALSE,"AD",744,0,106,0,NA,NA,NA,31
"SMC029","GCC2-203","Inhibitory_neuron","GCC2",FALSE,"AD",152,0,97,0,NA,NA,NA,6
"SMC032","GCC2-203","Inhibitory_neuron","GCC2",FALSE,"AD",1382,1,752,0.00132978723404255,NA,NA,NA,56
"SMC036","GCC2-203","Inhibitory_neuron","GCC2",FALSE,"AD",135,0,313,0,NA,NA,NA,9
"SMC038","GCC2-203","Inhibitory_neuron","GCC2",FALSE,"AD",1549,0,247,0,NA,NA,NA,19
"SMC039","GCC2-203","Inhibitory_neuron","GCC2",FALSE,"AD",404,0,30,0,NA,NA,NA,2
"SMC041","GCC2-203","Inhibitory_neuron","GCC2",FALSE,"AD",1416,0,128,0,NA,NA,NA,23
"SMC043","GCC2-203","Inhibitory_neuron","GCC2",FALSE,"AD",141,0,25,0,NA,NA,NA,4
"SMC049","GCC2-203","Inhibitory_neuron","GCC2",FALSE,"AD",1705,0,74,0,NA,NA,NA,15
"PO13","GCC2-203","Inhibitory_neuron","GCC2",FALSE,"Control",190,0,247,0,NA,NA,NA,25
"PO15","GCC2-203","Inhibitory_neuron","GCC2",FALSE,"Control",443,0,137,0,NA,NA,NA,32
"PO20","GCC2-203","Inhibitory_neuron","GCC2",FALSE,"Control",284,0,112,0,NA,NA,NA,14
"PO23","GCC2-203","Inhibitory_neuron","GCC2",FALSE,"Control",963,0,177,0,NA,NA,NA,29
"SMC027","GCC2-203","Inhibitory_neuron","GCC2",FALSE,"Control",304,0,41,0,NA,NA,NA,5
"SMC030","GCC2-203","Inhibitory_neuron","GCC2",FALSE,"Control",1937,0,1023,0,NA,NA,NA,134
"SMC033","GCC2-203","Inhibitory_neuron","GCC2",FALSE,"Control",2436,3,84,0.0357142857142857,NA,NA,NA,19
"SMC052","GCC2-203","Inhibitory_neuron","GCC2",FALSE,"Control",2673,0,90,0,NA,NA,NA,17
"PO05","GCC2-204","Inhibitory_neuron","GCC2",FALSE,"AD",730,2,167,0.0119760479041916,NA,NA,NA,31
"PO11","GCC2-204","Inhibitory_neuron","GCC2",FALSE,"AD",647,0,389,0,NA,NA,NA,39
"PO28","GCC2-204","Inhibitory_neuron","GCC2",FALSE,"AD",558,1,464,0.0021551724137931,NA,NA,NA,31
"PO41","GCC2-204","Inhibitory_neuron","GCC2",FALSE,"AD",497,2,254,0.0078740157480315,NA,NA,NA,43
"PO42","GCC2-204","Inhibitory_neuron","GCC2",FALSE,"AD",744,2,106,0.0188679245283019,NA,NA,NA,31
"SMC029","GCC2-204","Inhibitory_neuron","GCC2",FALSE,"AD",152,0,97,0,NA,NA,NA,6
"SMC032","GCC2-204","Inhibitory_neuron","GCC2",FALSE,"AD",1382,1,752,0.00132978723404255,NA,NA,NA,56
"SMC036","GCC2-204","Inhibitory_neuron","GCC2",FALSE,"AD",135,1,313,0.00319488817891374,NA,NA,NA,9
"SMC038","GCC2-204","Inhibitory_neuron","GCC2",FALSE,"AD",1549,1,247,0.00404858299595142,NA,NA,NA,19
"SMC039","GCC2-204","Inhibitory_neuron","GCC2",FALSE,"AD",404,0,30,0,NA,NA,NA,2
"SMC041","GCC2-204","Inhibitory_neuron","GCC2",FALSE,"AD",1416,1,128,0.0078125,NA,NA,NA,23
"SMC043","GCC2-204","Inhibitory_neuron","GCC2",FALSE,"AD",141,0,25,0,NA,NA,NA,4
"SMC049","GCC2-204","Inhibitory_neuron","GCC2",FALSE,"AD",1705,0,74,0,NA,NA,NA,15
"PO13","GCC2-204","Inhibitory_neuron","GCC2",FALSE,"Control",190,1,247,0.00404858299595142,NA,NA,NA,25
"PO15","GCC2-204","Inhibitory_neuron","GCC2",FALSE,"Control",443,0,137,0,NA,NA,NA,32
"PO20","GCC2-204","Inhibitory_neuron","GCC2",FALSE,"Control",284,1,112,0.00892857142857143,NA,NA,NA,14
"PO23","GCC2-204","Inhibitory_neuron","GCC2",FALSE,"Control",963,4,177,0.0225988700564972,NA,NA,NA,29
"SMC027","GCC2-204","Inhibitory_neuron","GCC2",FALSE,"Control",304,0,41,0,NA,NA,NA,5
"SMC030","GCC2-204","Inhibitory_neuron","GCC2",FALSE,"Control",1937,2,1023,0.00195503421309873,NA,NA,NA,134
"SMC033","GCC2-204","Inhibitory_neuron","GCC2",FALSE,"Control",2436,0,84,0,NA,NA,NA,19
"SMC052","GCC2-204","Inhibitory_neuron","GCC2",FALSE,"Control",2673,1,90,0.0111111111111111,NA,NA,NA,17
"PO05","GCC2-207","Inhibitory_neuron","GCC2",FALSE,"AD",730,0,167,0,NA,NA,NA,31
"PO11","GCC2-207","Inhibitory_neuron","GCC2",FALSE,"AD",647,0,389,0,NA,NA,NA,39
"PO28","GCC2-207","Inhibitory_neuron","GCC2",FALSE,"AD",558,0,464,0,NA,NA,NA,31
"PO41","GCC2-207","Inhibitory_neuron","GCC2",FALSE,"AD",497,0,254,0,NA,NA,NA,43
"PO42","GCC2-207","Inhibitory_neuron","GCC2",FALSE,"AD",744,0,106,0,NA,NA,NA,31
"SMC029","GCC2-207","Inhibitory_neuron","GCC2",FALSE,"AD",152,0,97,0,NA,NA,NA,6
"SMC032","GCC2-207","Inhibitory_neuron","GCC2",FALSE,"AD",1382,0,752,0,NA,NA,NA,56
"SMC036","GCC2-207","Inhibitory_neuron","GCC2",FALSE,"AD",135,0,313,0,NA,NA,NA,9
"SMC038","GCC2-207","Inhibitory_neuron","GCC2",FALSE,"AD",1549,0,247,0,NA,NA,NA,19
"SMC039","GCC2-207","Inhibitory_neuron","GCC2",FALSE,"AD",404,0,30,0,NA,NA,NA,2
"SMC041","GCC2-207","Inhibitory_neuron","GCC2",FALSE,"AD",1416,0,128,0,NA,NA,NA,23
"SMC043","GCC2-207","Inhibitory_neuron","GCC2",FALSE,"AD",141,0,25,0,NA,NA,NA,4
"SMC049","GCC2-207","Inhibitory_neuron","GCC2",FALSE,"AD",1705,0,74,0,NA,NA,NA,15
"PO13","GCC2-207","Inhibitory_neuron","GCC2",FALSE,"Control",190,0,247,0,NA,NA,NA,25
"PO15","GCC2-207","Inhibitory_neuron","GCC2",FALSE,"Control",443,0,137,0,NA,NA,NA,32
"PO20","GCC2-207","Inhibitory_neuron","GCC2",FALSE,"Control",284,0,112,0,NA,NA,NA,14
"PO23","GCC2-207","Inhibitory_neuron","GCC2",FALSE,"Control",963,0,177,0,NA,NA,NA,29
"SMC027","GCC2-207","Inhibitory_neuron","GCC2",FALSE,"Control",304,0,41,0,NA,NA,NA,5
"SMC030","GCC2-207","Inhibitory_neuron","GCC2",FALSE,"Control",1937,9,1023,0.00879765395894428,NA,NA,NA,134
"SMC033","GCC2-207","Inhibitory_neuron","GCC2",FALSE,"Control",2436,0,84,0,NA,NA,NA,19
"SMC052","GCC2-207","Inhibitory_neuron","GCC2",FALSE,"Control",2673,0,90,0,NA,NA,NA,17
"PO05","GCC2-210","Inhibitory_neuron","GCC2",FALSE,"AD",730,0,167,0,NA,NA,NA,31
"PO11","GCC2-210","Inhibitory_neuron","GCC2",FALSE,"AD",647,0,389,0,NA,NA,NA,39
"PO28","GCC2-210","Inhibitory_neuron","GCC2",FALSE,"AD",558,0,464,0,NA,NA,NA,31
"PO41","GCC2-210","Inhibitory_neuron","GCC2",FALSE,"AD",497,0,254,0,NA,NA,NA,43
"PO42","GCC2-210","Inhibitory_neuron","GCC2",FALSE,"AD",744,0,106,0,NA,NA,NA,31
"SMC029","GCC2-210","Inhibitory_neuron","GCC2",FALSE,"AD",152,0,97,0,NA,NA,NA,6
"SMC032","GCC2-210","Inhibitory_neuron","GCC2",FALSE,"AD",1382,0,752,0,NA,NA,NA,56
"SMC036","GCC2-210","Inhibitory_neuron","GCC2",FALSE,"AD",135,0,313,0,NA,NA,NA,9
"SMC038","GCC2-210","Inhibitory_neuron","GCC2",FALSE,"AD",1549,0,247,0,NA,NA,NA,19
"SMC039","GCC2-210","Inhibitory_neuron","GCC2",FALSE,"AD",404,0,30,0,NA,NA,NA,2
"SMC041","GCC2-210","Inhibitory_neuron","GCC2",FALSE,"AD",1416,0,128,0,NA,NA,NA,23
"SMC043","GCC2-210","Inhibitory_neuron","GCC2",FALSE,"AD",141,0,25,0,NA,NA,NA,4
"SMC049","GCC2-210","Inhibitory_neuron","GCC2",FALSE,"AD",1705,0,74,0,NA,NA,NA,15
"PO13","GCC2-210","Inhibitory_neuron","GCC2",FALSE,"Control",190,0,247,0,NA,NA,NA,25
"PO15","GCC2-210","Inhibitory_neuron","GCC2",FALSE,"Control",443,0,137,0,NA,NA,NA,32
"PO20","GCC2-210","Inhibitory_neuron","GCC2",FALSE,"Control",284,0,112,0,NA,NA,NA,14
"PO23","GCC2-210","Inhibitory_neuron","GCC2",FALSE,"Control",963,0,177,0,NA,NA,NA,29
"SMC027","GCC2-210","Inhibitory_neuron","GCC2",FALSE,"Control",304,0,41,0,NA,NA,NA,5
"SMC030","GCC2-210","Inhibitory_neuron","GCC2",FALSE,"Control",1937,1,1023,0.000977517106549365,NA,NA,NA,134
"SMC033","GCC2-210","Inhibitory_neuron","GCC2",FALSE,"Control",2436,0,84,0,NA,NA,NA,19
"SMC052","GCC2-210","Inhibitory_neuron","GCC2",FALSE,"Control",2673,0,90,0,NA,NA,NA,17
"PO05","GCC2-211","Inhibitory_neuron","GCC2",FALSE,"AD",730,6,167,0.0359281437125748,NA,NA,NA,31
"PO11","GCC2-211","Inhibitory_neuron","GCC2",FALSE,"AD",647,0,389,0,NA,NA,NA,39
"PO28","GCC2-211","Inhibitory_neuron","GCC2",FALSE,"AD",558,44,464,0.0948275862068965,NA,NA,NA,31
"PO41","GCC2-211","Inhibitory_neuron","GCC2",FALSE,"AD",497,0,254,0,NA,NA,NA,43
"PO42","GCC2-211","Inhibitory_neuron","GCC2",FALSE,"AD",744,1,106,0.00943396226415094,NA,NA,NA,31
"SMC029","GCC2-211","Inhibitory_neuron","GCC2",FALSE,"AD",152,0,97,0,NA,NA,NA,6
"SMC032","GCC2-211","Inhibitory_neuron","GCC2",FALSE,"AD",1382,0,752,0,NA,NA,NA,56
"SMC036","GCC2-211","Inhibitory_neuron","GCC2",FALSE,"AD",135,0,313,0,NA,NA,NA,9
"SMC038","GCC2-211","Inhibitory_neuron","GCC2",FALSE,"AD",1549,0,247,0,NA,NA,NA,19
"SMC039","GCC2-211","Inhibitory_neuron","GCC2",FALSE,"AD",404,0,30,0,NA,NA,NA,2
"SMC041","GCC2-211","Inhibitory_neuron","GCC2",FALSE,"AD",1416,0,128,0,NA,NA,NA,23
"SMC043","GCC2-211","Inhibitory_neuron","GCC2",FALSE,"AD",141,0,25,0,NA,NA,NA,4
"SMC049","GCC2-211","Inhibitory_neuron","GCC2",FALSE,"AD",1705,0,74,0,NA,NA,NA,15
"PO13","GCC2-211","Inhibitory_neuron","GCC2",FALSE,"Control",190,33,247,0.133603238866397,NA,NA,NA,25
"PO15","GCC2-211","Inhibitory_neuron","GCC2",FALSE,"Control",443,0,137,0,NA,NA,NA,32
"PO20","GCC2-211","Inhibitory_neuron","GCC2",FALSE,"Control",284,0,112,0,NA,NA,NA,14
"PO23","GCC2-211","Inhibitory_neuron","GCC2",FALSE,"Control",963,9,177,0.0508474576271186,NA,NA,NA,29
"SMC027","GCC2-211","Inhibitory_neuron","GCC2",FALSE,"Control",304,0,41,0,NA,NA,NA,5
"SMC030","GCC2-211","Inhibitory_neuron","GCC2",FALSE,"Control",1937,63,1023,0.06158357771261,NA,NA,NA,134
"SMC033","GCC2-211","Inhibitory_neuron","GCC2",FALSE,"Control",2436,0,84,0,NA,NA,NA,19
"SMC052","GCC2-211","Inhibitory_neuron","GCC2",FALSE,"Control",2673,0,90,0,NA,NA,NA,17
"PO05","GCC2-213","Inhibitory_neuron","GCC2",FALSE,"AD",730,2,167,0.0119760479041916,NA,NA,NA,31
"PO11","GCC2-213","Inhibitory_neuron","GCC2",FALSE,"AD",647,0,389,0,NA,NA,NA,39
"PO28","GCC2-213","Inhibitory_neuron","GCC2",FALSE,"AD",558,0,464,0,NA,NA,NA,31
"PO41","GCC2-213","Inhibitory_neuron","GCC2",FALSE,"AD",497,0,254,0,NA,NA,NA,43
"PO42","GCC2-213","Inhibitory_neuron","GCC2",FALSE,"AD",744,0,106,0,NA,NA,NA,31
"SMC029","GCC2-213","Inhibitory_neuron","GCC2",FALSE,"AD",152,0,97,0,NA,NA,NA,6
"SMC032","GCC2-213","Inhibitory_neuron","GCC2",FALSE,"AD",1382,0,752,0,NA,NA,NA,56
"SMC036","GCC2-213","Inhibitory_neuron","GCC2",FALSE,"AD",135,0,313,0,NA,NA,NA,9
"SMC038","GCC2-213","Inhibitory_neuron","GCC2",FALSE,"AD",1549,0,247,0,NA,NA,NA,19
"SMC039","GCC2-213","Inhibitory_neuron","GCC2",FALSE,"AD",404,0,30,0,NA,NA,NA,2
"SMC041","GCC2-213","Inhibitory_neuron","GCC2",FALSE,"AD",1416,0,128,0,NA,NA,NA,23
"SMC043","GCC2-213","Inhibitory_neuron","GCC2",FALSE,"AD",141,0,25,0,NA,NA,NA,4
"SMC049","GCC2-213","Inhibitory_neuron","GCC2",FALSE,"AD",1705,0,74,0,NA,NA,NA,15
"PO13","GCC2-213","Inhibitory_neuron","GCC2",FALSE,"Control",190,0,247,0,NA,NA,NA,25
"PO15","GCC2-213","Inhibitory_neuron","GCC2",FALSE,"Control",443,0,137,0,NA,NA,NA,32
"PO20","GCC2-213","Inhibitory_neuron","GCC2",FALSE,"Control",284,0,112,0,NA,NA,NA,14
"PO23","GCC2-213","Inhibitory_neuron","GCC2",FALSE,"Control",963,0,177,0,NA,NA,NA,29
"SMC027","GCC2-213","Inhibitory_neuron","GCC2",FALSE,"Control",304,0,41,0,NA,NA,NA,5
"SMC030","GCC2-213","Inhibitory_neuron","GCC2",FALSE,"Control",1937,0,1023,0,NA,NA,NA,134
"SMC033","GCC2-213","Inhibitory_neuron","GCC2",FALSE,"Control",2436,0,84,0,NA,NA,NA,19
"SMC052","GCC2-213","Inhibitory_neuron","GCC2",FALSE,"Control",2673,0,90,0,NA,NA,NA,17
"PO05","GCC2-214","Inhibitory_neuron","GCC2",FALSE,"AD",730,0,167,0,NA,NA,NA,31
"PO11","GCC2-214","Inhibitory_neuron","GCC2",FALSE,"AD",647,0,389,0,NA,NA,NA,39
"PO28","GCC2-214","Inhibitory_neuron","GCC2",FALSE,"AD",558,0,464,0,NA,NA,NA,31
"PO41","GCC2-214","Inhibitory_neuron","GCC2",FALSE,"AD",497,1,254,0.00393700787401575,NA,NA,NA,43
"PO42","GCC2-214","Inhibitory_neuron","GCC2",FALSE,"AD",744,0,106,0,NA,NA,NA,31
"SMC029","GCC2-214","Inhibitory_neuron","GCC2",FALSE,"AD",152,0,97,0,NA,NA,NA,6
"SMC032","GCC2-214","Inhibitory_neuron","GCC2",FALSE,"AD",1382,0,752,0,NA,NA,NA,56
"SMC036","GCC2-214","Inhibitory_neuron","GCC2",FALSE,"AD",135,0,313,0,NA,NA,NA,9
"SMC038","GCC2-214","Inhibitory_neuron","GCC2",FALSE,"AD",1549,1,247,0.00404858299595142,NA,NA,NA,19
"SMC039","GCC2-214","Inhibitory_neuron","GCC2",FALSE,"AD",404,0,30,0,NA,NA,NA,2
"SMC041","GCC2-214","Inhibitory_neuron","GCC2",FALSE,"AD",1416,0,128,0,NA,NA,NA,23
"SMC043","GCC2-214","Inhibitory_neuron","GCC2",FALSE,"AD",141,0,25,0,NA,NA,NA,4
"SMC049","GCC2-214","Inhibitory_neuron","GCC2",FALSE,"AD",1705,0,74,0,NA,NA,NA,15
"PO13","GCC2-214","Inhibitory_neuron","GCC2",FALSE,"Control",190,0,247,0,NA,NA,NA,25
"PO15","GCC2-214","Inhibitory_neuron","GCC2",FALSE,"Control",443,1,137,0.0072992700729927,NA,NA,NA,32
"PO20","GCC2-214","Inhibitory_neuron","GCC2",FALSE,"Control",284,0,112,0,NA,NA,NA,14
"PO23","GCC2-214","Inhibitory_neuron","GCC2",FALSE,"Control",963,0,177,0,NA,NA,NA,29
"SMC027","GCC2-214","Inhibitory_neuron","GCC2",FALSE,"Control",304,0,41,0,NA,NA,NA,5
"SMC030","GCC2-214","Inhibitory_neuron","GCC2",FALSE,"Control",1937,0,1023,0,NA,NA,NA,134
"SMC033","GCC2-214","Inhibitory_neuron","GCC2",FALSE,"Control",2436,0,84,0,NA,NA,NA,19
"SMC052","GCC2-214","Inhibitory_neuron","GCC2",FALSE,"Control",2673,1,90,0.0111111111111111,NA,NA,NA,17
"PO05","GCC2-215","Inhibitory_neuron","GCC2",FALSE,"AD",730,1,167,0.00598802395209581,NA,NA,NA,31
"PO11","GCC2-215","Inhibitory_neuron","GCC2",FALSE,"AD",647,51,389,0.131105398457584,NA,NA,NA,39
"PO28","GCC2-215","Inhibitory_neuron","GCC2",FALSE,"AD",558,35,464,0.0754310344827586,NA,NA,NA,31
"PO41","GCC2-215","Inhibitory_neuron","GCC2",FALSE,"AD",497,10,254,0.0393700787401575,NA,NA,NA,43
"PO42","GCC2-215","Inhibitory_neuron","GCC2",FALSE,"AD",744,1,106,0.00943396226415094,NA,NA,NA,31
"SMC029","GCC2-215","Inhibitory_neuron","GCC2",FALSE,"AD",152,0,97,0,NA,NA,NA,6
"SMC032","GCC2-215","Inhibitory_neuron","GCC2",FALSE,"AD",1382,6,752,0.00797872340425532,NA,NA,NA,56
"SMC036","GCC2-215","Inhibitory_neuron","GCC2",FALSE,"AD",135,0,313,0,NA,NA,NA,9
"SMC038","GCC2-215","Inhibitory_neuron","GCC2",FALSE,"AD",1549,0,247,0,NA,NA,NA,19
"SMC039","GCC2-215","Inhibitory_neuron","GCC2",FALSE,"AD",404,0,30,0,NA,NA,NA,2
"SMC041","GCC2-215","Inhibitory_neuron","GCC2",FALSE,"AD",1416,2,128,0.015625,NA,NA,NA,23
"SMC043","GCC2-215","Inhibitory_neuron","GCC2",FALSE,"AD",141,0,25,0,NA,NA,NA,4
"SMC049","GCC2-215","Inhibitory_neuron","GCC2",FALSE,"AD",1705,2,74,0.027027027027027,NA,NA,NA,15
"PO13","GCC2-215","Inhibitory_neuron","GCC2",FALSE,"Control",190,0,247,0,NA,NA,NA,25
"PO15","GCC2-215","Inhibitory_neuron","GCC2",FALSE,"Control",443,2,137,0.0145985401459854,NA,NA,NA,32
"PO20","GCC2-215","Inhibitory_neuron","GCC2",FALSE,"Control",284,0,112,0,NA,NA,NA,14
"PO23","GCC2-215","Inhibitory_neuron","GCC2",FALSE,"Control",963,1,177,0.00564971751412429,NA,NA,NA,29
"SMC027","GCC2-215","Inhibitory_neuron","GCC2",FALSE,"Control",304,0,41,0,NA,NA,NA,5
"SMC030","GCC2-215","Inhibitory_neuron","GCC2",FALSE,"Control",1937,157,1023,0.15347018572825,NA,NA,NA,134
"SMC033","GCC2-215","Inhibitory_neuron","GCC2",FALSE,"Control",2436,0,84,0,NA,NA,NA,19
"SMC052","GCC2-215","Inhibitory_neuron","GCC2",FALSE,"Control",2673,0,90,0,NA,NA,NA,17
"PO05","GCC2-216","Inhibitory_neuron","GCC2",FALSE,"AD",730,0,167,0,NA,NA,NA,31
"PO11","GCC2-216","Inhibitory_neuron","GCC2",FALSE,"AD",647,0,389,0,NA,NA,NA,39
"PO28","GCC2-216","Inhibitory_neuron","GCC2",FALSE,"AD",558,0,464,0,NA,NA,NA,31
"PO41","GCC2-216","Inhibitory_neuron","GCC2",FALSE,"AD",497,0,254,0,NA,NA,NA,43
"PO42","GCC2-216","Inhibitory_neuron","GCC2",FALSE,"AD",744,7,106,0.0660377358490566,NA,NA,NA,31
"SMC029","GCC2-216","Inhibitory_neuron","GCC2",FALSE,"AD",152,0,97,0,NA,NA,NA,6
"SMC032","GCC2-216","Inhibitory_neuron","GCC2",FALSE,"AD",1382,2,752,0.00265957446808511,NA,NA,NA,56
"SMC036","GCC2-216","Inhibitory_neuron","GCC2",FALSE,"AD",135,0,313,0,NA,NA,NA,9
"SMC038","GCC2-216","Inhibitory_neuron","GCC2",FALSE,"AD",1549,1,247,0.00404858299595142,NA,NA,NA,19
"SMC039","GCC2-216","Inhibitory_neuron","GCC2",FALSE,"AD",404,1,30,0.0333333333333333,NA,NA,NA,2
"SMC041","GCC2-216","Inhibitory_neuron","GCC2",FALSE,"AD",1416,1,128,0.0078125,NA,NA,NA,23
"SMC043","GCC2-216","Inhibitory_neuron","GCC2",FALSE,"AD",141,0,25,0,NA,NA,NA,4
"SMC049","GCC2-216","Inhibitory_neuron","GCC2",FALSE,"AD",1705,0,74,0,NA,NA,NA,15
"PO13","GCC2-216","Inhibitory_neuron","GCC2",FALSE,"Control",190,0,247,0,NA,NA,NA,25
"PO15","GCC2-216","Inhibitory_neuron","GCC2",FALSE,"Control",443,5,137,0.0364963503649635,NA,NA,NA,32
"PO20","GCC2-216","Inhibitory_neuron","GCC2",FALSE,"Control",284,0,112,0,NA,NA,NA,14
"PO23","GCC2-216","Inhibitory_neuron","GCC2",FALSE,"Control",963,0,177,0,NA,NA,NA,29
"SMC027","GCC2-216","Inhibitory_neuron","GCC2",FALSE,"Control",304,0,41,0,NA,NA,NA,5
"SMC030","GCC2-216","Inhibitory_neuron","GCC2",FALSE,"Control",1937,2,1023,0.00195503421309873,NA,NA,NA,134
"SMC033","GCC2-216","Inhibitory_neuron","GCC2",FALSE,"Control",2436,0,84,0,NA,NA,NA,19
"SMC052","GCC2-216","Inhibitory_neuron","GCC2",FALSE,"Control",2673,0,90,0,NA,NA,NA,17
"PO05","GCC2-217","Inhibitory_neuron","GCC2",FALSE,"AD",730,0,167,0,NA,NA,NA,31
"PO11","GCC2-217","Inhibitory_neuron","GCC2",FALSE,"AD",647,36,389,0.0925449871465296,NA,NA,NA,39
"PO28","GCC2-217","Inhibitory_neuron","GCC2",FALSE,"AD",558,0,464,0,NA,NA,NA,31
"PO41","GCC2-217","Inhibitory_neuron","GCC2",FALSE,"AD",497,11,254,0.0433070866141732,NA,NA,NA,43
"PO42","GCC2-217","Inhibitory_neuron","GCC2",FALSE,"AD",744,6,106,0.0566037735849057,NA,NA,NA,31
"SMC029","GCC2-217","Inhibitory_neuron","GCC2",FALSE,"AD",152,0,97,0,NA,NA,NA,6
"SMC032","GCC2-217","Inhibitory_neuron","GCC2",FALSE,"AD",1382,0,752,0,NA,NA,NA,56
"SMC036","GCC2-217","Inhibitory_neuron","GCC2",FALSE,"AD",135,0,313,0,NA,NA,NA,9
"SMC038","GCC2-217","Inhibitory_neuron","GCC2",FALSE,"AD",1549,1,247,0.00404858299595142,NA,NA,NA,19
"SMC039","GCC2-217","Inhibitory_neuron","GCC2",FALSE,"AD",404,0,30,0,NA,NA,NA,2
"SMC041","GCC2-217","Inhibitory_neuron","GCC2",FALSE,"AD",1416,4,128,0.03125,NA,NA,NA,23
"SMC043","GCC2-217","Inhibitory_neuron","GCC2",FALSE,"AD",141,0,25,0,NA,NA,NA,4
"SMC049","GCC2-217","Inhibitory_neuron","GCC2",FALSE,"AD",1705,0,74,0,NA,NA,NA,15
"PO13","GCC2-217","Inhibitory_neuron","GCC2",FALSE,"Control",190,1,247,0.00404858299595142,NA,NA,NA,25
"PO15","GCC2-217","Inhibitory_neuron","GCC2",FALSE,"Control",443,0,137,0,NA,NA,NA,32
"PO20","GCC2-217","Inhibitory_neuron","GCC2",FALSE,"Control",284,1,112,0.00892857142857143,NA,NA,NA,14
"PO23","GCC2-217","Inhibitory_neuron","GCC2",FALSE,"Control",963,1,177,0.00564971751412429,NA,NA,NA,29
"SMC027","GCC2-217","Inhibitory_neuron","GCC2",FALSE,"Control",304,0,41,0,NA,NA,NA,5
"SMC030","GCC2-217","Inhibitory_neuron","GCC2",FALSE,"Control",1937,0,1023,0,NA,NA,NA,134
"SMC033","GCC2-217","Inhibitory_neuron","GCC2",FALSE,"Control",2436,0,84,0,NA,NA,NA,19
"SMC052","GCC2-217","Inhibitory_neuron","GCC2",FALSE,"Control",2673,0,90,0,NA,NA,NA,17
"PO05","GCC2-218","Inhibitory_neuron","GCC2",FALSE,"AD",730,82,167,0.491017964071856,NA,NA,NA,31
"PO11","GCC2-218","Inhibitory_neuron","GCC2",FALSE,"AD",647,274,389,0.704370179948586,NA,NA,NA,39
"PO28","GCC2-218","Inhibitory_neuron","GCC2",FALSE,"AD",558,338,464,0.728448275862069,NA,NA,NA,31
"PO41","GCC2-218","Inhibitory_neuron","GCC2",FALSE,"AD",497,55,254,0.216535433070866,NA,NA,NA,43
"PO42","GCC2-218","Inhibitory_neuron","GCC2",FALSE,"AD",744,22,106,0.207547169811321,NA,NA,NA,31
"SMC029","GCC2-218","Inhibitory_neuron","GCC2",FALSE,"AD",152,93,97,0.958762886597938,NA,NA,NA,6
"SMC032","GCC2-218","Inhibitory_neuron","GCC2",FALSE,"AD",1382,609,752,0.809840425531915,NA,NA,NA,56
"SMC036","GCC2-218","Inhibitory_neuron","GCC2",FALSE,"AD",135,307,313,0.980830670926518,NA,NA,NA,9
"SMC038","GCC2-218","Inhibitory_neuron","GCC2",FALSE,"AD",1549,224,247,0.906882591093117,NA,NA,NA,19
"SMC039","GCC2-218","Inhibitory_neuron","GCC2",FALSE,"AD",404,0,30,0,NA,NA,NA,2
"SMC041","GCC2-218","Inhibitory_neuron","GCC2",FALSE,"AD",1416,3,128,0.0234375,NA,NA,NA,23
"SMC043","GCC2-218","Inhibitory_neuron","GCC2",FALSE,"AD",141,0,25,0,NA,NA,NA,4
"SMC049","GCC2-218","Inhibitory_neuron","GCC2",FALSE,"AD",1705,37,74,0.5,NA,NA,NA,15
"PO13","GCC2-218","Inhibitory_neuron","GCC2",FALSE,"Control",190,56,247,0.226720647773279,NA,NA,NA,25
"PO15","GCC2-218","Inhibitory_neuron","GCC2",FALSE,"Control",443,48,137,0.35036496350365,NA,NA,NA,32
"PO20","GCC2-218","Inhibitory_neuron","GCC2",FALSE,"Control",284,26,112,0.232142857142857,NA,NA,NA,14
"PO23","GCC2-218","Inhibitory_neuron","GCC2",FALSE,"Control",963,24,177,0.135593220338983,NA,NA,NA,29
"SMC027","GCC2-218","Inhibitory_neuron","GCC2",FALSE,"Control",304,0,41,0,NA,NA,NA,5
"SMC030","GCC2-218","Inhibitory_neuron","GCC2",FALSE,"Control",1937,481,1023,0.470185728250244,NA,NA,NA,134
"SMC033","GCC2-218","Inhibitory_neuron","GCC2",FALSE,"Control",2436,13,84,0.154761904761905,NA,NA,NA,19
"SMC052","GCC2-218","Inhibitory_neuron","GCC2",FALSE,"Control",2673,2,90,0.0222222222222222,NA,NA,NA,17
"PO05","GCC2-219","Inhibitory_neuron","GCC2",FALSE,"AD",730,0,167,0,NA,NA,NA,31
"PO11","GCC2-219","Inhibitory_neuron","GCC2",FALSE,"AD",647,0,389,0,NA,NA,NA,39
"PO28","GCC2-219","Inhibitory_neuron","GCC2",FALSE,"AD",558,0,464,0,NA,NA,NA,31
"PO41","GCC2-219","Inhibitory_neuron","GCC2",FALSE,"AD",497,5,254,0.0196850393700787,NA,NA,NA,43
"PO42","GCC2-219","Inhibitory_neuron","GCC2",FALSE,"AD",744,0,106,0,NA,NA,NA,31
"SMC029","GCC2-219","Inhibitory_neuron","GCC2",FALSE,"AD",152,0,97,0,NA,NA,NA,6
"SMC032","GCC2-219","Inhibitory_neuron","GCC2",FALSE,"AD",1382,2,752,0.00265957446808511,NA,NA,NA,56
"SMC036","GCC2-219","Inhibitory_neuron","GCC2",FALSE,"AD",135,0,313,0,NA,NA,NA,9
"SMC038","GCC2-219","Inhibitory_neuron","GCC2",FALSE,"AD",1549,0,247,0,NA,NA,NA,19
"SMC039","GCC2-219","Inhibitory_neuron","GCC2",FALSE,"AD",404,0,30,0,NA,NA,NA,2
"SMC041","GCC2-219","Inhibitory_neuron","GCC2",FALSE,"AD",1416,0,128,0,NA,NA,NA,23
"SMC043","GCC2-219","Inhibitory_neuron","GCC2",FALSE,"AD",141,0,25,0,NA,NA,NA,4
"SMC049","GCC2-219","Inhibitory_neuron","GCC2",FALSE,"AD",1705,0,74,0,NA,NA,NA,15
"PO13","GCC2-219","Inhibitory_neuron","GCC2",FALSE,"Control",190,0,247,0,NA,NA,NA,25
"PO15","GCC2-219","Inhibitory_neuron","GCC2",FALSE,"Control",443,0,137,0,NA,NA,NA,32
"PO20","GCC2-219","Inhibitory_neuron","GCC2",FALSE,"Control",284,0,112,0,NA,NA,NA,14
"PO23","GCC2-219","Inhibitory_neuron","GCC2",FALSE,"Control",963,0,177,0,NA,NA,NA,29
"SMC027","GCC2-219","Inhibitory_neuron","GCC2",FALSE,"Control",304,0,41,0,NA,NA,NA,5
"SMC030","GCC2-219","Inhibitory_neuron","GCC2",FALSE,"Control",1937,0,1023,0,NA,NA,NA,134
"SMC033","GCC2-219","Inhibitory_neuron","GCC2",FALSE,"Control",2436,0,84,0,NA,NA,NA,19
"SMC052","GCC2-219","Inhibitory_neuron","GCC2",FALSE,"Control",2673,0,90,0,NA,NA,NA,17
"PO05","GCC2-220","Inhibitory_neuron","GCC2",FALSE,"AD",730,0,167,0,NA,NA,NA,31
"PO11","GCC2-220","Inhibitory_neuron","GCC2",FALSE,"AD",647,0,389,0,NA,NA,NA,39
"PO28","GCC2-220","Inhibitory_neuron","GCC2",FALSE,"AD",558,0,464,0,NA,NA,NA,31
"PO41","GCC2-220","Inhibitory_neuron","GCC2",FALSE,"AD",497,0,254,0,NA,NA,NA,43
"PO42","GCC2-220","Inhibitory_neuron","GCC2",FALSE,"AD",744,0,106,0,NA,NA,NA,31
"SMC029","GCC2-220","Inhibitory_neuron","GCC2",FALSE,"AD",152,0,97,0,NA,NA,NA,6
"SMC032","GCC2-220","Inhibitory_neuron","GCC2",FALSE,"AD",1382,0,752,0,NA,NA,NA,56
"SMC036","GCC2-220","Inhibitory_neuron","GCC2",FALSE,"AD",135,0,313,0,NA,NA,NA,9
"SMC038","GCC2-220","Inhibitory_neuron","GCC2",FALSE,"AD",1549,0,247,0,NA,NA,NA,19
"SMC039","GCC2-220","Inhibitory_neuron","GCC2",FALSE,"AD",404,0,30,0,NA,NA,NA,2
"SMC041","GCC2-220","Inhibitory_neuron","GCC2",FALSE,"AD",1416,0,128,0,NA,NA,NA,23
"SMC043","GCC2-220","Inhibitory_neuron","GCC2",FALSE,"AD",141,0,25,0,NA,NA,NA,4
"SMC049","GCC2-220","Inhibitory_neuron","GCC2",FALSE,"AD",1705,0,74,0,NA,NA,NA,15
"PO13","GCC2-220","Inhibitory_neuron","GCC2",FALSE,"Control",190,0,247,0,NA,NA,NA,25
"PO15","GCC2-220","Inhibitory_neuron","GCC2",FALSE,"Control",443,0,137,0,NA,NA,NA,32
"PO20","GCC2-220","Inhibitory_neuron","GCC2",FALSE,"Control",284,0,112,0,NA,NA,NA,14
"PO23","GCC2-220","Inhibitory_neuron","GCC2",FALSE,"Control",963,0,177,0,NA,NA,NA,29
"SMC027","GCC2-220","Inhibitory_neuron","GCC2",FALSE,"Control",304,0,41,0,NA,NA,NA,5
"SMC030","GCC2-220","Inhibitory_neuron","GCC2",FALSE,"Control",1937,1,1023,0.000977517106549365,NA,NA,NA,134
"SMC033","GCC2-220","Inhibitory_neuron","GCC2",FALSE,"Control",2436,3,84,0.0357142857142857,NA,NA,NA,19
"SMC052","GCC2-220","Inhibitory_neuron","GCC2",FALSE,"Control",2673,0,90,0,NA,NA,NA,17
"PO05","GCC2-221","Inhibitory_neuron","GCC2",FALSE,"AD",730,0,167,0,NA,NA,NA,31
"PO11","GCC2-221","Inhibitory_neuron","GCC2",FALSE,"AD",647,0,389,0,NA,NA,NA,39
"PO28","GCC2-221","Inhibitory_neuron","GCC2",FALSE,"AD",558,0,464,0,NA,NA,NA,31
"PO41","GCC2-221","Inhibitory_neuron","GCC2",FALSE,"AD",497,0,254,0,NA,NA,NA,43
"PO42","GCC2-221","Inhibitory_neuron","GCC2",FALSE,"AD",744,0,106,0,NA,NA,NA,31
"SMC029","GCC2-221","Inhibitory_neuron","GCC2",FALSE,"AD",152,1,97,0.0103092783505155,NA,NA,NA,6
"SMC032","GCC2-221","Inhibitory_neuron","GCC2",FALSE,"AD",1382,0,752,0,NA,NA,NA,56
"SMC036","GCC2-221","Inhibitory_neuron","GCC2",FALSE,"AD",135,0,313,0,NA,NA,NA,9
"SMC038","GCC2-221","Inhibitory_neuron","GCC2",FALSE,"AD",1549,0,247,0,NA,NA,NA,19
"SMC039","GCC2-221","Inhibitory_neuron","GCC2",FALSE,"AD",404,0,30,0,NA,NA,NA,2
"SMC041","GCC2-221","Inhibitory_neuron","GCC2",FALSE,"AD",1416,0,128,0,NA,NA,NA,23
"SMC043","GCC2-221","Inhibitory_neuron","GCC2",FALSE,"AD",141,0,25,0,NA,NA,NA,4
"SMC049","GCC2-221","Inhibitory_neuron","GCC2",FALSE,"AD",1705,0,74,0,NA,NA,NA,15
"PO13","GCC2-221","Inhibitory_neuron","GCC2",FALSE,"Control",190,0,247,0,NA,NA,NA,25
"PO15","GCC2-221","Inhibitory_neuron","GCC2",FALSE,"Control",443,0,137,0,NA,NA,NA,32
"PO20","GCC2-221","Inhibitory_neuron","GCC2",FALSE,"Control",284,0,112,0,NA,NA,NA,14
"PO23","GCC2-221","Inhibitory_neuron","GCC2",FALSE,"Control",963,0,177,0,NA,NA,NA,29
"SMC027","GCC2-221","Inhibitory_neuron","GCC2",FALSE,"Control",304,0,41,0,NA,NA,NA,5
"SMC030","GCC2-221","Inhibitory_neuron","GCC2",FALSE,"Control",1937,0,1023,0,NA,NA,NA,134
"SMC033","GCC2-221","Inhibitory_neuron","GCC2",FALSE,"Control",2436,0,84,0,NA,NA,NA,19
"SMC052","GCC2-221","Inhibitory_neuron","GCC2",FALSE,"Control",2673,0,90,0,NA,NA,NA,17
"PO05","GCC2-222","Inhibitory_neuron","GCC2",TRUE,"AD",730,11,167,0.0658682634730539,0.0488408333558577,0.0342928664428409,-0.062423459950661,31
"PO11","GCC2-222","Inhibitory_neuron","GCC2",TRUE,"AD",647,3,389,0.0077120822622108,0.0488408333558577,0.0342928664428409,-0.062423459950661,39
"PO28","GCC2-222","Inhibitory_neuron","GCC2",TRUE,"AD",558,3,464,0.00646551724137931,0.0488408333558577,0.0342928664428409,-0.062423459950661,31
"PO41","GCC2-222","Inhibitory_neuron","GCC2",TRUE,"AD",497,5,254,0.0196850393700787,0.0488408333558577,0.0342928664428409,-0.062423459950661,43
"PO42","GCC2-222","Inhibitory_neuron","GCC2",TRUE,"AD",744,1,106,0.00943396226415094,0.0488408333558577,0.0342928664428409,-0.062423459950661,31
"SMC029","GCC2-222","Inhibitory_neuron","GCC2",TRUE,"AD",152,0,97,0,0.0488408333558577,0.0342928664428409,-0.062423459950661,6
"SMC032","GCC2-222","Inhibitory_neuron","GCC2",TRUE,"AD",1382,31,752,0.0412234042553191,0.0488408333558577,0.0342928664428409,-0.062423459950661,56
"SMC036","GCC2-222","Inhibitory_neuron","GCC2",TRUE,"AD",135,3,313,0.00958466453674121,0.0488408333558577,0.0342928664428409,-0.062423459950661,9
"SMC038","GCC2-222","Inhibitory_neuron","GCC2",TRUE,"AD",1549,2,247,0.00809716599190283,0.0488408333558577,0.0342928664428409,-0.062423459950661,19
"SMC039","GCC2-222","Inhibitory_neuron","GCC2",TRUE,"AD",404,0,30,0,0.0488408333558577,0.0342928664428409,-0.062423459950661,2
"SMC041","GCC2-222","Inhibitory_neuron","GCC2",TRUE,"AD",1416,5,128,0.0390625,0.0488408333558577,0.0342928664428409,-0.062423459950661,23
"SMC043","GCC2-222","Inhibitory_neuron","GCC2",TRUE,"AD",141,14,25,0.56,0.0488408333558577,0.0342928664428409,-0.062423459950661,4
"SMC049","GCC2-222","Inhibitory_neuron","GCC2",TRUE,"AD",1705,4,74,0.0540540540540541,0.0488408333558577,0.0342928664428409,-0.062423459950661,15
"PO13","GCC2-222","Inhibitory_neuron","GCC2",TRUE,"Control",190,64,247,0.259109311740891,0.0488408333558577,0.0342928664428409,-0.062423459950661,25
"PO15","GCC2-222","Inhibitory_neuron","GCC2",TRUE,"Control",443,17,137,0.124087591240876,0.0488408333558577,0.0342928664428409,-0.062423459950661,32
"PO20","GCC2-222","Inhibitory_neuron","GCC2",TRUE,"Control",284,35,112,0.3125,0.0488408333558577,0.0342928664428409,-0.062423459950661,14
"PO23","GCC2-222","Inhibitory_neuron","GCC2",TRUE,"Control",963,34,177,0.192090395480226,0.0488408333558577,0.0342928664428409,-0.062423459950661,29
"SMC027","GCC2-222","Inhibitory_neuron","GCC2",TRUE,"Control",304,2,41,0.0487804878048781,0.0488408333558577,0.0342928664428409,-0.062423459950661,5
"SMC030","GCC2-222","Inhibitory_neuron","GCC2",TRUE,"Control",1937,47,1023,0.0459433040078201,0.0488408333558577,0.0342928664428409,-0.062423459950661,134
"SMC033","GCC2-222","Inhibitory_neuron","GCC2",TRUE,"Control",2436,0,84,0,0.0488408333558577,0.0342928664428409,-0.062423459950661,19
"SMC052","GCC2-222","Inhibitory_neuron","GCC2",TRUE,"Control",2673,2,90,0.0222222222222222,0.0488408333558577,0.0342928664428409,-0.062423459950661,17
"PO05","GCC2-223","Inhibitory_neuron","GCC2",FALSE,"AD",730,63,167,0.377245508982036,NA,NA,NA,31
"PO11","GCC2-223","Inhibitory_neuron","GCC2",FALSE,"AD",647,21,389,0.0539845758354756,NA,NA,NA,39
"PO28","GCC2-223","Inhibitory_neuron","GCC2",FALSE,"AD",558,40,464,0.0862068965517241,NA,NA,NA,31
"PO41","GCC2-223","Inhibitory_neuron","GCC2",FALSE,"AD",497,87,254,0.34251968503937,NA,NA,NA,43
"PO42","GCC2-223","Inhibitory_neuron","GCC2",FALSE,"AD",744,66,106,0.622641509433962,NA,NA,NA,31
"SMC029","GCC2-223","Inhibitory_neuron","GCC2",FALSE,"AD",152,1,97,0.0103092783505155,NA,NA,NA,6
"SMC032","GCC2-223","Inhibitory_neuron","GCC2",FALSE,"AD",1382,95,752,0.126329787234043,NA,NA,NA,56
"SMC036","GCC2-223","Inhibitory_neuron","GCC2",FALSE,"AD",135,2,313,0.00638977635782748,NA,NA,NA,9
"SMC038","GCC2-223","Inhibitory_neuron","GCC2",FALSE,"AD",1549,13,247,0.0526315789473684,NA,NA,NA,19
"SMC039","GCC2-223","Inhibitory_neuron","GCC2",FALSE,"AD",404,29,30,0.966666666666667,NA,NA,NA,2
"SMC041","GCC2-223","Inhibitory_neuron","GCC2",FALSE,"AD",1416,109,128,0.8515625,NA,NA,NA,23
"SMC043","GCC2-223","Inhibitory_neuron","GCC2",FALSE,"AD",141,11,25,0.44,NA,NA,NA,4
"SMC049","GCC2-223","Inhibitory_neuron","GCC2",FALSE,"AD",1705,29,74,0.391891891891892,NA,NA,NA,15
"PO13","GCC2-223","Inhibitory_neuron","GCC2",FALSE,"Control",190,90,247,0.364372469635628,NA,NA,NA,25
"PO15","GCC2-223","Inhibitory_neuron","GCC2",FALSE,"Control",443,60,137,0.437956204379562,NA,NA,NA,32
"PO20","GCC2-223","Inhibitory_neuron","GCC2",FALSE,"Control",284,45,112,0.401785714285714,NA,NA,NA,14
"PO23","GCC2-223","Inhibitory_neuron","GCC2",FALSE,"Control",963,103,177,0.581920903954802,NA,NA,NA,29
"SMC027","GCC2-223","Inhibitory_neuron","GCC2",FALSE,"Control",304,39,41,0.951219512195122,NA,NA,NA,5
"SMC030","GCC2-223","Inhibitory_neuron","GCC2",FALSE,"Control",1937,240,1023,0.234604105571848,NA,NA,NA,134
"SMC033","GCC2-223","Inhibitory_neuron","GCC2",FALSE,"Control",2436,64,84,0.761904761904762,NA,NA,NA,19
"SMC052","GCC2-223","Inhibitory_neuron","GCC2",FALSE,"Control",2673,62,90,0.688888888888889,NA,NA,NA,17
"PO05","GCC2-224","Inhibitory_neuron","GCC2",FALSE,"AD",730,0,167,0,NA,NA,NA,31
"PO11","GCC2-224","Inhibitory_neuron","GCC2",FALSE,"AD",647,0,389,0,NA,NA,NA,39
"PO28","GCC2-224","Inhibitory_neuron","GCC2",FALSE,"AD",558,0,464,0,NA,NA,NA,31
"PO41","GCC2-224","Inhibitory_neuron","GCC2",FALSE,"AD",497,0,254,0,NA,NA,NA,43
"PO42","GCC2-224","Inhibitory_neuron","GCC2",FALSE,"AD",744,0,106,0,NA,NA,NA,31
"SMC029","GCC2-224","Inhibitory_neuron","GCC2",FALSE,"AD",152,0,97,0,NA,NA,NA,6
"SMC032","GCC2-224","Inhibitory_neuron","GCC2",FALSE,"AD",1382,0,752,0,NA,NA,NA,56
"SMC036","GCC2-224","Inhibitory_neuron","GCC2",FALSE,"AD",135,0,313,0,NA,NA,NA,9
"SMC038","GCC2-224","Inhibitory_neuron","GCC2",FALSE,"AD",1549,0,247,0,NA,NA,NA,19
"SMC039","GCC2-224","Inhibitory_neuron","GCC2",FALSE,"AD",404,0,30,0,NA,NA,NA,2
"SMC041","GCC2-224","Inhibitory_neuron","GCC2",FALSE,"AD",1416,1,128,0.0078125,NA,NA,NA,23
"SMC043","GCC2-224","Inhibitory_neuron","GCC2",FALSE,"AD",141,0,25,0,NA,NA,NA,4
"SMC049","GCC2-224","Inhibitory_neuron","GCC2",FALSE,"AD",1705,0,74,0,NA,NA,NA,15
"PO13","GCC2-224","Inhibitory_neuron","GCC2",FALSE,"Control",190,0,247,0,NA,NA,NA,25
"PO15","GCC2-224","Inhibitory_neuron","GCC2",FALSE,"Control",443,0,137,0,NA,NA,NA,32
"PO20","GCC2-224","Inhibitory_neuron","GCC2",FALSE,"Control",284,2,112,0.0178571428571429,NA,NA,NA,14
"PO23","GCC2-224","Inhibitory_neuron","GCC2",FALSE,"Control",963,0,177,0,NA,NA,NA,29
"SMC027","GCC2-224","Inhibitory_neuron","GCC2",FALSE,"Control",304,0,41,0,NA,NA,NA,5
"SMC030","GCC2-224","Inhibitory_neuron","GCC2",FALSE,"Control",1937,0,1023,0,NA,NA,NA,134
"SMC033","GCC2-224","Inhibitory_neuron","GCC2",FALSE,"Control",2436,0,84,0,NA,NA,NA,19
"SMC052","GCC2-224","Inhibitory_neuron","GCC2",FALSE,"Control",2673,0,90,0,NA,NA,NA,17
"PO05","GCC2-225","Inhibitory_neuron","GCC2",FALSE,"AD",730,0,167,0,NA,NA,NA,31
"PO11","GCC2-225","Inhibitory_neuron","GCC2",FALSE,"AD",647,1,389,0.0025706940874036,NA,NA,NA,39
"PO28","GCC2-225","Inhibitory_neuron","GCC2",FALSE,"AD",558,1,464,0.0021551724137931,NA,NA,NA,31
"PO41","GCC2-225","Inhibitory_neuron","GCC2",FALSE,"AD",497,4,254,0.015748031496063,NA,NA,NA,43
"PO42","GCC2-225","Inhibitory_neuron","GCC2",FALSE,"AD",744,0,106,0,NA,NA,NA,31
"SMC029","GCC2-225","Inhibitory_neuron","GCC2",FALSE,"AD",152,1,97,0.0103092783505155,NA,NA,NA,6
"SMC032","GCC2-225","Inhibitory_neuron","GCC2",FALSE,"AD",1382,5,752,0.00664893617021277,NA,NA,NA,56
"SMC036","GCC2-225","Inhibitory_neuron","GCC2",FALSE,"AD",135,0,313,0,NA,NA,NA,9
"SMC038","GCC2-225","Inhibitory_neuron","GCC2",FALSE,"AD",1549,4,247,0.0161943319838057,NA,NA,NA,19
"SMC039","GCC2-225","Inhibitory_neuron","GCC2",FALSE,"AD",404,0,30,0,NA,NA,NA,2
"SMC041","GCC2-225","Inhibitory_neuron","GCC2",FALSE,"AD",1416,2,128,0.015625,NA,NA,NA,23
"SMC043","GCC2-225","Inhibitory_neuron","GCC2",FALSE,"AD",141,0,25,0,NA,NA,NA,4
"SMC049","GCC2-225","Inhibitory_neuron","GCC2",FALSE,"AD",1705,2,74,0.027027027027027,NA,NA,NA,15
"PO13","GCC2-225","Inhibitory_neuron","GCC2",FALSE,"Control",190,2,247,0.00809716599190283,NA,NA,NA,25
"PO15","GCC2-225","Inhibitory_neuron","GCC2",FALSE,"Control",443,4,137,0.0291970802919708,NA,NA,NA,32
"PO20","GCC2-225","Inhibitory_neuron","GCC2",FALSE,"Control",284,1,112,0.00892857142857143,NA,NA,NA,14
"PO23","GCC2-225","Inhibitory_neuron","GCC2",FALSE,"Control",963,1,177,0.00564971751412429,NA,NA,NA,29
"SMC027","GCC2-225","Inhibitory_neuron","GCC2",FALSE,"Control",304,0,41,0,NA,NA,NA,5
"SMC030","GCC2-225","Inhibitory_neuron","GCC2",FALSE,"Control",1937,14,1023,0.0136852394916911,NA,NA,NA,134
"SMC033","GCC2-225","Inhibitory_neuron","GCC2",FALSE,"Control",2436,1,84,0.0119047619047619,NA,NA,NA,19
"SMC052","GCC2-225","Inhibitory_neuron","GCC2",FALSE,"Control",2673,22,90,0.244444444444444,NA,NA,NA,17
