"transcript_id","gene_id","padj_gene","padj_tx","psi_AD","psi_ctrl","delta_psi","pval","empirical_pval","regular_FDR","empirical_FDR","robust_to_braak","psi_active_ctrl","cell_type"
"ABCC8-210","ABCC8",0.807812247489848,NA,0.0708464198164127,0.156088018341308,-0.0852415985248951,0.526670987498685,0.529055449027142,0.965921622826688,0.971798737999348,FALSE,0.226575854700855,"OPC"
"ABCC8-269","ABCC8",0.807812247489848,NA,0.268304363731846,0.214976097651536,0.0533282660803102,0.946944581951745,0.946458501200435,0.997032801402299,0.997941303677837,FALSE,0.396578114727153,"OPC"
"ABCC8-280","ABCC8",0.807812247489848,NA,0.265932275410723,0.201996402517236,0.0639358728934868,0.386802000512476,0.390993769163123,0.936127748414361,0.945255426520104,FALSE,0.376846030571992,"OPC"
"ACTB-206","ACTB",0.886757932204148,NA,0.273833418874321,0.391118611942226,-0.117285193067905,0.557234551526373,0.560949296350695,0.965921622826688,0.971798737999348,FALSE,0.457387030452974,"OPC"
"ACTB-217","ACTB",0.886757932204148,NA,0.721644967624787,0.605143764295398,0.116501203329389,0.557234551526374,0.559453492608921,0.965921622826688,0.971798737999348,FALSE,0.542612969547026,"OPC"
"ACTG1-205","ACTG1",0.840948428231576,NA,0.62145874929559,0.552058155239839,0.0694005940557508,0.457037189256292,0.459751896602127,0.962277519566958,0.970835089095248,FALSE,0.43054921387799,"OPC"
"ACTG1-206","ACTG1",0.840948428231576,NA,0.286889214609116,0.339333696136293,-0.0524444815271768,0.457037189256292,0.46110163786342,0.962277519566958,0.970835089095248,FALSE,0.56945078612201,"OPC"
"AFAP1L2-201","AFAP1L2",0.739903566359487,NA,0.318055599217723,0.197700061691963,0.12035553752576,0.210563743574397,0.214422417664681,0.931723628890955,0.945255426520104,FALSE,0.63249546152772,"OPC"
"AFAP1L2-202","AFAP1L2",0.739903566359487,NA,0.117724190364076,0.293765453350918,-0.176041262986842,0.575473100782926,0.577588121418962,0.965921622826688,0.971798737999348,FALSE,0.238081273565145,"OPC"
"AFAP1L2-206","AFAP1L2",0.739903566359487,NA,0.467926504124495,0.503326151623786,-0.0353996474992904,0.855220758605853,0.857168857790147,0.997032801402299,0.997941303677837,FALSE,0.129423264907136,"OPC"
"AFF4-201","AFF4",0.77055641727952,NA,0.394998240898157,0.787246515494739,-0.392248274596583,0.24818991583023,0.251303487753438,0.936127748414361,0.945255426520104,FALSE,0.373992673992674,"OPC"
"AFF4-203","AFF4",0.77055641727952,NA,0.452150300215902,0.212753484505261,0.239396815710641,0.248189915830229,0.252222545880128,0.936127748414361,0.945255426520104,FALSE,0.626007326007326,"OPC"
"AKAP6-201","AKAP6",0.931827627166655,NA,0.630904194988935,0.588587768573629,0.0423164264153056,0.726740505851995,0.727878558294691,0.997032801402299,0.997941303677837,FALSE,0.763262599469496,"OPC"
"AKAP6-213","AKAP6",0.931827627166655,NA,0.366931302846563,0.411145137409277,-0.0442138345627137,0.726740505851995,0.729547505974554,0.997032801402299,0.997941303677837,FALSE,0.236737400530504,"OPC"
"ANKRD26-201","ANKRD26",0.931827627166655,NA,0.406807865469036,0.347101449275362,0.059706416193674,0.710530166123485,0.711780804681728,0.997032801402299,0.997941303677837,FALSE,0.654320987654321,"OPC"
"ANKRD26-202","ANKRD26",0.931827627166655,NA,0.460502906931975,0.624327122153209,-0.163824215221234,0.710530166123485,0.713436960342063,0.997032801402299,0.997941303677837,FALSE,0.345679012345679,"OPC"
"ANKRD36C-201","ANKRD36C",0.996483161604952,NA,0.628670864297192,0.62157004527163,0.0071008190255627,0.975660049745067,0.974957138138007,0.997032801402299,0.997941303677837,FALSE,0.787179487179487,"OPC"
"ANKRD36C-202","ANKRD36C",0.996483161604952,NA,0.229288857893886,0.300449572434608,-0.0711607145407221,0.975660049745069,0.976728738277918,0.997032801402299,0.997941303677837,FALSE,0.212820512820513,"OPC"
"ANXA7-201","ANXA7",0.955096821148341,NA,0.524076903488668,0.450735930735931,0.0733409727527374,0.78239076776073,0.783132126513947,0.997032801402299,0.997941303677837,FALSE,0.792676767676768,"OPC"
"ANXA7-202","ANXA7",0.955096821148341,NA,0.475923096511332,0.549264069264069,-0.0733409727527374,0.78239076776073,0.784839179213217,0.997032801402299,0.997941303677837,FALSE,0.207323232323232,"OPC"
"AP2M1-202","AP2M1",0.824327495326192,NA,0.289945894617677,0.427466162076715,-0.137520267459038,0.416334499917547,0.420486468939618,0.949019881576147,0.955262758637665,FALSE,0.355206930604184,"OPC"
"AP2M1-208","AP2M1",0.824327495326192,NA,0.586901097188331,0.537760921162303,0.049140176026028,0.416334499917547,0.419206329760238,0.949019881576147,0.955262758637665,FALSE,0.644793069395816,"OPC"
"APLP2-203","APLP2",0.773367814677744,NA,0.327872127872128,0.326917270531401,0.000954857340726922,0.264396462419612,0.267523894136582,0.936127748414361,0.945255426520104,FALSE,0,"OPC"
"APLP2-210","APLP2",0.773367814677744,NA,0.481018981018981,0.42460563395203,0.0564133470669512,0.264396462419612,0.268483601523349,0.936127748414361,0.945255426520104,FALSE,1,"OPC"
"APP-201","APP",0.931827627166655,NA,0.179127854995539,0.193921959527446,-0.0147941045319078,0.719506819953554,0.720695297544046,0.997032801402299,0.997941303677837,FALSE,0.17658123501199,"OPC"
"APP-202","APP",0.931827627166655,NA,0.391074537164383,0.409401429863533,-0.0183268926991493,0.991225677059882,0.990405470739719,0.997032801402299,0.997941303677837,FALSE,0.503953952222837,"OPC"
"APP-204","APP",0.931827627166655,NA,0.428730766534699,0.395748392787239,0.0329823737474605,0.869037551097618,0.870887525857493,0.997032801402299,0.997941303677837,FALSE,0.319464812765172,"OPC"
"ARHGAP5-202","ARHGAP5",0.996483161604952,NA,0.678933210955849,0.890771560582881,-0.211838349627032,0.970715684027971,0.971821312092081,0.997032801402299,0.997941303677837,FALSE,0.459669502617801,"OPC"
"ARHGAP5-209","ARHGAP5",0.996483161604952,NA,0.320037982459789,0.107965813154492,0.212072169305296,0.970715684027968,0.970050075582412,0.997032801402299,0.997941303677837,FALSE,0.540330497382199,"OPC"
"ARID4B-201","ARID4B",0.741886388961856,NA,0.448274381512989,0.637613767202149,-0.18933938568916,0.219340323693071,0.223245964085605,0.936127748414361,0.945255426520104,FALSE,0.350446428571429,"OPC"
"ARID4B-202","ARID4B",0.741886388961856,NA,0.304981673970387,0.190348912194956,0.114632761775431,0.21934032369307,0.222402892114434,0.936127748414361,0.945255426520104,FALSE,0.649553571428571,"OPC"
"ARMCX3-201","ARMCX3",0.79201750545579,NA,0.344880651987675,0.357121212121212,-0.0122405601335367,0.3035531992747,0.307728241885191,0.936127748414361,0.945255426520104,FALSE,0.635531135531135,"OPC"
"ARMCX3-203","ARMCX3",0.79201750545579,NA,0.578196271089248,0.642878787878788,-0.0646825167895402,0.303553199274701,0.306675910720953,0.936127748414361,0.945255426520104,FALSE,0.364468864468864,"OPC"
"ASCC3-204","ASCC3",0.77055641727952,NA,0.306133562099954,0.609822443566286,-0.303688881466332,0.247536530100903,0.25064933089582,0.936127748414361,0.945255426520104,FALSE,0.416666666666667,"OPC"
"ASCC3-207","ASCC3",0.77055641727952,NA,0.525265053240049,0.318748985005143,0.206516068234907,0.247536530100903,0.25156672033726,0.936127748414361,0.945255426520104,FALSE,0.583333333333333,"OPC"
"ASH1L-213","ASH1L",0.996483161604952,NA,0.218044040077938,0.332795788171728,-0.11475174809379,0.939864346497945,0.939431766801132,0.997032801402299,0.997941303677837,FALSE,0.492708333333333,"OPC"
"ASH1L-215","ASH1L",0.996483161604952,NA,0.408517582065121,0.477574292875045,-0.0690567108099235,0.939864346497945,0.941199218218663,0.997032801402299,0.997941303677837,FALSE,0.507291666666667,"OPC"
"ATP2B1-202","ATP2B1",0.886757932204148,NA,0.51563725789491,0.545218405428329,-0.0295811475334193,0.537634829738233,0.541431149740427,0.965921622826688,0.971798737999348,FALSE,0.638888888888889,"OPC"
"ATP2B1-207","ATP2B1",0.886757932204148,NA,0.453503857400052,0.356567308857385,0.0969365485426665,0.537634829738233,0.539961217957386,0.965921622826688,0.971798737999348,FALSE,0.361111111111111,"OPC"
"ATP5F1A-201","ATP5F1A",0.996483161604952,NA,0.405085117585118,0.452840366915997,-0.0477552493308796,0.911084637699457,0.91263098351705,0.997032801402299,0.997941303677837,FALSE,0.393055555555556,"OPC"
"ATP5F1A-202","ATP5F1A",0.996483161604952,NA,0.566224406224406,0.485542678609906,0.0806817276145007,0.911084637699456,0.910869423376676,0.997032801402299,0.997941303677837,FALSE,0.606944444444445,"OPC"
"ATRX-201","ATRX",0.739903566359487,NA,0.556656321227937,0.579739441922574,-0.0230831206946375,0.816472626129177,0.818690749537318,0.997032801402299,0.997941303677837,FALSE,0.558037135278515,"OPC"
"ATRX-202","ATRX",0.739903566359487,NA,0.350899169296711,0.368413624681334,-0.017514455384623,0.542373180437959,0.544674011177486,0.965921622826688,0.971798737999348,FALSE,0.416373231653404,"OPC"
"ATRX-213","ATRX",0.739903566359487,NA,0.0336488387760951,0.0377856970272616,-0.00413685825116644,0.957067949125134,0.956505385773578,0.997032801402299,0.997941303677837,FALSE,0.0197281167108753,"OPC"
"ATRX-214","ATRX",0.739903566359487,NA,0.0386441949948547,0.0122083588191644,0.0264358361756903,0.198295599450743,0.202081501137955,0.931723628890955,0.945255426520104,FALSE,0.00586151635720601,"OPC"
"BAZ2B-202","BAZ2B",0.922524288657973,NA,0.378992543936153,0.397067587323064,-0.0180750433869107,0.658695759849024,0.660295286272204,0.997032801402299,0.997941303677837,FALSE,0.400580347081361,"OPC"
"BAZ2B-203","BAZ2B",0.922524288657973,NA,0.509038497877784,0.596383034304898,-0.0873445364271143,0.658695759849023,0.661905306386792,0.997032801402299,0.997941303677837,FALSE,0.599419652918639,"OPC"
"BBS2-201","BBS2",0.739903566359487,NA,0.0866271549511609,0.289004116968613,-0.202376962017452,0.177582347127516,0.180500914636384,0.931723628890955,0.945255426520104,FALSE,0.38475935828877,"OPC"
"BBS2-278","BBS2",0.739903566359487,NA,0.344203855618319,0.319653942802867,0.0245499128154517,0.177582347127516,0.181224947400091,0.931723628890955,0.945255426520104,FALSE,0.61524064171123,"OPC"
"BCAN-201","BCAN",0.996483161604952,NA,0.976199546345134,0.973863400531692,0.00233614581344199,0.871173590305461,0.873008316874436,0.997032801402299,0.997941303677837,FALSE,0.989574963352295,"OPC"
"BCAN-202","BCAN",0.996483161604952,NA,0.0195792756522697,0.0133696366785672,0.00620963897370258,0.871173590305461,0.87125871313034,0.997032801402299,0.997941303677837,FALSE,0.0104250366477052,"OPC"
"BSCL2-203","BSCL2",0.446722283930647,NA,0.748745586778883,0.532429718875502,0.216315867903381,0.0228789666876086,0.0239932318329653,0.546200327497813,0.572655914203925,FALSE,0.711787924468423,"OPC"
"BSCL2-236","BSCL2",0.446722283930647,NA,0.199848889673616,0.376498852553069,-0.176649962879454,0.0228789666876086,0.0238548482454868,0.546200327497813,0.572655914203925,FALSE,0.288212075531577,"OPC"
"C18orf25-205","C18orf25",0.807812247489848,NA,0.433362380764978,0.55298353909465,-0.119621158329672,0.360057689602315,0.36309303423173,0.936127748414361,0.945255426520104,FALSE,0.680555555555556,"OPC"
"C18orf25-206","C18orf25",0.807812247489848,NA,0.54674481362793,0.44701646090535,0.0997283527225807,0.360057689602315,0.364266272778943,0.936127748414361,0.945255426520104,FALSE,0.319444444444444,"OPC"
"CAPN2-201","CAPN2",0.931827627166655,NA,0.400803055132111,0.351952310951371,0.0488507441807398,0.733307828335498,0.736073763972548,0.997032801402299,0.997941303677837,FALSE,0.889708252740168,"OPC"
"CAPN2-206","CAPN2",0.931827627166655,NA,0.482774200945145,0.621654290780231,-0.138880089835085,0.733307828335499,0.734399852820182,0.997032801402299,0.997941303677837,FALSE,0.110291747259832,"OPC"
"CCDC186-203","CCDC186",0.807812247489848,NA,0.567966168850881,0.611559139784946,-0.043592970934065,0.392765022728315,0.395713557472001,0.936127748414361,0.945255426520104,FALSE,0.545238095238095,"OPC"
"CCDC186-207","CCDC186",0.807812247489848,NA,0.370570903832533,0.349880630122566,0.0206902737099673,0.392765022728315,0.396950481884865,0.936127748414361,0.945255426520104,FALSE,0.454761904761905,"OPC"
"CCNL2-203","CCNL2",0.739903566359487,NA,0.247105184604423,0.103582379803309,0.143522804801114,0.197470654137342,0.2012513519617,0.931723628890955,0.945255426520104,FALSE,0.223039215686275,"OPC"
"CCNL2-217","CCNL2",0.739903566359487,NA,0.499296849757814,0.731081624964091,-0.231784775206277,0.197470654137342,0.200469205387233,0.931723628890955,0.945255426520104,FALSE,0.776960784313726,"OPC"
"CCP110-201","CCP110",0.922524288657973,NA,0.508337707346854,0.516595138577897,-0.0082574312310435,0.675129910552206,0.678246328831564,0.997032801402299,0.997941303677837,FALSE,0.131114130434783,"OPC"
"CCP110-203","CCP110",0.922524288657973,NA,0.422767112629918,0.379170554062795,0.0435965585671221,0.675129910552205,0.676620810126394,0.997032801402299,0.997941303677837,FALSE,0.868885869565217,"OPC"
"CCPG1-201","CCPG1",0.955096821148341,NA,0.261350931099148,0.280681818181818,-0.0193308870826698,0.771261419527073,0.773783378970973,0.997032801402299,0.997941303677837,FALSE,0.00517241379310345,"OPC"
"CCPG1-203","CCPG1",0.955096821148341,NA,0.471656664503891,0.513286713286713,-0.0416300487828222,0.771261419527073,0.772083233360202,0.997032801402299,0.997941303677837,FALSE,0.994827586206896,"OPC"
"CD46-212","CD46",0.804036621418284,NA,0.350853534318384,0.326069527569261,0.0247840067491224,0.322815331111074,0.325918053348035,0.936127748414361,0.945255426520104,FALSE,0.330705992033223,"OPC"
"CD46-219","CD46",0.804036621418284,NA,0.400615242401469,0.417030478629878,-0.0164152362284085,0.322815331111074,0.3270132214084,0.936127748414361,0.945255426520104,FALSE,0.669294007966777,"OPC"
"CDH11-201","CDH11",0.886757932204148,NA,0.723330527497194,0.783932871373909,-0.0606023438767149,0.558260948198057,0.561971262802726,0.965921622826688,0.971798737999348,FALSE,1,"OPC"
"CDH11-219","CDH11",0.886757932204148,NA,0.238089225589226,0.216067128626091,0.0220220969631347,0.558260948198056,0.56047413915462,0.965921622826688,0.971798737999348,FALSE,0,"OPC"
"CDKN2AIP-201","CDKN2AIP",0.931827627166655,NA,0.408811263470926,0.611810344827586,-0.20299908135666,0.718529857283692,0.719725122643953,0.997032801402299,0.997941303677837,FALSE,0.278301886792453,"OPC"
"CDKN2AIP-203","CDKN2AIP",0.931827627166655,NA,0.591188736529074,0.388189655172414,0.20299908135666,0.718529857283692,0.721387687464825,0.997032801402299,0.997941303677837,FALSE,0.721698113207547,"OPC"
"CEP126-201","CEP126",0.834859882432911,NA,0.590139418662146,0.524579421240305,0.0655599974218407,0.4467690402219,0.450858903568582,0.955130008597844,0.963791909160854,FALSE,0.686111111111111,"OPC"
"CEP126-204","CEP126",0.834859882432911,NA,0.185245108426927,0.303268663119416,-0.118023554692489,0.446769040221899,0.449526135740254,0.955130008597844,0.963791909160854,FALSE,0.313888888888889,"OPC"
"CHD7-201","CHD7",0.834859882432911,NA,0.621363684918027,0.430173709749038,0.191189975168988,0.586587143193038,0.588637089801609,0.965921622826688,0.971798737999348,FALSE,0.852272727272727,"OPC"
"CHD7-214","CHD7",0.834859882432911,NA,0.0976006168041232,0.0631817719785364,0.0344188448255868,0.743781987221763,0.744800134635653,0.997032801402299,0.997941303677837,FALSE,0.00543478260869565,"OPC"
"CHD7-219","CHD7",0.834859882432911,NA,0.216474313230469,0.184610075914424,0.0318642373160454,0.443137430084294,0.447235759161999,0.955130008597844,0.963791909160854,FALSE,0.142292490118577,"OPC"
"CHD9-203","CHD9",0.499042453587291,NA,0.328680703048457,0.384875727892607,-0.0561950248441505,0.138884073168673,0.141576021278512,0.831761282643495,0.847883060767976,FALSE,0.316621827852129,"OPC"
"CHD9-213","CHD9",0.499042453587291,NA,0.581098091741853,0.496977894517282,0.0841201972245711,0.0387563175452203,0.0403526107207089,0.713246407126001,0.742381967292941,FALSE,0.487534138398789,"OPC"
"CHD9-216","CHD9",0.499042453587291,NA,0.0183801067243012,0.049197923634471,-0.0308178169101697,0.106546332393925,0.108958060380238,0.793846433791338,0.81414745088806,FALSE,0.0394130102361013,"OPC"
"CHD9-217","CHD9",0.499042453587291,NA,0.0656049040125505,0.059399466465476,0.00620543754707445,0.114601334287258,0.117092081259785,0.793846433791338,0.81414745088806,FALSE,0.156431023512981,"OPC"
"CHL1-201","CHL1",0.974500612736688,NA,0.624025403968073,0.655690840445385,-0.0316654364773116,0.825497122542168,0.82765308621453,0.997032801402299,0.997941303677837,FALSE,0.727272727272727,"OPC"
"CHL1-216","CHL1",0.974500612736688,NA,0.197844157652428,0.318722295381604,-0.120878137729176,0.825497122542169,0.825922604450104,0.997032801402299,0.997941303677837,FALSE,0.272727272727273,"OPC"
"CLIP4-224","CLIP4",0.996483161604952,NA,0.705534217233189,0.530756166079454,0.174778051153734,0.965990566972865,0.967131449612403,0.997032801402299,0.997941303677837,FALSE,0.987910189982729,"OPC"
"CLIP4-235","CLIP4",0.996483161604952,NA,0.164221911176025,0.258952718398646,-0.0947308072226212,0.965990566972865,0.965360623302098,0.997032801402299,0.997941303677837,FALSE,0.0120898100172712,"OPC"
"CLU-201","CLU",0.6172724692354,NA,0.829322645703575,0.823044870534895,0.00627777516867978,0.120770700502578,0.123859166925456,0.793846433791338,0.81414745088806,FALSE,0.963202404249371,"OPC"
"CLU-215","CLU",0.6172724692354,NA,0.134264858872521,0.165855789894384,-0.0315909310218631,0.120770700502578,0.123317596560926,0.793846433791338,0.81414745088806,FALSE,0.036797595750629,"OPC"
"CMYA5-201","CMYA5",0.980233414059456,NA,0.978173626274106,0.971409742265091,0.00676388400901506,0.839591228563976,0.839912200962241,0.997032801402299,0.997941303677837,FALSE,0.931105169340464,"OPC"
"CMYA5-203","CMYA5",0.980233414059456,NA,0.0218263737258941,0.0285902577349092,-0.00676388400901507,0.839591228563969,0.841649205729633,0.997032801402299,0.997941303677837,FALSE,0.0688948306595365,"OPC"
"CNDP2-201","CNDP2",0.446722283930647,NA,0.287791112613628,0.587331081081081,-0.299539968467453,0.0230548062054141,0.0240358013134581,0.546200327497813,0.572655914203925,FALSE,0.539927786638313,"OPC"
"CNDP2-209","CNDP2",0.446722283930647,NA,0.502265972702078,0.160078828828829,0.342187143873249,0.0230548062054141,0.0241750943771613,0.546200327497813,0.572655914203925,FALSE,0.460072213361687,"OPC"
"COL9A1-201","COL9A1",0.886757932204148,NA,0.861765728343087,0.82897682179343,0.0327889065496566,0.578329411399549,0.580427830981189,0.965921622826688,0.971798737999348,FALSE,0.94370948941989,"OPC"
"COL9A1-210","COL9A1",0.886757932204148,NA,0.0773092338571491,0.0599902854247025,0.0173189484324465,0.578329411399548,0.581950071511525,0.965921622826688,0.971798737999348,FALSE,0.05629051058011,"OPC"
"CREBRF-201","CREBRF",0.886757932204148,NA,0.723237059264816,0.553343878343878,0.169893180920938,0.563651142827906,0.567337940187468,0.965921622826688,0.971798737999348,FALSE,0.474592074592075,"OPC"
"CREBRF-204","CREBRF",0.886757932204148,NA,0.187286310213917,0.28691185357852,-0.0996255433646031,0.563651142827907,0.565833941607822,0.965921622826688,0.971798737999348,FALSE,0.525407925407925,"OPC"
"CREBZF-202","CREBZF",0.931827627166655,NA,0.262293856548276,0.341917353477016,-0.0796234969287394,0.709434210336849,0.710692405739695,0.997032801402299,0.997941303677837,FALSE,0.170130580626449,"OPC"
"CREBZF-203","CREBZF",0.931827627166655,NA,0.192926295891631,0.0289439675551169,0.163982328336514,0.76873960791407,0.771278112091325,0.997032801402299,0.997941303677837,FALSE,0.222378283831443,"OPC"
"CREBZF-204","CREBZF",0.931827627166655,NA,0.467856770637016,0.629138678967867,-0.161281908330851,0.802268621097008,0.804583606873073,0.997032801402299,0.997941303677837,FALSE,0.607491135542108,"OPC"
"CSMD3-201","CSMD3",0.996483161604952,NA,0.354018731188452,0.526772541933092,-0.172753810744641,0.902651087011004,0.904258883278,0.997032801402299,0.997941303677837,FALSE,0.5,"OPC"
"CSMD3-204","CSMD3",0.996483161604952,NA,0.212026763015191,0.207766078213326,0.00426068480186523,0.902651087011004,0.902499482265346,0.997032801402299,0.997941303677837,FALSE,0.5,"OPC"
"CSNK1A1-202","CSNK1A1",0.739903566359487,NA,0.426425629423367,0.326856391907412,0.0995692375159546,0.175201148536754,0.178108616923265,0.931723628890955,0.945255426520104,FALSE,0.5,"OPC"
"CSNK1A1-212","CSNK1A1",0.739903566359487,NA,0.293697064624666,0.285449244632918,0.00824781999174834,0.175201148536754,0.178825508467581,0.931723628890955,0.945255426520104,FALSE,0.5,"OPC"
"CTSF-201","CTSF",0.701343593302567,NA,0.455485169490663,0.372032327284191,0.0834528422064723,0.152465998544037,0.155895938986948,0.893251882774305,0.913346859934404,FALSE,0.352083333333333,"OPC"
"CTSF-224","CTSF",0.701343593302567,NA,0.418090986995131,0.305079131394921,0.113011855600211,0.152465998544036,0.155249340740001,0.893251882774305,0.913346859934404,FALSE,0.647916666666667,"OPC"
"CTTNBP2-201","CTTNBP2",0.404294973750618,NA,0.728531749750606,0.799782157208,-0.0712504074573941,0.00527341270109502,0.00560591949906528,0.473728240981702,0.507043600767458,FALSE,0.359203739522888,"OPC"
"CTTNBP2-206","CTTNBP2",0.404294973750618,NA,0.271468250249394,0.200217842792,0.0712504074573941,0.00527341270109502,0.00564427013841327,0.473728240981702,0.507043600767458,FALSE,0.640796260477112,"OPC"
"DDX17-201","DDX17",0.931827627166655,NA,0.821870688853713,0.761876421474859,0.059994267378854,0.731390464517475,0.734168426030572,0.997032801402299,0.997941303677837,FALSE,0.850786102484472,"OPC"
"DDX17-202","DDX17",0.931827627166655,NA,0.102475511456081,0.133641053486625,-0.0311655420305438,0.731390464517474,0.732495950982545,0.997032801402299,0.997941303677837,FALSE,0.149213897515528,"OPC"
"DDX24-206","DDX24",0.640867735775499,NA,0.336478256430275,0.293615294152705,0.0428629622775697,0.134950812168134,0.138203271612238,0.826573724529826,0.84649503862496,FALSE,0.0897791380694551,"OPC"
"DDX24-208","DDX24",0.640867735775499,NA,0.631866657197658,0.703299471095211,-0.071432813897553,0.134950812168135,0.13761362433195,0.826573724529826,0.84649503862496,FALSE,0.910220861930545,"OPC"
"DDX39B-215","DDX39B",0.807812247489848,NA,0.695060894396877,0.559484638814345,0.135576255582532,0.344802637606958,0.349011896016641,0.936127748414361,0.945255426520104,FALSE,0.521853271341208,"OPC"
"DDX39B-219","DDX39B",0.807812247489848,NA,0.270192817408559,0.372359726497762,-0.102166909089203,0.344802637606957,0.34786989982132,0.936127748414361,0.945255426520104,FALSE,0.478146728658792,"OPC"
"DDX5-201","DDX5",0.886757932204148,NA,0.297276247123799,0.277752734723217,0.0195235124005813,0.756644333878155,0.757571015869414,0.997032801402299,0.997941303677837,FALSE,0.432687838001227,"OPC"
"DDX5-212","DDX5",0.886757932204148,NA,0.0405789237897575,0.0224852271635819,0.0180936966261756,0.981613626917165,0.980865824384661,0.997032801402299,0.997941303677837,FALSE,0.0165547717068172,"OPC"
"DDX5-215","DDX5",0.886757932204148,NA,0.451229366658104,0.618794392805184,-0.16756502614708,0.58779646064407,0.5913728869458,0.965921622826688,0.971798737999348,FALSE,0.478690868430532,"OPC"
"DDX5-239","DDX5",0.886757932204148,NA,0.0899111837941761,0.0290627457813336,0.0608484380128425,0.627171291339841,0.628973339803836,0.977089226845076,0.982324312692082,FALSE,0.0720665218614245,"OPC"
"DIDO1-201","DIDO1",0.631278852359584,NA,0.248780325954239,0.375228026533997,-0.126447700579758,0.126255770471917,0.128849599567443,0.810141193861466,0.830380750262648,FALSE,0.3,"OPC"
"DIDO1-202","DIDO1",0.631278852359584,NA,0.390355282682648,0.212479270315091,0.177876012367557,0.126255770471917,0.129409987053919,0.810141193861466,0.830380750262648,FALSE,0.7,"OPC"
"DISC1-207","DISC1",0.922524288657973,NA,0.0763797160627829,0.263231719019896,-0.186852002957113,0.953294744453426,0.952760684750576,0.997032801402299,0.997941303677837,FALSE,0.446726884226884,"OPC"
"DISC1-215","DISC1",0.922524288657973,NA,0.599450542622358,0.352387632168855,0.247062910453503,0.677854803405207,0.680955514292669,0.997032801402299,0.997941303677837,FALSE,0.550747863247863,"OPC"
"DISC1-219","DISC1",0.922524288657973,NA,0.0860000127767329,0.0831546725273181,0.00284534024941475,0.787712076119433,0.788414792738369,0.997032801402299,0.997941303677837,FALSE,0.00252525252525253,"OPC"
"DLG2-205","DLG2",0.739903566359487,NA,0.379561273046314,0.328988401257309,0.0505728717890048,0.196859403672123,0.200636219744636,0.931723628890955,0.945255426520104,FALSE,0.482876712328767,"OPC"
"DLG2-222","DLG2",0.739903566359487,NA,0.199967708086369,0.264110338648154,-0.0641426305617844,0.906801527648898,0.906618625675958,0.997032801402299,0.997941303677837,FALSE,0.0753424657534247,"OPC"
"DLG2-246","DLG2",0.739903566359487,NA,0.278133743047898,0.296228991186974,-0.018095248139076,0.2950833225658,0.298211306625239,0.936127748414361,0.945255426520104,FALSE,0.441780821917808,"OPC"
"DNAJC7-224","DNAJC7",0.886757932204148,NA,0.210963194394567,0.125038636574829,0.0859245578197382,0.587296638737486,0.590875430569791,0.965921622826688,0.971798737999348,FALSE,0.00277777777777778,"OPC"
"DNAJC7-233","DNAJC7",0.886757932204148,NA,0.661588199382317,0.704432827755295,-0.0428446283729776,0.587296638737485,0.589342387929779,0.965921622826688,0.971798737999348,FALSE,0.997222222222222,"OPC"
"DNM3-202","DNM3",0.807812247489848,NA,0.311386412551667,0.284593436458505,0.0267929760931616,0.977494870691116,0.976778120976224,0.997032801402299,0.997941303677837,FALSE,0.275961538461538,"OPC"
"DNM3-204","DNM3",0.807812247489848,NA,0.433048956518825,0.527561133991244,-0.0945121774724197,0.463541158082827,0.466228111248667,0.965921622826688,0.971798737999348,FALSE,0.630128205128205,"OPC"
"DNM3-206","DNM3",0.807812247489848,NA,0.18743627423006,0.1486008134069,0.0388354608231594,0.393910441399547,0.398094585937038,0.936127748414361,0.945255426520104,FALSE,0.0939102564102564,"OPC"
"DOCK1-201","DOCK1",0.79201750545579,NA,0.431879102937603,0.67947420226832,-0.247595099330717,0.303142113438037,0.306265131839746,0.936127748414361,0.945255426520104,FALSE,0.745,"OPC"
"DOCK1-206","DOCK1",0.79201750545579,NA,0.568120897062397,0.32052579773168,0.247595099330717,0.303142113438037,0.307316529785239,0.936127748414361,0.945255426520104,FALSE,0.255,"OPC"
"DPP7-201","DPP7",0.824327495326192,NA,0.309769499514189,0.312829835542464,-0.00306033602827571,0.43008391060497,0.432905994677869,0.949019881576147,0.955262758637665,FALSE,0.292176870748299,"OPC"
"DPP7-202","DPP7",0.824327495326192,NA,0.453063982109072,0.395313267059401,0.0577507150496711,0.43008391060497,0.434210344835302,0.949019881576147,0.955262758637665,FALSE,0.707823129251701,"OPC"
"DST-203","DST",0.739903566359487,NA,0.0494225158874404,0.0614665450437422,-0.0120440291563018,0.337672465140967,0.341879679435573,0.936127748414361,0.945255426520104,FALSE,0.0476190476190476,"OPC"
"DST-209","DST",0.739903566359487,NA,0.46599220304622,0.388435822166409,0.0775563808798108,0.648388069013806,0.651654574963913,0.995075300404346,0.997941303677837,FALSE,0.39459706959707,"OPC"
"DST-222","DST",0.739903566359487,NA,0.0895902642320222,0.106120584219078,-0.0165303199870556,0.746617544510499,0.749299182044072,0.997032801402299,0.997941303677837,FALSE,0.396611721611722,"OPC"
"DST-231","DST",0.739903566359487,NA,0.083203227435291,0.153651263999017,-0.0704480365637263,0.716530468622914,0.717739608391691,0.997032801402299,0.997941303677837,FALSE,0.00641025641025641,"OPC"
"DST-241","DST",0.739903566359487,NA,0.10081167823225,0.0869245229997932,0.013887155232457,0.18490419513797,0.187854795278408,0.931723628890955,0.945255426520104,FALSE,0.154761904761905,"OPC"
"DZIP3-201","DZIP3",0.611355537263426,NA,0.52622272610593,0.446160476902625,0.0800622492033042,0.0899897289413362,0.092646656749235,0.793846433791338,0.81414745088806,FALSE,0.0727272727272727,"OPC"
"DZIP3-205","DZIP3",0.611355537263426,NA,0.380035747221509,0.552172856430708,-0.172137109209199,0.0899897289413362,0.0922164173385346,0.793846433791338,0.81414745088806,FALSE,0.927272727272727,"OPC"
"EEF1A1-201","EEF1A1",0.6172724692354,NA,0.768493823411043,0.752242355275443,0.0162514681355991,0.0999965166344536,0.102806449578313,0.793846433791338,0.81414745088806,FALSE,0.865540837236534,"OPC"
"EEF1A1-222","EEF1A1",0.6172724692354,NA,0.177861198385527,0.114859344638756,0.0630018537467703,0.0999965166344531,0.102338876435547,0.793846433791338,0.81414745088806,FALSE,0.134459162763466,"OPC"
"ELOVL5-201","ELOVL5",0.834859882432911,NA,0.483375340043997,0.437659912706201,0.0457154273377958,0.439524633491113,0.4436311080684,0.955130008597844,0.963791909160854,FALSE,0.38585574127907,"OPC"
"ELOVL5-207","ELOVL5",0.834859882432911,NA,0.516624659956003,0.560508585462297,-0.0438839255062939,0.439524633491113,0.442310550452229,0.955130008597844,0.963791909160854,FALSE,0.61414425872093,"OPC"
"ENO2-201","ENO2",0.57181876974468,NA,0.389317081267546,0.628219696969697,-0.238902615702151,0.0762801697131561,0.0783269033104962,0.7523058841004,0.772090148960968,FALSE,0.555555555555556,"OPC"
"ENO2-211","ENO2",0.57181876974468,NA,0.580379888429424,0.371780303030303,0.208599585399121,0.0762801697131562,0.0787039662159088,0.7523058841004,0.772090148960968,FALSE,0.444444444444444,"OPC"
"EPN2-201","EPN2",0.739903566359487,NA,0.340173639891441,0.283779260487871,0.0563943794035701,0.238506221467573,0.241606603399272,0.936127748414361,0.945255426520104,FALSE,0.255660896938037,"OPC"
"EPN2-202","EPN2",0.739903566359487,NA,0.521630381303812,0.539304873521568,-0.0176744922177557,0.179324574627241,0.182980280626052,0.931723628890955,0.945255426520104,FALSE,0.73389697313624,"OPC"
"EPN2-203","EPN2",0.739903566359487,NA,0.0812042937481517,0.0519282943530052,0.0292759993951465,0.582525818047349,0.584599692733719,0.965921622826688,0.971798737999348,FALSE,0.0104421299257235,"OPC"
"ERCC6L2-201","ERCC6L2",0.741886388961856,NA,0.302064715260911,0.0668402434895466,0.235224471771364,0.585172562641596,0.588761369949131,0.965921622826688,0.971798737999348,FALSE,0.0221538227694178,"OPC"
"ERCC6L2-204","ERCC6L2",0.741886388961856,NA,0.149035129143791,0.16048712777011,-0.0114519986263195,0.560751821482972,0.564451320836632,0.965921622826688,0.971798737999348,FALSE,0.0694444444444444,"OPC"
"ERCC6L2-211","ERCC6L2",0.741886388961856,NA,0.186468817203516,0.313515904761831,-0.127047087558315,0.256112733658869,0.259234328175285,0.936127748414361,0.945255426520104,FALSE,0.668813649490804,"OPC"
"ERCC6L2-215","ERCC6L2",0.741886388961856,NA,0.131889364089904,0.0511893821685165,0.0806999819213872,0.216780745351635,0.220673112706796,0.936127748414361,0.945255426520104,FALSE,0.164329685362517,"OPC"
"ERCC6L2-216","ERCC6L2",0.741886388961856,NA,0.0570134233411878,0.206146287783398,-0.14913286444221,0.443000823922019,0.445773024985288,0.955130008597844,0.963791909160854,FALSE,0.0752583979328165,"OPC"
"EZH1-202","EZH1",0.511401174725185,NA,0.254398484916438,0.0920606197592876,0.16233786515715,0.0555870842092593,0.0575958591265515,0.74903595971977,0.772090148960968,FALSE,0.210329701583968,"OPC"
"EZH1-208","EZH1",0.511401174725185,NA,0.688415026341426,0.87092814975222,-0.182513123410794,0.0555870842092593,0.0573042714489153,0.74903595971977,0.772090148960968,FALSE,0.789670298416032,"OPC"
"FBXL5-201","FBXL5",0.807812247489848,NA,0.49949082389242,0.667926678231941,-0.168435854339522,0.389350678035438,0.392309379097399,0.936127748414361,0.945255426520104,FALSE,0.996268656716418,"OPC"
"FBXL5-205","FBXL5",0.807812247489848,NA,0.45675917610758,0.315154460812501,0.14160471529508,0.389350678035439,0.393539860216861,0.936127748414361,0.945255426520104,FALSE,0.00373134328358209,"OPC"
"FHL1-205","FHL1",0.804036621418284,NA,0.192672638576247,0.462433022670826,-0.269760384094579,0.329920214072032,0.334123433721569,0.936127748414361,0.945255426520104,FALSE,0.218220338983051,"OPC"
"FHL1-234","FHL1",0.804036621418284,NA,0.803982879818401,0.523856877904788,0.280126001913613,0.329920214072032,0.333012896995907,0.936127748414361,0.945255426520104,FALSE,0.781779661016949,"OPC"
"FNBP4-201","FNBP4",0.86056398776391,NA,0.165530222002767,0.173143383913426,-0.00761316191065894,0.488714764054468,0.492687705230955,0.965921622826688,0.971798737999348,FALSE,0.0627697146114074,"OPC"
"FNBP4-213","FNBP4",0.86056398776391,NA,0.829153446397874,0.820539451019977,0.00861399537789687,0.488714764054467,0.491288011422091,0.965921622826688,0.971798737999348,FALSE,0.937230285388593,"OPC"
"GABPB1-AS1-206","GABPB1-AS1",0.996483161604952,NA,0.409208870839306,0.439341919206954,-0.0301330483676484,0.993828926991691,0.994761489427727,0.997032801402299,0.997941303677837,FALSE,0.566489361702128,"OPC"
"GABPB1-AS1-208","GABPB1-AS1",0.996483161604952,NA,0.471885451505017,0.397372086359848,0.0745133651451692,0.993828926991691,0.992989129094215,0.997032801402299,0.997941303677837,FALSE,0.433510638297872,"OPC"
"GATM-201","GATM",0.79201750545579,NA,0.701080720642785,0.658293830515298,0.0427868901274873,0.306018445570361,0.30913920873207,0.936127748414361,0.945255426520104,FALSE,1,"OPC"
"GATM-207","GATM",0.79201750545579,NA,0.14348487341636,0.185382401917728,-0.0418975285013682,0.306018445570361,0.310197119453351,0.936127748414361,0.945255426520104,FALSE,0,"OPC"
"GCC2-218","GCC2",0.430052407019632,NA,0.433602008620038,0.228358386184966,0.205243622435071,0.00934896536999201,0.00992651948449878,0.546200327497813,0.572655914203925,FALSE,0.289855072463768,"OPC"
"GCC2-223","GCC2",0.430052407019632,NA,0.446436994793968,0.579040319301562,-0.132603324507594,0.00934896536999201,0.00986288115353303,0.546200327497813,0.572655914203925,FALSE,0.710144927536232,"OPC"
"GDAP1-201","GDAP1",0.511401174725185,NA,0.297740018266334,0.270216641984663,0.0275233762816713,0.0520624328811641,0.053991283822777,0.74903595971977,0.772090148960968,FALSE,0.300357142857143,"OPC"
"GDAP1-215","GDAP1",0.511401174725185,NA,0.157783980725157,0.103790861996368,0.0539931187287888,0.935404617501344,0.935005736926886,0.997032801402299,0.997941303677837,FALSE,0.242142857142857,"OPC"
"GDAP1-233","GDAP1",0.511401174725185,NA,0.114172494172494,0.317521660071827,-0.203349165899333,0.0738920855391162,0.0759046297321108,0.7523058841004,0.772090148960968,FALSE,0.4575,"OPC"
"GFAP-214","GFAP",0.996483161604952,NA,0.528808175237335,0.544867037724181,-0.0160588624868458,0.910460303636879,0.912011207264802,0.997032801402299,0.997941303677837,FALSE,0.741836734693878,"OPC"
"GFAP-237","GFAP",0.996483161604952,NA,0.297788884734186,0.191405653170359,0.106383231563827,0.91046030363688,0.910249800232073,0.997032801402299,0.997941303677837,FALSE,0.258163265306122,"OPC"
"GOLGA8A-202","GOLGA8A",0.446722283930647,NA,0.909386114681779,0.734788719326269,0.17459739535551,0.021320190833784,0.0223802245622549,0.546200327497813,0.572655914203925,FALSE,0.901041666666667,"OPC"
"GOLGA8A-205","GOLGA8A",0.446722283930647,NA,0.0685940836840475,0.25325089636207,-0.184656812678022,0.021320190833784,0.0222499596050764,0.546200327497813,0.572655914203925,FALSE,0.0989583333333333,"OPC"
"GOLGB1-208","GOLGB1",0.499042453587291,NA,0.0884742761302466,0.0602233120997555,0.0282509640304911,0.0437935420133516,0.0455219840007669,0.735111231632061,0.759276281849714,FALSE,0.221428571428571,"OPC"
"GOLGB1-212","GOLGB1",0.499042453587291,NA,0.0994403490109679,0.148710853738072,-0.0492705047271045,0.212619677835969,0.215665058071376,0.931723628890955,0.945255426520104,FALSE,0.00657894736842105,"OPC"
"GOLGB1-240","GOLGB1",0.499042453587291,NA,0.0582121058055928,0.279839264420164,-0.221627158614571,0.376827020355116,0.379820856047463,0.936127748414361,0.945255426520104,FALSE,0.0263157894736842,"OPC"
"GOLGB1-243","GOLGB1",0.499042453587291,NA,0.386932514815779,0.156168255778654,0.230764259037125,0.311675528862889,0.315861738998593,0.936127748414361,0.945255426520104,FALSE,0.745676691729323,"OPC"
"GPATCH2L-201","GPATCH2L",0.95936140135695,NA,0.308595892502398,0.418532818532819,-0.109936926030421,0.796687076779033,0.799039785280542,0.997032801402299,0.997941303677837,FALSE,0.398107581842522,"OPC"
"GPATCH2L-204","GPATCH2L",0.95936140135695,NA,0.625150695741941,0.575972675972676,0.0491780197692655,0.796687076779032,0.797324378514956,0.997032801402299,0.997941303677837,FALSE,0.601892418157478,"OPC"
"GPNMB-201","GPNMB",0.853128860919787,NA,0.646978020772171,0.662904799999313,-0.0159267792271413,0.759968232284762,0.760871151066852,0.997032801402299,0.997941303677837,FALSE,0.651742284579999,"OPC"
"GPNMB-202","GPNMB",0.853128860919787,NA,0.173203015748003,0.169744949767502,0.0034580659805005,0.831483323786172,0.831864481219395,0.997032801402299,0.997941303677837,FALSE,0.241392443403983,"OPC"
"GPNMB-203","GPNMB",0.853128860919787,NA,0.163222386187784,0.16402062629522,-0.00079824010743626,0.474458806986489,0.478475305741269,0.965921622826688,0.971798737999348,FALSE,0.106865272016018,"OPC"
"GPRIN3-201","GPRIN3",0.922524288657973,NA,0.645681261010151,0.57071323498508,0.0749680260250716,0.666742029433122,0.668288617752031,0.997032801402299,0.997941303677837,FALSE,0.297705314009662,"OPC"
"GPRIN3-202","GPRIN3",0.922524288657973,NA,0.354318738989849,0.42928676501492,-0.0749680260250716,0.666742029433122,0.669906328032555,0.997032801402299,0.997941303677837,FALSE,0.702294685990338,"OPC"
"GRIA2-205","GRIA2",0.73874333537686,NA,0.548478889114321,0.640517201090307,-0.0920383119759853,0.944505496731411,0.945806034303758,0.997032801402299,0.997941303677837,FALSE,0.907643282326952,"OPC"
"GRIA2-220","GRIA2",0.73874333537686,NA,0.12016572814128,0.0630464831119646,0.0571192450293154,0.402657093039982,0.406830128109803,0.943618144124132,0.953397561092104,FALSE,0.0526313179562229,"OPC"
"GRIA2-227","GRIA2",0.73874333537686,NA,0.0806936328537189,0.13747224924912,-0.0567786163954015,0.163808304800956,0.1666578144416,0.92151987868679,0.941364096196511,FALSE,0.0220110560518522,"OPC"
"GRIA2-231","GRIA2",0.73874333537686,NA,0.130792141551497,0.0687876441912229,0.0620044973602739,0.564877972532713,0.56855935868313,0.965921622826688,0.971798737999348,FALSE,0.0177143436649727,"OPC"
"GRM5-202","GRM5",0.996483161604952,NA,0.416163798559443,0.329679438751991,0.0864843598074522,0.885466713314672,0.885444504208213,0.997032801402299,0.997941303677837,FALSE,0.799145299145299,"OPC"
"GRM5-205","GRM5",0.996483161604952,NA,0.518711267894571,0.62959070998547,-0.110879442090899,0.885466713314672,0.887198897053921,0.997032801402299,0.997941303677837,FALSE,0.200854700854701,"OPC"
"GRM7-211","GRM7",0.996483161604952,NA,0.643923536337153,0.363520408163265,0.280403128173888,0.954268957025761,0.955497081560469,0.997032801402299,0.997941303677837,FALSE,0.986111111111111,"OPC"
"GRM7-215","GRM7",0.996483161604952,NA,0.135027538314176,0.324593726379441,-0.189566188065264,0.95426895702576,0.953727537465749,0.997032801402299,0.997941303677837,FALSE,0.0138888888888889,"OPC"
"HBP1-201","HBP1",0.807812247489848,NA,0.414106264106264,0.531118559246148,-0.117012295139884,0.393686077084918,0.396631827186488,0.936127748414361,0.945255426520104,FALSE,0.126495726495726,"OPC"
"HBP1-208","HBP1",0.807812247489848,NA,0.558115958115958,0.468881440753852,0.0892345173621065,0.393686077084918,0.397870481713914,0.936127748414361,0.945255426520104,FALSE,0.873504273504274,"OPC"
"HCG18-242","HCG18",0.886757932204148,NA,0.39616654131702,0.205859456245737,0.190307085071283,0.601220567222905,0.604732232591123,0.97108799211831,0.976084796506488,FALSE,0.555555555555556,"OPC"
"HCG18-244","HCG18",0.886757932204148,NA,0.11834579674012,0.214637863359521,-0.0962920666194013,0.601220567222904,0.603182925988572,0.97108799211831,0.976084796506488,FALSE,0.444444444444444,"OPC"
"HMGN1-216","HMGN1",0.902545464932216,NA,0.6165577105156,0.742763009432556,-0.126205298916956,0.635705936169648,0.637453958364054,0.981792262451119,0.986942852298368,FALSE,0.935726014543748,"OPC"
"HMGN1-220","HMGN1",0.902545464932216,NA,0.266528416364834,0.204394834389143,0.062133581975691,0.635705936169648,0.639040919206179,0.981792262451119,0.986942852298368,FALSE,0.0642739854562515,"OPC"
"HNRNPA1-203","HNRNPA1",0.952490786384973,NA,0.298827026297041,0.269408769131914,0.0294182571651271,0.753710100530718,0.756346248434564,0.997032801402299,0.997941303677837,FALSE,0.60797342192691,"OPC"
"HNRNPA1-209","HNRNPA1",0.952490786384973,NA,0.605127389685111,0.482955774345586,0.122171615339525,0.75371010053072,0.754657717558843,0.997032801402299,0.997941303677837,FALSE,0.39202657807309,"OPC"
"HNRNPA3-205","HNRNPA3",0.807812247489848,NA,0.0661074479094104,0.112116880866881,-0.0460094329574704,0.381239845822623,0.384221693752926,0.936127748414361,0.945255426520104,FALSE,0,"OPC"
"HNRNPA3-216","HNRNPA3",0.807812247489848,NA,0.524851118235288,0.489685117810118,0.0351660004251698,0.381239845822623,0.385436679470567,0.936127748414361,0.945255426520104,FALSE,1,"OPC"
"HNRNPR-202","HNRNPR",0.79201750545579,NA,0.17174632890726,0.12105439098603,0.0506919379212306,0.289822698159019,0.29397354188397,0.936127748414361,0.945255426520104,FALSE,0.393452380952381,"OPC"
"HNRNPR-210","HNRNPR",0.79201750545579,NA,0.611099747081528,0.544995790097953,0.0661039569835754,0.289822698159019,0.292952821477481,0.936127748414361,0.945255426520104,FALSE,0.606547619047619,"OPC"
"HNRNPU-203","HNRNPU",0.499042453587291,NA,0.213584267869691,0.172890714727449,0.0406935531422417,0.90173743153937,0.901592714340638,0.997032801402299,0.997941303677837,FALSE,0.286212121212121,"OPC"
"HNRNPU-205","HNRNPU",0.499042453587291,NA,0.152984309736426,0.0998678192555744,0.0531164904808519,0.0464381904105214,0.0482328298535782,0.735111231632061,0.759276281849714,FALSE,0.207272727272727,"OPC"
"HNRNPU-209","HNRNPU",0.499042453587291,NA,0.103859316073581,0.0633308868002746,0.0405284292733064,0.841063814969379,0.841373838682145,0.997032801402299,0.997941303677837,FALSE,0.417121212121212,"OPC"
"HNRNPU-217","HNRNPU",0.499042453587291,NA,0.195107133356148,0.149653407816673,0.0454537255394752,0.373322577041381,0.376325622298576,0.936127748414361,0.945255426520104,FALSE,0.0560606060606061,"OPC"
"HNRNPU-226","HNRNPU",0.499042453587291,NA,0.187661028444276,0.416144399817869,-0.228483371373594,0.803681817551397,0.804267938732333,0.997032801402299,0.997941303677837,FALSE,0.0333333333333333,"OPC"
"HOOK3-201","HOOK3",0.996483161604952,NA,0.493483851119175,0.558077502012812,-0.0645936508936372,0.966464814542654,0.967602160916947,0.997032801402299,0.997941303677837,FALSE,0.366915422885572,"OPC"
"HOOK3-204","HOOK3",0.996483161604952,NA,0.506516148880825,0.441922497987188,0.0645936508936372,0.966464814542654,0.965831290669346,0.997032801402299,0.997941303677837,FALSE,0.633084577114428,"OPC"
"HSPD1-202","HSPD1",0.773367814677744,NA,0.534014557670773,0.34131548047323,0.192699077197543,0.265635031998008,0.26972587516898,0.936127748414361,0.945255426520104,FALSE,0.85,"OPC"
"HSPD1-210","HSPD1",0.773367814677744,NA,0.133413542722053,0.269907829348539,-0.136494286626485,0.265635031998008,0.268763118784814,0.936127748414361,0.945255426520104,FALSE,0.15,"OPC"
"KANK1-201","KANK1",0.739903566359487,NA,0.204218207856005,0.117187649030425,0.0870305588255796,0.497940817349945,0.50188358571648,0.965921622826688,0.971798737999348,FALSE,0.0906292100868971,"OPC"
"KANK1-211","KANK1",0.739903566359487,NA,0.0839731256138108,0.123186820902494,-0.0392136952886835,0.394250461762634,0.397194496750222,0.936127748414361,0.945255426520104,FALSE,0.0700636784427086,"OPC"
"KANK1-224","KANK1",0.739903566359487,NA,0.312799706329525,0.300361441055385,0.0124382652741401,0.510798020526367,0.514696239881743,0.965921622826688,0.971798737999348,FALSE,0.390881285240084,"OPC"
"KANK1-233","KANK1",0.739903566359487,NA,0.122813357166511,0.200663288930272,-0.0778499317637611,0.188705601387133,0.191671621504986,0.931723628890955,0.945255426520104,FALSE,0.44842582623031,"OPC"
"KAT6A-207","KAT6A",0.967193240805039,NA,0.223941136412532,0.25539196500518,-0.0314508285926478,0.807396096672033,0.809676257306147,0.997032801402299,0.997941303677837,FALSE,0.5,"OPC"
"KAT6A-211","KAT6A",0.967193240805039,NA,0.511041589988958,0.633978865960878,-0.12293727597192,0.807396096672033,0.807954973021536,0.997032801402299,0.997941303677837,FALSE,0.5,"OPC"
"KMT2C-215","KMT2C",0.79201750545579,NA,0.209712764006357,0.133030174710589,0.076682589295768,0.281796726589083,0.285930195726741,0.936127748414361,0.945255426520104,FALSE,0.5,"OPC"
"KMT2C-266","KMT2C",0.79201750545579,NA,0.16738948971966,0.407381674588888,-0.239992184869228,0.281796726589083,0.284928380936441,0.936127748414361,0.945255426520104,FALSE,0.5,"OPC"
"LAMP2-201","LAMP2",0.996483161604952,NA,0.210007054573423,0.181968725718726,0.0280383288546975,0.942112337665817,0.943430586615408,0.997032801402299,0.997941303677837,FALSE,0.187410415671285,"OPC"
"LAMP2-202","LAMP2",0.996483161604952,NA,0.7130698685035,0.806667637917638,-0.0935977694141381,0.942112337665818,0.94166277104916,0.997032801402299,0.997941303677837,FALSE,0.812589584328715,"OPC"
"LATS1-202","LATS1",0.973766774468665,NA,0.866465395235577,0.887878739858012,-0.0214133446224348,0.817117336836749,0.817604696413839,0.997032801402299,0.997941303677837,FALSE,0.9375,"OPC"
"LATS1-207","LATS1",0.973766774468665,NA,0.105097737612337,0.108215010141988,-0.00311727252965044,0.817117336836749,0.81933103513109,0.997032801402299,0.997941303677837,FALSE,0.0625,"OPC"
"LINC00461-218","LINC00461",0.824327495326192,NA,0.742017393003312,0.685199028760128,0.0568183642431845,0.426913378123838,0.431046077572584,0.949019881576147,0.955262758637665,FALSE,0.804788961038961,"OPC"
"LINC00461-237","LINC00461",0.824327495326192,NA,0.075268399786282,0.160815556076662,-0.0855471562903801,0.426913378123839,0.429747246139017,0.949019881576147,0.955262758637665,FALSE,0.195211038961039,"OPC"
"LMNA-205","LMNA",0.6172724692354,NA,0.434734516841633,0.509452072209509,-0.0747175553678762,0.544059117259133,0.547829341365959,0.965921622826688,0.971798737999348,FALSE,0.337301587301587,"OPC"
"LMNA-238","LMNA",0.6172724692354,NA,0.248965415987001,0.213364026007047,0.0356013899799543,0.119424750808257,0.121959707009723,0.793846433791338,0.81414745088806,FALSE,0.654761904761905,"OPC"
"LMNA-242","LMNA",0.6172724692354,NA,0.206592816835544,0.275631106752388,-0.0690382899168438,0.564731911455052,0.568413942972418,0.965921622826688,0.971798737999348,FALSE,0.00793650793650794,"OPC"
"LRRC7-201","LRRC7",0.86056398776391,NA,0.243939157857465,0.344215270854104,-0.10027611299664,0.579206800446951,0.581300103346011,0.965921622826688,0.971798737999348,FALSE,0.245042457542458,"OPC"
"LRRC7-205","LRRC7",0.86056398776391,NA,0.132514574945454,0.184020602334411,-0.051506027388957,0.887080448242413,0.887046102728066,0.997032801402299,0.997941303677837,FALSE,0.00649350649350649,"OPC"
"LRRC7-214","LRRC7",0.86056398776391,NA,0.589397622132618,0.461170906472502,0.128226715660116,0.491459969847118,0.495424093073342,0.965921622826688,0.971798737999348,FALSE,0.748464035964036,"OPC"
"LRRK2-206","LRRK2",0.807812247489848,NA,0.557887717226767,0.544461663832251,0.0134260533945166,0.816152486030541,0.816646956905087,0.997032801402299,0.997941303677837,FALSE,0.346176046176046,"OPC"
"LRRK2-211","LRRK2",0.807812247489848,NA,0.100134106515177,0.0218116637617215,0.0783224427534556,0.396881669418925,0.401062251430618,0.938242192178951,0.948125234741681,FALSE,0.00757575757575758,"OPC"
"LRRK2-213","LRRK2",0.807812247489848,NA,0.106692607513473,0.0671735141885766,0.0395190933248963,0.887598353174058,0.887560111939669,0.997032801402299,0.997941303677837,FALSE,0.308982683982684,"OPC"
"LRRK2-217","LRRK2",0.807812247489848,NA,0.172804431658164,0.223361678417185,-0.050557246759021,0.866525677316098,0.866645632764231,0.997032801402299,0.997941303677837,FALSE,0.337265512265512,"OPC"
"LRRN3-201","LRRN3",0.545591987296628,NA,0.588049896062913,0.198890482573784,0.389159413489129,0.0616756159552709,0.0638155828644521,0.7523058841004,0.772090148960968,FALSE,0.326388888888889,"OPC"
"LRRN3-203","LRRN3",0.545591987296628,NA,0.411950103937087,0.801109517426216,-0.389159413489129,0.0616756159552709,0.0634981170594822,0.7523058841004,0.772090148960968,FALSE,0.673611111111111,"OPC"
"LUC7L3-202","LUC7L3",0.974500612736688,NA,0.107839593123102,0.118491976044797,-0.010652382921695,0.83044400041909,0.832565695225082,0.997032801402299,0.997941303677837,FALSE,0.149923711206337,"OPC"
"LUC7L3-208","LUC7L3",0.974500612736688,NA,0.846530742341481,0.787170496253705,0.0593602460877758,0.830444000419091,0.830832860430876,0.997032801402299,0.997941303677837,FALSE,0.850076288793663,"OPC"
"MACF1-203","MACF1",0.499042453587291,NA,0.0355770794066851,0.0815977509347958,-0.0460206715281107,0.431372673443703,0.434189914961241,0.949019881576147,0.955262758637665,FALSE,0.00761421319796954,"OPC"
"MACF1-205","MACF1",0.499042453587291,NA,0.0934928374107805,0.039663770376834,0.0538290670339465,0.255020968429159,0.25907796550508,0.936127748414361,0.945255426520104,FALSE,0,"OPC"
"MACF1-214","MACF1",0.499042453587291,NA,0.0906110061800476,0.0308889612887775,0.0597220448912701,0.744938046280023,0.745948005641379,0.997032801402299,0.997941303677837,FALSE,0.0444162436548223,"OPC"
"MACF1-223","MACF1",0.499042453587291,NA,0.232594153454331,0.106422900479088,0.126171252975243,0.20675255845139,0.210589535325699,0.931723628890955,0.945255426520104,FALSE,0.0695956764961557,"OPC"
"MACF1-225","MACF1",0.499042453587291,NA,0.0794790770101972,0.0523497905611378,0.0271292864490594,0.627275036545149,0.629076432015461,0.977089226845076,0.982324312692082,FALSE,0.00126903553299492,"OPC"
"MACF1-226","MACF1",0.499042453587291,NA,0.121985520912139,0.199621123808175,-0.0776356028960365,0.240952592213072,0.244056666981129,0.936127748414361,0.945255426520104,FALSE,0.298290067516744,"OPC"
"MACF1-247","MACF1",0.499042453587291,NA,0.122702461087205,0.294620151813632,-0.171917690726427,0.0772574010224627,0.0793178676353425,0.7523058841004,0.772090148960968,FALSE,0.0203757899098726,"OPC"
"MACF1-256","MACF1",0.499042453587291,NA,0.111263669368014,0.0707290235850709,0.0405346457829428,0.0320045492043248,0.0334095352054083,0.673114329207611,0.702525796630087,FALSE,0.558438973691441,"OPC"
"MAGED4-203","MAGED4",0.922524288657973,NA,0.619095881302531,0.581196618696619,0.0378992626059119,0.676096012711375,0.677580466014156,0.997032801402299,0.997941303677837,FALSE,0.822214285714286,"OPC"
"MAGED4-205","MAGED4",0.922524288657973,NA,0.277733511599222,0.261505133380133,0.0162283782190888,0.676096012711374,0.679206870477888,0.997032801402299,0.997941303677837,FALSE,0.177785714285714,"OPC"
"MAGED4B-201","MAGED4B",0.955096821148341,NA,0.543515822412881,0.617883215472681,-0.0743673930597998,0.900629631665292,0.90049326451212,0.997032801402299,0.997941303677837,FALSE,0.782607783307659,"OPC"
"MAGED4B-203","MAGED4B",0.955096821148341,NA,0.336475656696245,0.185828755225919,0.150646901470326,0.765612199032983,0.768171157780333,0.997032801402299,0.997941303677837,FALSE,0.108768317731169,"OPC"
"MAGED4B-211","MAGED4B",0.955096821148341,NA,0.0882552741376271,0.0891250884572231,-0.000869814319595971,0.956968076679632,0.956406267725167,0.997032801402299,0.997941303677837,FALSE,0.108623898961172,"OPC"
"MALAT1-201","MALAT1",0.864265432636998,NA,0.0204071106517691,0.0175693733836777,0.00283773726809136,0.851722060024537,0.853694861999224,0.997032801402299,0.997941303677837,FALSE,0,"OPC"
"MALAT1-202","MALAT1",0.864265432636998,NA,0.860042332972278,0.869276101922901,-0.00923376895062322,0.524662256020743,0.527057192936558,0.965921622826688,0.971798737999348,FALSE,0.995335332476558,"OPC"
"MALAT1-211","MALAT1",0.864265432636998,NA,0.0419372326779296,0.0910929146367294,-0.0491556819587998,0.502370013316697,0.506297758987236,0.965921622826688,0.971798737999348,FALSE,0.00466466752344233,"OPC"
"MAP1A-201","MAP1A",0.793573751955824,NA,0.928447135939396,0.752962264451235,0.175484871488161,0.313979180121653,0.318168145722675,0.936127748414361,0.945255426520104,FALSE,0.962121212121212,"OPC"
"MAP1A-202","MAP1A",0.793573751955824,NA,0.071552864060604,0.247037735548765,-0.175484871488161,0.313979180121652,0.317092413506863,0.936127748414361,0.945255426520104,FALSE,0.0378787878787879,"OPC"
"MARCHF6-201","MARCHF6",0.864812391649786,NA,0.243360235807507,0.453199404761905,-0.209839168954398,0.511367327236395,0.513830269573707,0.965921622826688,0.971798737999348,FALSE,0.477564102564103,"OPC"
"MARCHF6-210","MARCHF6",0.864812391649786,NA,0.754377320753579,0.544300595238095,0.210076725515484,0.511367327236395,0.515263508269165,0.965921622826688,0.971798737999348,FALSE,0.522435897435897,"OPC"
"MBP-202","MBP",0.77055641727952,NA,0.310032123820797,0.426442980247328,-0.116410856426531,0.24202981626694,0.245135438971399,0.936127748414361,0.945255426520104,FALSE,0.0997061843906892,"OPC"
"MBP-205","MBP",0.77055641727952,NA,0.224130238024428,0.168627012105273,0.0555032259191552,0.2472342661575,0.251263321180461,0.936127748414361,0.945255426520104,FALSE,0.190778880774887,"OPC"
"MBP-207","MBP",0.77055641727952,NA,0.313492324275405,0.17678886184321,0.136703462432195,0.673841153808576,0.676964975085538,0.997032801402299,0.997941303677837,FALSE,0.164498706830975,"OPC"
"MBP-220","MBP",0.77055641727952,NA,0.127671904813198,0.1688028090202,-0.0411309042070021,0.743118676497232,0.744141518959986,0.997032801402299,0.997941303677837,FALSE,0.545016228003449,"OPC"
"MCAM-201","MCAM",0.6172724692354,NA,0.58510977847956,0.58019037679863,0.00491940168092952,0.103367987027006,0.105746649508436,0.793846433791338,0.81414745088806,FALSE,0.852855631940772,"OPC"
"MCAM-208","MCAM",0.6172724692354,NA,0.411417999298218,0.392654450787577,0.0187635485106413,0.103367987027006,0.106226542086818,0.793846433791338,0.81414745088806,FALSE,0.147144368059228,"OPC"
"MDN1-201","MDN1",0.996483161604952,NA,0.451946273429809,0.638449520584276,-0.186503247154467,0.964896276610736,0.964274594477757,0.997032801402299,0.997941303677837,FALSE,0.559975961538462,"OPC"
"MDN1-220","MDN1",0.996483161604952,NA,0.344328792687203,0.252994476032135,0.091334316655068,0.964896276610736,0.96604531705023,0.997032801402299,0.997941303677837,FALSE,0.440024038461538,"OPC"
"MEG3-209","MEG3",0.886757932204148,NA,0.317501687827361,0.236163618141079,0.0813380696862815,0.775049858700846,0.7758443423786,0.997032801402299,0.997941303677837,FALSE,0.233715630966211,"OPC"
"MEG3-210","MEG3",0.886757932204148,NA,0.0547351233014051,0.0881531578298528,-0.0334180345284477,0.606538431429146,0.608468444575473,0.971816388079637,0.976084796506488,FALSE,0.171013475548038,"OPC"
"MEG3-220","MEG3",0.886757932204148,NA,0.586219038228144,0.659081264431067,-0.0728622262029228,0.620581580489233,0.623995817101039,0.97519962648308,0.98056485544449,FALSE,0.595270893485752,"OPC"
"MYCBP2-201","MYCBP2",0.996483161604952,NA,0.116427731383506,0.19012930569053,-0.0737015743070239,0.886059693430347,0.887787604382075,0.997032801402299,0.997941303677837,FALSE,0.666666666666667,"OPC"
"MYCBP2-207","MYCBP2",0.996483161604952,NA,0.387090633108636,0.282845430740839,0.104245202367797,0.886059693430347,0.886033025097225,0.997032801402299,0.997941303677837,FALSE,0.333333333333333,"OPC"
"MYH10-201","MYH10",0.996483161604952,NA,0.434482510953099,0.593833479667044,-0.159350968713945,0.941837337338965,0.943157620524913,0.997032801402299,0.997941303677837,FALSE,0.5,"OPC"
"MYH10-214","MYH10",0.996483161604952,NA,0.289633242574419,0.290279080675422,-0.000645838101003104,0.941837337338964,0.941389848759462,0.997032801402299,0.997941303677837,FALSE,0.5,"OPC"
"MYO18A-201","MYO18A",0.739903566359487,NA,0.459431238248724,0.487207792207792,-0.027776553959068,0.205044364784407,0.20806776753611,0.931723628890955,0.945255426520104,FALSE,0.724232456140351,"OPC"
"MYO18A-203","MYO18A",0.739903566359487,NA,0.532235428417942,0.512792207792208,0.0194432206257347,0.205044364784407,0.208871354051748,0.931723628890955,0.945255426520104,FALSE,0.275767543859649,"OPC"
"MYO6-201","MYO6",0.996483161604952,NA,0.300630517043191,0.287570028011204,0.0130604890319862,0.99222335683902,0.991395641208797,0.997032801402299,0.997941303677837,FALSE,0.463369963369963,"OPC"
"MYO6-216","MYO6",0.996483161604952,NA,0.614707266305732,0.445545849918915,0.169161416386817,0.99222335683902,0.993167970835115,0.997032801402299,0.997941303677837,FALSE,0.536630036630037,"OPC"
"N4BP2L2-222","N4BP2L2",0.807838169907471,NA,0.245370204238306,0.164979255333477,0.0803909489048287,0.683010060619324,0.686080853012983,0.997032801402299,0.997941303677837,FALSE,0.31878545524601,"OPC"
"N4BP2L2-229","N4BP2L2",0.807838169907471,NA,0.419460584493486,0.411770415191566,0.0076901693019199,0.705247529127804,0.708186346169848,0.997032801402299,0.997941303677837,FALSE,0.378596291176249,"OPC"
"N4BP2L2-237","N4BP2L2",0.807838169907471,NA,0.149870720185799,0.226103509766486,-0.0762327895806872,0.400406745084573,0.403331641714761,0.942442076858448,0.949326440542604,FALSE,0.225430604694997,"OPC"
"N4BP2L2-245","N4BP2L2",0.807838169907471,NA,0.068851058236997,0.1207314352154,-0.0518803769784034,0.737167987175042,0.738232850522881,0.997032801402299,0.997941303677837,FALSE,0.0771876488827448,"OPC"
"NAP1L4-201","NAP1L4",0.807812247489848,NA,0.427903038319705,0.271127097415757,0.156775940903948,0.382212467574997,0.38519161536777,0.936127748414361,0.945255426520104,FALSE,0.214285714285714,"OPC"
"NAP1L4-222","NAP1L4",0.807812247489848,NA,0.572096961680295,0.717883891595232,-0.145786929914937,0.382212467574996,0.386408473375866,0.936127748414361,0.945255426520104,FALSE,0.785714285714286,"OPC"
"NCAM1-201","NCAM1",0.499042453587291,NA,0.468356607130481,0.476314891789497,-0.00795828465901649,0.299747060331755,0.303916075896772,0.936127748414361,0.945255426520104,FALSE,0.421705131041037,"OPC"
"NCAM1-202","NCAM1",0.499042453587291,NA,0.142178446009977,0.0773497168348174,0.0648287291751594,0.073910715589204,0.0762911432450283,0.7523058841004,0.772090148960968,FALSE,0.187426778414072,"OPC"
"NCAM1-213","NCAM1",0.499042453587291,NA,0.151468588191171,0.122016457372096,0.0294521308190749,0.77814734445703,0.778919438600505,0.997032801402299,0.997941303677837,FALSE,0.0114942528735632,"OPC"
"NCAM1-225","NCAM1",0.499042453587291,NA,0.141072969557483,0.286858477793134,-0.145785508235651,0.0477344955605235,0.0493036546655658,0.735111231632061,0.759276281849714,FALSE,0.379373837671328,"OPC"
"NCOR1-205","NCOR1",0.996483161604952,NA,0.229104821920146,0.315812879205736,-0.0867080572855908,0.963352062989759,0.964512610876448,0.997032801402299,0.997941303677837,FALSE,0.458333333333333,"OPC"
"NCOR1-208","NCOR1",0.996483161604952,NA,0.319721671429497,0.341776981062695,-0.0220553096331982,0.963352062989759,0.96274204028672,0.997032801402299,0.997941303677837,FALSE,0.541666666666667,"OPC"
"NFE2L2-201","NFE2L2",0.985860107090759,NA,0.298776121519474,0.376295241234266,-0.0775191197147916,0.852983310048091,0.853204526643153,0.997032801402299,0.997941303677837,FALSE,0.314829931972789,"OPC"
"NFE2L2-202","NFE2L2",0.985860107090759,NA,0.333839702504464,0.32915097152902,0.00468873097544353,0.852983310048091,0.854947213799093,0.997032801402299,0.997941303677837,FALSE,0.685170068027211,"OPC"
"NKTR-202","NKTR",0.807812247489848,NA,0.0722737196594724,0.255774476789254,-0.183500757129782,0.348420204383892,0.351480420756717,0.936127748414361,0.945255426520104,FALSE,0.214285714285714,"OPC"
"NKTR-211","NKTR",0.807812247489848,NA,0.478152340387667,0.490722826949888,-0.0125704865622209,0.348420204383892,0.352629916649795,0.936127748414361,0.945255426520104,FALSE,0.785714285714286,"OPC"
"NRCAM-201","NRCAM",0.77055641727952,NA,0.934106026267138,0.95346876781636,-0.0193627415492215,0.234192551531048,0.238168601825432,0.936127748414361,0.945255426520104,FALSE,0.966386725089257,"OPC"
"NRCAM-203","NRCAM",0.77055641727952,NA,0.0608992914441563,0.0401327262288306,0.0207665652153258,0.234192551531047,0.237285813183855,0.936127748414361,0.945255426520104,FALSE,0.0336132749107433,"OPC"
"NTRK3-201","NTRK3",0.955096821148341,NA,0.377478795502551,0.156623931623932,0.22085486387862,0.773607538861074,0.774412434615966,0.997032801402299,0.997941303677837,FALSE,0.519230769230769,"OPC"
"NTRK3-209","NTRK3",0.955096821148341,NA,0.210757787142337,0.385565557374068,-0.174807770231731,0.773607538861075,0.776114065753222,0.997032801402299,0.997941303677837,FALSE,0.480769230769231,"OPC"
"NUP210-201","NUP210",0.824327495326192,NA,0.35764557521023,0.169159077683639,0.188486497526591,0.427485125219015,0.431616711345333,0.949019881576147,0.955262758637665,FALSE,0.0695200713351167,"OPC"
"NUP210-202","NUP210",0.824327495326192,NA,0.510274698960044,0.700170821963424,-0.189896123003381,0.427485125219015,0.430316881883443,0.949019881576147,0.955262758637665,FALSE,0.930479928664883,"OPC"
"OGT-210","OGT",0.955096821148341,NA,0.60048067404081,0.574251260051134,0.0262294139896754,0.779746958550245,0.780507475006586,0.997032801402299,0.997941303677837,FALSE,0.938144329896907,"OPC"
"OGT-215","OGT",0.955096821148341,NA,0.337321482394887,0.35620025573612,-0.0188787733412329,0.779746958550246,0.782212918975527,0.997032801402299,0.997941303677837,FALSE,0.0618556701030928,"OPC"
"OMG-201","OMG",0.996483161604952,NA,0.782118736596328,0.727787129195941,0.054331607400387,0.982780518308412,0.982023920987363,0.997032801402299,0.997941303677837,FALSE,0.879878267096312,"OPC"
"OMG-203","OMG",0.996483161604952,NA,0.217881263403672,0.272212870804059,-0.054331607400387,0.982780518308412,0.983795926946742,0.997032801402299,0.997941303677837,FALSE,0.120121732903688,"OPC"
"OPHN1-209","OPHN1",0.890410333463761,NA,0.346518160121301,0.282053187434564,0.0644649726867372,0.619415884148703,0.622836116894948,0.97519962648308,0.98056485544449,FALSE,0.148718280511759,"OPC"
"OPHN1-212","OPHN1",0.890410333463761,NA,0.525821016322423,0.614767974216134,-0.0889469578937113,0.619415884148703,0.621266480416144,0.97519962648308,0.98056485544449,FALSE,0.851281719488241,"OPC"
"PCDH11X-201","PCDH11X",0.739903566359487,NA,0.849902181587061,0.92163370645957,-0.0717315248725091,0.191110424323452,0.194085784198603,0.931723628890955,0.945255426520104,FALSE,0.690222974141745,"OPC"
"PCDH11X-209","PCDH11X",0.739903566359487,NA,0.143771493346843,0.0759853411594779,0.0677861521873656,0.191110424323452,0.194849637073267,0.931723628890955,0.945255426520104,FALSE,0.309777025858255,"OPC"
"PCDH9-201","PCDH9",0.886757932204148,NA,0.716122322297955,0.48818147253078,0.227940849767175,0.593424607772979,0.595433892567609,0.969260192695866,0.975057809409079,FALSE,0.555555555555556,"OPC"
"PCDH9-204","PCDH9",0.886757932204148,NA,0.283877677702045,0.51181852746922,-0.227940849767175,0.593424607772979,0.596974169025967,0.969260192695866,0.975057809409079,FALSE,0.444444444444444,"OPC"
"PCDHGC3-201","PCDHGC3",0.996483161604952,NA,0.239458227347446,0.2168594370291,0.0225987903183464,0.960821215045876,0.960230303876717,0.997032801402299,0.997941303677837,FALSE,0.12487216424646,"OPC"
"PCDHGC3-202","PCDHGC3",0.996483161604952,NA,0.752752245528029,0.771170643675229,-0.0184183981472001,0.960821215045875,0.962000611220741,0.997032801402299,0.997941303677837,FALSE,0.87512783575354,"OPC"
"PCNT-205","PCNT",0.6172724692354,NA,0.208330412585653,0.740690753045404,-0.532360340459752,0.102677281463793,0.105048611111143,0.793846433791338,0.81414745088806,FALSE,0.197916666666667,"OPC"
"PCNT-209","PCNT",0.6172724692354,NA,0.5431884575227,0.215658453303802,0.327530004218898,0.102677281463793,0.105525990091386,0.793846433791338,0.81414745088806,FALSE,0.802083333333333,"OPC"
"PDE12-201","PDE12",0.853128860919787,NA,0.56839393981624,0.473996598034278,0.0943973417819622,0.467479132059875,0.471515554443422,0.965921622826688,0.971798737999348,FALSE,0.518568196509373,"OPC"
"PDE12-202","PDE12",0.853128860919787,NA,0.43160606018376,0.526003401965722,-0.0943973417819622,0.467479132059875,0.470148948333357,0.965921622826688,0.971798737999348,FALSE,0.481431803490627,"OPC"
"PEAK1-202","PEAK1",0.807812247489848,NA,0.458237510385435,0.433024422864109,0.0252130875213261,0.369527086885747,0.373731924454103,0.936127748414361,0.945255426520104,FALSE,0.666666666666667,"OPC"
"PEAK1-213","PEAK1",0.807812247489848,NA,0.380047718816602,0.309132979447393,0.0709147393692088,0.369527086885747,0.372539791671049,0.936127748414361,0.945255426520104,FALSE,0.333333333333333,"OPC"
"PHF3-201","PHF3",0.412723669329846,NA,0.424067511790842,0.575267895506193,-0.151200383715351,0.0203094222906918,0.0212085043063725,0.546200327497813,0.572655914203925,FALSE,0.27309364548495,"OPC"
"PHF3-202","PHF3",0.412723669329846,NA,0.0878603348609944,0.0710777180522363,0.0167826168087581,0.474874132960463,0.477511105465592,0.965921622826688,0.971798737999348,FALSE,0.0367725752508361,"OPC"
"PHF3-204","PHF3",0.412723669329846,NA,0.384991463212204,0.288320378276628,0.0966710849355759,0.00717780294486688,0.00764942855979809,0.546200327497813,0.572655914203925,FALSE,0.568946488294314,"OPC"
"PHF3-208","PHF3",0.412723669329846,NA,0.0381148879682172,0.0182628205982484,0.0198520673699688,0.0752264167822769,0.0776310457455246,0.7523058841004,0.772090148960968,FALSE,0.0961538461538462,"OPC"
"PHF3-209","PHF3",0.412723669329846,NA,0.0513664388380211,0.0436500240798184,0.00771641475820273,0.507988492862334,0.510468342477418,0.965921622826688,0.971798737999348,FALSE,0.0250334448160535,"OPC"
"PHIP-201","PHIP",0.446722283930647,NA,0.589194543691638,0.549780326827286,0.0394142168643525,0.365101916541011,0.369308813735569,0.936127748414361,0.945255426520104,FALSE,0.811704758655978,"OPC"
"PHIP-202","PHIP",0.446722283930647,NA,0.0377674618789966,0.135267717889842,-0.0975002560108455,0.0157982606174246,0.0165518383529637,0.546200327497813,0.572655914203925,FALSE,0,"OPC"
"PHIP-203","PHIP",0.446722283930647,NA,0.236737630011602,0.22357218892044,0.0131654410911623,0.894890408773058,0.896554521877948,0.997032801402299,0.997941303677837,FALSE,0.0942350332594235,"OPC"
"PHIP-206","PHIP",0.446722283930647,NA,0.0710326926038687,0.0441827318600089,0.0268499607438599,0.988377630670914,0.987578867260753,0.997032801402299,0.997941303677837,FALSE,0.0940602080845983,"OPC"
"PLAT-201","PLAT",0.446722283930647,NA,0.636970380985526,0.606959640521636,0.03001074046389,0.0183359906549875,0.0192876554436259,0.546200327497813,0.572655914203925,FALSE,0.770281666385563,"OPC"
"PLAT-216","PLAT",0.446722283930647,NA,0.181371668309324,0.117499933214009,0.0638717350953149,0.0183359906549876,0.0191732354398113,0.546200327497813,0.572655914203925,FALSE,0.229718333614438,"OPC"
"PLEKHH2-201","PLEKHH2",0.834859882432911,NA,0.885372136452645,0.819699547695337,0.0656725887573086,0.450098371398613,0.454180231775245,0.955130008597844,0.963791909160854,FALSE,0.864583333333333,"OPC"
"PLEKHH2-202","PLEKHH2",0.834859882432911,NA,0.10055531016937,0.144913489300283,-0.0443581791309134,0.450098371398613,0.452841917896833,0.955130008597844,0.963791909160854,FALSE,0.135416666666667,"OPC"
"PMP22-215","PMP22",0.886757932204148,NA,0.403966563315303,0.483889399112445,-0.0799228357971419,0.611824374985394,0.613721973168988,0.971816388079637,0.977290156702965,FALSE,0.795431976166832,"OPC"
"PMP22-223","PMP22",0.886757932204148,NA,0.350641328792589,0.269272428999082,0.0813688997935077,0.611824374985394,0.615283253926155,0.971816388079637,0.977290156702965,FALSE,0.204568023833168,"OPC"
"PNISR-201","PNISR",0.807812247489848,NA,0.435966688230138,0.543990286054084,-0.108023597823946,0.485605680167608,0.488193492621235,0.965921622826688,0.971798737999348,FALSE,0.597227163080822,"OPC"
"PNISR-202","PNISR",0.807812247489848,NA,0.292340091054022,0.242614014763066,0.0497260762909555,0.347111556484549,0.351321149354249,0.936127748414361,0.945255426520104,FALSE,0.293251057885204,"OPC"
"PNISR-205","PNISR",0.807812247489848,NA,0.123679460008479,0.0877001990943346,0.0359792609141446,0.932088072436514,0.931714251049348,0.997032801402299,0.997941303677837,FALSE,0.0443722943722944,"OPC"
"PNISR-207","PNISR",0.807812247489848,NA,0.0851940567771052,0.0710897390208448,0.0141043177562604,0.913734330219812,0.91526131755695,0.997032801402299,0.997941303677837,FALSE,0.0651494846616798,"OPC"
"POMGNT1-201","POMGNT1",0.634117253619915,NA,0.284397569698694,0.327027720660527,-0.0426301509618333,0.129580482261461,0.132201452181384,0.812138138824737,0.832147738985578,FALSE,0.633348353912931,"OPC"
"POMGNT1-214","POMGNT1",0.634117253619915,NA,0.298281861993177,0.194204399482883,0.104077462510295,0.129580482261461,0.132773108632207,0.812138138824737,0.832147738985578,FALSE,0.366651646087069,"OPC"
"POR-201","POR",0.77055641727952,NA,0.248204069956688,0.197356262092466,0.050847807864222,0.251268396938974,0.255312264469877,0.936127748414361,0.945255426520104,FALSE,0.235120062517761,"OPC"
"POR-218","POR",0.77055641727952,NA,0.70903350548586,0.796691356955153,-0.0876578514692929,0.251268396938974,0.254385375730877,0.936127748414361,0.945255426520104,FALSE,0.764879937482239,"OPC"
"PPIG-205","PPIG",0.996483161604952,NA,0.392839365589593,0.262210344324706,0.130629021264887,0.892608156472039,0.892532213972789,0.997032801402299,0.997941303677837,FALSE,0.477777777777778,"OPC"
"PPIG-217","PPIG",0.996483161604952,NA,0.290363541410401,0.247193918669982,0.0431696227404183,0.892608156472039,0.894288787370264,0.997032801402299,0.997941303677837,FALSE,0.522222222222222,"OPC"
"PPM1B-201","PPM1B",0.886757932204148,NA,0.497052036251217,0.691780611545317,-0.194728575294101,0.565009536838722,0.567184625249139,0.965921622826688,0.971798737999348,FALSE,0.689792008757526,"OPC"
"PPM1B-207","PPM1B",0.886757932204148,NA,0.417845283623479,0.239534622240505,0.178310661382974,0.565009536838722,0.568690341414323,0.965921622826688,0.971798737999348,FALSE,0.310207991242474,"OPC"
"PPM1K-208","PPM1K",0.886757932204148,NA,0.326837050745176,0.357297930876575,-0.030460880131399,0.72056886660237,0.721749959129778,0.997032801402299,0.997941303677837,FALSE,0.386095825426945,"OPC"
"PPM1K-209","PPM1K",0.886757932204148,NA,0.408561763612915,0.39908753830724,0.00947422530567482,0.807272768733087,0.8095537688896,0.997032801402299,0.997941303677837,FALSE,0.406404174573055,"OPC"
"PPM1K-210","PPM1K",0.886757932204148,NA,0.262678108718833,0.233197864149519,0.029480244569314,0.613019614001998,0.616472455063095,0.971816388079637,0.977290156702965,FALSE,0.2075,"OPC"
"PRKDC-202","PRKDC",0.739903566359487,NA,0.448960809685735,0.533225254095091,-0.0842644444093562,0.212320153824896,0.216188558325784,0.931723628890955,0.945255426520104,FALSE,0.508527131782946,"OPC"
"PRKDC-212","PRKDC",0.739903566359487,NA,0.393309205506211,0.419691509991885,-0.0263823044856748,0.212320153824896,0.215364718180081,0.931723628890955,0.945255426520104,FALSE,0.491472868217054,"OPC"
"PRNP-201","PRNP",0.886757932204148,NA,0.561409785866308,0.559643852316266,0.00176593355004151,0.578607200259392,0.582226579768966,0.965921622826688,0.971798737999348,FALSE,0.665235493104346,"OPC"
"PRNP-203","PRNP",0.886757932204148,NA,0.242352936918154,0.093521421107628,0.148831515810526,0.578607200259392,0.58070400072885,0.965921622826688,0.971798737999348,FALSE,0.334764506895654,"OPC"
"PTPRG-201","PTPRG",0.564375117290114,NA,0.272959365264258,0.433925865455936,-0.160966500191679,0.07116034087571,0.0731326464405006,0.7523058841004,0.772090148960968,FALSE,0.1,"OPC"
"PTPRG-203","PTPRG",0.564375117290114,NA,0.465103779285492,0.458350476333967,0.00675330295152465,0.07116034087571,0.0734891883377115,0.7523058841004,0.772090148960968,FALSE,0.9,"OPC"
"PTPRZ1-201","PTPRZ1",0.57181876974468,NA,0.633702596002538,0.696432438945858,-0.0627298429433206,0.1088184887891,0.111752734327291,0.793846433791338,0.81414745088806,FALSE,0.692751404873066,"OPC"
"PTPRZ1-213","PTPRZ1",0.57181876974468,NA,0.220220900949319,0.167202793973766,0.0530181069755524,0.364351055937009,0.367376397157059,0.936127748414361,0.945255426520104,FALSE,0.188562753300057,"OPC"
"PTPRZ1-220","PTPRZ1",0.57181876974468,NA,0.0417279304324256,0.0916212564438896,-0.0498933260114639,0.0795573940514338,0.0816496075895644,0.7523058841004,0.772090148960968,FALSE,0.118685841826877,"OPC"
"RAB3IP-201","RAB3IP",0.807812247489848,NA,0.508624206123036,0.564231295935214,-0.0556070898121782,0.382400873590173,0.38659671618009,0.936127748414361,0.945255426520104,FALSE,0.878607809847199,"OPC"
"RAB3IP-204","RAB3IP",0.807812247489848,NA,0.339947513690682,0.373624780177724,-0.0336772664870418,0.382400873590172,0.385379495938812,0.936127748414361,0.945255426520104,FALSE,0.121392190152801,"OPC"
"RAB6A-201","RAB6A",0.773367814677744,NA,0.4501058387012,0.466463927847991,-0.0163580891467917,0.262109668182678,0.265235743086775,0.936127748414361,0.945255426520104,FALSE,0.422131147540984,"OPC"
"RAB6A-202","RAB6A",0.773367814677744,NA,0.332774232258768,0.495995114833143,-0.163220882574375,0.262109668182678,0.266189799844369,0.936127748414361,0.945255426520104,FALSE,0.577868852459016,"OPC"
"RASSF4-201","RASSF4",0.807812247489848,NA,0.384165544033563,0.293141220087631,0.0910243239459324,0.349980440607401,0.354190229310316,0.936127748414361,0.945255426520104,FALSE,0.196961796190408,"OPC"
"RASSF4-211","RASSF4",0.807812247489848,NA,0.609814043393952,0.70314404818249,-0.093330004788538,0.349980440607402,0.353037516397325,0.936127748414361,0.945255426520104,FALSE,0.803038203809592,"OPC"
"RBL2-201","RBL2",0.804036621418284,NA,0.212166780587833,0.514957172764482,-0.302790392176648,0.329044568063014,0.332138563120218,0.936127748414361,0.945255426520104,FALSE,0.756425120772947,"OPC"
"RBL2-209","RBL2",0.804036621418284,NA,0.787833219412167,0.485042827235518,0.302790392176648,0.329044568063014,0.333247218072309,0.936127748414361,0.945255426520104,FALSE,0.243574879227053,"OPC"
"RBM25-201","RBM25",0.6172724692354,NA,0.189143513750986,0.262460060531312,-0.0733165467803253,0.251193673485393,0.25431057397808,0.936127748414361,0.945255426520104,FALSE,0.319069930515714,"OPC"
"RBM25-203","RBM25",0.6172724692354,NA,0.23876925326099,0.299834612526664,-0.0610653592656742,0.493435297342951,0.495986159582742,0.965921622826688,0.971798737999348,FALSE,0.184866449926691,"OPC"
"RBM25-212","RBM25",0.6172724692354,NA,0.511064862831579,0.377407085406817,0.133657777424763,0.0943024092827227,0.0970269275185744,0.793846433791338,0.81414745088806,FALSE,0.496063619557595,"OPC"
"RBM39-201","RBM39",0.89862168490655,NA,0.115693751032997,0.10379238411292,0.0119013669200772,0.629035179434585,0.630825482055899,0.977089226845076,0.982324312692082,FALSE,0,"OPC"
"RBM39-223","RBM39",0.89862168490655,NA,0.751194974533343,0.804127974620757,-0.0529330000874138,0.629035179434585,0.632405448059652,0.977089226845076,0.982324312692082,FALSE,1,"OPC"
"RBM5-201","RBM5",0.955096821148341,NA,0.290465565389721,0.361434946632315,-0.0709693812425941,0.762152571279776,0.764734074847484,0.997032801402299,0.997941303677837,FALSE,0.497549019607843,"OPC"
"RBM5-214","RBM5",0.955096821148341,NA,0.633178744999011,0.467320535823825,0.165858209175186,0.762152571279776,0.76303984648718,0.997032801402299,0.997941303677837,FALSE,0.502450980392157,"OPC"
"RBMX-207","RBMX",0.446722283930647,NA,0.734072235532851,0.591701358182707,0.142370877350144,0.0233072495963816,0.0244361521830989,0.546200327497813,0.572655914203925,FALSE,0.692017259978425,"OPC"
"RBMX-212","RBMX",0.446722283930647,NA,0.158221519385636,0.295031139054633,-0.136809619668997,0.0233072495963816,0.0242955556265395,0.546200327497813,0.572655914203925,FALSE,0.307982740021575,"OPC"
"RGS7-223","RGS7",0.886757932204148,NA,0.338755219718456,0.277359952708909,0.0613952670095467,0.576472544865292,0.578581766473053,0.965921622826688,0.971798737999348,FALSE,0.03,"OPC"
"RGS7-251","RGS7",0.886757932204148,NA,0.629771867229684,0.64362607660822,-0.0138542093785358,0.576472544865291,0.580101737860744,0.965921622826688,0.971798737999348,FALSE,0.97,"OPC"
"RIMKLB-202","RIMKLB",0.6172724692354,NA,0.176726368353727,0.109423637463565,0.067302730890162,0.11579519784116,0.1188213481838,0.793846433791338,0.81414745088806,FALSE,0.0724358974358974,"OPC"
"RIMKLB-205","RIMKLB",0.6172724692354,NA,0.790603177100819,0.8712781169224,-0.0806749398215814,0.11579519784116,0.118297097454895,0.793846433791338,0.81414745088806,FALSE,0.927564102564103,"OPC"
"RNPC3-201","RNPC3",0.739903566359487,NA,0.304933345885539,0.370338203463203,-0.065404857577664,0.207164577638504,0.210194416195099,0.931723628890955,0.945255426520104,FALSE,0.446428571428571,"OPC"
"RNPC3-202","RNPC3",0.739903566359487,NA,0.282356114823162,0.130359848484848,0.151996266338313,0.28620792527385,0.290351246024492,0.936127748414361,0.945255426520104,FALSE,0.192857142857143,"OPC"
"RNPC3-208","RNPC3",0.739903566359487,NA,0.347426837485858,0.345776515151515,0.00165032233434259,0.896480739369763,0.89813333053763,0.997032801402299,0.997941303677837,FALSE,0.360714285714286,"OPC"
"RPL13-201","RPL13",0.807812247489848,NA,0.31832911715401,0.253797448466566,0.0645316686874435,0.997032801402299,0.997941303677837,0.997032801402299,0.997941303677837,FALSE,0.569004524886878,"OPC"
"RPL13-202","RPL13",0.807812247489848,NA,0.301644565911365,0.298945315305609,0.00269925060575554,0.438346558386686,0.441137075455061,0.955130008597844,0.963791909160854,FALSE,0.105260180995475,"OPC"
"RPL13-212","RPL13",0.807812247489848,NA,0.361823927663054,0.447257236227824,-0.0854333085647707,0.358116200651632,0.362325242200278,0.936127748414361,0.945255426520104,FALSE,0.325735294117647,"OPC"
"RPN2-201","RPN2",0.499042453587291,NA,0.519543663749946,0.699518140589569,-0.179974476839624,0.032469336844894,0.0337017323902473,0.673114329207611,0.702525796630087,FALSE,0.453676470588235,"OPC"
"RPN2-209","RPN2",0.499042453587291,NA,0.382882998439026,0.293339002267574,0.0895439961714519,0.032469336844894,0.0338880718226016,0.673114329207611,0.702525796630087,FALSE,0.546323529411765,"OPC"
"RRP7BP-202","RRP7BP",0.886757932204148,NA,0.730506547913863,0.691624309792083,0.0388822381217799,0.540268616434002,0.544054314932595,0.965921622826688,0.971798737999348,FALSE,0.678057653241477,"OPC"
"RRP7BP-205","RRP7BP",0.886757932204148,NA,0.249497139377207,0.2938127516719,-0.0443156122946931,0.540268616434002,0.542580832311791,0.965921622826688,0.971798737999348,FALSE,0.321942346758523,"OPC"
"RSRC2-201","RSRC2",0.931827627166655,NA,0.657617443930865,0.549007936507937,0.108609507422928,0.695316860848279,0.696671742834148,0.997032801402299,0.997941303677837,FALSE,0.419857357357357,"OPC"
"RSRC2-214","RSRC2",0.931827627166655,NA,0.262500899264402,0.450992063492063,-0.188491164227662,0.695316860848278,0.698315188920978,0.997032801402299,0.997941303677837,FALSE,0.580142642642643,"OPC"
"SARAF-201","SARAF",0.996483161604952,NA,0.624007930021254,0.663903156033415,-0.0398952260121611,0.916327011167157,0.916072230063553,0.997032801402299,0.997941303677837,FALSE,0.740282173966385,"OPC"
"SARAF-203","SARAF",0.996483161604952,NA,0.262021512459801,0.19505572496497,0.0669657874948311,0.916327011167156,0.917835033371462,0.997032801402299,0.997941303677837,FALSE,0.259717826033615,"OPC"
"SCAPER-201","SCAPER",0.6172724692354,NA,0.135312980079986,0.148073672692604,-0.0127606926126186,0.178134000562375,0.181055090969022,0.931723628890955,0.945255426520104,FALSE,0.230157240573907,"OPC"
"SCAPER-207","SCAPER",0.6172724692354,NA,0.564832291821965,0.543983958892117,0.0208483329298482,0.117353250138721,0.120399195544161,0.793846433791338,0.81414745088806,FALSE,0.481142600934268,"OPC"
"SCAPER-212","SCAPER",0.6172724692354,NA,0.266766051470703,0.285812723917128,-0.0190466724464244,0.371517841710248,0.374525521141911,0.936127748414361,0.945255426520104,FALSE,0.288700158491825,"OPC"
"SCN1A-209","SCN1A",0.886757932204148,NA,0.378627748931863,0.239735553769792,0.138892195162072,0.5752458819413,0.577362219480669,0.965921622826688,0.971798737999348,FALSE,0.360507246376812,"OPC"
"SCN1A-215","SCN1A",0.886757932204148,NA,0.154984540404934,0.047303450789095,0.107681089615839,0.575245881941301,0.578880685748571,0.965921622826688,0.971798737999348,FALSE,0.639492753623188,"OPC"
"SEPTIN7-202","SEPTIN7",0.974500612736688,NA,0.648585473607062,0.641456000202326,0.00712947340473546,0.829601417153268,0.829996519551516,0.997032801402299,0.997941303677837,FALSE,0.841523628761622,"OPC"
"SEPTIN7-218","SEPTIN7",0.974500612736688,NA,0.182131976057056,0.168004824959729,0.0141271510973276,0.829601417153267,0.831728958422522,0.997032801402299,0.997941303677837,FALSE,0.158476371238378,"OPC"
"SERPINE2-202","SERPINE2",0.931827627166655,NA,0.717348607554592,0.808270083156821,-0.0909214756022292,0.732832656918729,0.733928019439278,0.997032801402299,0.997941303677837,FALSE,0.928472222222222,"OPC"
"SERPINE2-208","SERPINE2",0.931827627166655,NA,0.159725518712096,0.139306797677885,0.020418721034211,0.732832656918729,0.735601575687349,0.997032801402299,0.997941303677837,FALSE,0.0715277777777778,"OPC"
"SF3B1-201","SF3B1",0.77055641727952,NA,0.129989219699273,0.15557559417512,-0.0255863744758468,0.248382147820231,0.251495943397668,0.936127748414361,0.945255426520104,FALSE,0.134298340548341,"OPC"
"SF3B1-208","SF3B1",0.77055641727952,NA,0.738201299434197,0.70749067167298,0.0307106277612176,0.333871054025614,0.338076543454558,0.936127748414361,0.945255426520104,FALSE,0.768912337662338,"OPC"
"SF3B1-211","SF3B1",0.77055641727952,NA,0.100689310121389,0.101397441178076,-0.000708131056687697,0.96451155544616,0.965663463312179,0.997032801402299,0.997941303677837,FALSE,0.0967893217893218,"OPC"
"SGK1-201","SGK1",0.79201750545579,NA,0.671736783188788,0.601316070729296,0.070420712459492,0.600729831856402,0.602695161894531,0.97108799211831,0.976084796506488,FALSE,0.698426892353689,"OPC"
"SGK1-204","SGK1",0.79201750545579,NA,0.116653268225097,0.266966767949594,-0.150313499724497,0.276478283661815,0.280598874821725,0.936127748414361,0.945255426520104,FALSE,0.0550912333201588,"OPC"
"SGK1-205","SGK1",0.79201750545579,NA,0.172507088703712,0.0749907729099952,0.0975163157937171,0.896002477858663,0.895900974756606,0.997032801402299,0.997941303677837,FALSE,0.246481874326152,"OPC"
"SGTA-201","SGTA",0.564375117290114,NA,0.426441151441151,0.466285982478098,-0.0398448310369462,0.0707987000540296,0.0727655858250398,0.7523058841004,0.772090148960968,FALSE,0.803418803418803,"OPC"
"SGTA-214","SGTA",0.564375117290114,NA,0.55906609493566,0.253383135168961,0.305682959766699,0.0707987000540296,0.0731206636088802,0.7523058841004,0.772090148960968,FALSE,0.196581196581197,"OPC"
"SHPRH-202","SHPRH",0.739903566359487,NA,0.817968054799158,0.596739518419358,0.221228536379801,0.209114000061169,0.212964515407872,0.931723628890955,0.945255426520104,FALSE,0.764102564102564,"OPC"
"SHPRH-204","SHPRH",0.739903566359487,NA,0.0809058277285702,0.303335410078523,-0.222429582349953,0.20911400006117,0.212149559413072,0.931723628890955,0.945255426520104,FALSE,0.235897435897436,"OPC"
"SILC1-213","SILC1",0.79201750545579,NA,0.390573870573871,0.37504719288122,0.0155266776926506,0.30068557361521,0.303810318658051,0.936127748414361,0.945255426520104,FALSE,0.22253320683112,"OPC"
"SILC1-214","SILC1",0.79201750545579,NA,0.555946275946276,0.586869603386276,-0.0309233274400001,0.300685573615211,0.304856123102981,0.936127748414361,0.945255426520104,FALSE,0.77746679316888,"OPC"
"SIPA1L1-201","SIPA1L1",0.853128860919787,NA,0.636400573889088,0.728999522634609,-0.0925989487455212,0.478494013298489,0.481114599023544,0.965921622826688,0.971798737999348,FALSE,0.87213860850757,"OPC"
"SIPA1L1-202","SIPA1L1",0.853128860919787,NA,0.3481263933965,0.249452691350564,0.098673702045936,0.47849401329849,0.482498568422001,0.965921622826688,0.971798737999348,FALSE,0.12786139149243,"OPC"
"SLC1A2-201","SLC1A2",0.996483161604952,NA,0.744723824829627,0.8163081694811,-0.071584344651473,0.92265207760853,0.924113739194152,0.997032801402299,0.997941303677837,FALSE,0.817642889533991,"OPC"
"SLC1A2-221","SLC1A2",0.996483161604952,NA,0.170572126755158,0.111254054503891,0.0593180722512671,0.922652077608531,0.922349536870273,0.997032801402299,0.997941303677837,FALSE,0.182357110466009,"OPC"
"SLC1A3-201","SLC1A3",0.807812247489848,NA,0.135213292723876,0.183124948976221,-0.0479116562523449,0.372163655439838,0.375169685096226,0.936127748414361,0.945255426520104,FALSE,0.270514978848312,"OPC"
"SLC1A3-253","SLC1A3",0.807812247489848,NA,0.64169128398771,0.772574947052537,-0.130883663064827,0.372163655439838,0.37636701168563,0.936127748414361,0.945255426520104,FALSE,0.729485021151688,"OPC"
"SLC24A2-201","SLC24A2",0.95936140135695,NA,0.486867364882974,0.555357142857143,-0.0684897779741691,0.794015844729357,0.794672646613399,0.997032801402299,0.997941303677837,FALSE,0.375,"OPC"
"SLC24A2-202","SLC24A2",0.95936140135695,NA,0.513132635117026,0.444642857142857,0.0684897779741691,0.794015844729357,0.796386536612851,0.997032801402299,0.997941303677837,FALSE,0.625,"OPC"
"SLITRK3-201","SLITRK3",0.793573751955824,NA,0.595466446665811,0.280842105263158,0.314624341402653,0.313112794753888,0.317300745122105,0.936127748414361,0.945255426520104,FALSE,0.319088319088319,"OPC"
"SLITRK3-202","SLITRK3",0.793573751955824,NA,0.404533553334189,0.719157894736842,-0.314624341402653,0.313112794753888,0.316226938055104,0.936127748414361,0.945255426520104,FALSE,0.680911680911681,"OPC"
"SMC1A-201","SMC1A",0.564375117290114,NA,0.89993294348859,0.971708803150484,-0.0717758596618939,0.0684119536698526,0.0703425102544715,0.7523058841004,0.772090148960968,FALSE,1,"OPC"
"SMC1A-202","SMC1A",0.564375117290114,NA,0.10006705651141,0.0282911968495161,0.0717758596618939,0.0684119536698523,0.0706878753636844,0.7523058841004,0.772090148960968,FALSE,0,"OPC"
"SMOC1-201","SMOC1",0.79201750545579,NA,0.407188425972827,0.587991787624141,-0.180803361651314,0.306476339067675,0.310655664051885,0.936127748414361,0.945255426520104,FALSE,0.416666666666667,"OPC"
"SMOC1-202","SMOC1",0.79201750545579,NA,0.592811574027173,0.412008212375859,0.180803361651314,0.306476339067675,0.309596720164099,0.936127748414361,0.945255426520104,FALSE,0.583333333333333,"OPC"
"SNAP25-201","SNAP25",0.824327495326192,NA,0.604204345804966,0.482675391358513,0.121528954446453,0.424196683162336,0.42833457280857,0.949019881576147,0.955262758637665,FALSE,0.741269121078558,"OPC"
"SNAP25-202","SNAP25",0.824327495326192,NA,0.212120471206575,0.331427996226134,-0.119307525019559,0.424196683162336,0.42704050062622,0.949019881576147,0.955262758637665,FALSE,0.258730878921442,"OPC"
"SOX2-OT-225","SOX2-OT",0.57181876974468,NA,0.448757577704946,0.31439127375088,0.134366303954066,0.0787442596852705,0.0808253406257422,0.7523058841004,0.772090148960968,FALSE,0.386699507389163,"OPC"
"SOX2-OT-234","SOX2-OT",0.57181876974468,NA,0.399022127969496,0.534207131128313,-0.135185003158817,0.0787442596852704,0.0812121463943665,0.7523058841004,0.772090148960968,FALSE,0.613300492610837,"OPC"
"SPAG9-202","SPAG9",0.886757932204148,NA,0.299492947164379,0.243067837948086,0.056425109216293,0.572429913763216,0.57456252626632,0.965921622826688,0.971798737999348,FALSE,0,"OPC"
"SPAG9-209","SPAG9",0.886757932204148,NA,0.664537812438972,0.525675235169921,0.138862577269051,0.572429913763216,0.576077518930649,0.965921622826688,0.971798737999348,FALSE,1,"OPC"
"SPECC1-206","SPECC1",0.955096821148341,NA,0.455581910369874,0.213523706896552,0.242058203473323,0.784840431291463,0.787272540183353,0.997032801402299,0.997941303677837,FALSE,0.461538461538462,"OPC"
"SPECC1-231","SPECC1",0.955096821148341,NA,0.210006339814032,0.268863040906018,-0.0588567010919855,0.784840431291463,0.78556401469443,0.997032801402299,0.997941303677837,FALSE,0.538461538461538,"OPC"
"SPECC1L-201","SPECC1L",0.879517021167727,NA,0.822437491625619,0.571244295184452,0.251193196441167,0.527710212700636,0.531545577121249,0.965921622826688,0.971798737999348,FALSE,0.98875,"OPC"
"SPECC1L-203","SPECC1L",0.879517021167727,NA,0.130412327826485,0.386587229205514,-0.256174901379029,0.527710212700636,0.530089234507492,0.965921622826688,0.971798737999348,FALSE,0.01125,"OPC"
"SPG7-223","SPG7",0.86056398776391,NA,0.185738387415384,0.198116010596394,-0.0123776231810097,0.493888897325375,0.497845105054433,0.965921622826688,0.971798737999348,FALSE,0.362013636842772,"OPC"
"SPG7-268","SPG7",0.86056398776391,NA,0.437402568919139,0.549435109790076,-0.112032540870937,0.493888897325376,0.496437591531468,0.965921622826688,0.971798737999348,FALSE,0.637986363157228,"OPC"
"SPIN3-201","SPIN3",0.922524288657973,NA,0.29647301351578,0.206193515141906,0.0902794983738738,0.668180200731283,0.669717276721708,0.997032801402299,0.997941303677837,FALSE,0.0704545454545455,"OPC"
"SPIN3-205","SPIN3",0.922524288657973,NA,0.206719566707345,0.334686657681941,-0.127967090974596,0.668180200731284,0.671336340889824,0.997032801402299,0.997941303677837,FALSE,0.929545454545454,"OPC"
"SPTBN1-201","SPTBN1",0.981577646076888,NA,0.56092700086958,0.336661588902826,0.224265411966754,0.845010321405321,0.845290977251744,0.997032801402299,0.997941303677837,FALSE,0.472934472934473,"OPC"
"SPTBN1-204","SPTBN1",0.981577646076888,NA,0.326063193688815,0.473470492382105,-0.147407298693291,0.845010321405321,0.847030341818708,0.997032801402299,0.997941303677837,FALSE,0.527065527065527,"OPC"
"SREK1-202","SREK1",0.996483161604952,NA,0.261125140291807,0.504378324756476,-0.243253184464669,0.892456306279492,0.892381506969428,0.997032801402299,0.997941303677837,FALSE,0.5,"OPC"
"SREK1-206","SREK1",0.996483161604952,NA,0.381521564854898,0.418885036532095,-0.0373634716771972,0.892456306279489,0.894138035471242,0.997032801402299,0.997941303677837,FALSE,0.5,"OPC"
"SRSF11-203","SRSF11",0.611355537263426,NA,0.246756666195972,0.12855592915793,0.118200737038042,0.491060902354554,0.49502631591539,0.965921622826688,0.971798737999348,FALSE,0.354349415204678,"OPC"
"SRSF11-214","SRSF11",0.611355537263426,NA,0.326078461821513,0.164634819247018,0.161443642574495,0.164129700100059,0.167664106187134,0.92151987868679,0.941364096196511,FALSE,0.453313123495012,"OPC"
"SRSF11-218","SRSF11",0.611355537263426,NA,0.344084577363228,0.454823089103144,-0.110738511739916,0.0903742968128543,0.0926056607876046,0.793846433791338,0.81414745088806,FALSE,0.19233746130031,"OPC"
"SRSF5-207","SRSF5",0.916959335291846,NA,0.547374269249269,0.685222933524537,-0.137848664275268,0.649845094141612,0.65150228447604,0.995075300404346,0.997941303677837,FALSE,0.813322589309696,"OPC"
"SRSF5-212","SRSF5",0.916959335291846,NA,0.298347231472231,0.307581720486485,-0.00923448901425389,0.649845094141613,0.653103618518429,0.995075300404346,0.997941303677837,FALSE,0.186677410690304,"OPC"
"SRSF7-201","SRSF7",0.996483161604952,NA,0.147267500747519,0.212477855820247,-0.0652103550727284,0.990434480364699,0.991392517116312,0.997032801402299,0.997941303677837,FALSE,0.0894308943089431,"OPC"
"SRSF7-208","SRSF7",0.996483161604952,NA,0.749906657115389,0.720971770224488,0.0289348868909014,0.990434480364698,0.989620230029703,0.997032801402299,0.997941303677837,FALSE,0.910569105691057,"OPC"
"STMN1-206","STMN1",0.886757932204148,NA,0.677937267410952,0.757444516268046,-0.079507248857094,0.603551906047558,0.605500117664037,0.97108799211831,0.976084796506488,FALSE,0.746693121693122,"OPC"
"STMN1-207","STMN1",0.886757932204148,NA,0.319537480063796,0.242555483731954,0.0769819963318415,0.603551906047558,0.607052087287412,0.97108799211831,0.976084796506488,FALSE,0.253306878306878,"OPC"
"STX16-202","STX16",0.869156949580755,NA,0.724216072211102,0.593636172781189,0.130579899429913,0.517715226489406,0.521588310008581,0.965921622826688,0.971798737999348,FALSE,0.610073757763975,"OPC"
"STX16-206","STX16",0.869156949580755,NA,0.224921155891584,0.318029406692609,-0.0931082508010254,0.517715226489407,0.520145989173672,0.965921622826688,0.971798737999348,FALSE,0.389926242236025,"OPC"
"SYNE1-206","SYNE1",0.996483161604952,NA,0.713493122995633,0.744471200449205,-0.0309780774535718,0.93781832125164,0.939168310080754,0.997032801402299,0.997941303677837,FALSE,1,"OPC"
"SYNE1-211","SYNE1",0.996483161604952,NA,0.111221579388805,0.0387898389123766,0.072431740476428,0.937818321251642,0.937401202178525,0.997032801402299,0.997941303677837,FALSE,0,"OPC"
"TANC1-201","TANC1",0.996483161604952,NA,0.515976606418809,0.380840839280136,0.135135767138673,0.885251790731293,0.886985522764834,0.997032801402299,0.997941303677837,FALSE,0.7875,"OPC"
"TANC1-205","TANC1",0.996483161604952,NA,0.454118443682872,0.596955213351443,-0.142836769668571,0.885251790731293,0.885231197733712,0.997032801402299,0.997941303677837,FALSE,0.2125,"OPC"
"TAOK3-201","TAOK3",0.853128860919787,NA,0.127940549129609,0.0830371893079018,0.0449033598217067,0.96231054922045,0.961708391062483,0.997032801402299,0.997941303677837,FALSE,0.33179236870512,"OPC"
"TAOK3-206","TAOK3",0.853128860919787,NA,0.59736472179062,0.726446338115249,-0.129081616324628,0.517680474290653,0.521553686093552,0.965921622826688,0.971798737999348,FALSE,0.383323555638992,"OPC"
"TAOK3-209","TAOK3",0.853128860919787,NA,0.262172006423585,0.145101827845718,0.117070178577867,0.476700805667528,0.479329534185167,0.965921622826688,0.971798737999348,FALSE,0.284884075655888,"OPC"
"TAX1BP1-201","TAX1BP1",0.996483161604952,NA,0.5761893623355,0.625452507317035,-0.0492631449815349,0.97813325213446,0.977411688446151,0.997032801402299,0.997941303677837,FALSE,0.459172077922078,"OPC"
"TAX1BP1-202","TAX1BP1",0.996483161604952,NA,0.330513300319187,0.339229315078219,-0.00871601475903244,0.978133252134461,0.979183445308106,0.997032801402299,0.997941303677837,FALSE,0.540827922077922,"OPC"
"TCF12-201","TCF12",0.640867735775499,NA,0.400807855001071,0.482514152351109,-0.081706297350038,0.13653269153478,0.139802269857046,0.826866525137601,0.846667679246606,FALSE,0.556483957219251,"OPC"
"TCF12-202","TCF12",0.640867735775499,NA,0.233700684380032,0.123674994870647,0.110025689509385,0.490011403673363,0.493980196907495,0.965921622826688,0.971798737999348,FALSE,0.292446524064171,"OPC"
"TCF12-203","TCF12",0.640867735775499,NA,0.237301463355624,0.292732989200381,-0.0554315258447568,0.202310919237151,0.205325691551465,0.931723628890955,0.945255426520104,FALSE,0.151069518716578,"OPC"
"TET2-201","TET2",0.77055641727952,NA,0.159846357346357,0.234295510425647,-0.0744491530792901,0.248807138348282,0.251921423202454,0.936127748414361,0.945255426520104,FALSE,0.184027777777778,"OPC"
"TET2-204","TET2",0.77055641727952,NA,0.825806878306878,0.706892582303541,0.118914296003337,0.248807138348281,0.252842055498975,0.936127748414361,0.945255426520104,FALSE,0.815972222222222,"OPC"
"TMEM161B-DT-218","TMEM161B-DT",0.79201750545579,NA,0.312454113191193,0.431813091875007,-0.119358978683813,0.301050184332861,0.304174684798402,0.936127748414361,0.945255426520104,FALSE,0.330241935483871,"OPC"
"TMEM161B-DT-221","TMEM161B-DT",0.79201750545579,NA,0.361638109713842,0.244636430524756,0.117001679189086,0.34915721392844,0.353366971212265,0.936127748414361,0.945255426520104,FALSE,0.229032258064516,"OPC"
"TMEM161B-DT-239","TMEM161B-DT",0.79201750545579,NA,0.0734332960839272,0.089616212950295,-0.0161829168663678,0.525200627965516,0.529045616208935,0.965921622826688,0.971798737999348,FALSE,0.440725806451613,"OPC"
"TPP2-202","TPP2",0.739903566359487,NA,0.345151696906083,0.335790563364934,0.00936113354114881,0.185346983822163,0.188299421961003,0.931723628890955,0.945255426520104,FALSE,0.269406392694064,"OPC"
"TPP2-217","TPP2",0.739903566359487,NA,0.278216999050332,0.366605559080993,-0.0883885600306608,0.185346983822163,0.189046463899677,0.931723628890955,0.945255426520104,FALSE,0.730593607305936,"OPC"
"TRIM9-201","TRIM9",0.996483161604952,NA,0.642756762274878,0.65098337467412,-0.00822661239924138,0.996483161604952,0.995623396993934,0.997032801402299,0.997941303677837,FALSE,0.691933802646686,"OPC"
"TRIM9-203","TRIM9",0.996483161604952,NA,0.290919582478679,0.337122472815776,-0.0462028903370973,0.996483161604953,0.9973957925868,0.997032801402299,0.997941303677837,FALSE,0.308066197353314,"OPC"
"TSC2-207","TSC2",0.931827627166655,NA,0.217966280079283,0.346741881727026,-0.128775601647743,0.716771650215326,0.717979117563795,0.997032801402299,0.997941303677837,FALSE,0.245905748663102,"OPC"
"TSC2-245","TSC2",0.931827627166655,NA,0.488837934679638,0.264571881146584,0.224266053533054,0.716771650215325,0.719640289882049,0.997032801402299,0.997941303677837,FALSE,0.754094251336898,"OPC"
"TSC22D1-201","TSC22D1",0.996483161604952,NA,0.819648800207063,0.879057925628323,-0.0594091254212593,0.880550049208104,0.882317604560802,0.997032801402299,0.997941303677837,FALSE,0.820571095571096,"OPC"
"TSC22D1-203","TSC22D1",0.996483161604952,NA,0.180351199792937,0.120942074371677,0.0594091254212593,0.880550049208104,0.88056479512555,0.997032801402299,0.997941303677837,FALSE,0.179428904428904,"OPC"
"TTC14-201","TTC14",0.931827627166655,NA,0.172747597768837,0.15351558488999,0.0192320128788471,0.953619527601498,0.954852476259357,0.997032801402299,0.997941303677837,FALSE,0.180644499178982,"OPC"
"TTC14-203","TTC14",0.931827627166655,NA,0.78562983405866,0.797951122750227,-0.0123212886915671,0.892714338130498,0.892637596237299,0.997032801402299,0.997941303677837,FALSE,0.798091133004926,"OPC"
"TTC14-205","TTC14",0.931827627166655,NA,0.0352441136778761,0.0478065481737358,-0.0125624344958597,0.70557500481023,0.708511844025401,0.997032801402299,0.997941303677837,FALSE,0.021264367816092,"OPC"
"TTC3-203","TTC3",0.499042453587291,NA,0.348381054969295,0.205819533751459,0.142561521217836,0.496385352160025,0.500333314212911,0.965921622826688,0.971798737999348,FALSE,0.26984126984127,"OPC"
"TTC3-204","TTC3",0.499042453587291,NA,0.0851126092291331,0.0808919475743842,0.00422066165474899,0.0427988111477612,0.0445018058936325,0.735111231632061,0.759276281849714,FALSE,0.619047619047619,"OPC"
"TTC3-222","TTC3",0.499042453587291,NA,0.150116977927536,0.192973686946212,-0.0428567090186758,0.159234324292974,0.162058206495581,0.92151987868679,0.939240573130303,FALSE,0.111111111111111,"OPC"
"TTYH1-201","TTYH1",0.864265432636998,NA,0.170440480435074,0.265504699702813,-0.0950642192677384,0.507286232199977,0.509769576305081,0.965921622826688,0.971798737999348,FALSE,0.099087389380531,"OPC"
"TTYH1-202","TTYH1",0.864265432636998,NA,0.482547004594993,0.407929256278313,0.0746177483166799,0.740299183114659,0.743021014895265,0.997032801402299,0.997941303677837,FALSE,0.803659660766962,"OPC"
"TTYH1-203","TTYH1",0.864265432636998,NA,0.312759660905758,0.152093818131554,0.160665842774204,0.66024329513854,0.663444191919736,0.997032801402299,0.997941303677837,FALSE,0.0972529498525074,"OPC"
"TUT4-204","TUT4",0.996483161604952,NA,0.698779792065052,0.694598077763215,0.004181714301837,0.987082037129898,0.988065214943309,0.997032801402299,0.997941303677837,FALSE,0.829545454545455,"OPC"
"TUT4-220","TUT4",0.996483161604952,NA,0.261858516836775,0.286223241590214,-0.0243647247534394,0.987082037129898,0.986293031214261,0.997032801402299,0.997941303677837,FALSE,0.170454545454545,"OPC"
"TYRO3-201","TYRO3",0.6172724692354,NA,0.352782586515463,0.401776224369342,-0.0489936378538785,0.115715645826998,0.118740778473501,0.793846433791338,0.81414745088806,FALSE,0.266927083333333,"OPC"
"TYRO3-209","TYRO3",0.6172724692354,NA,0.567931103333501,0.439066798886472,0.128864304447028,0.115715645826998,0.118216806647248,0.793846433791338,0.81414745088806,FALSE,0.733072916666667,"OPC"
"UBA6-201","UBA6",0.6172724692354,NA,0.221959550634972,0.408271298593879,-0.186311747958907,0.112586382901788,0.115057986171831,0.793846433791338,0.81414745088806,FALSE,0.245830728515462,"OPC"
"UBA6-203","UBA6",0.6172724692354,NA,0.778040449365028,0.589530899208319,0.188509550156709,0.112586382901788,0.115570936576855,0.793846433791338,0.81414745088806,FALSE,0.754169271484538,"OPC"
"UBC-201","UBC",0.6172724692354,NA,0.952242519506319,0.902810975550359,0.0494315439559604,0.110217627822661,0.113170742338614,0.793846433791338,0.81414745088806,FALSE,0.894334850065157,"OPC"
"UBC-205","UBC",0.6172724692354,NA,0.0477574804936807,0.0971890244496411,-0.0494315439559604,0.11021762782266,0.112666201181255,0.793846433791338,0.81414745088806,FALSE,0.105665149934843,"OPC"
"VCAN-202","VCAN",0.931827627166655,NA,0.693185307267506,0.87227971466409,-0.179094407396584,0.697152738953349,0.700140133951703,0.997032801402299,0.997941303677837,FALSE,0.926450742240216,"OPC"
"VCAN-209","VCAN",0.931827627166655,NA,0.108789543105904,0.0477901770487834,0.0609993660571206,0.697152738953349,0.698495117753871,0.997032801402299,0.997941303677837,FALSE,0.0735492577597841,"OPC"
"WSB1-204","WSB1",0.804036621418284,NA,0.938059415582894,0.966919278860476,-0.0288598632775821,0.332102082759728,0.335191405882635,0.936127748414361,0.945255426520104,FALSE,0.913690955013572,"OPC"
"WSB1-209","WSB1",0.804036621418284,NA,0.0557204945288722,0.0309749082242908,0.0247455863045814,0.332102082759726,0.336306616464353,0.936127748414361,0.945255426520104,FALSE,0.0863090449864276,"OPC"
"YTHDF2-201","YTHDF2",0.772005361395815,NA,0.839930116464891,0.842630148958808,-0.00270003249391715,0.255097423765574,0.259154681922155,0.936127748414361,0.945255426520104,FALSE,1,"OPC"
"YTHDF2-206","YTHDF2",0.772005361395815,NA,0.143553431813877,0.155286517707858,-0.0117330858939816,0.255097423765574,0.258218125511394,0.936127748414361,0.945255426520104,FALSE,0,"OPC"
"ZBTB16-201","ZBTB16",0.79201750545579,NA,0.687250049830085,0.610981185391605,0.0762688644384799,0.303569317040861,0.306692016347303,0.936127748414361,0.945255426520104,FALSE,0.92080993892829,"OPC"
"ZBTB16-202","ZBTB16",0.79201750545579,NA,0.178926122196042,0.206070430048192,-0.0271443078521501,0.303569317040861,0.307744384084567,0.936127748414361,0.945255426520104,FALSE,0.07919006107171,"OPC"
"ZBTB20-201","ZBTB20",0.446722283930647,NA,0.145984970918658,0.230468587476597,-0.0844836165579387,0.0216358232457974,0.0225750453801947,0.546200327497813,0.572655914203925,FALSE,0.13999653259362,"OPC"
"ZBTB20-208","ZBTB20",0.446722283930647,NA,0.140988478175661,0.230614579928081,-0.0896261017524199,0.358847721231613,0.36188580561004,0.936127748414361,0.945255426520104,FALSE,0.478545423023578,"OPC"
"ZBTB20-220","ZBTB20",0.446722283930647,NA,0.340456357188567,0.279978045409968,0.0604783117785989,0.0220985035723413,0.0231858068431025,0.546200327497813,0.572655914203925,FALSE,0.381458044382802,"OPC"
"ZC3H13-201","ZC3H13",0.807812247489848,NA,0.453632486052272,0.359791779959847,0.093840706092425,0.366083678434051,0.370290165175198,0.936127748414361,0.945255426520104,FALSE,0.333333333333333,"OPC"
"ZC3H13-206","ZC3H13",0.807812247489848,NA,0.376841852443457,0.62227027563162,-0.245428423188163,0.366083678434051,0.369104859342101,0.936127748414361,0.945255426520104,FALSE,0.666666666666667,"OPC"
"ZEB2-218","ZEB2",0.404294973750618,NA,0.345360230419135,0.4048887345413,-0.0595285041221654,0.00469302285365377,0.00499674215429074,0.473728240981702,0.507043600767458,FALSE,0.778322440087146,"OPC"
"ZEB2-231","ZEB2",0.404294973750618,NA,0.254214376349906,0.248217876830624,0.00599649951928125,0.00469302285365377,0.00503130942382067,0.473728240981702,0.507043600767458,FALSE,0.221677559912854,"OPC"
"ZFYVE16-201","ZFYVE16",0.864265432636998,NA,0.319444333207465,0.293814006148024,0.0256303270594413,0.888743419818418,0.890451974987675,0.997032801402299,0.997941303677837,FALSE,0.491940206503313,"OPC"
"ZFYVE16-202","ZFYVE16",0.864265432636998,NA,0.2391363103167,0.203253889432064,0.0358824208846355,0.681386992483568,0.684467232575311,0.997032801402299,0.997941303677837,FALSE,0.176329172445677,"OPC"
"ZFYVE16-206","ZFYVE16",0.864265432636998,NA,0.339501172943387,0.399217658343684,-0.0597164854002979,0.504956081438671,0.507450971959589,0.965921622826688,0.971798737999348,FALSE,0.331730621051009,"OPC"
"ZHX1-201","ZHX1",0.404294973750618,NA,0.254856718557238,0.700761080661171,-0.445904362103934,0.00307583197197698,0.00329358091023425,0.473728240981702,0.507043600767458,FALSE,0.320175438596491,"OPC"
"ZHX1-202","ZHX1",0.404294973750618,NA,0.671171526967276,0.0953541064261361,0.57581742054114,0.00307583197197698,0.00331726342456789,0.473728240981702,0.507043600767458,FALSE,0.679824561403509,"OPC"
"ZNF254-202","ZNF254",0.499042453587291,NA,0.6462700031136,0.576720724630561,0.0695492784830388,0.409409092266592,0.412304612945769,0.947087985972933,0.953786207629912,FALSE,0.804480743486768,"OPC"
"ZNF254-206","ZNF254",0.499042453587291,NA,0.0766328146962719,0.135756245120999,-0.0591234304247274,0.311789896329316,0.314905386743282,0.936127748414361,0.945255426520104,FALSE,0.0958706621357224,"OPC"
"ZNF254-207","ZNF254",0.499042453587291,NA,0.171958286303832,0.21026538352358,-0.0383070972197481,0.0396983157955103,0.0413199610738186,0.713246407126001,0.742381967292941,FALSE,0.0926204819277108,"OPC"
"ZNF254-208","ZNF254",0.499042453587291,NA,0.0967019617932676,0.0772576467248598,0.0194443150684078,0.161212141702403,0.164047276735499,0.92151987868679,0.940654065536534,FALSE,0.0070281124497992,"OPC"
"ZNF280D-201","ZNF280D",0.886757932204148,NA,0.366587396695458,0.311914276508624,0.0546731201868338,0.552400882739982,0.556136282527705,0.965921622826688,0.971798737999348,FALSE,0.289583333333333,"OPC"
"ZNF280D-202","ZNF280D",0.886757932204148,NA,0.44043008075475,0.476649425124693,-0.0362193443699429,0.552400882739982,0.554646741250141,0.965921622826688,0.971798737999348,FALSE,0.710416666666667,"OPC"
"ZNF451-201","ZNF451",0.499042453587291,NA,0.201104511461798,0.0582948945096122,0.142809616952186,0.0473222737499325,0.0491385862981821,0.735111231632061,0.759276281849714,FALSE,0.0115384615384615,"OPC"
"ZNF451-204","ZNF451",0.499042453587291,NA,0.0815190388751809,0.360993576316157,-0.279474537440976,0.496174061487982,0.498711788494833,0.965921622826688,0.971798737999348,FALSE,0.100769230769231,"OPC"
"ZNF451-207","ZNF451",0.499042453587291,NA,0.679563645476063,0.553675907985384,0.125887737490679,0.414753077293262,0.417630399122178,0.949019881576147,0.955262758637665,FALSE,0.887692307692308,"OPC"
"ZNF484-201","ZNF484",0.511401174725185,NA,0.596660360975562,0.590859045579549,0.00580131539601225,0.055359514936462,0.0570726136872189,0.74903595971977,0.772090148960968,FALSE,0.382945736434109,"OPC"
"ZNF484-202","ZNF484",0.511401174725185,NA,0.394108869793669,0.352389486710079,0.0417193830835904,0.0553595149364621,0.0573632211629017,0.74903595971977,0.772090148960968,FALSE,0.617054263565892,"OPC"
"ZNF507-201","ZNF507",0.813911302889374,NA,0.253969076982052,0.0993242710481031,0.154644805933949,0.406955651444687,0.409859339053805,0.945470241933995,0.953786207629912,FALSE,0.324111370221186,"OPC"
"ZNF507-205","ZNF507",0.813911302889374,NA,0.494946020350552,0.702952728670579,-0.208006708320027,0.406955651444688,0.411122544107864,0.945470241933995,0.953786207629912,FALSE,0.675888629778814,"OPC"
"ZNF638-201","ZNF638",0.886757932204148,NA,0.868266467018255,0.855177216137794,0.0130892508804606,0.607951902572545,0.611430222279706,0.971816388079637,0.977290156702965,FALSE,0.894843584074648,"OPC"
"ZNF638-204","ZNF638",0.886757932204148,NA,0.0840809564893815,0.0674825282903122,0.0165984281990693,0.847816256471996,0.848076009983769,0.997032801402299,0.997941303677837,FALSE,0.105156415925352,"OPC"
"ZNF638-219","ZNF638",0.886757932204148,NA,0.0348544332568089,0.0663644362173774,-0.0315100029605685,0.706788194979408,0.708064605562126,0.997032801402299,0.997941303677837,FALSE,0,"OPC"
"ZNF91-201","ZNF91",0.499042453587291,NA,0.788143451419905,0.829154048181709,-0.0410105967618037,0.0395332654026575,0.0409306450617637,0.713246407126001,0.742381967292941,FALSE,0.803205679862306,"OPC"
"ZNF91-202","ZNF91",0.499042453587291,NA,0.205099152761328,0.165860450122263,0.0392387026390648,0.0395332654026572,0.0411504907074026,0.713246407126001,0.742381967292941,FALSE,0.196794320137694,"OPC"
